text,aspect,sentiment_label,language,text_clean
-1,TSEBA MARENA A SEHLOOHO A NAHA,0,sesotho,1
0,HO BONOA SETOPO LETAMONG,-1,sesotho,0
1G,KAROLO EA KOMPONE E CHELE KAJENO,-1,sesotho,1g
$T$ BA QOSUOE KA PELAELO EA HO BOLAEA MOSHEMANE LEBOLLONG,BASUOE,-1,sesotho,t ba qosuoe ka pelaelo ea ho bolaea moshemane lebollong
BASUOE BA QOSUOE KA PELAELO EA HO BOLAEA $T$ LEBOLLONG,MOSHEMANE,0,sesotho,basuoe ba qosuoe ka pelaelo ea ho bolaea t lebollong
BASUOE BA QOSUOE KA PELAELO EA HO BOLAEA MOSHEMANE $T$,LEBOLLONG,0,sesotho,basuoe ba qosuoe ka pelaelo ea ho bolaea moshemane t
TSEBA $T$ A NAHA,MARENA A SEHLOOHO,0,sesotho,tseba t a naha
TSEBA MARENA A SEHLOOHO A $T$,NAHA,0,sesotho,tseba marena a sehlooho a t
LINTLHA-KHOLO MABAPI LE $T$ E OETSENG BATHO,NTLO,-1,sesotho,lintlhakholo mabapi le t e oetseng batho
LINTLHA-KHOLO MABAPI LE NTLO E OETSENG $T$,BATHO,0,sesotho,lintlhakholo mabapi le ntlo e oetseng t
$T$ O KHAOTSOE BOTONA LE MENOANA A NTSE A PHELA,MOTHO,-1,sesotho,t o khaotsoe botona le menoana a ntse a phela
MOTHO O KHAOTSOE $T$ LE MENOANA A NTSE A PHELA,BOTONA,-1,sesotho,motho o khaotsoe t le menoana a ntse a phela
MOTHO O KHAOTSOE BOTONA LE $T$ A NTSE A PHELA,MENOANA,-1,sesotho,motho o khaotsoe botona le t a ntse a phela
$T$ TSE BOHLOKO HO MAQHEKU LE MAQHEKOANA NAKONG ENA EA KERESEMESE,LITABA,-1,sesotho,t tse bohloko ho maqheku le maqhekoana nakong ena ea keresemese
LITABA TSE BOHLOKO HO $T$ LE MAQHEKOANA NAKONG ENA EA KERESEMESE,MAQHEKU,0,sesotho,litaba tse bohloko ho t le maqhekoana nakong ena ea keresemese
LITABA TSE BOHLOKO HO MAQHEKU LE $T$ NAKONG ENA EA KERESEMESE,MAQHEKOANA,0,sesotho,litaba tse bohloko ho maqheku le t nakong ena ea keresemese
$T$ O LOKELA HO BUSA LILEMO TSE HLANO,TONAKHOLO,1,sesotho,t o lokela ho busa lilemo tse hlano
$T$ A TLO QOBELLA BAAHI HO KHAOLA LETLALO LA BOTONA,MAPARAMENTE,-1,sesotho,t a tlo qobella baahi ho khaola letlalo la botona
MAPARAMENTE A TLO QOBELLA $T$ HO KHAOLA LETLALO LA BOTONA,BAAHI,0,sesotho,maparamente a tlo qobella t ho khaola letlalo la botona
MAPARAMENTE A TLO QOBELLA BAAHI HO KHAOLA $T$,LETLALO LA BOTONA,0,sesotho,maparamente a tlo qobella baahi ho khaola t
$T$ SEA HOLA KAJENO,SEBINI,1,sesotho,t sea hola kajeno
$T$ E TSOA KA LEHE KAJENO,MEKHA EA POLOTIKI,-1,sesotho,t e tsoa ka lehe kajeno
HOSANE HO LEBELETSOE $T$ TSE MATLA,LIKHOHOLA,-1,sesotho,hosane ho lebeletsoe t tse matla
$T$ O ROKA NAHA MACHABENG,TONAKHOLO,0,sesotho,t o roka naha machabeng
TONAKHOLO O ROKA $T$ MACHABENG,NAHA,1,sesotho,tonakholo o roka t machabeng
$T$ LE THEOLETSE TSE LING TSA LITŠEBELETSO SECHABENG,LETONA,1,sesotho,t le theoletse tse ling tsa litšebeletso sechabeng
LETONA LE THEOLETSE TSE LING TSA $T$ SECHABENG,LITŠEBELETSO,0,sesotho,letona le theoletse tse ling tsa t sechabeng
$T$ BO KHAOHILE HAPE TSEBISO E POTLAKILENG,BOROKHO,-1,sesotho,t bo khaohile hape tsebiso e potlakileng
BOROKHO BO KHAOHILE HAPE $T$ E POTLAKILENG,TSEBISO,1,sesotho,borokho bo khaohile hape t e potlakileng
$T$ O TLO FA LESOLE LE LENG LE LENG M100 000,'MUSO,1,sesotho,t o tlo fa lesole le leng le leng m100 000
'MUSO O TLO FA $T$ LE LENG LE LENG M100 000,LESOLE,0,sesotho,muso o tlo fa t le leng le leng m100 000
$T$ EA SESOLE,PHATLALATSO,0,sesotho,t ea sesole
PHATLALATSO EA $T$,SESOLE,0,sesotho,phatlalatso ea t
HO BONOA $T$ LETAMONG,SETOPO,-1,sesotho,ho bonoa t letamong
HO BONOA SETOPO $T$,LETAMONG,-1,sesotho,ho bonoa setopo t
$T$ O AMEHA BOSHOLUNG BA LIPHOOFOLO,MOPARAMENTE,-1,sesotho,t o ameha bosholung ba liphoofolo
MOPARAMENTE O AMEHA BOSHOLUNG BA $T$,LIPHOOFOLO,0,sesotho,moparamente o ameha bosholung ba t
$T$ LA KOMITI EA NAKOANA EA MOKHA O MOCHA,LENANE,0,sesotho,t la komiti ea nakoana ea mokha o mocha
LENANE LA $T$ EA MOKHA O MOCHA,KOMITI EA NAKOANA,0,sesotho,lenane la t ea mokha o mocha
LENANE LA KOMITI EA NAKOANA EA $T$ O MOCHA,MOKHA,1,sesotho,lenane la komiti ea nakoana ea t o mocha
$T$ O TLO NEHELANA KA SETHUNYA SA POLASETIKI MAPOLESENG,MOPAREMENTE,-1,sesotho,t o tlo nehelana ka sethunya sa polasetiki mapoleseng
MOPARAMENTE O TLO NEHELANA KA $T$ SA POLASETIKI MAPOLESENG,SETHUNYA,-1,sesotho,moparamente o tlo nehelana ka t sa polasetiki mapoleseng
MOPARAMENTE O TLO NEHELANA KA SETHUNYA SA POLASETIKI $T$,MAPOLESENG,0,sesotho,moparamente o tlo nehelana ka sethunya sa polasetiki t
$T$ O BONA MASOBA KATLEHONG EA TONAKHOLO LE 'MUSO OA HAE,MOPARAMENTE,0,sesotho,t o bona masoba katlehong ea tonakholo le muso oa hae
MOPARAMENTE O BONA MASOBA KATLEHONG EA $T$ LE 'MUSO OA HAE,TONAKHOLO,-1,sesotho,moparamente o bona masoba katlehong ea t le muso oa hae
MOPARAMENTE O BONA MASOBA KATLEHONG EA TONAKHOLO LE $T$ OA HAE,'MUSO,-1,sesotho,moparamente o bona masoba katlehong ea tonakholo le t oa hae
$T$ TSE LING TSE MONATE KE TSENA,LITABA,1,sesotho,t tse ling tse monate ke tsena
$T$ TSE MONATE,LITABA,1,sesotho,t tse monate
HO ETSAHETSE KOLOI E MPE EA $T$,KOLOI,-1,sesotho,ho etsahetse koloi e mpe ea t
$T$ O RE BATHO KE LITHOTHO,MONNA,0,sesotho,t o re batho ke lithotho
MONNA O RE $T$ KE LITHOTHO,BATHO,-1,sesotho,monna o re t ke lithotho
KE BOTHATA HO $T$ HO LATA MOFU EA SELAKHUOENG,SEPOLESA,-1,sesotho,ke bothata ho t ho lata mofu ea selakhuoeng
KE BOTHATA HO SEPOLESA HO LATA $T$ EA SELAKHUOENG,MOFU,-1,sesotho,ke bothata ho sepolesa ho lata t ea selakhuoeng
PALO EA $T$ BA SHOELETSENG MORAFONG E NETEFALITSOE,BATHO,-1,sesotho,palo ea t ba shoeletseng morafong e netefalitsoe
PALO EA BATHO BA SHOELETSENG $T$ E NETEFALITSOE,MORAFONG,-1,sesotho,palo ea batho ba shoeletseng t e netefalitsoe
$T$ O TLA TŠOARA 'MOKA OA BAPHATLALATSI BA LITABA KAJENO,'MUSO,1,sesotho,t o tla tšoara moka oa baphatlalatsi ba litaba kajeno
'MUSO O TLA TŠOARA $T$ BA LITABA KAJENO,'MOKA OA BAPHATLALATSI,0,sesotho,muso o tla tšoara t ba litaba kajeno
$T$ EA FUMANOENG MOSALING OA MOTHO LEFISOA M5 000,MONNA,-1,sesotho,t ea fumanoeng mosaling oa motho lefisoa m5 000
MONNA EA FUMANOENG $T$ OA MOTHO LEFISOA M5 000,MOSALING,0,sesotho,monna ea fumanoeng t oa motho lefisoa m5 000
KE TLOLO EA MOLAO HO TIMA BOMME CHELETE,TLOLO EA MOLAO,-1,sesotho,ke tlolo ea molao ho tima bomme chelete
KE TLOLO EA MOLAO HO TIMA $T$ CHELETE,BOMME,0,sesotho,ke tlolo ea molao ho tima t chelete
KE TLOLO EA MOLAO HO TIMA BOMME $T$,CHELETE,-1,sesotho,ke tlolo ea molao ho tima bomme t
$T$ O AKHELOA KHOTLA O QOSUOE,TONAKHOLO,-1,sesotho,t o akheloa khotla o qosuoe
TONAKHOLO O AKHELOA $T$ O QOSUOE,KHOTLA,0,sesotho,tonakholo o akheloa t o qosuoe
$T$ O TLANNGOE MATSOHO KA HO FELETSENG,TONAKHOLO,-1,sesotho,t o tlanngoe matsoho ka ho feletseng
TONAKHOLO O TLANNGOE $T$ KA HO FELETSENG,MATSOHO,0,sesotho,tonakholo o tlanngoe t ka ho feletseng
$T$ BA ROBONG BA TŠOEROE,BATHO,-1,sesotho,t ba robong ba tšoeroe
$T$ A KHUTLA A HOSHOLA HA MOPARAMENTE,MAPOLESA,-1,sesotho,t a khutla a hoshola ha moparamente
MAPOLESA A KHUTLA A HOSHOLA HA $T$,MOPARAMENTE,0,sesotho,mapolesa a khutla a hoshola ha t
$T$ LI THATA LI HLOKA 'NETE FELA,LITABA TSA NAHA,-1,sesotho,t li thata li hloka nete fela
MOHLOLO OA $T$ NA LITSI TSA TŠIRELETSO LI CAPTURED,TABA,0,sesotho,mohlolo oa t na litsi tsa tšireletso li captured
MOHLOLO OA TABA NA $T$ LI CAPTURED,LITSI TSA TŠIRELETSO,-1,sesotho,mohlolo oa taba na t li captured
$T$ TSE MONATE KE TSENA,LITABA,1,sesotho,t tse monate ke tsena
$T$ POLAONG EA MOOKAMELI BA HLAHA KHOTLA,BAQOSUOA,-1,sesotho,t polaong ea mookameli ba hlaha khotla
BAQOSUOA POLAONG EA $T$ BA HLAHA KHOTLA,MOOKAMELI,0,sesotho,baqosuoa polaong ea t ba hlaha khotla
BAQOSUOA POLAONG EA MOOKAMELI BA HLAHA $T$,KHOTLA,0,sesotho,baqosuoa polaong ea mookameli ba hlaha t
$T$ O ITELA BOOTLOANE HO TONAKHOLO,MOKHETHOA,1,sesotho,t o itela bootloane ho tonakholo
MOKHETHOA O ITELA BOOTLOANE HO $T$,TONAKHOLO,0,sesotho,mokhethoa o itela bootloane ho t
$T$ EA LILEMO LI 12 O TLA LULA TERONKONG LILEMO TSE PELI,NGOANANYANA,-1,sesotho,t ea lilemo li 12 o tla lula teronkong lilemo tse peli
NGOANANYANA EA LILEMO LI 12 O TLA LULA $T$ LILEMO TSE PELI,TERONKONG,0,sesotho,ngoananyana ea lilemo li 12 o tla lula t lilemo tse peli
$T$ A TLO NYOLOHA HO TLOHA KA LA 1 TŠITOE 2023,MAKOLOI A BAETI,-1,sesotho,t a tlo nyoloha ho tloha ka la 1 tšitoe 2023
$T$ A NYOLOHILE,MAKOLOI A BAETI,-1,sesotho,t a nyolohile
$T$ SE PHONYOHA TORONKO,SEBAPALI SA BOLO,1,sesotho,t se phonyoha toronko
SEBAPALI SA BOLO SE PHONYOHA $T$,TORONKO,-1,sesotho,sebapali sa bolo se phonyoha t
$T$ BA TLOHELA LIPILISI TSA BOPHELO BOHLE KA LERENG BA RAPELETSOE,BATHO,-1,sesotho,t ba tlohela lipilisi tsa bophelo bohle ka lereng ba rapeletsoe
BATHO BA TLOHELA $T$ KA LERENG BA RAPELETSOE,LIPILISI TSA BOPHELO BOHLE,1,sesotho,batho ba tlohela t ka lereng ba rapeletsoe
LE KAJENO LITŠEPISO TSA $T$ LE LETONA HA LI SO PHETHAHALE,TONAKHOLO,-1,sesotho,le kajeno litšepiso tsa t le letona ha li so phethahale
LE KAJENO LITŠEPISO TSA TONAKHOLO LE $T$ HA LI SO PHETHAHALE,LETONA,-1,sesotho,le kajeno litšepiso tsa tonakholo le t ha li so phethahale
$T$ EA HO LOKISA LEBALA LA LIPAPALI E QALILE,TŠEBETSO,1,sesotho,t ea ho lokisa lebala la lipapali e qalile
TŠEBETSO EA HO LOKISA $T$ E QALILE,LEBALA LA LIPAPALI,1,sesotho,tšebetso ea ho lokisa t e qalile
PHANO EA $T$ E NTSE E TSAMAEA KA THELLO E KHOLO,LIPASA,1,sesotho,phano ea t e ntse e tsamaea ka thello e kholo
$T$ TSE MONATE KE TSENA FEELA LI KANNA TSA BA BOHLOKO HO MANOA-JOALA A BAQHOBI,LITABA,1,sesotho,t tse monate ke tsena feela li kanna tsa ba bohloko ho manoajoala a baqhobi
LITABA TSE MONATE KE TSENA FEELA LI KANNA TSA BA BOHLOKO HO MANOA-JOALA A $T$,BAQHOBI,-1,sesotho,litaba tse monate ke tsena feela li kanna tsa ba bohloko ho manoajoala a t
BA SEBOKO KA HO NYOLOHA HOA $T$,MAKOLOI,-1,sesotho,ba seboko ka ho nyoloha hoa t
$T$ O BAPISA TONAKHOLO EA MEHLENG LE TONAKHOLO,MOPARAMENTE,0,sesotho,t o bapisa tonakholo ea mehleng le tonakholo
MOPARAMENTE O BAPISA $T$ LE TONAKHOLO,TONAKHOLO EA MEHLENG,0,sesotho,moparamente o bapisa t le tonakholo
MOPARAMENTE O BAPISA TONAKHOLO EA MEHLENG LE $T$,TONAKHOLO,0,sesotho,moparamente o bapisa tonakholo ea mehleng le t
$T$ O TLO AHA MATLO A BATHO A FEFOHILENG,TONAKHOLO,1,sesotho,t o tlo aha matlo a batho a fefohileng
TONAKHOLO O TLO AHA $T$ A FEFOHILENG,MATLO A BATHO,-1,sesotho,tonakholo o tlo aha t a fefohileng
$T$ O NTSE A PHETSE HANTLE,TONAKHOLO,1,sesotho,t o ntse a phetse hantle
$T$ O QALELETSE HO FEPA SECHABA,TONAKHOLO,1,sesotho,t o qaleletse ho fepa sechaba
TONAKHOLO O QALELETSE HO FEPA $T$,SECHABA,0,sesotho,tonakholo o qaleletse ho fepa t
$T$ TSE MONTATE HO BAITHUTI,LITABA,1,sesotho,t tse montate ho baithuti
LITABA TSE MONTATE HO $T$,BAITHUTI,0,sesotho,litaba tse montate ho t
$T$ LE EENA O FUOA BOTONA KE TONAKHOLO,MOPARAMENTE,1,sesotho,t le eena o fuoa botona ke tonakholo
MOPARAMENTE LE EENA O FUOA BOTONA KE $T$,TONAKHOLO,1,sesotho,moparamente le eena o fuoa botona ke t
BONA $T$ A TLANG HO HLAPANTŠOA KAJENO,LENANE LA MATONA,1,sesotho,bona t a tlang ho hlapantšoa kajeno
$T$ O TLO ABELA SECHABA LIJO-THOLLO,TONAKHOLO,1,sesotho,t o tlo abela sechaba lijothollo
TONAKHOLO O TLO ABELA $T$ LIJO-THOLLO,SECHABA,0,sesotho,tonakholo o tlo abela t lijothollo
TONAKHOLO O TLO ABELA SECHABA $T$,LIJO-THOLLO,0,sesotho,tonakholo o tlo abela sechaba t
$T$ HA A EO KA HAR'A NAHA,MOPARAMENTE,0,sesotho,t ha a eo ka hara naha
$T$ E MOHOLO OA 'MUSO O TLO QHAUTSOA,MOHANYETSI,1,sesotho,t e moholo oa muso o tlo qhautsoa
MOHANYETSI E MOHOLO OA $T$ O TLO QHAUTSOA,'MUSO,0,sesotho,mohanyetsi e moholo oa t o tlo qhautsoa
$T$ BA PHALLELOA KA LIMPHO,BAITHUTI,0,sesotho,t ba phalleloa ka limpho
BAITHUTI BA PHALLELOA KA $T$,LIMPHO,1,sesotho,baithuti ba phalleloa ka t
$T$ O TSOELAPELE KA MOSEBETSI O MOTLE,TONAKHOLO,1,sesotho,t o tsoelapele ka mosebetsi o motle
$T$ O ARABA LIPOTSO TSA THEKO EA MAKOLOI A SEPOLESA,'MUSO,1,sesotho,t o araba lipotso tsa theko ea makoloi a sepolesa
'MUSO O ARABA LIPOTSO TSA $T$ EA MAKOLOI A SEPOLESA,THEKO,0,sesotho,muso o araba lipotso tsa t ea makoloi a sepolesa
'MUSO O ARABA LIPOTSO TSA THEKO EA $T$,MAKOLOI A SEPOLESA,0,sesotho,muso o araba lipotso tsa theko ea t
$T$ SE BOELA E NGOLA NALANE E MPE,SEHLOPHA SA BOLO,-1,sesotho,t se boela e ngola nalane e mpe
$T$ BA TLO LAHLELOA TORONKONG,BATŠEHETSI BA SEHLOPHA SA BOLO,-1,sesotho,t ba tlo lahleloa toronkong
BATŠEHETSI BA SEHLOPHA SA BOLO BA TLO LAHLELOA $T$,TORONKONG,-1,sesotho,batšehetsi ba sehlopha sa bolo ba tlo lahleloa t
$T$ O TLO FANA KA LINKU HO BALISANA BA 108,TONAKHOLO,1,sesotho,t o tlo fana ka linku ho balisana ba 108
TONAKHOLO O TLO FANA KA LINKU HO $T$ BA 108,BALISANA,1,sesotho,tonakholo o tlo fana ka linku ho t ba 108
$T$ O SHEMOLA NTATAE SEPHAKA,NGOANANA,-1,sesotho,t o shemola ntatae sephaka
NGOANANA O SHEMOLA $T$ SEPHAKA,NTATAE,0,sesotho,ngoanana o shemola t sephaka
NGOANANA O SHEMOLA NTATAE $T$,SEPHAKA,0,sesotho,ngoanana o shemola ntatae t
$T$ O KHENOLA MOPARAMENTE HAPE,TONAKHOLO,-1,sesotho,t o khenola moparamente hape
TONAKHOLO O KHENOLA MOPARAMENTE HAPE,MOPARAMENTE,0,sesotho,tonakholo o khenola moparamente hape
$T$ LE TLA ARABA TSA LEFU LA MOSEBETSI KAJENO,LETONA,-1,sesotho,t le tla araba tsa lefu la mosebetsi kajeno
LETONA LE TLA ARABA TSA LEFU LA $T$ KAJENO,MOSEBETSI,-1,sesotho,letona le tla araba tsa lefu la t kajeno
$T$ O SHAPELA TONAKHOLO LEHOFI,MOPARAMENTE OA MEHLENG,0,sesotho,t o shapela tonakholo lehofi
MOPARAMENTE OA MEHLENG O SHAPELA $T$ LEHOFI,TONAKHOLO,1,sesotho,moparamente oa mehleng o shapela t lehofi
$T$ O TLO REKELA MAPOLESA MAKOLOI A MANG HAPE,'MUSO,1,sesotho,t o tlo rekela mapolesa makoloi a mang hape
'MUSO O TLO REKELA $T$ MAKOLOI A MANG HAPE,MAPOLESA,0,sesotho,muso o tlo rekela t makoloi a mang hape
'MUSO O TLO REKELA MAPOLESA $T$ A MANG HAPE,MAKOLOI,1,sesotho,muso o tlo rekela mapolesa t a mang hape
KE LESHANO HORE $T$ E TLO KOPANELA PUSO,PHATHI,0,sesotho,ke leshano hore t e tlo kopanela puso
KE LESHANO HORE PHATHI E TLO KOPANELA $T$,PUSO,-1,sesotho,ke leshano hore phathi e tlo kopanela t
$T$ A 7 A 'MUSO A BATLA HO TŠELELA KA HO BOHANYETSI,MAPARAMENTE,-1,sesotho,t a 7 a muso a batla ho tšelela ka ho bohanyetsi
MAPARAMENTE A 7 A $T$ A BATLA HO TŠELELA KA HO BOHANYETSI,'MUSO,0,sesotho,maparamente a 7 a t a batla ho tšelela ka ho bohanyetsi
MAPARAMENTE A 7 A 'MUSO A BATLA HO TŠELELA KA HO $T$,BOHANYETSI,-1,sesotho,maparamente a 7 a muso a batla ho tšelela ka ho t
$T$ O BOELA A TSOA PUO KA TSA HO TŠOAROA HA HAE,MOPARAMENTE,-1,sesotho,t o boela a tsoa puo ka tsa ho tšoaroa ha hae
BALA POLELO EA $T$ MABAPI LE MAEMO A RENANG A LIPOLOTIKI,LEKHOTLA LA LIKEREKE,0,sesotho,bala polelo ea t mabapi le maemo a renang a lipolotiki
BALA POLELO EA LEKHOTLA LA LIKEREKE MABAPI LE $T$ A RENANG A LIPOLOTIKI,MAEMO,0,sesotho,bala polelo ea lekhotla la likereke mabapi le t a renang a lipolotiki
BALA POLELO EA LEKHOTLA LA LIKEREKE MABAPI LE MAEMO A RENANG A $T$,LIPOLOTIKI,0,sesotho,bala polelo ea lekhotla la likereke mabapi le maemo a renang a t
$T$ O JOOA KE LINTA TSA KOBO EA HAE,MOPARAMENTE,-1,sesotho,t o jooa ke linta tsa kobo ea hae
$T$ O HLALOSA TSA TŠOARO EA HAE,MOPARAMENTE,-1,sesotho,t o hlalosa tsa tšoaro ea hae
$T$ SE TLOLA MOLAO KA HO TŠOARA MOPARAMENTE,SEPOLESA,-1,sesotho,t se tlola molao ka ho tšoara moparamente
SEPOLESA SE TLOLA MOLAO KA HO TŠOARA $T$,MOPARAMENTE,0,sesotho,sepolesa se tlola molao ka ho tšoara t
$T$ A IKISA MAPOLESENG,MAPARAMENTE A BOHANYETSI,-1,sesotho,t a ikisa mapoleseng
MAPARAMENTE A BOHANYETSI A IKISA $T$,MAPOLESENG,0,sesotho,maparamente a bohanyetsi a ikisa t
$T$ O TŠOEROE,MOPARAMENTE OA BOHANYETSI,-1,sesotho,t o tšoeroe
$T$ A TLO SHAPUOA,MASOLE,-1,sesotho,t a tlo shapuoa
$T$ O FUOA BEILE,'MOLAI OA MOPARAMENTE OA MEHLENG,-1,sesotho,t o fuoa beile
'MOLAI OA MOPARAMENTE OA MEHLENG O FUOA $T$,BEILE,0,sesotho,molai oa moparamente oa mehleng o fuoa t
$T$ SE MAKALLA POLELO EA LITSI TSA TŠIRELETSO,SETHO SA PHATHI,-1,sesotho,t se makalla polelo ea litsi tsa tšireletso
SETHO SA PHATHI SE MAKALLA $T$,POLELO EA LITSI TSA TŠIRELETSO,0,sesotho,setho sa phathi se makalla t
$T$ O KENYA SEPOLESA SESOLE LE MAUTLOELA TSELENG,MOPARAMENTE,1,sesotho,t o kenya sepolesa sesole le mautloela tseleng
MOPARAMENTE O KENYA $T$ SESOLE LE MAUTLOELA TSELENG,SEPOLESA,-1,sesotho,moparamente o kenya t sesole le mautloela tseleng
MOPARAMENTE O KENYA SEPOLESA SESOLE LE $T$ TSELENG,MAUTLOELA,-1,sesotho,moparamente o kenya sepolesa sesole le t tseleng
MOPARAMENTE O KENYA SEPOLESA $T$ LE MAUTLOELA TSELENG,SESOLE,-1,sesotho,moparamente o kenya sepolesa t le mautloela tseleng
$T$ O RE LIKETSO TSA HO LIEA PUSO LI KE SE ETSAHALE,MOOKAMELI,1,sesotho,t o re liketso tsa ho liea puso li ke se etsahale
MOOKAMELI O RE LIKETSO TSA HO LIEA $T$ LI KE SE ETSAHALE,PUSO,-1,sesotho,mookameli o re liketso tsa ho liea t li ke se etsahale
MOOKAMELI O RE $T$ TSA HO LIEA PUSO LI KE SE ETSAHALE,LIKETSO,1,sesotho,mookameli o re t tsa ho liea puso li ke se etsahale
$T$ O TSOILE BOHANYETSI SHIBOBO,'MUSO,1,sesotho,t o tsoile bohanyetsi shibobo
'MUSO O TSOILE $T$ SHIBOBO,BOHANYETSI,-1,sesotho,muso o tsoile t shibobo
$T$ LE THIBELA HO LIHELOA HA TONAKHOLO,LEKHOTLA,1,sesotho,t le thibela ho liheloa ha tonakholo
LEKHOTLA LE THIBELA HO LIHELOA HA $T$,TONAKHOLO,0,sesotho,lekhotla le thibela ho liheloa ha t
HA U TŠABA U TŠABE $T$,MOPARAMENTE,-1,sesotho,ha u tšaba u tšabe t
$T$ O RE 'MUSO OA HAE O TJAMETSOE KE HO SE QETE LILEMO TSE HLANO,TONAKHOLO,-1,sesotho,t o re muso oa hae o tjametsoe ke ho se qete lilemo tse hlano
TONAKHOLO O RE $T$ OA HAE O TJAMETSOE KE HO SE QETE LILEMO TSE HLANO,'MUSO,-1,sesotho,tonakholo o re t oa hae o tjametsoe ke ho se qete lilemo tse hlano
$T$ A MANG A PHATHI A LELEKUOE,MAPARAMENTE,-1,sesotho,t a mang a phathi a lelekuoe
MAPARAMENTE A MANG A $T$ A LELEKUOE,PHATHI,0,sesotho,maparamente a mang a t a lelekuoe
$T$ O FA BAHOEBI M130 000,'MUSO,1,sesotho,t o fa bahoebi m130 000
'MUSO O FA $T$ M130 000,BAHOEBI,0,sesotho,muso o fa t m130 000
$T$ O BEHA TONAKHOLO POOANENG,MOPARAMENTE OA PHATHI,-1,sesotho,t o beha tonakholo pooaneng
MOPARAMENTE OA PHATHI O BEHA $T$ POOANENG,TONAKHOLO,-1,sesotho,moparamente oa phathi o beha t pooaneng
$T$ E TLO NYOLOHA HAMPE HAHOLO,THEKO EA NAMA LE MAHE,-1,sesotho,t e tlo nyoloha hampe haholo
$T$ KE MAHLOPHA A SENYA,PULA,-1,sesotho,t ke mahlopha a senya
$T$ SE TSOA PUO KA POLAO EA MOPARAMENTE OA MEHLENG,SEPOLESA,0,sesotho,t se tsoa puo ka polao ea moparamente oa mehleng
SEPOLESA SE TSOA PUO KA POLAO EA MOPARAMENTE OA MEHLENG,MOPARAMENTE OA MEHLENG,-1,sesotho,sepolesa se tsoa puo ka polao ea moparamente oa mehleng
$T$ O SHAPILE MOSALI OA MOTHO HA A TLA BOLAOA,MOFU,-1,sesotho,t o shapile mosali oa motho ha a tla bolaoa
MOFU O SHAPILE $T$ HA A TLA BOLAOA,MOSALI OA MOTHO,0,sesotho,mofu o shapile t ha a tla bolaoa
$T$ O THUNYELITSOE LEFU KAJENO,MOPARAMENTE,-1,sesotho,t o thunyelitsoe lefu kajeno
MAEMONG A NEPAHETSENG HA HO $T$ EA KA JANG NAMA EA NTJA,MOTHO,0,sesotho,maemong a nepahetseng ha ho t ea ka jang nama ea ntja
MAEMONG A NEPAHETSENG HA HO MOTHO EA KA JANG $T$,NAMA EA NTJA,-1,sesotho,maemong a nepahetseng ha ho motho ea ka jang t
$T$ O FUMANA TLHAPI E KHOLO,MOPARAMENTE,1,sesotho,t o fumana tlhapi e kholo
$T$ O TŠOEROE KAMOR'A HO LEKA HO BOLAEA EO PELAELO ELENG HORE O BUILE KOMA,RAMOPHATHO,-1,sesotho,t o tšoeroe kamora ho leka ho bolaea eo pelaelo eleng hore o buile koma
MENYENYETSI E RE HO SE HO ENA LE $T$ EA THUNTSOENG BOIPELAETSONG BA BAITHUTI BA SEKOLO SE PHAHAMENG,MOTHO,-1,sesotho,menyenyetsi e re ho se ho ena le t ea thuntsoeng boipelaetsong ba baithuti ba sekolo se phahameng
MENYENYETSI E RE HO SE HO ENA LE MOTHO EA THUNTSOENG $T$ BA BAITHUTI BA SEKOLO SE PHAHAMENG,BOIPELAETSONG,-1,sesotho,menyenyetsi e re ho se ho ena le motho ea thuntsoeng t ba baithuti ba sekolo se phahameng
MENYENYETSI E RE HO SE HO ENA LE MOTHO EA THUNTSOENG BOIPELAETSONG BA $T$,BATHUTI BA SEKOLO SE PHAHAMENG,0,sesotho,menyenyetsi e re ho se ho ena le motho ea thuntsoeng boipelaetsong ba t
HO UTLOAHALA HO KHABOLA HA $T$ BOIPILETSONG BA BAITHUTI BA SEKOLO SE PHAHAMENG,SETHUNYA,-1,sesotho,ho utloahala ho khabola ha t boipiletsong ba baithuti ba sekolo se phahameng
HO UTLOAHALA HO KHABOLA HA SETHUNYA $T$ BA BAITHUTI BA SEKOLO SE PHAHAMENG,BOIPELETSONG,-1,sesotho,ho utloahala ho khabola ha sethunya t ba baithuti ba sekolo se phahameng
HO UTLOAHALA HO KHABOLA HA SETHUNYA BOIPILETSONG BA $T$,BAITHUTI BA SEKOLO SE PHAHAMENG,0,sesotho,ho utloahala ho khabola ha sethunya boipiletsong ba t
HO QETA HO ETSAHALA $T$ E MPE,KOTSI,-1,sesotho,ho qeta ho etsahala t e mpe
$T$ O HLAJOA KA THIPA A LE LAPENG BOSIU,MOSALI,-1,sesotho,t o hlajoa ka thipa a le lapeng bosiu
MOSALI O HLAJOA KA $T$ A LE LAPENG BOSIU,THIPA,-1,sesotho,mosali o hlajoa ka t a le lapeng bosiu
UTLOA LITABA TSA $T$ EA BELAELLOANG KA BOSHOLU BA TLHAPI,MOSALI,-1,sesotho,utloa litaba tsa t ea belaelloang ka bosholu ba tlhapi
UTLOA LITABA TSA MOSALI EA BELAELLOANG KA BOSHOLU BA $T$,TLHAPI,-1,sesotho,utloa litaba tsa mosali ea belaelloang ka bosholu ba t
$T$ E KHUTLILE E SA KHOLA MAOBANE,METSOFE,-1,sesotho,t e khutlile e sa khola maobane
LINTLHA-KHOLO MABAPI LE $T$ EA TŠOEROENG KA MAKOLOKOTI A TLHAPI,MOSALI,-1,sesotho,lintlhakholo mabapi le t ea tšoeroeng ka makolokoti a tlhapi
LINTLHA-KHOLO MABAPI LE MOSALI EA TŠOEROENG KA $T$,MAKOLOKOTI A TLHAPI,-1,sesotho,lintlhakholo mabapi le mosali ea tšoeroeng ka t
$T$ BA BATLA MOETAPELE A LELEKE MOPARAMENTE OA BOHLANO,BALATELI BA PHATHI,-1,sesotho,t ba batla moetapele a leleke moparamente oa bohlano
BALATELI BA PHATHI BA BATLA $T$ A LELEKE MOPARAMENTE OA BOHLANO,MOETAPELE,0,sesotho,balateli ba phathi ba batla t a leleke moparamente oa bohlano
BALATELI BA PHATHI BA BATLA MOETAPELE A LELEKE $T$ OA BOHLANO,MOPARAMENTE,-1,sesotho,balateli ba phathi ba batla moetapele a leleke t oa bohlano
$T$ O HANANA LE QETO EA MOETAPELE,MOPARAMENTE OA PHATHI,-1,sesotho,t o hanana le qeto ea moetapele
MOPARAMENTE OA PHATHI O HANANA LE QETO EA $T$,MOETAPELE,0,sesotho,moparamente oa phathi o hanana le qeto ea t
HO PHETHILE $T$ A TEBETSOE BOPHELO BOHLE,MAPARAMENTE A PHATHI,-1,sesotho,ho phethile t a tebetsoe bophelo bohle
LIPHUPUTSO LI THAKHOTSOE KHAHLANONG LE $T$,SEBOHOLI,-1,sesotho,liphuputso li thakhotsoe khahlanong le t
$T$ O PHELISA SECHABA KA LESHANO,TONAKHOLO,-1,sesotho,t o phelisa sechaba ka leshano
TONAKHOLO O PHELISA $T$ KA LESHANO,SECHABA,0,sesotho,tonakholo o phelisa t ka leshano
BA RE $T$ SE NA LE LETEMONA,SEPABALI SA BOLO,-1,sesotho,ba re t se na le letemona
UTLOA TSA $T$ O LITULONG KAJENO,LETONA LA 'MUSO,0,sesotho,utloa tsa t o litulong kajeno
$T$ O RE O FUMANE BAREKI BA TLA REKA LIHLAHISOA TSA LIFEME TSA NAHA,TONAKHOLO,1,sesotho,t o re o fumane bareki ba tla reka lihlahisoa tsa lifeme tsa naha
TONAKHOLO O RE O FUMANE $T$ BA TLA REKA LIHLAHISOA TSA LIFEME TSA NAHA,BAREKI,1,sesotho,tonakholo o re o fumane t ba tla reka lihlahisoa tsa lifeme tsa naha
TONAKHOLO O RE O FUMANE BAREKI BA TLA REKA $T$,LIHLAHISOA TSA LIFEME TSA NAHA,0,sesotho,tonakholo o re o fumane bareki ba tla reka t
$T$ A 20 A TLALEHOA A FEFOHILE,MATLO,-1,sesotho,t a 20 a tlalehoa a fefohile
$T$ O HLABA MOETAPELE OA PHATHI BOHLOKONG,TONAKHOLO,-1,sesotho,t o hlaba moetapele oa phathi bohlokong
TONAKHOLO O HLABA $T$ BOHLOKONG,MOETAPELA OA PHATHI,0,sesotho,tonakholo o hlaba t bohlokong
HO TLOSOA $T$ OFISING,BOTO EA PHATHI,-1,sesotho,ho tlosoa t ofising
HO TLOSOA BOTO EA PHATHI $T$,OFISING,0,sesotho,ho tlosoa boto ea phathi t
$T$ SE TLO BATLOA LI-ID HO TŠELA CHELETE,SECHABA,0,sesotho,t se tlo batloa liid ho tšela chelete
SECHABA SE TLO BATLOA $T$ HO TŠELA CHELETE,LI-ID,-1,sesotho,sechaba se tlo batloa t ho tšela chelete
SECHABA SE TLO BATLOA LI-ID HO TŠELA $T$,CHELETE,0,sesotho,sechaba se tlo batloa liid ho tšela t
$T$ O LO LOKISA TSELA EA HABO KA SONTAHA,MOPARAMENTE,1,sesotho,t o lo lokisa tsela ea habo ka sontaha
MOPARAMENTE O LO LOKISA $T$ EA HABO KA SONTAHA,TSELA,1,sesotho,moparamente o lo lokisa t ea habo ka sontaha
MELEMO EA HO JA $T$,NAMA EA NTJA,1,sesotho,melemo ea ho ja t
$T$ LE NETEFATSA HORE COVID-19 E FUMANOE BANENG BA SEKOLO,LETONA,0,sesotho,t le netefatsa hore covid19 e fumanoe baneng ba sekolo
LETONA LE NETEFATSA HORE $T$ E FUMANOE BANENG BA SEKOLO,COVID-19,-1,sesotho,letona le netefatsa hore t e fumanoe baneng ba sekolo
LETONA LE NETEFATSA HORE COVID-19 E FUMANOE $T$,BANENG BA SEKOLO,-1,sesotho,letona le netefatsa hore covid19 e fumanoe t
$T$ E FUMANOA BANENG BA SEKOLO,COVID-19,-1,sesotho,t e fumanoa baneng ba sekolo
COVID-19 E FUMANOA $T$,BANENG BA SEKOLO,-1,sesotho,covid19 e fumanoa t
$T$ O QALELETSE HO LOKISA LITSELA,'MUSO,1,sesotho,t o qaleletse ho lokisa litsela
'MUSO O QALELETSE HO LOKISA $T$,LITSELA,1,sesotho,muso o qaleletse ho lokisa t
MAMELA $T$ A SHOASHOATHELA SEBOHOLI,MOOKAMELI OA SEEA-LE-MOEA,-1,sesotho,mamela t a shoashoathela seboholi
MAMELA MOOKAMELI OA SEEA-LE-MOEA A SHOASHOATHELA $T$,SEBOHOLI,0,sesotho,mamela mookameli oa seealemoea a shoashoathela t
$T$ E 'NGOE E BEHELLA BASEBELETSI KAOFELA KA THOKO,FEME,-1,sesotho,t e ngoe e behella basebeletsi kaofela ka thoko
FEME E 'NGOE E BEHELLA $T$ KAOFELA KA THOKO,BASEBELETSI,0,sesotho,feme e ngoe e behella t kaofela ka thoko
BONA $T$,MAHLASIPA A SEBOHOLI,-1,sesotho,bona t
$T$ O PHAPHATHA TONAKHOLO LEHETLA,MOETAPELE OA PHATHI,1,sesotho,t o phaphatha tonakholo lehetla
MOETAPELE OA PHATHI O PHAPHATHA $T$ LEHETLA,TONAKHOLO,1,sesotho,moetapele oa phathi o phaphatha t lehetla
$T$ SE RE MOSEBETSI 'MOHO O MORERONG OA HO MO FENETHA,SEBOHOLI,0,sesotho,t se re mosebetsi moho o morerong oa ho mo fenetha
SEBOHOLI SE RE $T$ O MORERONG OA HO MO FENETHA,MOSEBETSI 'MOHO,-1,sesotho,seboholi se re t o morerong oa ho mo fenetha
$T$ O OELOA KE TSIETSI,MONNA,-1,sesotho,t o oeloa ke tsietsi
$T$ BA 15 BA HLAHELOA KE MATHATA NAHENG EA BOAHISANE,BATHO,-1,sesotho,t ba 15 ba hlaheloa ke mathata naheng ea boahisane
BATHO BA 15 BA HLAHELOA KE MATHATA $T$,NAHENG EA BOAHISANE,0,sesotho,batho ba 15 ba hlaheloa ke mathata t
TSEBA NA $T$ O HAKAE KA MOTEBO OA SEPOLESA,MOKHOTHALETSUOA,0,sesotho,tseba na t o hakae ka motebo oa sepolesa
TSEBA NA MOKHOTHALETSUOA O HAKAE KA $T$,MOTEBO OA SEPOLESA,0,sesotho,tseba na mokhothaletsuoa o hakae ka t
$T$ O RE SECHABA SE LOKELA HO BA LIMPIMPI,TONAKHOLO,0,sesotho,t o re sechaba se lokela ho ba limpimpi
TONAKHOLO O RE $T$ SE LOKELA HO BA LIMPIMPI,SECHABA,1,sesotho,tonakholo o re t se lokela ho ba limpimpi
$T$ SE NTSE SE SO FIHLE MOO NTJA E FUMANOENG E MOMME SETOTSOANA,SEPOLESA,-1,sesotho,t se ntse se so fihle moo ntja e fumanoeng e momme setotsoana
SEPOLESA SE NTSE SE SO FIHLE MOO $T$ E FUMANOENG E MOMME SETOTSOANA,NTJA,-1,sesotho,sepolesa se ntse se so fihle moo t e fumanoeng e momme setotsoana
SEPOLESA SE NTSE SE SO FIHLE MOO NTJA E FUMANOENG E MOMME $T$,SETOTSOANA,-1,sesotho,sepolesa se ntse se so fihle moo ntja e fumanoeng e momme t
$T$ E NE E HLOKE MOHATLA KE HO ROMELETSA,PELA,-1,sesotho,t e ne e hloke mohatla ke ho romeletsa
PELA E NE E HLOKE $T$ KE HO ROMELETSA,MOHATLA,0,sesotho,pela e ne e hloke t ke ho romeletsa
$T$ O PEPESA BOFOKOLI BA TONAKHOLO,MOPARAMENTE,-1,sesotho,t o pepesa bofokoli ba tonakholo
MOPARAMENTE O PEPESA BOFOKOLI BA $T$,TONAKHOLO,-1,sesotho,moparamente o pepesa bofokoli ba t
$T$ O BOELA A BITSA BAPHATLALATSI BA LITABA,TONAKHOLO,0,sesotho,t o boela a bitsa baphatlalatsi ba litaba
TONAKHOLO O BOELA A BITSA $T$,BAPHATLALATSI BA LITABA,0,sesotho,tonakholo o boela a bitsa t
$T$ TSE MONATE HO MATAOA,LITABA,1,sesotho,t tse monate ho mataoa
LITABA TSE MONATE HO $T$,MATAOA,-1,sesotho,litaba tse monate ho t
HO QHOMA $T$ LE LENG HAPE,LEFU,-1,sesotho,ho qhoma t le leng hape
LINTLHA-KHOLO POLELONG EA $T$ SEBOKENG SA MOKHA OA POLOTIKI,MOETAPELE,0,sesotho,lintlhakholo polelong ea t sebokeng sa mokha oa polotiki
LINTLHA-KHOLO POLELONG EA MOETAPELE $T$,SEBOKENG SA MOKHA OA POLOTIKI,0,sesotho,lintlhakholo polelong ea moetapele t
$T$ TSE NCHA,LITABA,1,sesotho,t tse ncha
$T$ TSE MONATE HO SECHABA,LITABA,1,sesotho,t tse monate ho sechaba
$T$ LE HLAHELLA BOBOLUNG,LETONA,-1,sesotho,t le hlahella bobolung
$T$ O PHOQA TONAKHOLO,MOPARAMENTE,-1,sesotho,t o phoqa tonakholo
MOPARAMENTE O PHOQA $T$,TONAKHOLO,0,sesotho,moparamente o phoqa t
$T$ A 11 A CHELE,MATLO,-1,sesotho,t a 11 a chele
$T$ KE MOLATELI OA SEHLOPHA SA BOLO,MOLIMO,1,sesotho,t ke molateli oa sehlopha sa bolo
MOLIMO KE MOLATELI OA $T$,SEHLOPHA SA BOLO,0,sesotho,molimo ke molateli oa t
HO SETSE LIHORA $T$ A TLOSOA BOTONAKHOLONG,TONAKHOLO,-1,sesotho,ho setse lihora t a tlosoa botonakholong
$T$ O LOKELA HO OELA,TONAKHOLO,-1,sesotho,t o lokela ho oela
UTLOA NA HOBANENG $T$ A LELEKILE MAPARAMENTE A 3,TONAKHOLO,0,sesotho,utloa na hobaneng t a lelekile maparamente a 3
UTLOA NA HOBANENG TONAKHOLO A LELEKILE $T$ A 3,MAPARAMENTE,-1,sesotho,utloa na hobaneng tonakholo a lelekile t a 3
$T$ EA HO NYOLLA LITEFISO TSA METSI E TLA PHATLALATSOA KAJENO,QETO,0,sesotho,t ea ho nyolla litefiso tsa metsi e tla phatlalatsoa kajeno
QETO EA HO NYOLLA $T$ E TLA PHATLALATSOA KAJENO,LITEFISO TSA METSI,-1,sesotho,qeto ea ho nyolla t e tla phatlalatsoa kajeno
$T$,MANYELA-KOAENG,-1,sesotho,t
UTLOA LITABA TSA $T$ KA TONAKHOLO,MOPARAMENTE,0,sesotho,utloa litaba tsa t ka tonakholo
UTLOA LITABA TSA MOPARAMENTE KA $T$,TONAKHOLO,0,sesotho,utloa litaba tsa moparamente ka t
UTLOA MANYALA A $T$ HO LATELA TLHALOSO EA MOPARAMENTE,'MUSO,-1,sesotho,utloa manyala a t ho latela tlhaloso ea moparamente
UTLOA MANYALA A 'MUSO HO LATELA TLHALOSO EA $T$,MOPARAMENTE,0,sesotho,utloa manyala a muso ho latela tlhaloso ea t
$T$ O QETA HO HLAJOA KA THIPA,MOSALI,-1,sesotho,t o qeta ho hlajoa ka thipa
MOSALI O QETA HO HLAJOA KA $T$,THIPA,-1,sesotho,mosali o qeta ho hlajoa ka t
$T$ BA TLA TSAMAEA BOSIU BA TLO AHLOLOA M10 000,BATHO,-1,sesotho,t ba tla tsamaea bosiu ba tlo ahloloa m10 000
HO TLA TŠOARELOA $T$ MOO SEBOHOLI SE TIMELETSENG,THAPELO,1,sesotho,ho tla tšoareloa t moo seboholi se timeletseng
HO TLA TŠOARELOA THAPELO MOO $T$ SE TIMELETSENG,SEBOHOLI,-1,sesotho,ho tla tšoareloa thapelo moo t se timeletseng
KE $T$ BA 54 BA TIMETSENG SELEMONG SENA,BATHO,-1,sesotho,ke t ba 54 ba timetseng selemong sena
$T$ O TŠOELA POLAO EA SEBOHOLI KA SEHLETHELA-HALI SA MATHE,'MUSO,1,sesotho,t o tšoela polao ea seboholi ka sehlethelahali sa mathe
'MUSO O TŠOELA POLAO EA $T$ KA SEHLETHELA-HALI SA MATHE,SEBOHOLI,-1,sesotho,muso o tšoela polao ea t ka sehlethelahali sa mathe
$T$ O TLO NTŠA POLELO MABAPI LE LEFU LA SEBOHOLI,TONAKHOLO,0,sesotho,t o tlo ntša polelo mabapi le lefu la seboholi
TONAKHOLO O TLO NTŠA POLELO MABAPI LE $T$,LEFU LA SEBOHOLI,-1,sesotho,tonakholo o tlo ntša polelo mabapi le t
LINTLHA-KHOLO POLAONG EA $T$,SEBOHOLI,-1,sesotho,lintlhakholo polaong ea t
$T$ SE THUNTSOE SE FELETSOE KE BOPHELO,SEBOHOLI,-1,sesotho,t se thuntsoe se feletsoe ke bophelo
$T$ NAKONG EA TEMO VS PUSONG EA TONAKHOLO EA MEHLENG NAKONG EA TEMO,PUSONG EA TONAKHOLO,0,sesotho,t nakong ea temo vs pusong ea tonakholo ea mehleng nakong ea temo
PUSONG EA TONAKHOLO NAKONG EA $T$ VS PUSONG EA TONAKHOLO EA MEHLENG NAKONG EA TEMO,TEMO,0,sesotho,pusong ea tonakholo nakong ea t vs pusong ea tonakholo ea mehleng nakong ea temo
PUSONG EA TONAKHOLO NAKONG EA TEMO VS $T$ NAKONG EA TEMO,PUSONG EA TONAKHOLO EA MEHLENG,0,sesotho,pusong ea tonakholo nakong ea temo vs t nakong ea temo
$T$ O FUMANE KOTSI O LEMETSE,MOKOETLISI OA SEHLOPHA SA BOLO,-1,sesotho,t o fumane kotsi o lemetse
$T$ O TŠEPISA MOSALI NTLO,MOETAPELE,1,sesotho,t o tšepisa mosali ntlo
MOETAPELE O TŠEPISA $T$ NTLO,MOSALI,0,sesotho,moetapele o tšepisa t ntlo
MOETAPELE O TŠEPISA MOSALI $T$,NTLO,1,sesotho,moetapele o tšepisa mosali t
NA $T$ BO TSIETSING,BOPHELO BA TONAKHOLO,-1,sesotho,na t bo tsietsing
$T$ O EMA LE SECHABA KHAHLANONG LE KOMPONE EA MARANG-RANG,MOPARAMENTE,1,sesotho,t o ema le sechaba khahlanong le kompone ea marangrang
MOPARAMENTE O EMA LE $T$ KHAHLANONG LE KOMPONE EA MARANG-RANG,SECHABA,0,sesotho,moparamente o ema le t khahlanong le kompone ea marangrang
MOPARAMENTE O EMA LE SECHABA KHAHLANONG LE $T$,KOMPONE EA MARANG-RANG,-1,sesotho,moparamente o ema le sechaba khahlanong le t
$T$ SE SEBOKO KE 'MUSO O LITULONG,SETHO SA PHATHI,-1,sesotho,t se seboko ke muso o litulong
SETHO SA PHATHI SE SEBOKO KE $T$ O LITULONG,'MUSO,-1,sesotho,setho sa phathi se seboko ke t o litulong
$T$ BA EA ITHEKISA HO ETSA CHELETE,BAITHUTI,-1,sesotho,t ba ea ithekisa ho etsa chelete
BAITHUTI BA EA ITHEKISA HO ETSA $T$,CHELETE,0,sesotho,baithuti ba ea ithekisa ho etsa t
$T$ O LLA SEBOKO SE HLOMOLANG PELO SEPETLELE,MOKULI,-1,sesotho,t o lla seboko se hlomolang pelo sepetlele
MOKULI O LLA SEBOKO SE HLOMOLANG PELO $T$,SEPETLELE,-1,sesotho,mokuli o lla seboko se hlomolang pelo t
$T$ BA BANGATA BA TLO FELLOA KE MESEBETSI HAPE,BATHO,-1,sesotho,t ba bangata ba tlo felloa ke mesebetsi hape
$T$ BA BANGATA BA TLO FELLOA KE $T$ HAPE,MESEBETSI,-1,sesotho,t ba bangata ba tlo felloa ke t hape
HA HO $T$ SEPETLELE,BAOKI,-1,sesotho,ha ho t sepetlele
HA HO BAOKI $T$,SEPETLELE,0,sesotho,ha ho baoki t
$T$ BA TEBETSOE HAPE,BASEBELETSI BA LIFEME,-1,sesotho,t ba tebetsoe hape
$T$ BA IPELAETSA KHAHLANONG LE 'MUSO,BAOKI,-1,sesotho,t ba ipelaetsa khahlanong le muso
BAOKI BA IPELAETSA KHAHLANONG LE $T$,'MUSO,-1,sesotho,baoki ba ipelaetsa khahlanong le t
$T$ LE BOHLOKO LA MOHATSELA LE TSELENG,LEQHUBU,-1,sesotho,t le bohloko la mohatsela le tseleng
LEQHUBU LE BOHLOKO LA $T$ LE TSELENG,MOHATSELA,-1,sesotho,leqhubu le bohloko la t le tseleng
$T$ E SE E TLO KHOLA KHOELING ENA,METSOFE,-1,sesotho,t e se e tlo khola khoeling ena
MONYETLA OA $T$ KAJENO LE HOSANE O TENG,LEHLOA,0,sesotho,monyetla oa t kajeno le hosane o teng
HO NTSENG HO NA HA SE $T$ KE MEEOKHO EA BALATELI BA SEHLOPHA SA BOLO,PULA,-1,sesotho,ho ntseng ho na ha se t ke meeokho ea balateli ba sehlopha sa bolo
HO NTSENG HO NA HA SE PULA KE MEEOKHO EA $T$,BALATELI BA SEHLOPHA SA BOLO,-1,sesotho,ho ntseng ho na ha se pula ke meeokho ea t
$T$ HA O TLISE PHETOHO HOHANG,MOKHA,-1,sesotho,t ha o tlise phetoho hohang
$T$ LE MAQHEKOANA HA A TLO KHOLA,MAQHEKU,-1,sesotho,t le maqhekoana ha a tlo khola
MAQHEKU LE $T$ HA A TLO KHOLA,MAQHEKOANA,-1,sesotho,maqheku le t ha a tlo khola
MONYETLA OA $T$ O TENG SONTAHA,LEHLOA,0,sesotho,monyetla oa t o teng sontaha
$T$ O QALELETSE HO PATALA BAOKI,'MUSO,1,sesotho,t o qaleletse ho patala baoki
'MUSO O QALELETSE HO PATALA $T$,BAOKI,0,sesotho,muso o qaleletse ho patala t
$T$ O TŠOEROE O BELAELLOA KA PETO,MORENA,-1,sesotho,t o tšoeroe o belaelloa ka peto
$T$ SE TLO SULAFALLOA BOESA,SECHABA,-1,sesotho,t se tlo sulafalloa boesa
$T$ TSA MOHLOLO SETEREKENG,LIBOKO,0,sesotho,t tsa mohlolo seterekeng
LIBOKO TSA MOHLOLO $T$,SETEREKENG,0,sesotho,liboko tsa mohlolo t
HO TLA THAKHOLOA $T$ E NCHA BOESA,CHELETE,1,sesotho,ho tla thakholoa t e ncha boesa
$T$ O TŠOARELOA HO HLABA MONNA KA THIPA,MOSALI,-1,sesotho,t o tšoareloa ho hlaba monna ka thipa
MOSALI O TŠOARELOA HO HLABA $T$ KA THIPA,MONNA,0,sesotho,mosali o tšoareloa ho hlaba t ka thipa
MOSALI O TŠOARELOA HO HLABA MONNA KA $T$,THIPA,-1,sesotho,mosali o tšoareloa ho hlaba monna ka t
$T$ LI TLO KOPANELA PINA,LIBINI,1,sesotho,t li tlo kopanela pina
LIBINI LI TLO KOPANELA $T$,PINA,1,sesotho,libini li tlo kopanela t
$T$ OA HO TŠELA CHILISI BOTHONG BA MOSALI O SHOELE,MONNA,-1,sesotho,t oa ho tšela chilisi bothong ba mosali o shoele
MONNA OA HO TŠELA CHILISI $T$ O SHOELE,BOTHONG BA MOSALI,0,sesotho,monna oa ho tšela chilisi t o shoele
$T$ LI FETOHA LEFELA,LITŠEPISO TSA TONAKHOLO,-1,sesotho,t li fetoha lefela
$T$ O TSAMAEA MEHLALENG EA MEBUSO E FETILENG,'MUSO,0,sesotho,t o tsamaea mehlaleng ea mebuso e fetileng
'MUSO O TSAMAEA MEHLALENG EA $T$,MEBUSO E FETILENG,0,sesotho,muso o tsamaea mehlaleng ea t
$T$ OA HO TŠELA CHILISI BOTHONG BA MOSALI O HLOLEHA HO HLAHA KHOTLA,MONNA,-1,sesotho,t oa ho tšela chilisi bothong ba mosali o hloleha ho hlaha khotla
MONNA OA HO TŠELA CHILISI $T$ O HLOLEHA HO HLAHA KHOTLA,BOTHONG BA MOSALI,0,sesotho,monna oa ho tšela chilisi t o hloleha ho hlaha khotla
MONNA OA HO TŠELA CHILISI BOTHONG BA MOSALI O HLOLEHA HO HLAHA $T$,KHOTLA,-1,sesotho,monna oa ho tšela chilisi bothong ba mosali o hloleha ho hlaha t
$T$ BO SEBOKO KE 'MUSO,BOHANYETSI,-1,sesotho,t bo seboko ke muso
BOHANYETSI BO SEBOKO KE $T$,'MUSO,-1,sesotho,bohanyetsi bo seboko ke t
$T$ O TŠELA CHILISI KA BOTHONG BA MOSALI OA HAE,MONNA,-1,sesotho,t o tšela chilisi ka bothong ba mosali oa hae
MONNA O TŠELA CHILISI KA $T$ OA HAE,BOTHONG BA MOSALI,0,sesotho,monna o tšela chilisi ka t oa hae
$T$ BA BETSA KHOBA HAPE,BANNA,0,sesotho,t ba betsa khoba hape
$T$ O HLOLEHA HO BUSA O TSEKA LINAMA,TONAKHOLO,-1,sesotho,t o hloleha ho busa o tseka linama
TONAKHOLO O HLOLEHA HO BUSA O TSEKA $T$,LINAMA,-2,sesotho,tonakholo o hloleha ho busa o tseka t
$T$ TSE NGATA LI KHAHLANONG LE JOALA,LITUMELO,0,sesotho,t tse ngata li khahlanong le joala
LITUMELO TSE NGATA LI KHAHLANONG LE $T$,JOALA,-1,sesotho,litumelo tse ngata li khahlanong le t
$T$ KE EONA E KHOLO HO FETA LITUMELO TSOHLE LEFATŠENG,TUMELO EA CHRIST,1,sesotho,t ke eona e kholo ho feta litumelo tsohle lefatšeng
TUMELO EA CHRIST KE EONA E KHOLO HO FETA $T$ TSOHLE LEFATŠENG,LITUMELO,-1,sesotho,tumelo ea christ ke eona e kholo ho feta t tsohle lefatšeng
TUMELO EA CHRIST KE EONA E KHOLO HO FETA LITUMELO TSOHLE $T$,LEFATŠENG,0,sesotho,tumelo ea christ ke eona e kholo ho feta litumelo tsohle t
$T$ O ROKA MOHATSA OA TONAKHOLO EA MEHLENG,MOSALI,1,sesotho,t o roka mohatsa oa tonakholo ea mehleng
MOSALI O ROKA $T$,MOHATSA OA TONAKHOLO EA MEHLENG,1,sesotho,mosali o roka t
$T$ SE ITOMA MOHATLA,SETHO SA PHATHI,-1,sesotho,t se itoma mohatla
$T$ BA ITŠOARELLA KA MOSALI A LE MONG,BANNA,1,sesotho,t ba itšoarella ka mosali a le mong
BANNA BA BARARO BA ITŠOARELLA KA $T$ A LE MONG,MOSALI,1,sesotho,banna ba bararo ba itšoarella ka t a le mong
$T$ O RERETSOE BOBE,'MUSO,-1,sesotho,t o reretsoe bobe
$T$ E JA LEFA LA 'MUSO O FETILENG,PUSO EA TONAKHOLO,1,sesotho,t e ja lefa la muso o fetileng
PUSO EA TONAKHOLO E JA LEFA LA $T$,'MUSO O FETILENG,1,sesotho,puso ea tonakholo e ja lefa la t
HA KE TLO NYEKA $T$,TONAKHOLO,-1,sesotho,ha ke tlo nyeka t
$T$ LE LECHA LA SEBINI LE TSOILE,LETLAPA,1,sesotho,t le lecha la sebini le tsoile
LETLAPA LE LECHA LA $T$ LE TSOILE,SEBINI,0,sesotho,letlapa le lecha la t le tsoile
$T$ TSE MONATE HO SECHABA SOHLE,LITABA,1,sesotho,t tse monate ho sechaba sohle
LITABA TSE MONATE HO $T$ SOHLE,SECHABA,0,sesotho,litaba tse monate ho t sohle
$T$ O IKAKHETSE KA SETOTSOANA 'MINONG OA FAMO,MONNA OA LEKHOOA,1,sesotho,t o ikakhetse ka setotsoana minong oa famo
MONNA OA LEKHOOA O IKAKHETSE KA SETOTSOANA $T$,'MINONG OA FAMO,0,sesotho,monna oa lekhooa o ikakhetse ka setotsoana t
LINTLHA-KHOLO $T$,POLELONG EA TONAKHOLO,0,sesotho,lintlhakholo t
$T$ O TLO BAKELA NAHA KHAPHA-MALI,MORUTI,-1,sesotho,t o tlo bakela naha khaphamali
MORUTI O TLO BAKELA $T$ KHAPHA-MALI,NAHA,-1,sesotho,moruti o tlo bakela t khaphamali
$T$ E BALEHISA MOKOETLISI,PHAFA,-1,sesotho,t e balehisa mokoetlisi
PHAFA E BALEHISA $T$,MOKOETLISI,-1,sesotho,phafa e balehisa t
$T$ BA CHESA HO FETA LIBAPALI,BALATELI BA SEHLOPHA SA BOLO,-1,sesotho,t ba chesa ho feta libapali
BALATELI BA SEHLOPHA SA BOLO BA CHESA HO FETA $T$,LIBAPALI,-1,sesotho,balateli ba sehlopha sa bolo ba chesa ho feta t
$T$ SE TLO NTŠA LETLAPA LE LECHA,SEBINI,1,sesotho,t se tlo ntša letlapa le lecha
$T$ O ROBEHETSE KOTSING EA LIKOLOI,MOTHO,-1,sesotho,t o robehetse kotsing ea likoloi
MOTHO O ROBEHETSE KOTSING EA $T$,LIKOLOI,-1,sesotho,motho o robehetse kotsing ea t
$T$ LI TLO FELISOA,CHELETE EA LIPAMPIRI LE EA TŠEPE,0,sesotho,t li tlo felisoa
$T$ E JOOE KA SEHLOHO PUSONG E FETILENG,CHELETE EA SECHABA,-1,sesotho,t e jooe ka sehloho pusong e fetileng
CHELETE EA SECHABA E JOOE KA SEHLOHO $T$ E FETILENG,PUSONG,-1,sesotho,chelete ea sechaba e jooe ka sehloho t e fetileng
$T$ POLAONG EA SEBINI BA TŠOEROE,BABELAELLOA,1,sesotho,t polaong ea sebini ba tšoeroe
BABELAELLOA POLAONG EA $T$ BA TŠOEROE,SEBINI,-1,sesotho,babelaelloa polaong ea t ba tšoeroe
LE $T$ ONA BATHO BA FELLOA KE MESEBETSI,'MUSONG,-1,sesotho,le t ona batho ba felloa ke mesebetsi
LE 'MUSONG ONA $T$ BA FELLOA KE MESEBETSI,BATHO,-1,sesotho,le musong ona t ba felloa ke mesebetsi
LE 'MUSONG ONA BATHO BA FELLOA KE $T$,MESEBETSI,-1,sesotho,le musong ona batho ba felloa ke t
$T$ E CHAISA NGOANA KAJENO,KOLOI,-1,sesotho,t e chaisa ngoana kajeno
KOLOI E CHAISA $T$ KAJENO,NGOANA,-1,sesotho,koloi e chaisa t kajeno
$T$ BA THUNTSOE MAOBANE,BANA BA BATHO,-1,sesotho,t ba thuntsoe maobane
$T$ LI TLO BOLLA TORONKONG,LITABANE,-1,sesotho,t li tlo bolla toronkong
LITABANE LI TLO BOLLA $T$,TORONKONG,-1,sesotho,litabane li tlo bolla t
$T$ O TŠOARETSOE BOLOI,TELU-PUTSOA,-1,sesotho,t o tšoaretsoe boloi
$T$ LI ATLEHISA KHOEBO EA LIKOENA,LIPALEMA,1,sesotho,t li atlehisa khoebo ea likoena
LIPALEMA LI ATLEHISA $T$,KHOEBO EA LIKOENA,-1,sesotho,lipalema li atlehisa t
$T$ O TLANGOA KA LINTLAFATSO TSEO E SENG TSA HAE,TONAKHOLO,-1,sesotho,t o tlangoa ka lintlafatso tseo e seng tsa hae
TONAKHOLO O TLANGOA KA $T$ TSEO E SENG TSA HAE,LINTLAFATSO,1,sesotho,tonakholo o tlangoa ka t tseo e seng tsa hae
$T$ E BETSA KHOBA KAJENO,THELEFISHINI EA NAHA,0,sesotho,t e betsa khoba kajeno
BONA $T$ EA IPOLAILENG,NGOANA OA SEKOLO,-1,sesotho,bona t ea ipolaileng
$T$ O BETSA KHOBA BASALI BA HLATSOA LIKOLOI BA HLOBOTSE,MOTSE,0,sesotho,t o betsa khoba basali ba hlatsoa likoloi ba hlobotse
MOTSE O BETSA KHOBA $T$ BA HLATSOA LIKOLOI BA HLOBOTSE,BASALI,-1,sesotho,motse o betsa khoba t ba hlatsoa likoloi ba hlobotse
MOTSE O BETSA KHOBA BASALI BA HLATSOA $T$ BA HLOBOTSE,LIKOLOI,0,sesotho,motse o betsa khoba basali ba hlatsoa t ba hlobotse
ENA HAESALE NAKO EA HO BEHA $T$ KAPA MAJOE A MORALLA MABITLENG,MASENKE,-1,sesotho,ena haesale nako ea ho beha t kapa majoe a moralla mabitleng
ENA HAESALE NAKO EA HO BEHA MASENKE KAPA $T$ MABITLENG,MAJOE A MORALLA,-1,sesotho,ena haesale nako ea ho beha masenke kapa t mabitleng
ENA HAESALE NAKO EA HO BEHA MASENKE KAPA MAJOE A MORALLA $T$,MABITLENG,0,sesotho,ena haesale nako ea ho beha masenke kapa majoe a moralla t
$T$ EA ILENG A BOLAEA MOSALI O PHONYOHA LEFU LA SETHUNYA,MONNA,1,sesotho,t ea ileng a bolaea mosali o phonyoha lefu la sethunya
MONNA EA ILENG A BOLAEA $T$ O PHONYOHA LEFU LA SETHUNYA,MOSALI,-1,sesotho,monna ea ileng a bolaea t o phonyoha lefu la sethunya
MONNA EA ILENG A BOLAEA MOSALI O PHONYOHA $T$,LEFU LA SETHUNYA,-1,sesotho,monna ea ileng a bolaea mosali o phonyoha t
SEEA-LE-MOEA SE RE $T$ A FANE KA BOPAKI BA HORE KE MOKHOLO OA HAE O REKETSENG BAHLOKI LIMPHO,TONAKHOLO,-1,sesotho,seealemoea se re t a fane ka bopaki ba hore ke mokholo oa hae o reketseng bahloki limpho
$T$ SE RE TONAKHOLO A FANE KA BOPAKI BA HORE KE MOKHOLO OA HAE O REKETSENG BAHLOKI LIMPHO,SEEA-LE-MOEA,-1,sesotho,t se re tonakholo a fane ka bopaki ba hore ke mokholo oa hae o reketseng bahloki limpho
SEEA-LE-MOEA SERE TONAKHOLO A FANE KA BOPAKI BA HORE KE $T$ OA HAE O REKETSENG BAHLOKI LIMPHO,MOKHOLO,-1,sesotho,seealemoea sere tonakholo a fane ka bopaki ba hore ke t oa hae o reketseng bahloki limpho
SEEA-LE-MOEA SERE TONAKHOLO A FANE KA BOPAKI BA HORE KE MOKHOLO OA HAE O REKETSENG $T$ LIMPHO,BAHLOKI,0,sesotho,seealemoea sere tonakholo a fane ka bopaki ba hore ke mokholo oa hae o reketseng t limpho
SEEA-LE-MOEA SERE TONAKHOLO A FANE KA BOPAKI BA HORE KE MOKHOLO OA HAE O REKETSENG BAHLOKI $T$,LIMPHO,1,sesotho,seealemoea sere tonakholo a fane ka bopaki ba hore ke mokholo oa hae o reketseng bahloki t
$T$ E QETA HO HATA BATHO E LIHELOA KE PULA,NTLO,-1,sesotho,t e qeta ho hata batho e liheloa ke pula
NTLO E QETA HO HATA $T$ E LIHELOA KE PULA,BATHO,0,sesotho,ntlo e qeta ho hata t e liheloa ke pula
NTLO E QETA HO HATA BATHO E LIHELOA KE $T$,PULA,-1,sesotho,ntlo e qeta ho hata batho e liheloa ke t
$T$ SE TABOLA KHOMO KA LEHARE,SEFAKO,-1,sesotho,t se tabola khomo ka lehare
SEFAKO SE TABOLA $T$ KA LEHARE,KHOMO,-1,sesotho,sefako se tabola t ka lehare
KAJENO $T$ O ABELA LIKHUTSANA LIMPHO KA CHELETE EA HAE EA MOKHOLO E M600 000,TONAKHOLO,1,sesotho,kajeno t o abela likhutsana limpho ka chelete ea hae ea mokholo e m600 000
KAJENO TONAKHOLO O ABELA $T$ LIMPHO KA CHELETE EA HAE EA MOKHOLO E M600 000,LIKHUTSANA,0,sesotho,kajeno tonakholo o abela t limpho ka chelete ea hae ea mokholo e m600 000
KAJENO TONAKHOLO O ABELA LIKHUTSANA $T$ KA CHELETE EA HAE EA MOKHOLO E M600 000,LIMPHO,1,sesotho,kajeno tonakholo o abela likhutsana t ka chelete ea hae ea mokholo e m600 000
KAJENO TONAKHOLO O ABELA LIKHUTSANA LIMPHO KA $T$ E M600 000,CHELETE EA HAE EA MOKHOLO,1,sesotho,kajeno tonakholo o abela likhutsana limpho ka t e m600 000
$T$ E MPE EA KOLOI,KOTSI,-1,sesotho,t e mpe ea koloi
KOTSI E MPE EA $T$,KOLOI,1,sesotho,kotsi e mpe ea t
HO QHOMA $T$ LE LECHA,LEFU,-1,sesotho,ho qhoma t le lecha
$T$ O HLAJOA KE THUPA KA LEIHLONG,NGOANA,-1,sesotho,t o hlajoa ke thupa ka leihlong
NGOANA O HLAJOA KE $T$ KA LEIHLONG,THUPA,0,sesotho,ngoana o hlajoa ke t ka leihlong
NGOANA O HLAJOA KE THUPA KA $T$,LEIHLONG,0,sesotho,ngoana o hlajoa ke thupa ka t
$T$ KE MOFU KAMORA HO FUMANA LENGOLO,MOITHUTI OA SEKOLO SE PHAHAMENG,-1,sesotho,t ke mofu kamora ho fumana lengolo
MOITHUTI OA SEKOLO SE PHAHAMENG KE MOFU KAMORA HO FUMANA $T$,LENGOLO,1,sesotho,moithuti oa sekolo se phahameng ke mofu kamora ho fumana t
KE TSOA $T$ KE FUMANA NTATE E SE ELE MOFU,KEREKENG,0,sesotho,ke tsoa t ke fumana ntate e se ele mofu
KE TSOA KEREKENG KE FUMANA $T$ E SE ELE MOFU,NTATE,-1,sesotho,ke tsoa kerekeng ke fumana t e se ele mofu
$T$ E CHESA MOSALI MORIRI,KUKU,-1,sesotho,t e chesa mosali moriri
KUKU E CHESA $T$ MORIRI,MOSALI,0,sesotho,kuku e chesa t moriri
KUKU E CHESA MOSALI $T$,MORIRI,0,sesotho,kuku e chesa mosali t
HO FUMANOE $T$ KA LENGOPENG,SETOPO SA MOSALI,-1,sesotho,ho fumanoe t ka lengopeng
HO FUMANOE SETOPO SA MOSALI KA $T$,LENGOPENG,0,sesotho,ho fumanoe setopo sa mosali ka t
$T$ E CHA KA MOHLOLO,CHELETE EA MOKHATLO,-1,sesotho,t e cha ka mohlolo
$T$ O QOSOA KA PETO EA MORALI OA HAE,MONNA,-1,sesotho,t o qosoa ka peto ea morali oa hae
MONNA O QOSOA KA PETO EA $T$,MORALI OA HAE,0,sesotho,monna o qosoa ka peto ea t
$T$ O THATA LIKAROLO TSA BOTONA HLOOHONG,MOSALI,-1,sesotho,t o thata likarolo tsa botona hloohong
MOSALI O THATA $T$ HLOOHONG,LIKAROLO TSA BOTONA,0,sesotho,mosali o thata t hloohong
MOSALI O THATA LIKAROLO TSA BOTONA $T$,HLOOHONG,0,sesotho,mosali o thata likarolo tsa botona t
$T$ BA BOLAEA BANNA BA BA NANYETSA,BASALI,-1,sesotho,t ba bolaea banna ba ba nanyetsa
BASALI BA BOLAEA $T$ BA BA NANYETSA,BANNA,0,sesotho,basali ba bolaea t ba ba nanyetsa
KAMORA HO TSOARELANA $T$ O TSOHA BOSIU O HLABELA MONNA LEFU,MOSALI,-1,sesotho,kamora ho tsoarelana t o tsoha bosiu o hlabela monna lefu
KAMORA HO TSOARELANA MOSALI O TSOHA BOSIU O HLABELA $T$ LEFU,MONNA,-1,sesotho,kamora ho tsoarelana mosali o tsoha bosiu o hlabela t lefu
$T$ O BOLAELOA M10,MOSHANYANA,-1,sesotho,t o bolaeloa m10
$T$ EA NYAMETSENG O RE O KOETETSOE O KA HARA MOCUCU O MOHOLO,NGOANANA,-1,sesotho,t ea nyametseng o re o koetetsoe o ka hara mocucu o moholo
NGOANANA EA NYAMETSENG O RE O KOETETSOE O KA HARA $T$ O MOHOLO,MOCUCU,-1,sesotho,ngoanana ea nyametseng o re o koetetsoe o ka hara t o moholo
$T$ O FUMANA 'M'AE A BOLAUOE,MORALI,0,sesotho,t o fumana mae a bolauoe
MORALI O FUMANA $T$ A BOLAUOE,'M'AE,-1,sesotho,morali o fumana t a bolauoe
$T$ SE UTSOA CHELETE SE BATLA HO RUOA,SEBINI SA MOKHA,-1,sesotho,t se utsoa chelete se batla ho ruoa
SEBINI SA MOKHA SE UTSOA $T$ SE BATLA HO RUOA,CHELETE,0,sesotho,sebini sa mokha se utsoa t se batla ho ruoa
$T$ LE KHEHLETSA MAKOEBA KAMORA HO METOA KE RAKHALI OA LONA,LESEA,-1,sesotho,t le khehletsa makoeba kamora ho metoa ke rakhali oa lona
LESEA LE KHEHLETSA MAKOEBA KAMORA HO METOA KE $T$ OA LONA,RAKHALI,-1,sesotho,lesea le khehletsa makoeba kamora ho metoa ke t oa lona
$T$ O REKETSE BALISANA LINKU,TONAKHOLO,1,sesotho,t o reketse balisana linku
TONAKHOLO O REKETSE $T$ LINKU,BALISANA,0,sesotho,tonakholo o reketse t linku
TONAKHOLO O REKETSE BALISANA $T$,LINKU,0,sesotho,tonakholo o reketse balisana t
$T$ O FETOLA NAHA KA BEKE,TONAKHOLO,1,sesotho,t o fetola naha ka beke
TONAKHOLO O FETOLA $T$ KA BEKE,NAHA,0,sesotho,tonakholo o fetola t ka beke
$T$ O QETA HO THUNYA MOSALI OA HAE,MONNA,-1,sesotho,t o qeta ho thunya mosali oa hae
MONNA O QETA HO THUNYA $T$,MOSALI OA HAE,0,sesotho,monna o qeta ho thunya t
$T$ O IPOLAEA LE LESEA,MOTSOETSE,-1,sesotho,t o ipolaea le lesea
MOTSOETSE O IPOLAEA LE $T$,LESEA,-1,sesotho,motsoetse o ipolaea le t
$T$ O FETOHA MOSALI KAMORA HO TSUNYA-TSUNYANA LE MOHALA OA LETSOHO,MONNA,-1,sesotho,t o fetoha mosali kamora ho tsunyatsunyana le mohala oa letsoho
MONNA O FETOHA $T$ KAMORA HO TSUNYA-TSUNYANA LE MOHALA OA LETSOHO,MOSALI,0,sesotho,monna o fetoha t kamora ho tsunyatsunyana le mohala oa letsoho
MONNA O FETOHA MOSALI KAMORA HO TSUNYA-TSUNYANA LE $T$,MOHALA OA LETSOHO,0,sesotho,monna o fetoha mosali kamora ho tsunyatsunyana le t
$T$ UAKA O NYAMETSE KE KOPA THUSO,NTATE,-1,sesotho,t uaka o nyametse ke kopa thuso
UTLOA O NE A KHAKELLELITSE $T$ KA NKHO,MALI A LESEA,-1,sesotho,utloa o ne a khakellelitse t ka nkho
UTLOA O NE A KHAKELLELITSE MALI A LESEA KA $T$,NKHO,0,sesotho,utloa o ne a khakellelitse mali a lesea ka t
$T$ O NYEKENYA NGOANA KA THIPA HO FIHLELLA A NEHELA MOEA,MONNA,-1,sesotho,t o nyekenya ngoana ka thipa ho fihlella a nehela moea
MONNA O NYEKENYA NGOANA KA $T$ HO FIHLELLA A NEHELA MOEA,THIPA,0,sesotho,monna o nyekenya ngoana ka t ho fihlella a nehela moea
$T$ O APARA MAKHASI A MOROHO ORE MOJOLO OA MO NYESA,NGOANANA,-1,sesotho,t o apara makhasi a moroho ore mojolo oa mo nyesa
NGOANANA O APARA $T$ O RE MOJOLO OA MO NYESA,MAKHASI A MOROHO,0,sesotho,ngoanana o apara t o re mojolo oa mo nyesa
NGOANANA O APARA MAKHASI A MOROHO O RE $T$ OA MO NYESA,MOJOLO,-1,sesotho,ngoanana o apara makhasi a moroho o re t oa mo nyesa
$T$ O FUMANOA A TIMETSE LEBALENG HABO,NGOANA,-1,sesotho,t o fumanoa a timetse lebaleng habo
NGOANA O FUMANOA A TIMETSE $T$ HABO,LEBALENG,0,sesotho,ngoana o fumanoa a timetse t habo
$T$ O NYAMETSE,NGOANA,-1,sesotho,t o nyametse
$T$ O THUNTSOE SEBONOANG,MOSALI,-1,sesotho,t o thuntsoe sebonoang
$T$ O AMOHELA LENGOLO LA HAE,MOFU,-1,sesotho,t o amohela lengolo la hae
MOFU O AMOHELA $T$ LA HAE,LENGOLO,1,sesotho,mofu o amohela t la hae
$T$ O SIHILE LESEA LE THOTO EA LONA NAHA THOTHE,MOSALI,-1,sesotho,t o sihile lesea le thoto ea lona naha thothe
MOSALI O SIHILE $T$ LE THOTO EA LONA NAHA THOTHE,LESEA,0,sesotho,mosali o sihile t le thoto ea lona naha thothe
MOSALI O SIHILE LESEA LE $T$ EA LONA NAHA THOTHE,THOTO,0,sesotho,mosali o sihile lesea le t ea lona naha thothe
$T$ O KHETHA EKETSA LENANE LA MACANSELARA A LIVOTE LI TLAASE,TONAKHOLO,1,sesotho,t o khetha eketsa lenane la macanselara a livote li tlaase
TONAKHOLO O KHETHA EKETSA $T$ A LIVOTE LI TLAASE,LENANE LA MACANSELARA,0,sesotho,tonakholo o khetha eketsa t a livote li tlaase
TONAKHOLO O KHETHA EKETSA LENANE LA MACANSELARA A $T$ LI TLAASE,LIVOTE,-1,sesotho,tonakholo o khetha eketsa lenane la macanselara a t li tlaase
HO VOTILE $T$ BA LESHOME FEELA,BATHO,-1,sesotho,ho votile t ba leshome feela
BA MO SENYA $T$ KA LEBAKA LA MONNA,LETLALO,-1,sesotho,ba mo senya t ka lebaka la monna
BA MO SENYA LETLALO KA LEBAKA LA $T$,MONNA,-1,sesotho,ba mo senya letlalo ka lebaka la t
$T$ A 20 A FEFOHILE TOROPONG,MATLO,-1,sesotho,t a 20 a fefohile toropong
MATLO A 20 A FEFOHILE $T$,TOROPONG,0,sesotho,matlo a 20 a fefohile t
THIBANG $T$ LE QETA HO UTSOA PHONE,LESHOLU,-1,sesotho,thibang t le qeta ho utsoa phone
THIBANG LESHOLU LE QETA HO UTSOA $T$,PHONE,0,sesotho,thibang lesholu le qeta ho utsoa t
$T$ O TORONKELA HO HLAISA MORIRI OA BOTONA HO NGOANANA,MOSHANYANA,-1,sesotho,t o toronkela ho hlaisa moriri oa botona ho ngoanana
MOSHANYANA O TORONKELA HO HLAISA $T$ HO NGOANANA,MORIRI OA BOTONA,0,sesotho,moshanyana o toronkela ho hlaisa t ho ngoanana
MOSHANYANA O TORONKELA HO HLAISA MORIRI OA BOTONA HO $T$,NGOANANA,-1,sesotho,moshanyana o toronkela ho hlaisa moriri oa botona ho t
BA QHAQHOLLA $T$,LEBITLA LA MOFU,-1,sesotho,ba qhaqholla t
$T$ O QHANYATSA NGOANA MOHAISANE OA HAE HLOOHO,MONNA,-1,sesotho,t o qhanyatsa ngoana mohaisane oa hae hlooho
MONNA O QHANYATSA $T$ OA HAE HLOOHO,NGOANA MOHAISANE,0,sesotho,monna o qhanyatsa t oa hae hlooho
MONNA O QHANYATSA NGOANA MOHAISANE OA HAE $T$,HLOOHO,0,sesotho,monna o qhanyatsa ngoana mohaisane oa hae t
$T$ SERE SE MAKHATHENG A LEFU,SEBOHOLI,-1,sesotho,t sere se makhatheng a lefu
$T$ O CHOATLA KOLOI EA MONNA A PALAMISITSE NYATSI,MOSALI,-1,sesotho,t o choatla koloi ea monna a palamisitse nyatsi
MOSALI O CHOATLA $T$ A PALAMISITSE NYATSI,KOLOI EA MONNA,0,sesotho,mosali o choatla t a palamisitse nyatsi
MOSALI O CHOATLA KOLOI EA MONNA A PALAMISITSE $T$,NYATSI,-1,sesotho,mosali o choatla koloi ea monna a palamisitse t
$T$ O QOSOA KA POLAO LE HO CHESA 'M'AE,MOSHANYANA,-1,sesotho,t o qosoa ka polao le ho chesa mae
MOSHANYANA O QOSOA KA POLAO LE HO CHESA $T$,'M'AE,-1,sesotho,moshanyana o qosoa ka polao le ho chesa t
UTLOA LITABA TSA $T$ A LULANG A BETA MORALI OA HAE,NTATE,-1,sesotho,utloa litaba tsa t a lulang a beta morali oa hae
UTLOA LITABA TSA NTATE A LULANG A BETA $T$ OA HAE,MORALI,-1,sesotho,utloa litaba tsa ntate a lulang a beta t oa hae
$T$ O NYA MATSETE KAMORA HO BOLAEA MOSALI EA RENG O NE A MOFA HA MONATE,MONNA,-1,sesotho,t o nya matsete kamora ho bolaea mosali ea reng o ne a mofa ha monate
MONNA O NYA MATSETE KAMORA HO BOLAEA $T$ EA RENG O NE A MOFA HA MONATE,MOSALI,1,sesotho,monna o nya matsete kamora ho bolaea t ea reng o ne a mofa ha monate
$T$ O IPOLAEA KA MOTLAKASE,MOHLANKANA,-1,sesotho,t o ipolaea ka motlakase
MOHLANKANA O IPOLAEA KA $T$,MOTLAKASE,0,sesotho,mohlankana o ipolaea ka t
$T$ O NOA MAFURA PHEHANG A HLOBOTSE LEHLOENG,MOHLANKANA,1,sesotho,t o noa mafura phehang a hlobotse lehloeng
MOHLANKANA O NOA $T$ A HLOBOTSE LEHLOENG,MAFURA A PHEHANG,0,sesotho,mohlankana o noa t a hlobotse lehloeng
MOHLANKANA O NOA MAFURA PHEHANG A HLOBOTSE $T$,LEHLOENG,0,sesotho,mohlankana o noa mafura phehang a hlobotse t
$T$ O BONOA A HLOBOTSE LEHLOENG KAMORA HO NYESOA KE MOJOLO,NGOANANA,-1,sesotho,t o bonoa a hlobotse lehloeng kamora ho nyesoa ke mojolo
NGOANANA O BONOA A HLOBOTSE $T$ KAMORA HO NYESOA KE MOJOLO,LEHLOENG,0,sesotho,ngoanana o bonoa a hlobotse t kamora ho nyesoa ke mojolo
NGOANANA O BONOA A HLOBOTSE LEHLOENG KAMORA HO NYESOA KE $T$,MOJOLO,-1,sesotho,ngoanana o bonoa a hlobotse lehloeng kamora ho nyesoa ke t
$T$ BA EPOLA LITOPO BA REKISA MASAPO A TSONA,BAAHI,-1,sesotho,t ba epola litopo ba rekisa masapo a tsona
BAAHI BA EPOLA $T$ BA REKISA MASAPO A TSONA,LITOPO,-1,sesotho,baahi ba epola t ba rekisa masapo a tsona
BAAHI BA EPOLA LITOPO BA REKISA $T$ A TSONA,MASAPO,-1,sesotho,baahi ba epola litopo ba rekisa t a tsona
$T$ EA LILEMO LI 21 O BOLAEA MONNA OA HAE KA THIPA,MOSALI,-1,sesotho,t ea lilemo li 21 o bolaea monna oa hae ka thipa
MOSALI EA LILEMO LI 21 O BOLAEA $T$ OA HAE KA THIPA,MONNA,0,sesotho,mosali ea lilemo li 21 o bolaea t oa hae ka thipa
MOSALI EA LILEMO LI 21 O BOLAEA MONNA OA HAE KA $T$,THIPA,0,sesotho,mosali ea lilemo li 21 o bolaea monna oa hae ka t
KE BETILOE KE $T$ OAKA JOALE KE TŠABA HO MO TŠOARISA,NTATE OF MOKHOTSI,-1,sesotho,ke betiloe ke t oaka joale ke tšaba ho mo tšoarisa
KA SOTLEHA KE $T$ LENYALONG ATSEBA O KENYA BANNA NTSE KE MO SHEBILE,MOSALI,-1,sesotho,ka sotleha ke t lenyalong atseba o kenya banna ntse ke mo shebile
KA SOTLEHA KE MOSALI LENYALONG ATSEBA O KENYA $T$ NTSE KE MO SHEBILE,BANNA,-1,sesotho,ka sotleha ke mosali lenyalong atseba o kenya t ntse ke mo shebile
TLHALOSO EA $T$,MAEMO A LEHOLIMO,0,sesotho,tlhaloso ea t
$T$ O NYAHLATSA BANA LE MOHIRUOA O MATHA MOSE,MOSALI,-1,sesotho,t o nyahlatsa bana le mohiruoa o matha mose
MOSALI O NYAHLATSA $T$ LE MOHIRUOA O MATHA MOSE,BANA,0,sesotho,mosali o nyahlatsa t le mohiruoa o matha mose
MOSALI O NYAHLATSA BANA LE $T$ O MATHA MOSE,MOHIRUOA,0,sesotho,mosali o nyahlatsa bana le t o matha mose
$T$ BA ISA SEKOLO LEKHOTLENG,BAITHUTI BA SEKOLO SE PHAHAMENG,-1,sesotho,t ba isa sekolo lekhotleng
BAITHUTI BA SEKOLO SE PHAHAMENG BA ISA $T$ LEKHOTLENG,SEKOLO,-1,sesotho,baithuti ba sekolo se phahameng ba isa t lekhotleng
BAITHUTI BA SEKOLO SE PHAHAMENG BA ISA SEKOLO $T$,LEKHOTLENG,0,sesotho,baithuti ba sekolo se phahameng ba isa sekolo t
O TŠOARELA $T$ EA FILENG NYATSI LIFOTO TSA MAPONA-PONA,MONNA,-1,sesotho,o tšoarela t ea fileng nyatsi lifoto tsa maponapona
O TŠOARELA MONNA EA FILENG $T$ LIFOTO TSA MAPONA-PONA,NYATSI,-1,sesotho,o tšoarela monna ea fileng t lifoto tsa maponapona
O TŠOARELA MONNA EA FILENG NYATSI $T$,LIFOTO TSA MAPONA-PONA,-1,sesotho,o tšoarela monna ea fileng nyatsi t
$T$ E BOLAEA MOTHO KA METHOKHO,NGAKA EA SESOTHO,-1,sesotho,t e bolaea motho ka methokho
NGAKA EA SESOTHO E BOLAEA $T$ KA METHOKHO,MOTHO,-1,sesotho,ngaka ea sesotho e bolaea t ka methokho
NGAKA EA SESOTHO E BOLAEA MOTHO KA $T$,METHOKHO,-1,sesotho,ngaka ea sesotho e bolaea motho ka t
$T$ OAKA O BOPA MEKOTLA KA PAPA,MOSALI,1,sesotho,t oaka o bopa mekotla ka papa
MOSALI OAKA O BOPA $T$ KA PAPA,MEKOTLA,0,sesotho,mosali oaka o bopa t ka papa
MOSALI OAKA O BOPA MEKOTLA KA $T$,PAPA,0,sesotho,mosali oaka o bopa mekotla ka t
BONA $T$ A TŠOEROE KA LIPANTY LE THEPA EA KATLUNG,MASHOLU A BANNA,-1,sesotho,bona t a tšoeroe ka lipanty le thepa ea katlung
BONA MASHOLU A BANNA A TŠOEROE KA $T$ LE THEPA EA KATLUNG,LIPANTY,0,sesotho,bona masholu a banna a tšoeroe ka t le thepa ea katlung
BONA MASHOLU A BANNA A TŠOEROE KA LIPANTY LE $T$,THEPA EA KATLUNG,0,sesotho,bona masholu a banna a tšoeroe ka lipanty le t
$T$ O LEFA 30 000 KAMORA HO TŠELA MOTLAKASE KA MOROTO,MONNA,-1,sesotho,t o lefa 30 000 kamora ho tšela motlakase ka moroto
MONNA O LEFA 30 000 KAMORA HO TŠELA $T$ KA MOROTO,MOTLAKASE,-1,sesotho,monna o lefa 30 000 kamora ho tšela t ka moroto
MONNA O LEFA 30 000 KAMORA HO TŠELA MOTLAKASE KA $T$,MOROTO,0,sesotho,monna o lefa 30 000 kamora ho tšela motlakase ka t
UTLOA $T$ EA ENTSOENG SEHLABELO,LITABA TSA MOSALI,-1,sesotho,utloa t ea entsoeng sehlabelo
$T$ E QETA HO PHETHOHA KA BAETI LEHLOENG,KOLOI,-1,sesotho,t e qeta ho phethoha ka baeti lehloeng
KOLOI E QETA HO PHETHOHA KA $T$ LEHLOENG,BAETI,0,sesotho,koloi e qeta ho phethoha ka t lehloeng
KOLOI E QETA HO PHETHOHA KA BAETI $T$,LEHLOENG,0,sesotho,koloi e qeta ho phethoha ka baeti t
$T$ EA NHLALA KA NYALOA KE NGOANA EA MO HLAHLAMANG,EX,-1,sesotho,t ea nhlala ka nyaloa ke ngoana ea mo hlahlamang
EX EA NHLALA KA NYALOA KE $T$ EA MO HLAHLAMANG,NGOANA,1,sesotho,ex ea nhlala ka nyaloa ke t ea mo hlahlamang
HO FUMANOA $T$ SE TJAPALLETSE KA HARA METSI LE LEKOALI LA MALI,SETOPO,-1,sesotho,ho fumanoa t se tjapalletse ka hara metsi le lekoali la mali
HO FUMANOA SETOPO SE TJAPALLETSE KA HARA METSI LE LEKOALI LA $T$,MALI,-1,sesotho,ho fumanoa setopo se tjapalletse ka hara metsi le lekoali la t
HO FUMANOA SETOPO SE TJAPALLETSE KA HARA $T$ LE LEKOALI LA MALI,METSI,-1,sesotho,ho fumanoa setopo se tjapalletse ka hara t le lekoali la mali
$T$ LE MAPOLESA A TLA NGOLA LIHLAHLOBO SEKOLONG SE PHAHAMENG,MASOLE,1,sesotho,t le mapolesa a tla ngola lihlahlobo sekolong se phahameng
MASOLE LE $T$ A TLA NGOLA LIHLAHLOBO SEKOLONG SE PHAHAMENG,MAPOLESA,1,sesotho,masole le t a tla ngola lihlahlobo sekolong se phahameng
MASOLE LE MAPOLESA A TLA NGOLA LIHLAHLOBO $T$,SEKOLONG SE PHAHAMENG,0,sesotho,masole le mapolesa a tla ngola lihlahlobo t
MASOLE LE MAPOLESA A TLA NGOLA $T$ SEKOLONG SE PHAHAMENG,LIHLAHLOBO,0,sesotho,masole le mapolesa a tla ngola t sekolong se phahameng
$T$ BA CHELLA KA FEMENG,BATHO,-1,sesotho,t ba chella ka femeng
BATHO BA CHELLA KA $T$,FEMENG,0,sesotho,batho ba chella ka t
$T$ O UTSOA KOLOI E MOTSOALLE OA HAE,MOSHANYANA,-1,sesotho,t o utsoa koloi e motsoalle oa hae
MOSHANYANA O UTSOA $T$ E MOTSOALLE OA HAE,KOLOI,0,sesotho,moshanyana o utsoa t e motsoalle oa hae
MOSHANYANA O UTSOA KOLOI E $T$,MOTSOALLE OA HAE,0,sesotho,moshanyana o utsoa koloi e t
HO FUMANOA $T$ KA HARA MOFILIBITHI OA MOHLOA,LITOPO,-1,sesotho,ho fumanoa t ka hara mofilibithi oa mohloa
HO FUMANOA LITOPO KA HARA MOFILIBITHI OA $T$,MOHLOA,-1,sesotho,ho fumanoa litopo ka hara mofilibithi oa t
$T$ E JOETSA MOSALI HORE E MO NKETSE MONNA,NYATSI,-1,sesotho,t e joetsa mosali hore e mo nketse monna
NYATSI E JOETSA $T$ HORE E MO NKETSE MONNA,MOSALI,0,sesotho,nyatsi e joetsa t hore e mo nketse monna
NYATSI E JOETSA MOSALI HORE E MO NKETSE $T$,MONNA,-1,sesotho,nyatsi e joetsa mosali hore e mo nketse t
$T$ KOTSI EA EXTENSION CORD,TLHOKOMELISO,0,sesotho,t kotsi ea extension cord
TLHOKOMELISO KOTSI EA $T$,EXTENSION CORD,-1,sesotho,tlhokomeliso kotsi ea t
$T$ EA HO TSAMAEA O TSOTSE,MELEMO,1,sesotho,t ea ho tsamaea o tsotse
$T$ O FA NGOANA CHEFO EA TERENKI,MONNA,-1,sesotho,t o fa ngoana chefo ea terenki
MONNA O FA $T$ CHEFO EA TERENKI,NGOANA,0,sesotho,monna o fa t chefo ea terenki
MONNA O FA NGOANA $T$,CHEFO EA TERENKI,-1,sesotho,monna o fa ngoana t
$T$ O NYAMETSE HAKE TEREKA PHONE TSA BONA LI HLAHA MORUNG,NGOANESO,-1,sesotho,t o nyametse hake tereka phone tsa bona li hlaha morung
NGOANESO O NYAMETSE HAKE TEREKA $T$ TSA BONA LI HLAHA MORUNG,PHONE,0,sesotho,ngoaneso o nyametse hake tereka t tsa bona li hlaha morung
NGOANESO O NYAMETSE HAKE TEREKA PHONE TSA BONA LI HLAHA $T$,MORUNG,-1,sesotho,ngoaneso o nyametse hake tereka phone tsa bona li hlaha t
$T$ O BETELOA MAHLONG A 'MAE KE NYATSI,NGOANA,-1,sesotho,t o beteloa mahlong a mae ke nyatsi
NGOANA O BETELOA MAHLONG A $T$ KE NYATSI,'MAE,-1,sesotho,ngoana o beteloa mahlong a t ke nyatsi
NGOANA O BETELOA MAHLONG A 'MAE KE $T$,NYATSI,-1,sesotho,ngoana o beteloa mahlong a mae ke t
$T$ O NYAMETSE ESALE A RE O EA TOROPONG LE BOYFRIEND,AUSI,-1,sesotho,t o nyametse esale a re o ea toropong le boyfriend
AUSI O NYAMETSE ESALE A RE O EA $T$ LE BOYFRIEND,TOROPONG,0,sesotho,ausi o nyametse esale a re o ea t le boyfriend
AUSI O NYAMETSE ESALE A RE O EA TOROPONG LE $T$,BOYFRIEND,0,sesotho,ausi o nyametse esale a re o ea toropong le t
BONA MOO $T$ A NENG A HLOKAHALLE TENG,MOITHUTI OA SEKOLO,-1,sesotho,bona moo t a neng a hlokahalle teng
$T$ O NYAHLALITSE NGOANA TOROPONG,MOSALI,-1,sesotho,t o nyahlalitse ngoana toropong
MOSALI O NYAHLALITSE $T$ TOROPONG,NGOANA,0,sesotho,mosali o nyahlalitse t toropong
MOSALI O NYAHLALITSE NGOANA $T$,TEROPONG,-1,sesotho,mosali o nyahlalitse ngoana t
$T$ O HLAHA KHOTLA KA POLAO EA MONNA OA HAE,MOSALI,-1,sesotho,t o hlaha khotla ka polao ea monna oa hae
MOSALI O HLAHA $T$ KA POLAO EA MONNA OA HAE,KHOTLA,0,sesotho,mosali o hlaha t ka polao ea monna oa hae
MOSALI O HLAHA KHOTLA KA POLAO EA $T$ OA HAE,MONNA,-1,sesotho,mosali o hlaha khotla ka polao ea t oa hae
$T$ O TJAPALLETSE KEITING EA KOKELO MANESE A HANA KA LITŠEBELETSO,MOKULI,-1,sesotho,t o tjapalletse keiting ea kokelo manese a hana ka litšebeletso
MOKULI O TJAPALLETSE $T$ MANESE A HANA KA LITŠEBELETSO,KEITING EA KOKELO,0,sesotho,mokuli o tjapalletse t manese a hana ka litšebeletso
MOKULI O TJAPALLETSE KEITING EA KOKELO $T$ A HANA KA LITŠEBELETSO,MENESE,-1,sesotho,mokuli o tjapalletse keiting ea kokelo t a hana ka litšebeletso
MOKULI O TJAPALLETSE KEITING EA KOKELO MANESE A HANA KA $T$,LITŠEBELETSO,0,sesotho,mokuli o tjapalletse keiting ea kokelo manese a hana ka t
BONA $T$ SEO NGOANA EA LILEMO LI 'NE A OETSENG HO SONA,SEKOTI SA NTLOANA,-1,sesotho,bona t seo ngoana ea lilemo li ne a oetseng ho sona
BONA SEKOTI SA NTLOANA SEO $T$ EA LILEMO LI 'NE A OETSENG HO SONA,NGOANA,-1,sesotho,bona sekoti sa ntloana seo t ea lilemo li ne a oetseng ho sona
$T$ ESALE A NYAMELA O FUMANOA NTLOANENG EA SEKOLO E LE MOFU,NGOANA,-1,sesotho,t esale a nyamela o fumanoa ntloaneng ea sekolo e le mofu
NGOANA ESALE A NYAMELA O FUMANOA $T$ E LE MOFU,NTLOANENG SA SEKOLO,-1,sesotho,ngoana esale a nyamela o fumanoa t e le mofu
TSA MORAO-RAO KA $T$ EA BOLAILOENG KA CHEFO JOALENG,MOITHUTI,-1,sesotho,tsa moraorao ka t ea bolailoeng ka chefo joaleng
TSA MORAO-RAO KA MOITHUTI EA BOLAILOENG KA $T$ JOALENG,CHEFO,-1,sesotho,tsa moraorao ka moithuti ea bolailoeng ka t joaleng
TSA MORAO-RAO KA MOITHUTI EA BOLAILOENG KA CHEFO $T$,JOALENG,-1,sesotho,tsa moraorao ka moithuti ea bolailoeng ka chefo t
KE MAEMONG AFENG AO U KA ITLOSANG PELA $T$ OA HAU FELA U NTSE U MO RATA,MORATUOA,1,sesotho,ke maemong afeng ao u ka itlosang pela t oa hau fela u ntse u mo rata
KE $T$ AFENG AO U KA ITLOSANG PELA MORATUOA OA HAU FELA U NTSE U MO RATA,MAEMONG,-1,sesotho,ke t afeng ao u ka itlosang pela moratuoa oa hau fela u ntse u mo rata
$T$ EA BOLAEANG O TŠOEROE,MOSALI,-1,sesotho,t ea bolaeang o tšoeroe
$T$ O MATHA LE NYATSI BOBELI BO BOLLOTSE JOALE BA MO KHAKHATHILE,MONNA'KA,-1,sesotho,t o matha le nyatsi bobeli bo bollotse joale ba mo khakhathile
MONNA'KA O MATHA LE $T$ BOBELI BO BOLLOTSE JOALE BA MO KHAKHATHILE,NYATSI,-1,sesotho,monnaka o matha le t bobeli bo bollotse joale ba mo khakhathile
$T$ HAESA 'NATEFELA SEKE BOHOLA FELA HORE MONNA A NRATE,THOBALANO,-1,sesotho,t haesa natefela seke bohola fela hore monna a nrate
THOBALANO HAESA 'NATEFELA SEKE BOHOLA FELA HORE $T$ A NRATE,MONNA,1,sesotho,thobalano haesa natefela seke bohola fela hore t a nrate
$T$ ENOA O FUMANOE A NTSE A TAKA MAKOLOI LE LIKEITI TSA BATHO KA MERIANA,MONNA,-1,sesotho,t enoa o fumanoe a ntse a taka makoloi le likeiti tsa batho ka meriana
MONNA ENOA O FUMANOE A NTSE A TAKA $T$ LE LIKEITI TSA BATHO KA MERIANA,MAKOLOI,0,sesotho,monna enoa o fumanoe a ntse a taka t le likeiti tsa batho ka meriana
MONNA ENOA O FUMANOE A NTSE A TAKA MAKOLOI LE $T$ TSA BATHO KA MERIANA,LIKEITI,0,sesotho,monna enoa o fumanoe a ntse a taka makoloi le t tsa batho ka meriana
MONNA ENOA O FUMANOE A NTSE A TAKA MAKOLOI LE LIKEITI TSA BATHO KA $T$,MERIANA,-1,sesotho,monna enoa o fumanoe a ntse a taka makoloi le likeiti tsa batho ka t
$T$ O RE O TSOA MANTLE KA BOTHONG,MOSALI,0,sesotho,t o re o tsoa mantle ka bothong
MOSALI O RE O TSOA $T$ KA BOTHONG,MANTLE,-1,sesotho,mosali o re o tsoa t ka bothong
MOSALI O RE O TSOA MANTLE KA $T$,BOTHONG,-1,sesotho,mosali o re o tsoa mantle ka t
$T$ O QOSOA KA HO HLEKEFETSA SETLOHOLO KA MOTABO,MOKHALAKAJOE,-1,sesotho,t o qosoa ka ho hlekefetsa setloholo ka motabo
MOKHALAKAJOE O QOSOA KA HO HLEKEFETSA $T$ KA MOTABO,SETLOHOLO,0,sesotho,mokhalakajoe o qosoa ka ho hlekefetsa t ka motabo
$T$ EA HOEBANG KA 'MELE O RE  O KHATHETSE O KOPA MONNA,MOSALI,1,sesotho,t ea hoebang ka mele o re o khathetse o kopa monna
MOSALI EA HOEBANG KA 'MELE O RE  O KHATHETSE O KOPA $T$,MONNA,0,sesotho,mosali ea hoebang ka mele o re o khathetse o kopa t
$T$ E KOAHELA BOTŠEHALI LE MATSOELE KA NAMA EA KHOHO,KHAREBE,-1,sesotho,t e koahela botšehali le matsoele ka nama ea khoho
KHAREBE E KOAHELA $T$ LE MATSOELE KA NAMA EA KHOHO,BOTŠEHALI,0,sesotho,kharebe e koahela t le matsoele ka nama ea khoho
KHAREBE E KOAHELA BOTŠEHALI LE $T$ KA NAMA EA KHOHO,MATSOELE,0,sesotho,kharebe e koahela botšehali le t ka nama ea khoho
KHAREBE E KOAHELA BOTŠEHALI LE MATSOELE KA $T$,NAMA EA KHOHO,0,sesotho,kharebe e koahela botšehali le matsoele ka t
$T$ EA ILENG A BETOA HABELI O PHETA MASISA-PELO,NGOANANA,-1,sesotho,t ea ileng a betoa habeli o pheta masisapelo
$T$ O TŠELLOA CHEFO KA JOALENG,MOITHUTI OA SEKOLO SE SEHOLO,0,sesotho,t o tšelloa chefo ka joaleng
MOITHUTI OA SEKOLO SE SEHOLO O TŠELLOA $T$ KA JOALENG,CHEFO,-1,sesotho,moithuti oa sekolo se seholo o tšelloa t ka joaleng
MOITHUTI OA SEKOLO SE SEHOLO O TŠELLOA CHEFO KA $T$,JOALENG,-1,sesotho,moithuti oa sekolo se seholo o tšelloa chefo ka t
UTLOA $T$ BA BARARO BA MOFU PHUPUNG KAJENO,MANTSOE A BARA,0,sesotho,utloa t ba bararo ba mofu phupung kajeno
UTLOA MANTSOE A BARA BA BARARO BA MOFU $T$ KAJENO,PHUPUNG,-1,sesotho,utloa mantsoe a bara ba bararo ba mofu t kajeno
KE NYETSE $T$ EO KE SA MO RATENG KA LEBAKA LA MPA,MOTHO,-1,sesotho,ke nyetse t eo ke sa mo rateng ka lebaka la mpa
KE NYETSE MOTHO EO KE SA MO RATENG KA LEBAKA LA $T$,MPA,0,sesotho,ke nyetse motho eo ke sa mo rateng ka lebaka la t
$T$ O CHATA LE NYATSI MAHLONG A MOSALI LE NGOANA,MONNA,-1,sesotho,t o chata le nyatsi mahlong a mosali le ngoana
MONNA O CHATA LE $T$ MAHLONG A MOSALI LE NGOANA,NYATSI,-1,sesotho,monna o chata le t mahlong a mosali le ngoana
MONNA O CHATA LE NYATSI MAHLONG A $T$ LE NGOANA,MOSALI,0,sesotho,monna o chata le nyatsi mahlong a t le ngoana
MONNA O CHATA LE NYATSI MAHLONG A MOSALI LE $T$,NGOANA,0,sesotho,monna o chata le nyatsi mahlong a mosali le t
$T$ KE MOFU,MONNA,-1,sesotho,t ke mofu
$T$ O THUNYETSOA LEBALENG HA HAE,MONNA,-1,sesotho,t o thunyetsoa lebaleng ha hae
MONNA O THUNYETSOA $T$ HA HAE,LEBALENG,0,sesotho,monna o thunyetsoa t ha hae
KE ILE KA MO REKELA $T$ HOBANE E TELELE EBILE E CHIPI KE NE NEKE CHONNE KE SE NA EA SAVANNA,COTHO EA BLACK LABEL,1,sesotho,ke ile ka mo rekela t hobane e telele ebile e chipi ke ne neke chonne ke se na ea savanna
KE ILE KA MO REKELA COTHO EA BLACK LABEL HOBANE E TELELE EBILE E CHIPI KE NE NEKE CHONNE KE SE NA EA $T$,SAVANNA,-1,sesotho,ke ile ka mo rekela cotho ea black label hobane e telele ebile e chipi ke ne neke chonne ke se na ea t
$T$ O HLAHA KHOTLA,MOHLASELI OA SEPETLELE,-1,sesotho,t o hlaha khotla
MOHLASELI OA SEPETLELE O HLAHA $T$,KHOTLA,0,sesotho,mohlaseli oa sepetlele o hlaha t
$T$ O FENETHA LELAPA KAOFELA,MONNA,-1,sesotho,t o fenetha lelapa kaofela
MONNA O FENETHA $T$ KAOFELA,LELAPA,0,sesotho,monna o fenetha t kaofela
$T$ O QOSOA KA POLAO EA BATHO BA BABELI A NTSE A LE BEILING EA POLAO EA BATHO BA BANG BA BABELI,MONNA,-1,sesotho,t o qosoa ka polao ea batho ba babeli a ntse a le beiling ea polao ea batho ba bang ba babeli
MONNA O QOSOA KA POLAO EA $T$ BA BABELI A NTSE A LE BEILING EA POLAO EA BATHO BA BANG BA BABELI,BATHO,-1,sesotho,monna o qosoa ka polao ea t ba babeli a ntse a le beiling ea polao ea batho ba bang ba babeli
MONNA O QOSOA KA POLAO EA BATHO BA BABELI A NTSE A LE $T$ EA POLAO EA BATHO BA BANG BA BABELI,BEILING,0,sesotho,monna o qosoa ka polao ea batho ba babeli a ntse a le t ea polao ea batho ba bang ba babeli
MONNA O QOSOA KA POLAO EA BATHO BA BABELI A NTSE A LE BEILING EA POLAO EA $T$ BA BANG BA BABELI,BATHO,-1,sesotho,monna o qosoa ka polao ea batho ba babeli a ntse a le beiling ea polao ea t ba bang ba babeli
$T$ BA TLAMISOA THOTO KA NKANE,BAITHUTI BA SEKOLO SE PHAHAMENG,-1,sesotho,t ba tlamisoa thoto ka nkane
BA SE BA SUNTSE $T$ SEETA BAITHUTI BA SEKOLO,LEPOLESA,0,sesotho,ba se ba suntse t seeta baithuti ba sekolo
BA SE BA SUNTSE LEPOLESA SEETA $T$,BAITHUTI BA SEKOLO,-1,sesotho,ba se ba suntse lepolesa seeta t
$T$ BA TERAEKILE HAPE,BAITHUTI BA SEKOLO SE SEHOLO,-1,sesotho,t ba teraekile hape
$T$ E FUOA LENGOLO LA JUNIFESITHI,NTJA,1,sesotho,t e fuoa lengolo la junifesithi
NTJA E FUOA $T$,LENGOLO LA JUNIFESITHI,1,sesotho,ntja e fuoa t
$T$ O LIHA KOLOI KA COTHO EA JOALA,MOQHOBI,-1,sesotho,t o liha koloi ka cotho ea joala
MOQHOBI O LIHA $T$ KA COTHO EA JOALA,KOLOI,0,sesotho,moqhobi o liha t ka cotho ea joala
MOQHOBI O LIHA KOLOI KA $T$,COTHO EA JOALA,-1,sesotho,moqhobi o liha koloi ka t
$T$ O CHOATLILE LEHO TABOLA LIBUKA TSA BAKULI SEPETLELE KA LE RENG BAOKI BA BOLAILE NTAT'AE,MONNA,-1,sesotho,t o choatlile leho tabola libuka tsa bakuli sepetlele ka le reng baoki ba bolaile ntatae
MONNA O CHOATLILE LEHO TABOLA $T$ SEPETLELE KA LE RENG BAOKI BA BOLAILE NTAT'AE,LIBUKA TSA BAKULI,-1,sesotho,monna o choatlile leho tabola t sepetlele ka le reng baoki ba bolaile ntatae
MONNA O CHOATLILE LEHO TABOLA LIBUKA TSA BAKULI $T$ KA LE RENG BAOKI BA BOLAILE NTAT'AE,SEPETLELE,0,sesotho,monna o choatlile leho tabola libuka tsa bakuli t ka le reng baoki ba bolaile ntatae
MONNA O CHOATLILE LEHO TABOLA LIBUKA TSA BAKULI SEPETLELE KA LE RENG $T$ BA BOLAILE NTAT'AE,BAOKI,-1,sesotho,monna o choatlile leho tabola libuka tsa bakuli sepetlele ka le reng t ba bolaile ntatae
MONNA O CHOATLILE LEHO TABOLA LIBUKA TSA BAKULI SEPETLELE KA LE RENG BAOKI BA BOLAILE $T$,NTAT'AE,0,sesotho,monna o choatlile leho tabola libuka tsa bakuli sepetlele ka le reng baoki ba bolaile t
$T$ NTSE BA TSOELA PELE HO ITLONTLOLLA,BANNA,-1,sesotho,t ntse ba tsoela pele ho itlontlolla
$T$ BA NKELA E MONG MOSALI KA SETHUNYA,BANNA,-1,sesotho,t ba nkela e mong mosali ka sethunya
BANNA BA NKELA E MONG $T$ KA SETHUNYA,MOSALI,0,sesotho,banna ba nkela e mong t ka sethunya
BANNA BA NKELA E MONG MOSALI KA $T$,SETHUNYA,-1,sesotho,banna ba nkela e mong mosali ka t
$T$ LI HLASELA BANKA,LINOKOANE,-1,sesotho,t li hlasela banka
LINOKOANE LI HLASELA $T$,BANKA,0,sesotho,linokoane li hlasela t
$T$ O NEHELA MOEA A NTSE A BETOA,MOSALI,-1,sesotho,t o nehela moea a ntse a betoa
$T$ LE TLA POTOLOHA LE LITEREKE,LEBONE LA TSOSOLOSO,1,sesotho,t le tla potoloha le litereke
LEBONE LA TSOSOLOSO LE TLA POTOLOHA LE $T$,LITEREKE,0,sesotho,lebone la tsosoloso le tla potoloha le t
$T$ O THOPHOTHETSA THUTO KA TLHEKEFETSO,MOKHATLO,0,sesotho,t o thophothetsa thuto ka tlhekefetso
MOKHATLO O THOPHOTHETSA $T$,THUTO KA TLHEKEFETSO,1,sesotho,mokhatlo o thophothetsa t
$T$ BA TŠOARA MOHOANTO HOSANE,BAHOEBI BA LIKHOHO,0,sesotho,t ba tšoara mohoanto hosane
BAHOEBI BA LIKHOHO BA TŠOARA $T$ HOSANE,MOHOANTO,0,sesotho,bahoebi ba likhoho ba tšoara t hosane
$T$ O TŠOAROA HOTELENG LE BOSIU,MOLOI,-1,sesotho,t o tšoaroa hoteleng le bosiu
MOLOI O TŠOAROA $T$ LE BOSIU,HOTELENG,0,sesotho,moloi o tšoaroa t le bosiu
$T$ O BATLA M3 MILIONE,MONGA' SOMETHING KAOFELA,-1,sesotho,t o batla m3 milione
$T$ A THIBELOA HO EA JOALENG BOSIU HO TLOHA BEKENG E TLANG,MAPOLESA,0,sesotho,t a thibeloa ho ea joaleng bosiu ho tloha bekeng e tlang
MAPOLESA A THIBELOA HO EA $T$ BOSIU HO TLOHA BEKENG E TLANG,JOALENG,1,sesotho,mapolesa a thibeloa ho ea t bosiu ho tloha bekeng e tlang
$T$ SE TSOA PUO KA NGAKA E QOSOANG KA PETO EA NGOANANA,SEPETLELE,0,sesotho,t se tsoa puo ka ngaka e qosoang ka peto ea ngoanana
SEPETLELE SE TSOA PUO KA $T$ E QOSOANG KA PETO EA NGOANANA,NGAKA,-1,sesotho,sepetlele se tsoa puo ka t e qosoang ka peto ea ngoanana
SEPETLELE SE TSOA PUO KA NGAKA E QOSOANG KA PETO EA $T$,NGOANANA,0,sesotho,sepetlele se tsoa puo ka ngaka e qosoang ka peto ea t
$T$ SE FANA KA THUTO E MATLA SEKOLONG SE PHAHAMENG,SESOLE,1,sesotho,t se fana ka thuto e matla sekolong se phahameng
SESOLE SE FANA KA $T$ E MATLA SEKOLONG SE PHAHAMENG,THUTO,1,sesotho,sesole se fana ka t e matla sekolong se phahameng
SESOLE SE FANA KA THUTO E MATLA $T$,SEKOLONG SE PHAHAMENG,0,sesotho,sesole se fana ka thuto e matla t
$T$ BA HOANTELA TONAKHOLO KA MOSO,BARUI BA LIKHOHO,0,sesotho,t ba hoantela tonakholo ka moso
BARUI BA LIKHOHO BA HOANTELA $T$ KA MOSO,TONAKHOLO,-1,sesotho,barui ba likhoho ba hoantela t ka moso
BACHA BA MOKHA OA POLOTIKI BA RE $T$ O MASOBA,MOLAO,-1,sesotho,bacha ba mokha oa polotiki ba re t o masoba
$T$ BA RE MOLAO O MASOBA,BACHA BA MOKHA OA POLOTIKI,0,sesotho,t ba re molao o masoba
$T$ KHOTLA KA TJOTJO,OFISIRI EA 'MUSO,-1,sesotho,t khotla ka tjotjo
OFISIRI EA 'MUSO $T$ KA TJOTJO,KHOTLA,0,sesotho,ofisiri ea muso t ka tjotjo
$T$ SE AHLOLOA LILEMO TSE 54,SENOKOANE,1,sesotho,t se ahloloa lilemo tse 54
$T$ KA THIBELO EA MOLAOLI HO FANA KA THUTO SEKOLONG,MAIKUTLO A SESOLE,0,sesotho,t ka thibelo ea molaoli ho fana ka thuto sekolong
MAIKUTLO A SESOLE KA THIBELO EA $T$ HO FANA KA THUTO SEKOLONG,MOLAOLI,-1,sesotho,maikutlo a sesole ka thibelo ea t ho fana ka thuto sekolong
MAIKUTLO A SESOLE KA THIBELO EA MOLAOLI HO FANA KA $T$ SEKOLONG,THUTO,0,sesotho,maikutlo a sesole ka thibelo ea molaoli ho fana ka t sekolong
MAIKUTLO A SESOLE KA THIBELO EA MOLAOLI HO FANA KA THUTO $T$,SEKOLONG,0,sesotho,maikutlo a sesole ka thibelo ea molaoli ho fana ka thuto t
$T$ LE LAELA SEPOLESA HO PHENYEKOLLA HA MOPARAMENTE,LEKHOTLA,1,sesotho,t le laela sepolesa ho phenyekolla ha moparamente
LEKHOTLA LE LAELA $T$ HO PHENYEKOLLA HA MOPARAMENTE,SEPOLESA,0,sesotho,lekhotla le laela t ho phenyekolla ha moparamente
LEKHOTLA LE LAELA SEPOLESA HO PHENYEKOLLA HA $T$,MOPARAMENTE,-1,sesotho,lekhotla le laela sepolesa ho phenyekolla ha t
$T$ O KOETELA LESOLE,MOSALI,-1,sesotho,t o koetela lesole
MOSALI O KOETELA $T$,LESOLE,0,sesotho,mosali o koetela t
$T$ SE KOALA SEEA-LE-MOEA,SETSI,0,sesotho,t se koala seealemoea
SETSI SE KOALA $T$,SEEA-LE-MOEA,-1,sesotho,setsi se koala t
$T$ LE QOSOA KA LESHANO,LETONA LA MEHLENG,-1,sesotho,t le qosoa ka leshano
$T$ O HLAHISA LITSIETSI TSE TOBILENG SECHABA,MOETAPELE,-1,sesotho,t o hlahisa litsietsi tse tobileng sechaba
MOETAPELE O HLAHISA LITSIETSI TSE TOBILENG $T$,SECHABA,0,sesotho,moetapele o hlahisa litsietsi tse tobileng t
$T$ E QOSOA KA HO SEBELISA FITIEO EA MONNA,KOMPONE EA MARANGRANG,-1,sesotho,t e qosoa ka ho sebelisa fitieo ea monna
KOMPONE EA MARANGRANG E QOSOA KA HO SEBELISA $T$,FITIEO EA MONNA,0,sesotho,kompone ea marangrang e qosoa ka ho sebelisa t
$T$ EA PELE NYEOENG EA POLAO E FANA KA BOPAKI,PAKI,1,sesotho,t ea pele nyeoeng ea polao e fana ka bopaki
PAKI EA PELE $T$ EA POLAO E FANA KA BOPAKI,NYEOENG,-1,sesotho,paki ea pele t ea polao e fana ka bopaki
$T$ A HLAHA KA LIMAKATSO KHOTLA,MASOLE,0,sesotho,t a hlaha ka limakatso khotla
MASOLE A HLAHA KA LIMAKATSO $T$,KHOTLA,0,sesotho,masole a hlaha ka limakatso t
$T$ POLAONG BA KHOTLA,BABELAELLOA,-1,sesotho,t polaong ba khotla
BABELAELLOA POLAONG BA $T$,KHOTLA,0,sesotho,babelaelloa polaong ba t
$T$ LE FANA KA BOPAKI NYEOENG EA NYATSI,LESOLE,0,sesotho,t le fana ka bopaki nyeoeng ea nyatsi
LESOLE LE FANA KA BOPAKI NYEOENG EA $T$,NYATSI,-1,sesotho,lesole le fana ka bopaki nyeoeng ea t
LESOLE LE FANA KA BOPAKI $T$ EA NYATSI,NYEOENG,0,sesotho,lesole le fana ka bopaki t ea nyatsi
$T$ O KETEKA LETSATSI LA LEFATŠE LA BANA,MOKHATLO,0,sesotho,t o keteka letsatsi la lefatše la bana
MOKHATLO O KETEKA $T$,LETSATSI LA LEFATŠE LA BANA,1,sesotho,mokhatlo o keteka t
$T$ LE HLOLOA HO LEFA SEKOLOTO,LETONA LA MEHLENG,-1,sesotho,t le hloloa ho lefa sekoloto
LETONA LA MEHLENG LE HLOLOA HO LEFA $T$,SEKOLOTO,-1,sesotho,letona la mehleng le hloloa ho lefa t
$T$ O PHETA LITABA TSE SISIMOSANG KA MORALI OA HAE,MOTSOALI,-1,sesotho,t o pheta litaba tse sisimosang ka morali oa hae
MOTSOALI O PHETA $T$ TSE SISIMOSANG KA MORALI OA HAE,LITABA,-1,sesotho,motsoali o pheta t tse sisimosang ka morali oa hae
MOTSOALI O PHETA LITABA TSE SISIMOSANG KA $T$,MORALI OA HAE,-1,sesotho,motsoali o pheta litaba tse sisimosang ka t
$T$ O AHLOLOA LILEMO TSE HLANO KA HO NTŠA MPA,MOSALI,-1,sesotho,t o ahloloa lilemo tse hlano ka ho ntša mpa
MOSALI O AHLOLOA LILEMO TSE HLANO KA HO NTŠA $T$,MPA,-1,sesotho,mosali o ahloloa lilemo tse hlano ka ho ntša t
$T$ A QOSOA KA HO HLASELA 'MOSHARA LE HO UTSOA LITHUNYA,MACHAENA,-1,sesotho,t a qosoa ka ho hlasela moshara le ho utsoa lithunya
MACHAENA A QOSOA KA HO HLASELA $T$ LE HO UTSOA LITHUNYA,'MOSHARA,0,sesotho,machaena a qosoa ka ho hlasela t le ho utsoa lithunya
MACHAENA A QOSOA KA HO HLASELA 'MOSHARA LE HO UTSOA $T$,LITHUNYA,0,sesotho,machaena a qosoa ka ho hlasela moshara le ho utsoa t
$T$ O THAKHOLA TŠEBETSO EA HO RULELA MATLO A FEFOHILENG,'MUSO,1,sesotho,t o thakhola tšebetso ea ho rulela matlo a fefohileng
'MUSO O THAKHOLA TŠEBETSO EA HO RULELA $T$ A FEFOHILENG,MATLO,-1,sesotho,muso o thakhola tšebetso ea ho rulela t a fefohileng
$T$ E KHOTHALETSA PHETISO EA TLHOPHO BOCHA,NTLO EA PUSO,1,sesotho,t e khothaletsa phetiso ea tlhopho bocha
$T$ A FANYEHA MOHOANTO,MATICHERE,1,sesotho,t a fanyeha mohoanto
BOPAKI BO HAROLANG POLAONG EA $T$,MOK'HANSELARA,-1,sesotho,bopaki bo harolang polaong ea t
$T$ BO HAROLANG POLAONG EA MOK'HANSELARA,BOPAKI,-1,sesotho,t bo harolang polaong ea mokhanselara
$T$ A HOANTELA TONAKHOLO LABORARO,MATICHERE,0,sesotho,t a hoantela tonakholo laboraro
MATICHERE A HOANTELA $T$ LABORARO,TONAKHOLO,-1,sesotho,matichere a hoantela t laboraro
$T$ O QOSA MOKHA HAPE,MOSALI,0,sesotho,t o qosa mokha hape
MOSALI O QOSA $T$ HAPE,MOKHA,-1,sesotho,mosali o qosa t hape
$T$ E UTSUOENG E EA FUMANOA,CHELETE,1,sesotho,t e utsuoeng e ea fumanoa
$T$ O PHALLELA SECHABA,'MUSO,1,sesotho,t o phallela sechaba
'MUSO O PHALLELA $T$,SECHABA,0,sesotho,muso o phallela t
$T$ LEA ATOLOSOA,LEKHOTLA LA MATONA,1,sesotho,t lea atolosoa
$T$ LE HLAKOLA TŠOARO EA MOPARAMENTE,LEKHOTLA,1,sesotho,t le hlakola tšoaro ea moparamente
LEKHOTLA LE HLAKOLA TŠOARO EA $T$,MOPARAMENTE,-1,sesotho,lekhotla le hlakola tšoaro ea t
$T$ LE FETOLA MAOA,LETOFE,0,sesotho,t le fetola maoa
$T$ O AHLOLOA LILEMO TSE 20 KA HO SELAKHA MOTHO,MONNA,-1,sesotho,t o ahloloa lilemo tse 20 ka ho selakha motho
MONNA O AHLOLOA LILEMO TSE 20 KA HO SELAKHA $T$,MOTHO,-1,sesotho,monna o ahloloa lilemo tse 20 ka ho selakha t
$T$ O TSOA PUO KA TŠOARO EA HAE,MOPARAMENTE,1,sesotho,t o tsoa puo ka tšoaro ea hae
$T$ LE TORONKELA HO BOLAEA MOTHO,LEPOLESA,-1,sesotho,t le toronkela ho bolaea motho
LEPOLESA LE TORONKELA HO BOLAEA $T$,MOTHO,0,sesotho,lepolesa le toronkela ho bolaea t
$T$ TSA LIKOLOI TSA SEPOLESA LIA HLALOSOA,LITJEO,0,sesotho,t tsa likoloi tsa sepolesa lia hlalosoa
LITJEO TSA $T$ LIA HLALOSOA,LIKOLOI TSA SEPOLESA,0,sesotho,litjeo tsa t lia hlalosoa
$T$ BA HLAHA KHOTLA KA BOSHOLU,BANNA,-1,sesotho,t ba hlaha khotla ka bosholu
BANNA BA HLAHA $T$ KA BOSHOLU,KHOTLA,0,sesotho,banna ba hlaha t ka bosholu
$T$ KA LEFU LA MOSALI,TLALEHO EA SEPOLESA,0,sesotho,t ka lefu la mosali
TLALEHO EA SEPOLESA KA LEFU LA $T$,MOSALI,-1,sesotho,tlaleho ea sepolesa ka lefu la t
$T$ O PHATLATSA SELEKANE SE SECHA,'MUSO,0,sesotho,t o phatlatsa selekane se secha
'MUSO O PHATLATSA $T$ SE SECHA,SELEKANE,1,sesotho,muso o phatlatsa t se secha
$T$ EA BOBELI EA HO THIBELA MOPARAMENTE HO BA TONAKHOLO,NYEOE,-1,sesotho,t ea bobeli ea ho thibela moparamente ho ba tonakholo
NYEOE EA BOBELI EA HO THIBELA $T$ HO BA TONAKHOLO,MOPARAMENTE,-1,sesotho,nyeoe ea bobeli ea ho thibela t ho ba tonakholo
NYEOE EA BOBELI EA HO THIBELA MOPARAMENTE HO BA $T$,TONAKHOLO,0,sesotho,nyeoe ea bobeli ea ho thibela moparamente ho ba t
$T$ KHAHLANONG LE HO KETOLOA HOA 'MUSO,BOIPELAETSO,1,sesotho,t khahlanong le ho ketoloa hoa muso
BOIPELAETSO KHAHLANONG LE HO KETOLOA HOA $T$,'MUSO,-1,sesotho,boipelaetso khahlanong le ho ketoloa hoa t
$T$ O MATHELA SADC,'MUSO,1,sesotho,t o mathela sadc
$T$ LI HANA KAHLOLO,LITHO TSA MOKHA,-1,sesotho,t li hana kahlolo
$T$ BA 4 BA LO BOLLA TORONKONG,BATHO,-1,sesotho,t ba 4 ba lo bolla toronkong
BATHO BA 4 BA LO BOLLA $T$,TORONKONG,0,sesotho,batho ba 4 ba lo bolla t
$T$ O SIBOLLA MASISA-PELO,MONAMOLI,-1,sesotho,t o sibolla masisapelo
$T$ O NEHELANA KA LIKOLOI HO SEPOLESA,'MUSO,1,sesotho,t o nehelana ka likoloi ho sepolesa
'MUSO O NEHELANA KA $T$ HO SEPOLESA,LIKOLOI,0,sesotho,muso o nehelana ka t ho sepolesa
'MUSO O NEHELANA KA LIKOLOI HO $T$,SEPOLESA,0,sesotho,muso o nehelana ka likoloi ho t
$T$ O MATJALENG,MOPARAMENTE,-1,sesotho,t o matjaleng
$T$ A MABELI A TEBETSOE,MAPOLESA,-1,sesotho,t a mabeli a tebetsoe
MOKHA O MO LAHLELA $T$ LEMO TSE 12,TORONKONG,0,sesotho,mokha o mo lahlela t lemo tse 12
$T$ O MO LAHLELA TORONKONG LEMO TSE 12,MOKHA,-1,sesotho,t o mo lahlela toronkong lemo tse 12
$T$ LE AHLOLELA MOKHA NAKOANA,LEKHOTLA,1,sesotho,t le ahlolela mokha nakoana
LEKHOTLA LE AHLOLELA $T$ NAKOANA,MOKHA,0,sesotho,lekhotla le ahlolela t nakoana
$T$ BA MEHLENG BA MAKALLA TONAKHOLO,BABUSI,0,sesotho,t ba mehleng ba makalla tonakholo
BABUSI BA MEHLENG BA MAKALLA $T$,TONAKHOLO,-1,sesotho,babusi ba mehleng ba makalla t
$T$ LE PHATLALATSA TABA EA LIPEO LE MANYOLO,LETONA,0,sesotho,t le phatlalatsa taba ea lipeo le manyolo
LETONA LE PHATLALATSA TABA EA $T$ LE MANYOLO,LIPEO,0,sesotho,letona le phatlalatsa taba ea t le manyolo
LETONA LE PHATLALATSA TABA EA LIPEO LE $T$,MANYOLO,0,sesotho,letona le phatlalatsa taba ea lipeo le t
$T$ O THIBELA HO KENA HOA LIKHOHO MALIBOHONG,'MUSO,0,sesotho,t o thibela ho kena hoa likhoho malibohong
'MUSO O THIBELA HO KENA HOA $T$ MALIBOHONG,LIKHOHO,-1,sesotho,muso o thibela ho kena hoa t malibohong
'MUSO O THIBELA HO KENA HOA LIKHOHO $T$,MALIBOHONG,0,sesotho,muso o thibela ho kena hoa likhoho t
$T$ EA TŠITŠINYO EA TŠEPO E EA MAMELOA,NYEOE,1,sesotho,t ea tšitšinyo ea tšepo e ea mameloa
$T$ O ITOKOLLA PARAMENTENG,MOPARAMENTE,-1,sesotho,t o itokolla paramenteng
MOPARAMENTE O ITOKOLLA $T$,PARAMENTENG,0,sesotho,moparamente o itokolla t
$T$ O PHURA LESHOETLA LE MOPAPA,MORENA,0,sesotho,t o phura leshoetla le mopapa
MORENA O PHURA LESHOETLA LE $T$,MOPAPA,0,sesotho,morena o phura leshoetla le t
$T$ O BOLOKA BAFU BA 29,'MUSO,-1,sesotho,t o boloka bafu ba 29
$T$ O FUPUTSOA KA LIPELAELLO TSE THARO,MOPARAMENTE,-1,sesotho,t o fuputsoa ka lipelaello tse tharo
MOPARAMENTE O FUPUTSOA KA $T$ TSE THARO,LIPELAELLO,-1,sesotho,moparamente o fuputsoa ka t tse tharo
SESOSA SA TŠOARO EA $T$ SEA HLAHELLA,MOPARAMENTE,-1,sesotho,sesosa sa tšoaro ea t sea hlahella
$T$ E TŠOHLA TŠOARO EA MOPARAMENTE,PARAMENTE,0,sesotho,t e tšohla tšoaro ea moparamente
PARAMENTE E TŠOHLA TŠOARO EA $T$,MOPARAMENTE,-1,sesotho,paramente e tšohla tšoaro ea t
$T$ BA RE TŠITŠINYO EA MOPARAMENTE E KA THOKO HO MOLAO,BACHA,0,sesotho,t ba re tšitšinyo ea moparamente e ka thoko ho molao
BACHA BA RE TŠITŠINYO EA $T$ E KA THOKO HO MOLAO,MOPARAMENTE,-1,sesotho,bacha ba re tšitšinyo ea t e ka thoko ho molao
$T$ O RE 'MUSO O NA LE LIPALO TSE LEKANENG HO BUSA,MOPOLOKITI,0,sesotho,t o re muso o na le lipalo tse lekaneng ho busa
MOPOLOTIKI O RE $T$ O NA LE LIPALO TSE LEKANENG HO BUSA,'MUSO,1,sesotho,mopolotiki o re t o na le lipalo tse lekaneng ho busa
MOPOLOTIKI O RE 'MUSO ONA LE $T$ TSE LEKANENG HO BUSA,LIPALO,1,sesotho,mopolotiki o re muso ona le t tse lekaneng ho busa
$T$ E KHALEMELA MAFAPHA A TŠIRELETSO,MEKHATLO,1,sesotho,t e khalemela mafapha a tšireletso
MEKHATLO E KHALEMELA $T$,MAFAPHA A TŠIRELETSO,0,sesotho,mekhatlo e khalemela t
$T$ A NKILE 'MUSO,MAFAPHA A TŠIRELETSO,-1,sesotho,t a nkile muso
MAFAPHA A TŠIRELETSO A NKILE $T$,'MUSO,0,sesotho,mafapha a tšireletso a nkile t
$T$ E SITOA HO TSOELA PELE,TŠITŠINYO EA HO HLOKA TŠEPO,1,sesotho,t e sitoa ho tsoela pele
$T$ O THIBELA TŠITŠINYO EA HO LIA TONAKHOLO,MOKHETHOA,1,sesotho,t o thibela tšitšinyo ea ho lia tonakholo
MOKHETHOA O THIBELA $T$ EA HO LIA TONAKHOLO,TŠITŠINYO,0,sesotho,mokhethoa o thibela t ea ho lia tonakholo
MOKHETHOA O THIBELA TŠITŠINYO EA HO LIA $T$,TONAKHOLO,-1,sesotho,mokhethoa o thibela tšitšinyo ea ho lia t
$T$ OA MEHLENG O HLALOSA SE ETSAHETSENG HA A TLA MO BOLAEA,'MOLAI OA MOPARAMENTE,-1,sesotho,t oa mehleng o hlalosa se etsahetseng ha a tla mo bolaea
$T$ E POTLAKILENG,TSEBISO,0,sesotho,t e potlakileng
$T$ A UTSOA SEKOLONG SA 'MUSO,MASHOLU,-1,sesotho,t a utsoa sekolong sa muso
MASHOLU A UTSOA SEKOLONG SA $T$,'MUSO,0,sesotho,masholu a utsoa sekolong sa t
$T$ OA MOPARAMENTE OA MEHLENG O HLAHA KHOTLA,'MOLAI,-1,sesotho,t oa moparamente oa mehleng o hlaha khotla
'MOLAI OA $T$ O HLAHA KHOTLA,MOPARAMENTE OA MEHLENG,0,sesotho,molai oa t o hlaha khotla
$T$ E THAKHOLA SETLABOCHA,KOMPONE EA MARANG-RANG,1,sesotho,t e thakhola setlabocha
$T$ O RE SETSI SE PHENYE MONNA MAHAFI,MOKHATLO,0,sesotho,t o re setsi se phenye monna mahafi
MOKHATLO O RE $T$ SE PHENYE MONNA MAHAFI,SETSI,0,sesotho,mokhatlo o re t se phenye monna mahafi
MOKHATLO O RE SETSI SE PHENYE $T$ MAHAFI,MONNA,-1,sesotho,mokhatlo o re setsi se phenye t mahafi
RE NTSE RE LE $T$,LITHO TSA MOKHA,1,sesotho,re ntse re le t
$T$ E BEBOFATSA KAMOHELO EA CHELETE HO TSOA KANTLE HO NAHA,KOMPONE EA MARANG-RANG,1,sesotho,t e bebofatsa kamohelo ea chelete ho tsoa kantle ho naha
KOMPONE EA MARANG-RANG E BEBOFATSA KAMOHELO EA $T$ HO TSOA KANTLE HO NAHA,CHELETE,1,sesotho,kompone ea marangrang e bebofatsa kamohelo ea t ho tsoa kantle ho naha
KOMPONE EA MARANG-RANG E BEBOFATSA KAMOHELO EA CHELETE HO TSOA KANTLE HO $T$,NAHA,0,sesotho,kompone ea marangrang e bebofatsa kamohelo ea chelete ho tsoa kantle ho t
$T$ O AHLOLOA HO HLOLA BOPHELO BOHLE CHANKANENG,MOLISANA,-1,sesotho,t o ahloloa ho hlola bophelo bohle chankaneng
MOLISANA O AHLOLOA HO HLOLA BOPHELO BOHLE $T$,CHANKANENG,0,sesotho,molisana o ahloloa ho hlola bophelo bohle t
$T$ LE QOSOA KA POLAO EA MOTHO,LEPOLESA,-1,sesotho,t le qosoa ka polao ea motho
LEPOLESA LE QOSOA KA POLAO EA $T$,MOTHO,-1,sesotho,lepolesa le qosoa ka polao ea t
$T$ BA QOSOA KA HO UTSOA MATSEBETSEBE A 'MUSO,BABELAELLOA,-1,sesotho,t ba qosoa ka ho utsoa matsebetsebe a muso
BABELAELLOA BA QOSOA KA HO UTSOA MATSEBETSEBE A $T$,'MUSO,0,sesotho,babelaelloa ba qosoa ka ho utsoa matsebetsebe a t
$T$ E TIISA LEANO LA TŠIRELETSO EA BOQAPI,NAHA,1,sesotho,t e tiisa leano la tšireletso ea boqapi
NAHA E TIISA $T$,LEANO LA TŠIRELETSO EA BOQAPI,0,sesotho,naha e tiisa t
$T$ O FANA KA TLALEHO EA TŠEBETSO,MOKHATLO,1,sesotho,t o fana ka tlaleho ea tšebetso
HO BOLAUOE $T$ HAPE,MOTHO,-1,sesotho,ho bolauoe t hape
$T$ BA KHETHILE KA MONYEBE,BATHO,-1,sesotho,t ba khethile ka monyebe
$T$ O PHAHLOLA MERERO EA TONAKHOLO EA SEKHUKHU,MOPOLOTIKI,1,sesotho,t o phahlola merero ea tonakholo ea sekhukhu
MOPOLOTIKI O PHAHLOLA $T$ EA SEKHUKHU,MERERO EA TONAKHOLO,-1,sesotho,mopolotiki o phahlola t ea sekhukhu
$T$ POLAONG EA SEBOHOLI O HANELOA KA BEILI,'MELAELLOA,-1,sesotho,t polaong ea seboholi o haneloa ka beili
'MELAELLOA POLAONG EA $T$ O HANELOA KA BEILI,SEBOHOLI,-1,sesotho,melaelloa polaong ea t o haneloa ka beili
'MELAELLOA POLAONG EA SEBOHOLI O HANELOA KA $T$,BEILI,0,sesotho,melaelloa polaong ea seboholi o haneloa ka t
$T$ A THIBELA MONNA LEKHOTLENG,MAPOLESA,-1,sesotho,t a thibela monna lekhotleng
MAPOLESA A THIBELA $T$ LEKHOTLENG,MONNA,0,sesotho,mapolesa a thibela t lekhotleng
MAPOLESA A THIBELA MONNA $T$,LEKHOTLENG,0,sesotho,mapolesa a thibela monna t
$T$ O TSEKA LEFA LA NTATAE A SA NYALA 'M'AE,NGOANANA,-1,sesotho,t o tseka lefa la ntatae a sa nyala mae
NGOANANA O TSEKA $T$ A SA NYALA 'M'AE,LEFA LA NTATAE,0,sesotho,ngoanana o tseka t a sa nyala mae
NGOANANA O TSEKA LEFA LA NTATAE A SA NYALA $T$,'M'AE,0,sesotho,ngoanana o tseka lefa la ntatae a sa nyala t
$T$ O THAKHOLA BOITUKISO LIKOLUOENG,MOKHATLO,1,sesotho,t o thakhola boitukiso likoluoeng
MOKHATLO O THAKHOLA BOITUKISO $T$,LIKOLUOENG,-1,sesotho,mokhatlo o thakhola boitukiso t
$T$ O TŠOELA KA MATHE LIKHOBOSO TSA LENYALO LA MOSALI,MOKHATLO,1,sesotho,t o tšoela ka mathe likhoboso tsa lenyalo la mosali
MOKHATLO O TŠOELA KA MATHE $T$ TSA LENYALO LA MOSALI,LIKHOBOSO,-1,sesotho,mokhatlo o tšoela ka mathe t tsa lenyalo la mosali
MOKHATLO O TŠOELA KA MATHE LIKHOBOSO TSA $T$,LENYALO LA MOSALI,0,sesotho,mokhatlo o tšoela ka mathe likhoboso tsa t
$T$ O QOSOA KA HO TLEPETSA MOKHETHOA KA MAJOE,MONNA,-1,sesotho,t o qosoa ka ho tlepetsa mokhethoa ka majoe
MONNA O QOSOA KA HO TLEPETSA $T$ KA MAJOE,MOKHETHOA,-1,sesotho,monna o qosoa ka ho tlepetsa t ka majoe
MONNA O QOSOA KA HO TLEPETSA MOKHETHOA KA $T$,MAJOE,0,sesotho,monna o qosoa ka ho tlepetsa mokhethoa ka t
$T$ O BATLA HO LIA 'MUSO KHOTLA,MONNA,-1,sesotho,t o batla ho lia muso khotla
MONNA O BATLA HO LIA $T$ KHOTLA,'MUSO,0,sesotho,monna o batla ho lia t khotla
MONNA O BATLA HO LIA 'MUSO $T$,KHOTLA,0,sesotho,monna o batla ho lia muso t
$T$ E NTŠA PUO KA TLHEKEFETSO EA MOSALI,KOMPONE EA LITAEMANE,1,sesotho,t e ntša puo ka tlhekefetso ea mosali
KOMPONE EA LITAEMANE E NTŠA PUO KA TLHEKEFETSO EA $T$,MOSALI,-1,sesotho,kompone ea litaemane e ntša puo ka tlhekefetso ea t
$T$ BA OELA HANONG LA TAU,BATHO,-1,sesotho,t ba oela hanong la tau
$T$ O NYEHLISA LEKHETHO LA JOALA LE KOAE,'MUSO,1,sesotho,t o nyehlisa lekhetho la joala le koae
'MUSO O NYEHLISA $T$,LEKHETHO LA JOALA LE KOAE,1,sesotho,muso o nyehlisa t
$T$ O QOSA KOMITI EA MOKHA,MONNA,-1,sesotho,t o qosa komiti ea mokha
MONNA O QOSA $T$,KOMITI EA MOKHA,0,sesotho,monna o qosa t
$T$ O OA NYALA,MOSALI,1,sesotho,t o oa nyala
$T$ O BOLAEA LE HO CHESA 'M'AE,MORA,-1,sesotho,t o bolaea le ho chesa mae
MORA O BOLAEA LE HO CHESA $T$,'M'AE,-1,sesotho,mora o bolaea le ho chesa t
$T$ E EA LOELA,NTOA EA MARENA,-1,sesotho,t e ea loela
KE HLOLOA HO BA LE $T$,BANA,-1,sesotho,ke hloloa ho ba le t
$T$ OA KA O JOLANA LE BAPOROFETA BA BASALI,MONNA,-1,sesotho,t oa ka o jolana le baporofeta ba basali
MONNA OA KA O JOLANA LE $T$,BAPOROFETA BA BASALI,-1,sesotho,monna oa ka o jolana le t
$T$ BA NYOLLELOA KA 6.5%,BASEBETSI BA LIFEME,1,sesotho,t ba nyolleloa ka 65
$T$ O RUTA NGOANA HO ETSA THOBALANO,MOSALI,-1,sesotho,t o ruta ngoana ho etsa thobalano
MOSALI O RUTA $T$ HO ETSA THOBALANO,NGOANA,0,sesotho,mosali o ruta t ho etsa thobalano
$T$ OA KA O RE MAFELO A BEKE EENA KE MOFE SEBAKA LE MOSALI EA ENTSENG NGOANA LE ENA,MONNA,-1,sesotho,t oa ka o re mafelo a beke eena ke mofe sebaka le mosali ea entseng ngoana le ena
MONNA OA KA O RE MAFELO A BEKE EENA KE MOFE SEBAKA LE $T$ EA ENTSENG NGOANA LE ENA,MOSALI,-1,sesotho,monna oa ka o re mafelo a beke eena ke mofe sebaka le t ea entseng ngoana le ena
MONNA OA KA O RE MAFELO A BEKE EENA KE MOFE SEBAKA LE MOSALI EA ENTSENG $T$ LE ENA,NGOANA,0,sesotho,monna oa ka o re mafelo a beke eena ke mofe sebaka le mosali ea entseng t le ena
$T$ E NGALISA BOPHATLALATSI TŠEBETSO,POLELO EA BORABELE,-1,sesotho,t e ngalisa bophatlalatsi tšebetso
POLELO EA BORABELE E NGALISA $T$ TŠEBETSO,BOPHATLALATSI,0,sesotho,polelo ea borabele e ngalisa t tšebetso
POLELO EA BORABELE E NGALISA BOPHATLALATSI $T$,TŠEBETSO,0,sesotho,polelo ea borabele e ngalisa bophatlalatsi t
$T$ O UTSOETSA SECHABA,MOKHETHOA,-1,sesotho,t o utsoetsa sechaba
MOKHETHOA O UTSOETSA $T$,SECHABA,0,sesotho,mokhethoa o utsoetsa t
$T$ BA IKAKHETSE KA HARA SESOLE HAPE HISTORI E EA IPHETA,BARUTI,-1,sesotho,t ba ikakhetse ka hara sesole hape histori e ea ipheta
BARUTI BA IKAKHETSE KA HARA $T$ HAPE HISTORI E EA IPHETA,SESOLE,0,sesotho,baruti ba ikakhetse ka hara t hape histori e ea ipheta
$T$ LI LLA SEBOKO SA PHOHOMELA,LITICHERE,-1,sesotho,t li lla seboko sa phohomela
UTLOA SEALUMA SE HLAHILENG $T$,MOTSENG,-1,sesotho,utloa sealuma se hlahileng t
$T$ KE MOFEREKANYI EA LESHANO,MOOKAMELI,-1,sesotho,t ke moferekanyi ea leshano
UTLOA $T$ TSE ETSAHETSENG TOROPONG,LITABA,0,sesotho,utloa t tse etsahetseng toropong
UTLOA LITABA TSE ETSAHETSENG TOROPONG,TOROPONG,0,sesotho,utloa litaba tse etsahetseng toropong
$T$ O LLELOA KE LITŠEPE,MOHATSA OA MOPORESITENTE,-1,sesotho,t o lleloa ke litšepe
HO HOBE HO $T$,MASHOLU,-1,sesotho,ho hobe ho t
$T$ A  BOLAILE LINOKOANE TSE 18,MAPOLESA,1,sesotho,t a bolaile linokoane tse 18
MAPOLESA A  BOLAILE $T$ TSE 18,LINOKOANE,-1,sesotho,mapolesa a bolaile t tse 18
$T$ A KETOLA 'MUSO,MASOLE,-1,sesotho,t a ketola muso
MASOLE A KETOLA $T$,'MUSO,0,sesotho,masole a ketola t
$T$ O THEHA MOKHA O MOCHA,MONGOLI,0,sesotho,t o theha mokha o mocha
MONGOLI O THEHA $T$ O MOCHA,MOKHA,1,sesotho,mongoli o theha t o mocha
$T$ O OELOA KE KOLUOA,MOOKAMELI,-1,sesotho,t o oeloa ke koluoa
$T$ EA MEHLENG O NE A BUSA JOALO KA CHAKA,TONAKHOLO,-1,sesotho,t ea mehleng o ne a busa joalo ka chaka
TONAKHOLO EA MEHLENG O NE A BUSA JOALO KA $T$,CHAKA,-1,sesotho,tonakholo ea mehleng o ne a busa joalo ka t
$T$ E TSEKA HORE BATHO BA JANE MAOTOANA,BANKA,-1,sesotho,t e tseka hore batho ba jane maotoana
BANKA E TSEKA HORE $T$ BA JANE MAOTOANA,BATHO,-1,sesotho,banka e tseka hore t ba jane maotoana
$T$ O MAKATSA BASEBETSI BA LEKALA,MATOETOE,0,sesotho,t o makatsa basebetsi ba lekala
MATOETOE O MAKATSA $T$,BASEBETSI BA LEKALA,0,sesotho,matoetoe o makatsa t
$T$ A SETEREKENG A BOLAELA MOTHO LITLAMONG,MAPOLESA,-1,sesotho,t a seterekeng a bolaela motho litlamong
MAPOLESA A SETEREKENG A BOLAELA $T$ LITLAMONG,MOTHO,-1,sesotho,mapolesa a seterekeng a bolaela t litlamong
$T$ LI NYAMELA MOTEBONG OA SEPOLESA,LITHUNYA,-1,sesotho,t li nyamela motebong oa sepolesa
LITHUNYA LI NYAMELA $T$,MOTEBONG OA SEPOLESA,0,sesotho,lithunya li nyamela t
TSEBA KA $T$ SEKA HOLIMO HO MOLAO,SENONNORI SA MOLATA,-1,sesotho,tseba ka t seka holimo ho molao
TSEBA KA SENONNORI SA MOLATA SEKA HOLIMO HO $T$,MOLAO,0,sesotho,tseba ka senonnori sa molata seka holimo ho t
$T$ E ROHAKEHILE,NAHA,-1,sesotho,t e rohakehile
$T$ O NGALA LIPOTSONG,MOOKAMELI,-1,sesotho,t o ngala lipotsong
MOOKAMELI O NGALA $T$,LIPOTSONG,0,sesotho,mookameli o ngala t
$T$ BA BEHELLOA KA THOKO HO MOSEBETSI,BAAHLOLI,-1,sesotho,t ba behelloa ka thoko ho mosebetsi
BAAHLOLI BA BEHELLOA KA THOKO HO $T$,MOSEBETSI,0,sesotho,baahloli ba behelloa ka thoko ho t
$T$ LE LEBOHELA MASOLE,LESELINYANA,0,sesotho,t le lebohela masole
LESELINYANA LE LEBOHELA $T$,MASOLE,1,sesotho,leselinyana le lebohela t
NYA MATSETE $T$ HO ILENG KE NAKO,MOETAPELE,-1,sesotho,nya matsete t ho ileng ke nako
$T$ O OA PHOTHOLEHA,MOOKAMELI,-1,sesotho,t o oa photholeha
$T$ LE SHANOTSA BOPAKI,LEPOLESA,0,sesotho,t le shanotsa bopaki
LEPOLESA LE SHANOTSA $T$,BOPAKI,-1,sesotho,lepolesa le shanotsa t
$T$ O BAKETSE NAHA BOMALIMABE,TONAKHOLO,-1,sesotho,t o baketse naha bomalimabe
TONAKHOLO O BAKETSE $T$ BOMALIMABE,NAHA,0,sesotho,tonakholo o baketse t bomalimabe
$T$ E SITOA HO NETEFATSA LITOPO TSA LETAMONG,NGAKA,-1,sesotho,t e sitoa ho netefatsa litopo tsa letamong
NGAKA E SITOA HO NETEFATSA $T$,LITOPO TSA LETAMONG,-1,sesotho,ngaka e sitoa ho netefatsa t
$T$ O LOHOTHA HO THEHA  PHATHI E NCHA,MOOKAMELI,0,sesotho,t o lohotha ho theha phathi e ncha
MOOKAMELI  O LOHOTHA HO THEHA  $T$ E NCHA,PHATHI,1,sesotho,mookameli o lohotha ho theha t e ncha
$T$ O SENOLA LEQULOANA LA LITSOTSI,MOETAPELE,0,sesotho,t o senola lequloana la litsotsi
MOETAPELE O SENOLA $T$,LEQULOANA LA LITSOTSI,-1,sesotho,moetapele o senola t
$T$ O LIHELLETSE MOTLATSI OA TONAKHOLO TORA,MOOKAMELI,-1,sesotho,t o lihelletse motlatsi oa tonakholo tora
MOOKAMELI O LIHELLETSE $T$ TORA,MOTLATSI OA TONAKHOLO,-1,sesotho,mookameli o lihelletse t tora
$T$ EKARE KE LITŠOMO,LITABA TSA MAKHOTLA,-1,sesotho,t ekare ke litšomo
$T$ O JESA LIOFISIRI MAKAKA,MOOKAMELI,-1,sesotho,t o jesa liofisiri makaka
MOOKAMELI  O JESA $T$ MAKAKA,LIOFISIRI,0,sesotho,mookameli o jesa t makaka
$T$ O MENYELETSA 'MUSO,MOOKAMELI,-1,sesotho,t o menyeletsa muso
MOOKAMELI  O MENYELETSA $T$,'MUSO,0,sesotho,mookameli o menyeletsa t
TSEBA KA $T$ BA FUOENG MOSEBETSI MAKALENG A MUSO,BAPALOTIKI,0,sesotho,tseba ka t ba fuoeng mosebetsi makaleng a muso
TSEBA KA BAPOLOTIKI BA FUOENG $T$ MAKALENG A MUSO,MOSEBETSI,1,sesotho,tseba ka bapolotiki ba fuoeng t makaleng a muso
TSEBA KA BAPOLOTIKI BA FUOENG MOSEBETSI $T$,MAKALENG A 'MUSO,0,sesotho,tseba ka bapolotiki ba fuoeng mosebetsi t
$T$ EA LETSOA-NTLE E LEQETSA LICHELETE TSA SECHABA,TSOTSI,-1,sesotho,t ea letsoantle e leqetsa lichelete tsa sechaba
TSOTSI EA LETSOA-NTLE E LEQETSA $T$ TSA SECHABA,LICHELETE,-1,sesotho,tsotsi ea letsoantle e leqetsa t tsa sechaba
TSOTSI EA LETSOA-NTLE E LEQETSA LICHELETE TSA $T$,SECHABA,0,sesotho,tsotsi ea letsoantle e leqetsa lichelete tsa t
MOOKAMELI O AMEHA BOSHOLUNG BA $T$,LIPHOOFOLO,0,sesotho,mookameli o ameha bosholung ba t
$T$ KE MOSALI MOHOLO NTHOE,MOOKAMELI,-1,sesotho,t ke mosali moholo nthoe
$T$ BA TSEKA NYATSI,BAOKAMELI,-1,sesotho,t ba tseka nyatsi
BAOKAMELI BA TSEKA $T$,NYATSI,-1,sesotho,baokameli ba tseka t
$T$E ITOMA MALEME KA KHOTLA E FETOHELA BOPAKI BA EONA,PAKI,-1,sesotho,te itoma maleme ka khotla e fetohela bopaki ba eona
PAKI E ITOMA MALEME KA $T$ E FETOHELA BOPAKI BA EONA,KHOTLA,0,sesotho,paki e itoma maleme ka t e fetohela bopaki ba eona
$T$ SE HLASELA 'MUSO,SEBOHOLI,-1,sesotho,t se hlasela muso
SEBOHOLI SE HLASELA $T$,'MUSO,0,sesotho,seboholi se hlasela t
$T$ LE THEHILOENG KE TONAKHOLO LE HULANYA MAOTO,LEBOTHO,-1,sesotho,t le thehiloeng ke tonakholo le hulanya maoto
LEBOTHO LE THEHILOENG KE $T$ LE HULANYA MAOTO,TONAKHOLO,0,sesotho,lebotho le thehiloeng ke t le hulanya maoto
$T$ O REKA LIKOLOI TSE PELI TSE NCHA CASH,MOETAPELE,1,sesotho,t o reka likoloi tse peli tse ncha cash
MOETAPELE O REKA $T$ TSE PELI TSE NCHA CASH,LIKOLOI,1,sesotho,moetapele o reka t tse peli tse ncha cash
$T$ HA SE PILOT LE KHANNA SEFOFANE SA LITERATA,LESOLE,-1,sesotho,t ha se pilot le khanna sefofane sa literata
LESOLE HA SE $T$ LE KHANNA SEFOFANE SA LITERATA,PILOT,0,sesotho,lesole ha se t le khanna sefofane sa literata
LESOLE HA SE PILOT LE KHANNA $T$,SEFOFANE SA LITERATA,-1,sesotho,lesole ha se pilot le khanna t
$T$ O HANA HO EA HAE O BATLA HO SHOELLA SESOLENG,MOSEBETSI,-1,sesotho,t o hana ho ea hae o batla ho shoella sesoleng
MOSEBETSI O HANA HO EA HAE O BATLA HO SHOELLA $T$,SESOLENG,0,sesotho,mosebetsi o hana ho ea hae o batla ho shoella t
$T$ A TSOANG NTOENG A PHOQOA,MASOLE,-1,sesotho,t a tsoang ntoeng a phoqoa
MASOLE A TSOANG $T$ A PHOQOA,NTOENG,0,sesotho,masole a tsoang t a phoqoa
$T$ LE AMEHA POLAONG EA LIPAKI,LEKHOTLA LE PHAHAMENG,-1,sesotho,t le ameha polaong ea lipaki
LEKHOTLA LE PHAHAMENG LE AMEHA POLAONG EA $T$,LIPAKI,-1,sesotho,lekhotla le phahameng le ameha polaong ea t
MEHLOLO OFISING EA $T$,BOCHOCHISI,0,sesotho,mehlolo ofising ea t
$T$ E FETOHELA BAPAKI BA EONA KA KHOTLA,PAKI,-1,sesotho,t e fetohela bapaki ba eona ka khotla
PAKI E FETOHELA $T$ BA EONA KA KHOTLA,BAPAKI,0,sesotho,paki e fetohela t ba eona ka khotla
PAKI E FETOHELA BAPAKI BA EONA KA $T$,KHOTLA,0,sesotho,paki e fetohela bapaki ba eona ka t
$T$ LE RE BASEBETSI BA TLO LELEKOA,LETONA,-1,sesotho,t le re basebetsi ba tlo lelekoa
LETONA LE RE $T$ BA TLO LELEKOA,BASEBETSI,0,sesotho,letona le re t ba tlo lelekoa
$T$ O SESA KA HARA LEKOALIBA LA BOBOLU,MOOKAMELI,-1,sesotho,t o sesa ka hara lekoaliba la bobolu
MOOKAMELI O SESA KA HARA LEKOALIBA LA $T$,BOBOLU,-1,sesotho,mookameli o sesa ka hara lekoaliba la t
$T$ SE BOLAOA JOALO KA LINYAMATSANE,SECHABA,-1,sesotho,t se bolaoa joalo ka linyamatsane
$T$ BA LALASA,BO RASETHUNYA,-1,sesotho,t ba lalasa
RE EA LI HOPOLA LE $T$,TSONA,0,sesotho,re ea li hopola le t
$T$ OA KEREKE O BOLAOA KA HO CHESOA,MORUTI,-1,sesotho,t oa kereke o bolaoa ka ho chesoa
MORUTI OA $T$ O BOLAOA KA HO CHESOA,KEREKE,0,sesotho,moruti oa t o bolaoa ka ho chesoa
HO SIBOLLOA MOFUTA O MOCHA OA $T$,CORONA,-1,sesotho,ho sibolloa mofuta o mocha oa t
$T$ O TLO QOSOA,MOCHOCHISI OA MOLATA,-1,sesotho,t o tlo qosoa
$T$ O KAKALATSOA KE NYEOE,MOKHOENYANA OA LELAPA LA TONAKHOLO,-1,sesotho,t o kakalatsoa ke nyeoe
$T$ E TSOLISA BOOKAMELI BA SEPOLESA,AKHENTE,-1,sesotho,t e tsolisa bookameli ba sepolesa
AKHENTE E TSOLISA $T$,BOOKAMELI BA SEPOLESA,-1,sesotho,akhente e tsolisa t
$T$ EA LILEMO LI 8 O BOLAEA NOHA EA MASUMU KA MENO,NGOANA,1,sesotho,t ea lilemo li 8 o bolaea noha ea masumu ka meno
NGOANA EA LILEMO LI 8 O BOLAEA $T$ KA MENO,NOHA EA MASUMU,0,sesotho,ngoana ea lilemo li 8 o bolaea t ka meno
NGOANA EA LILEMO LI 8 O BOLAEA NOHA EA MASUMU KA $T$,MENO,0,sesotho,ngoana ea lilemo li 8 o bolaea noha ea masumu ka t
$T$ E BITSA LIKHETHO,KOMISI,1,sesotho,t e bitsa likhetho
KOMISI E BITSA $T$,LIKHETHO,0,sesotho,komisi e bitsa t
$T$ SE RE TONAKHOLO E THEHE KOMISI EA LIPATLISISO,SECHABA,1,sesotho,t se re tonakholo e thehe komisi ea lipatlisiso
SECHABA SE RE $T$ E THEHE KOMISI EA LIPATLISISO,TONAKHOLO,1,sesotho,sechaba se re t e thehe komisi ea lipatlisiso
SECHABA SE RE TONAKHOLO E THEHE $T$,KOMISI EA LIPATLISISO,0,sesotho,sechaba se re tonakholo e thehe t
$T$ KE LINYONTŠA E LOKELA E QHALOE,KOMISI,-1,sesotho,t ke linyontša e lokela e qhaloe
$T$ E KHUBELU O TSEKA MALEO,PELO EA MORENA,-1,sesotho,t e khubelu o tseka maleo
PELO EA MORENA E KHUBELU O TSEKA $T$,MALEO,0,sesotho,pelo ea morena e khubelu o tseka t
$T$ O TELLA SECHABA,MOETAPELE,-1,sesotho,t o tella sechaba
MOETAPELE O TELLA $T$,SECHABA,0,sesotho,moetapele o tella t
TSEBA KA $T$ BA UTSOITSENG CHELETE EA BOEA BA LIHOAI,BAPOLOTIKI,-1,sesotho,tseba ka t ba utsoitseng chelete ea boea ba lihoai
TSEBA KA BAPOLOTIKI BA UTSOITSENG $T$ EA BOEA BA LIHOAI,CHELETE,0,sesotho,tseba ka bapolotiki ba utsoitseng t ea boea ba lihoai
TSEBA KA BAPOLOTIKI BA UTSOITSENG CHELETE EA $T$,BOEA BA LIHOAI,0,sesotho,tseba ka bapolotiki ba utsoitseng chelete ea t
$T$ E MATHA LIPOLITIKING,NYATSI,-1,sesotho,t e matha lipolitiking
NYATSI E MATHA $T$,LIPOLITIKING,0,sesotho,nyatsi e matha t
$T$ O PHOQILE SECHABA,MOKHA,-1,sesotho,t o phoqile sechaba
MOKHA O PHOQILE $T$,SECHABA,0,sesotho,mokha o phoqile t
$T$ O NGALA LINYEOE,MOCHOCHISI,-1,sesotho,t o ngala linyeoe
MOCHOCHISI O NGALA $T$,LINYEOE,0,sesotho,mochochisi o ngala t
$T$ O KOLOTA SECHABA TLHALOSO,TONAKHOLO,-1,sesotho,t o kolota sechaba tlhaloso
TONAKHOLO O KOLOTA $T$ TLHALOSO,SECHABA,0,sesotho,tonakholo o kolota t tlhaloso
TONAKHOLO O KOLOTA SECHABA $T$,TLHALOSO,0,sesotho,tonakholo o kolota sechaba t
$T$ KE TŠUPA E QETILE CHELETE EA 'MUSO,MOKHA,-1,sesotho,t ke tšupa e qetile chelete ea muso
MOKHA KE $T$ E QETILE CHELETE EA 'MUSO,TŠUPA,-1,sesotho,mokha ke t e qetile chelete ea muso
MOKHA KE TŠUPA E QETILE $T$,CHELETE EA 'MUSO,0,sesotho,mokha ke tšupa e qetile t
$T$ A SHOELLA NTAT'A SELALA,MASOLE,-1,sesotho,t a shoella ntata selala
$T$ A SE KE A MPA A CHESA TOROPO HAPE,MORENA,-1,sesotho,t a se ke a mpa a chesa toropo hape
MORENA A SE KE A MPA A CHESA $T$ HAPE,TOROPO,0,sesotho,morena a se ke a mpa a chesa t hape
$T$ BA BATLOA KA LIPOLAO TSA BATHO,BANNA,-1,sesotho,t ba batloa ka lipolao tsa batho
BANNA BA BATLOA KA LIPOLAO TSA $T$,BATHO,0,sesotho,banna ba batloa ka lipolao tsa t
$T$ O BOLAOA SEHLABENG,MOHOEBI,-1,sesotho,t o bolaoa sehlabeng
MOHOEBI O BOLAOA $T$,SEHLABENG,0,sesotho,mohoebi o bolaoa t
$T$ O TŠEHETSA LIKOETA,MOETAPELE,-1,sesotho,t o tšehetsa likoeta
MOETAPELE O TŠEHETSA $T$,LIKOETA,0,sesotho,moetapele o tšehetsa t
$T$ LE KHAKHATHUOENG LE HLOKAHETSE,LEREKURUTI,-1,sesotho,t le khakhathuoeng le hlokahetse
$T$ O QOSA MORENA,MOETAPELE,-1,sesotho,t o qosa morena
MOETAPELE O QOSA $T$,MORENA,0,sesotho,moetapele o qosa t
$T$ SE KHALEMELA MOKHA,SESOLE,1,sesotho,t se khalemela mokha
SESOLE SE KHALEMELA $T$,MOKHA,-1,sesotho,sesole se khalemela t
$T$ E TLO BULOA,PARAMENTE,1,sesotho,t e tlo buloa
$T$ O HOBOLETSE CHELETE EA BANNA MAHLO,MOKHA,-1,sesotho,t o hoboletse chelete ea banna mahlo
MOKHA O HOBOLETSE $T$ MAHLO,CHELETE EA BANNA,0,sesotho,mokha o hoboletse t mahlo
$T$ O SELEBALLETSOE,'MAMPOLI,-1,sesotho,t o seleballetsoe
$T$ LI KOETSOE,LIOFISI TSA LEKALA,-1,sesotho,t li koetsoe
$T$ O TŠELA MASOLE KA METSI A BATANG,MOOKAMELI,-1,sesotho,t o tšela masole ka metsi a batang
MOOKAMELI  O TŠELA $T$ KA METSI A BATANG,MASOLE,0,sesotho,mookameli o tšela t ka metsi a batang
$T$ A FEPJOA PAPA KA IMANA LE LIKHOBE,MASOLE,-1,sesotho,t a fepjoa papa ka imana le likhobe
MASOLE A FEPJOA PAPA KA $T$ LE LIKHOBE,IMANA,-1,sesotho,masole a fepjoa papa ka t le likhobe
MASOLE A FEPJOA PAPA KA IMANA LE $T$,LIKHOBE,-1,sesotho,masole a fepjoa papa ka imana le t
MASOLE A FEPJOA $T$ KA IMANA LE LIKHOBE,PAPA,-1,sesotho,masole a fepjoa t ka imana le likhobe
$T$ LE RE KOMISI E FOSITSE,LEKHOTLA,0,sesotho,t le re komisi e fositse
LEKHOTLA LE RE $T$ E FOSITSE,KOMISI,-1,sesotho,lekhotla le re t e fositse
$T$ BO ITJELLA CHELETE EA MAPOLESA MAPOLESA A FUOA LI BISCUITS,BOOKAMELI,-1,sesotho,t bo itjella chelete ea mapolesa mapolesa a fuoa li biscuits
BOOKAMELI BO ITJELLA $T$ MAPOLESA A FUOA LI BISCUITS,CHELETE EA MAPOLESA,0,sesotho,bookameli bo itjella t mapolesa a fuoa li biscuits
BOOKAMELI BO ITJELLA CHELETE EA MAPOLESA $T$ A FUOA LI BISCUITS,MAPOLESA,0,sesotho,bookameli bo itjella chelete ea mapolesa t a fuoa li biscuits
BOOKAMELI BO ITJELLA CHELETE EA MAPOLESA MAPOLESA A FUOA $T$,LI BISCUITS,-1,sesotho,bookameli bo itjella chelete ea mapolesa mapolesa a fuoa t
$T$ O AHLOLELOA BOPHELO BOHLE CHANKANENG HABELI,MONNA,-1,sesotho,t o ahloleloa bophelo bohle chankaneng habeli
MONNA O AHLOLELOA BOPHELO BOHLE $T$ HABELI,CHANKANENG,0,sesotho,monna o ahloleloa bophelo bohle t habeli
$T$ E TSOIBILA LI MISSILE TSE 400,NAHA,-1,sesotho,t e tsoibila li missile tse 400
NAHA E TSOIBILA LI $T$ TSE 400,MISSILE,-1,sesotho,naha e tsoibila li t tse 400
$T$ E HIRILE LIKOLOI TSA BOSHOLU 'MUSONG,PHATHI,-1,sesotho,t e hirile likoloi tsa bosholu musong
PHATHI E HIRILE $T$ TSA BOSHOLU 'MUSONG,LIKOLOI,-1,sesotho,phathi e hirile t tsa bosholu musong
PHATHI E HIRILE LIKOLOI TSA BOSHOLU $T$,'MUSONG,0,sesotho,phathi e hirile likoloi tsa bosholu t
$T$ O TIMA MOTLAKASE LEKHOTLENG LE PHAHAMENG,MOOKAMELI,-1,sesotho,t o tima motlakase lekhotleng le phahameng
MOOKAMELI O TIMA $T$ LEKHOTLENG LE PHAHAMENG,MOTLAKASE,0,sesotho,mookameli o tima t lekhotleng le phahameng
MOOKAMELI O TIMA MOTLAKASE $T$,LEKHOTLENG LE PHAHAMENG,0,sesotho,mookameli o tima motlakase t
$T$ O TOBA MOKHA KA 'NETE,TONAKHOLO,1,sesotho,t o toba mokha ka nete
TONAKHOLO O TOBA $T$ KA 'NETE,MOKHA,0,sesotho,tonakholo o toba t ka nete
$T$ SE KETEKA SELEMO SA NAHA LE SEEA-LE-MOEA,SEROKI,1,sesotho,t se keteka selemo sa naha le seealemoea
SEROKI SE KETEKA $T$ LE SEEA-LE-MOEA,SELEMO SA NAHA,1,sesotho,seroki se keteka t le seealemoea
SEROKI SE KETEKA SELEMO SA NAHA LE $T$,SEEA-LE-MOEA,0,sesotho,seroki se keteka selemo sa naha le t
$T$ KE LEHLABA-PHIEO O LOKELA HORE A TŠOAROE,MOOKAMELI,-1,sesotho,t ke lehlabaphieo o lokela hore a tšoaroe
HO NKHA SEPUTA SA BOBOLU LIOFISING TSA $T$ OA 'MUSO,RAMOLAO E MOHOLO,-1,sesotho,ho nkha seputa sa bobolu liofising tsa t oa muso
HO NKHA SEPUTA SA BOBOLU LIOFISING TSA RAMOLAO E MOHOLO OA $T$,'MUSO,0,sesotho,ho nkha seputa sa bobolu liofising tsa ramolao e moholo oa t
$T$ TORONKONG KA MORA HO HANA HO BITSA SETABANE NGOANANA,MONNA,-1,sesotho,t toronkong ka mora ho hana ho bitsa setabane ngoanana
MONNA $T$ KA MORA HO HANA HO BITSA SETABANE NGOANANA,TORONKONG,-1,sesotho,monna t ka mora ho hana ho bitsa setabane ngoanana
MONNA TORONKONG KA MORA HO HANA HO BITSA $T$ NGOANANA,SETABANE,-1,sesotho,monna toronkong ka mora ho hana ho bitsa t ngoanana
MONNA TORONKONG KA MORA HO HANA HO BITSA SETABANE $T$,NGOANANA,0,sesotho,monna toronkong ka mora ho hana ho bitsa setabane t
$T$ E LLELA HO KENA PUSONG,PHATHI,0,sesotho,t e llela ho kena pusong
PHATHI E LLELA HO KENA $T$,PUSONG,1,sesotho,phathi e llela ho kena t
$T$ SE BUA MASA-A-KOKOMETSE,SETHO SA PHATHI,-1,sesotho,t se bua masaakokometse
$T$ O BOHLA KHOSHANE O ROHAKA SECHABA,MOOKAMELI,-1,sesotho,t o bohla khoshane o rohaka sechaba
MOOKAMELI O BOHLA KHOSHANE O ROHAKA $T$,SECHABA,0,sesotho,mookameli o bohla khoshane o rohaka t
$T$ E HLAPAOLA NAHA,PHALA EA 'MUSO,-1,sesotho,t e hlapaola naha
PHALA EA 'MUSO E HLAPAOLA $T$,NAHA,0,sesotho,phala ea muso e hlapaola t
$T$ E TŠOHILE JOALO KA NONYANA,NAHA,-1,sesotho,t e tšohile joalo ka nonyana
NAHA E TŠOHILE JOALO KA $T$,NONYANA,-1,sesotho,naha e tšohile joalo ka t
$T$ O LLA KA SEPOLESA,MOOKAMELI,0,sesotho,t o lla ka sepolesa
MOOKAMELI O LLA KA $T$,SEPOLESA,-1,sesotho,mookameli o lla ka t
BA RE $T$ LE FETOA KE LA KATSE,LEBITLA LA MOHATSA TONAKHOLO OA MEHLENG,-1,sesotho,ba re t le fetoa ke la katse
BA RE LEBITLA LA MOHATSA TONAKHOLO EA MEHLENG LE FETOA KE LA $T$,KATSE,0,sesotho,ba re lebitla la mohatsa tonakholo ea mehleng le fetoa ke la t
$T$ O RE O MOTLOTLO KA SECHABA,MOETAPELE,1,sesotho,t o re o motlotlo ka sechaba
MOETAPELE O RE O MOTLOTLO KA $T$,SECHABA,1,sesotho,moetapele o re o motlotlo ka t
$T$ E ETSA LIHLOOHO TSA LITABA LEFATŠENG KA BOTLOKOTSEBE,NAHA,-1,sesotho,t e etsa lihlooho tsa litaba lefatšeng ka botlokotsebe
NAHA E ETSA LIHLOOHO TSA LITABA $T$ KA BOTLOKOTSEBE,LEFATŠENG,0,sesotho,naha e etsa lihlooho tsa litaba t ka botlokotsebe
$T$ BO PHOQA MASOLE,BOLAOLI,-1,sesotho,t bo phoqa masole
BOLAOLI BO PHOQA $T$,MASOLE,0,sesotho,bolaoli bo phoqa t
$T$ E RE E TLA FINA SELELU,NAHA,-1,sesotho,t e re e tla fina selelu
$T$ LI ITSETETSE KA HARA SESOLE,LITLOKOTSEBE TSA BANNA,-1,sesotho,t li itsetetse ka hara sesole
LITLOKOTSEBE TSA BANNA LI ITSETETSE KA HARA $T$,SESOLE,-1,sesotho,litlokotsebe tsa banna li itsetetse ka hara t
$T$ E TSOELA MOLAOLI TAOLONG,OFISIRI,-1,sesotho,t e tsoela molaoli taolong
OFISIRI E TSOELA $T$ TAOLONG,MOLAOLI,0,sesotho,ofisiri e tsoela t taolong
$T$ O BOLILE JOALO KA LIRUOA,MOCHOCHISI,-1,sesotho,t o bolile joalo ka liruoa
MOCHOCHISI O BOLILE JOALO KA $T$,LIRUOA,-1,sesotho,mochochisi o bolile joalo ka t
$T$ E LLA KA MELATA,PHATHI,-1,sesotho,t e lla ka melata
PHATHI E LLA KA $T$,MELATA,-1,sesotho,phathi e lla ka t
LIHLOA LEKHOARA KAHARA $T$,PHATHI,-1,sesotho,lihloa lekhoara kahara t
KE MPHETE KE O FETE $T$,MABALENG A LIPOLOTIKI,-1,sesotho,ke mphete ke o fete t
HO TLA SHOA $T$ KA MONA,MOTHO,-1,sesotho,ho tla shoa t ka mona
$T$ O IMENYAMENYA KA MOSALI OA LESOLE,MOOKAMELI,-1,sesotho,t o imenyamenya ka mosali oa lesole
MOOKAMELI  O IMENYAMENYA KA $T$,MOSALI OA LESOLE,0,sesotho,mookameli o imenyamenya ka t
$T$ O RE O TLO BULA PARAMENTE,MOETAPELE,1,sesotho,t o re o tlo bula paramente
MOETAPELE O RE O TLO BULA $T$,PARAMENTE,1,sesotho,moetapele o re o tlo bula t
$T$ A TSOANG NTOENG A LEBOHUOA KA HO SILILOA MEKOKOTLO,MASOLE,-1,sesotho,t a tsoang ntoeng a lebohuoa ka ho sililoa mekokotlo
MASOLE A TSOANG $T$ A LEBOHUOA KA HO SILILOA MEKOKOTLO,NTOENG,-1,sesotho,masole a tsoang t a lebohuoa ka ho sililoa mekokotlo
MASOLE A TSOANG NTOENG A LEBOHUOA KA HO SILILOA $T$,MEKOKOTLO,0,sesotho,masole a tsoang ntoeng a lebohuoa ka ho sililoa t
$T$ SE SOSOTHELA MOKHA OA LIPOLOTIKI,SECHABA,-1,sesotho,t se sosothela mokha oa lipolotiki
SECHABA SE SOSOTHELA $T$,MOKHA OA LIPOLOTIKI,-1,sesotho,sechaba se sosothela t
$T$ LE  NYAKALLETSE,LETONA,1,sesotho,t le nyakalletse
$T$ O RE O TLO KENYA BOTABANE MOLAONG,MOKHA OA POLOTIKI,0,sesotho,t o re o tlo kenya botabane molaong
MOKHA OA POLOTIKI O RE O TLO KENYA $T$ MOLAONG,BOTABANE,-1,sesotho,mokha oa polotiki o re o tlo kenya t molaong
MOKHA OA POLOTIKI O RE O TLO KENYA BOTABANE $T$,MOLAONG,0,sesotho,mokha oa polotiki o re o tlo kenya botabane t
$T$ O HANA HO AMOHELA MASOLE A TSOANG NTOENG,TONAKHOLO,-1,sesotho,t o hana ho amohela masole a tsoang ntoeng
TONAKHOLO O HANA HO AMOHELA $T$ A TSOANG NTOENG,MASOLE,0,sesotho,tonakholo o hana ho amohela t a tsoang ntoeng
TONAKHOLO O HANA HO AMOHELA MASOLE A TSOANG $T$,NTOENG,0,sesotho,tonakholo o hana ho amohela masole a tsoang t
$T$ E RE LITHO TSA PHATHI LI EA TSEBA KA NYATSI EA MOETAPELE,KHATISO,-1,sesotho,t e re litho tsa phathi li ea tseba ka nyatsi ea moetapele
KHATISO E RE $T$ LI EA TSEBA KA NYATSI EA MOETAPELE,LITHO TSA PHATHI,-1,sesotho,khatiso e re t li ea tseba ka nyatsi ea moetapele
KHATISO E RE LITHO TSA PHATHI LI EA TSEBA KA $T$,NYATSI EA MOETAPELE,-1,sesotho,khatiso e re litho tsa phathi li ea tseba ka t
$T$ O AMOHELOA KE MARENA A 15,MOETAPELE,1,sesotho,t o amoheloa ke marena a 15
MOETAPELE O AMOHELOA KE $T$ A 15,MARENA,0,sesotho,moetapele o amoheloa ke t a 15
6 BILLION MALOTI E NYAMETSENG E BOTSOE $T$,PHATHI,-1,sesotho,6 billion maloti e nyametseng e botsoe t
$T$ O UTSOA 6 BILLION EA SECHABA,'MUSO,-1,sesotho,t o utsoa 6 billion ea sechaba
'MUSO O UTSOA 6 BILLION EA $T$,SECHABA,0,sesotho,muso o utsoa 6 billion ea t
HO TŠOAROA HOA $T$ KE 'MOMORI O HLOPHISITSOENG,MOETAPELE,-1,sesotho,ho tšoaroa hoa t ke momori o hlophisitsoeng
$T$ SE HANA LIMPHO TSA MOHATSA OA TONAKHOLO,SECHABA,-1,sesotho,t se hana limpho tsa mohatsa oa tonakholo
SECHABA SE HANA $T$ TSA MOHATSA OA TONAKHOLO,LIMPHO,-1,sesotho,sechaba se hana t tsa mohatsa oa tonakholo
SECHABA SE HANA LIMPHO TSA $T$,MOHATSA TONAKHOLO,0,sesotho,sechaba se hana limpho tsa t
$T$ O MAKALLA HO TŠOAROA HA MOETAPELE,MOOKAMELI,0,sesotho,t o makalla ho tšoaroa ha moetapele
MOOKAMELI O MAKALLA HO TŠOAROA HA $T$,MOETAPELE,-1,sesotho,mookameli o makalla ho tšoaroa ha t
$T$ O MAKATSA SECHABA,MOKHOTHALETSUOA,1,sesotho,t o makatsa sechaba
$T$ SE PHEPHETHELA MOKHOTHALETSUOA,SECHABA,0,sesotho,t se phephethela mokhothaletsuoa
SECHABA SE PHEPHETHELA $T$,MOKHOTHALETSUOA,-1,sesotho,sechaba se phephethela t
$T$ E SULUBANTSOE FATŠE LEFUNG,TENTE,-1,sesotho,t e sulubantsoe fatše lefung
TENTE E SULUBANTSOE FATŠE $T$,LEFUNG,-1,sesotho,tente e sulubantsoe fatše t
$T$ E PHELA MATSOALONG,TONAKHOLO EA MEHLENG,-1,sesotho,t e phela matsoalong
KE MADAMPA-DAMPA KAHARA $T$,PHATHI,-1,sesotho,ke madampadampa kahara t
$T$ LE TJEBELA BOKHOPO BA MOOKAMELI MATJOING,LEKHOTLA,1,sesotho,t le tjebela bokhopo ba mookameli matjoing
LEKHOTLA LE TJEBELA BOKHOPO BA $T$ MATJOING,MOOKAMELI,-1,sesotho,lekhotla le tjebela bokhopo ba t matjoing
$T$ O FETOHILE,MOALO OA LIKHETHO,0,sesotho,t o fetohile
$T$ KE LESHOLU,SEBOHOLI,-1,sesotho,t ke lesholu
$T$ LE KHAKHATHILE PAKI,LEPOLESA,-1,sesotho,t le khakhathile paki
LEPOLESA LE KHAKHATHILE $T$,PAKI,0,sesotho,lepolesa le khakhathile t
$T$ SEPETLELE,LIJO TSA BAKULI,0,sesotho,t sepetlele
LIJO TSA BAKULI $T$,SEPETLELE,0,sesotho,lijo tsa bakuli t
$T$ KE RALESHANO OA LEQITOLO LA TSOTSI,MOOKAMELI,-1,sesotho,t ke raleshano oa leqitolo la tsotsi
MOOKAMELI KE RALESHANO OA LEQITOLO LA $T$,TSOTSI,-1,sesotho,mookameli ke raleshano oa leqitolo la t
$T$ O BUA LESHANO LE MPIPI KA KA KHOTLA,MOOKAMELI,-1,sesotho,t o bua leshano le mpipi ka ka khotla
MOOKAMELI O BUA LESHANO LE MPIPI KA KA $T$,KHOTLA,0,sesotho,mookameli o bua leshano le mpipi ka ka t
$T$ O TŠIRELETSA BABOLAI BA MOITHUTI,MOOKAMELI,-1,sesotho,t o tšireletsa babolai ba moithuti
MOOKAMELI O TŠIRELETSA $T$ BA MOITHUTI,BABOLAI,-1,sesotho,mookameli o tšireletsa t ba moithuti
MOOKAMELI O TŠIRELETSA BABOLAI BA $T$,MOITHUTI,0,sesotho,mookameli o tšireletsa babolai ba t
$T$ O HLOHLELLETSA MEFEREFERE SEKOLONG SE SEHOLO,MOETAPELE,-1,sesotho,t o hlohlelletsa meferefere sekolong se seholo
MOETAPELE O HLOHLELLETSA MEFEREFERE $T$,SEKOLONG SE SEHOLO,0,sesotho,moetapele o hlohlelletsa meferefere t
$T$ O HULA TŠIRELETSO EA MOCHOCHISI E MOHOLO,MOOKAMELI,-1,sesotho,t o hula tšireletso ea mochochisi e moholo
MOOKAMELI O HULA TŠIRELETSO EA $T$,MOCHOCHISI E MOHOLO,0,sesotho,mookameli o hula tšireletso ea t
$T$ E BOLISITSE LEKALA HO NKHA HORE PHU,PHATHI,-1,sesotho,t e bolisitse lekala ho nkha hore phu
PHATHI E BOLISITSE $T$ HO NKHA HORE PHU,LEKALA,-1,sesotho,phathi e bolisitse t ho nkha hore phu
$T$ O KHOLA M50 000 KA LETSATSI,MOCHOCHISI,-1,sesotho,t o khola m50 000 ka letsatsi
$T$ E RE HA E BATLE MOSALI EA TANTŠANG A TSOTSE,NAHA,0,sesotho,t e re ha e batle mosali ea tantšang a tsotse
NAHA E RE HA E BATLE $T$ EA TANTŠANG A TSOTSE,MOSALI,-1,sesotho,naha e re ha e batle t ea tantšang a tsotse
$T$ O BOLAOA A KAKATETSE LITAEMANE,NGOANA OA MOHOLOANE OA MOETAPELE,-1,sesotho,t o bolaoa a kakatetse litaemane
NGOANA OA MOHOLOANE OA MOETAPELE O BOLAOA A KAKATETSE $T$,LITAEMANE,-1,sesotho,ngoana oa moholoane oa moetapele o bolaoa a kakatetse t
$T$ O TSEBA KA MORERO OA POLAO EA LIOFISIRI,MOOKAMELI,-1,sesotho,t o tseba ka morero oa polao ea liofisiri
MOOKAMELI O TSEBA KA MORERO OA POLAO EA $T$,LIOFISIRI,-1,sesotho,mookameli o tseba ka morero oa polao ea t
$T$ O CHAKELA BANNA BOESA,MOETAPELE,1,sesotho,t o chakela banna boesa
MOETAPELE O CHAKELA $T$ BOESA,BANNA,0,sesotho,moetapele o chakela t boesa
$T$ O HAHA SEKOLO SETEREKENG,MOHOEBI,1,sesotho,t o haha sekolo seterekeng
MOHOEBI O HAHA $T$ SETEREKENG,SEKOLO,0,sesotho,mohoebi o haha t seterekeng
MOHOEBI O HAHA SEKOLO $T$,SETEREKENG,0,sesotho,mohoebi o haha sekolo t
BA RE $T$ A QOSETSOE BOHLABA-PHIEO,MOOKAMELI,-1,sesotho,ba re t a qosetsoe bohlabaphieo
$T$ O KHANNGOE KE LIPOTSO KA KHOTLA,MOOKAMELI,-1,sesotho,t o khanngoe ke lipotso ka khotla
MOOKAMELI O KHANNGOE KE LIPOTSO KA $T$,KHOTLA,0,sesotho,mookameli o khanngoe ke lipotso ka t
$T$ O ITSE MAFU  A SE KE A BATLISISOA,RAMOLAO,-1,sesotho,t o itse mafu a se ke a batlisisoa
$T$ O KOPA TŠOARELO,MOOKAMELI,1,sesotho,t o kopa tšoarelo
$T$ O HLASELA BABUSI LEFUNG,MOOKAMELI,-1,sesotho,t o hlasela babusi lefung
MOOKAMELI O HLASELA $T$ LEFUNG,BABUSI,0,sesotho,mookameli o hlasela t lefung
$T$ O PATELA LEKHOTLA LITABA TSA HAE,MOOKAMELI,-1,sesotho,t o patela lekhotla litaba tsa hae
MOOKAMELI O PATELA $T$ LITABA TSA HAE,LEKHOTLA,0,sesotho,mookameli o patela t litaba tsa hae
MOOKAMELI O PATELA LEKHOTLA $T$ TSA HAE,LITABA,-1,sesotho,mookameli o patela lekhotla t tsa hae
$T$ O BOLAEA BATHO BA 21,RASETHUNYA,-1,sesotho,t o bolaea batho ba 21
RASETHUNYA O BOLAEA $T$ BA 21,BATHO,-1,sesotho,rasethunya o bolaea t ba 21
$T$ O ITAHLETSE KA HARA SEKOTI SA LIHELE,MOOKAMELI,-1,sesotho,t o itahletse ka hara sekoti sa lihele
$T$ O PEPETLA BAMAMELI KA LESHANO,MONNA,-1,sesotho,t o pepetla bamameli ka leshano
MONNA  O PEPETLA $T$ KA LESHANO,BAMANELI,0,sesotho,monna o pepetla t ka leshano
$T$ LE RE MAFUTSANA A LO CHA LIHELENG KOANA,LETONA,-1,sesotho,t le re mafutsana a lo cha liheleng koana
LETONA LE RE $T$ A LO CHA LIHELENG KOANA,MAFUTSANA,-1,sesotho,letona le re t a lo cha liheleng koana
LETONA LE RE MAFUTSANA A LO CHA $T$ KOANA,LIHELENG,-1,sesotho,letona le re mafutsana a lo cha t koana
$T$ O LATOLA PHATHI HARARO PELE MOKOKO O LLA,MOTLATSI OA MOETAPELE,-1,sesotho,t o latola phathi hararo pele mokoko o lla
MOTLATSI OA MOETAPELE O LATOLA $T$ HARARO PELE MOKOKO O LLA,PHATHI,0,sesotho,motlatsi oa moetapele o latola t hararo pele mokoko o lla
$T$ KE LEMENEMENE LE FETANG JUDAS ISCARIOT OA BIBELENG,MOOKAMELI,-1,sesotho,t ke lemenemene le fetang judas iscariot oa bibeleng
$T$ E HALEFISA MOTSAMAISI OA BOLO,KONTERAKA EA SEBAPALI,-1,sesotho,t e halefisa motsamaisi oa bolo
KONTERAKA EA SEBAPALI E HALEFISA $T$,MOTSAMAISI OA BOLO,-1,sesotho,konteraka ea sebapali e halefisa t
$T$ E RE MOOKAMELI O BUA LESHANO LE LETALA KA KHOTLA,OFISIRI,0,sesotho,t e re mookameli o bua leshano le letala ka khotla
OFISIRI E RE $T$ O BUA LESHANO LE LETALA KA KHOTLA,MOOKAMELI,-1,sesotho,ofisiri e re t o bua leshano le letala ka khotla
OFISIRI E RE MOOKAMELI O BUA LESHANO LE LETALA KA $T$,KHOTLA,0,sesotho,ofisiri e re mookameli o bua leshano le letala ka t
$T$  O TLO FANA KA BOPAKI BO PHEUOENG KA KHOTLA HOSANE,MOOKAMELI,-1,sesotho,t o tlo fana ka bopaki bo pheuoeng ka khotla hosane
MOOKAMELI  O TLO FANA KA BOPAKI BO PHEUOENG KA $T$ HOSANE,KHOTLA,0,sesotho,mookameli o tlo fana ka bopaki bo pheuoeng ka t hosane
$T$ O TŠEHA BAITŠOKOLI,MOETAPELE,-1,sesotho,t o tšeha baitšokoli
$T$ O LITLAMONG TSA SEPOLESA KA HO JA MOLISANA MAOTOANA,MOOKAMELI,-1,sesotho,t o litlamong tsa sepolesa ka ho ja molisana maotoana
MOOKAMELI O LITLAMONG TSA SEPOLESA KA HO JA $T$ MAOTOANA,MOLISANA,-1,sesotho,mookameli o litlamong tsa sepolesa ka ho ja t maotoana
$T$ O FANYEHA MOLAO OA MOTHEO,MOOKAMELI,-1,sesotho,t o fanyeha molao oa motheo
MOOKAMELI O FANYEHA $T$,MOLAO OA MOTHEO,0,sesotho,mookameli o fanyeha t
$T$ O RE HO LEKANE KA BAAHLOLI BA MELATA,MOAHLOLI E MOHOLO,0,sesotho,t o re ho lekane ka baahloli ba melata
MOAHLOLI E MOHOLO O RE HO LEKANE KA $T$,BAAHLOLI BA MELATA,-1,sesotho,moahloli e moholo o re ho lekane ka t
HO BULOA $T$ SETEREKENG,LEKHOTLA LE PHAHAMENG,1,sesotho,ho buloa t seterekeng
$T$ E E TLO QHALOA,NYEOE EA TONAKHOLO LE MOHATSA OA HAE,1,sesotho,t e e tlo qhaloa
$T$ O PHOLOSA BOPHELO BA MOITHUTI,MOETAPELE,1,sesotho,t o pholosa bophelo ba moithuti
MOETAPELE  O PHOLOSA BOPHELO BA $T$,MOITHUTI,-1,sesotho,moetapele o pholosa bophelo ba t
$T$ O RINYA BATHO BA BATŠO BA 10,RASETHUNYA,-1,sesotho,t o rinya batho ba batšo ba 10
RASETHUNYA O RINYA $T$ BA 10,BATHO BA BATŠO,-1,sesotho,rasethunya o rinya t ba 10
$T$ SE TEBELLOA HO PHINYA HAHOLO LEHO TŠEHA HA QETA,SEBAPALI,-1,sesotho,t se tebelloa ho phinya haholo leho tšeha ha qeta
$T$ O BEHILE TŠIRELETSO EA NAHA TSIETSING O HLAHLELLA LINOKOANE KA LITHUNYA,MOOKAMELI,-1,sesotho,t o behile tšireletso ea naha tsietsing o hlahlella linokoane ka lithunya
MOOKAMELI O BEHILE TŠIRELETSO EA $T$ TSIETSING O HLAHLELLA LINOKOANE KA LITHUNYA,NAHA,-1,sesotho,mookameli o behile tšireletso ea t tsietsing o hlahlella linokoane ka lithunya
$T$ OA BOLAOA,MOLULASETULO OA BACHA,-1,sesotho,t oa bolaoa
$T$ O PHALLELA SECHABA KEREKE,MOETAPELE,1,sesotho,t o phallela sechaba kereke
MOETAPELE O PHALLELA $T$ KEREKE,SECHABA,0,sesotho,moetapele o phallela t kereke
MOETAPELE O PHALLELA SECHABA $T$,KEREKE,0,sesotho,moetapele o phallela sechaba t
$T$ TSE 180 LI NYAMETSE SEPOLESENG,LITHUNYA,-1,sesotho,t tse 180 li nyametse sepoleseng
LITHUNYA TSE 180 LI NYAMETSE $T$,SEPOLESENG,-1,sesotho,lithunya tse 180 li nyametse t
$T$ O KOETELA PROJECT EA LEKALA,MOETAPELE,-1,sesotho,t o koetela project ea lekala
MOETAPELE O KOETELA $T$,PROJECT EA LEKALA,0,sesotho,moetapele o koetela t
$T$ MATJALENG KA HO TONOSETSA MABITLA,MOITHUTI,-1,sesotho,t matjaleng ka ho tonosetsa mabitla
MOITHUTI MATJALENG KA HO TONOSETSA $T$,MABITLA,0,sesotho,moithuti matjaleng ka ho tonosetsa t
$T$ E BUBURILE CHELETE KAOFELA,PHATHI,-1,sesotho,t e buburile chelete kaofela
PHATHI E BUBURILE $T$ KAOFELA,CHELETE,0,sesotho,phathi e buburile t kaofela
$T$ O BOLAISOA LIOPAPINA E MONG O LLELOA KE LITŠEPE,MONNA,-1,sesotho,t o bolaisoa liopapina e mong o lleloa ke litšepe
$T$ O ABELOA LENGOLO LA THUTO E PHAHAMENG,MOETAPELE,1,sesotho,t o abeloa lengolo la thuto e phahameng
MOETAPELE O ABELOA $T$,LENGOLO LA THUTO E PHAHAMENG,0,sesotho,moetapele o abeloa t
$T$ SE SEHOLO LEFATŠENG SE RE HA SE NA HASONA,SEKHORANE,-1,sesotho,t se seholo lefatšeng se re ha se na hasona
SEKHORANE SE SEHOLO $T$ SE RE HA SE NA HASONA,LEFATŠENG,0,sesotho,sekhorane se seholo t se re ha se na hasona
HO NTŠOA $T$ A 77 LE LITOPO TSE HLANO MOKOTING EBILE BA LLELOA KE LITŠEPE,MAKHOMOSA,-1,sesotho,ho ntšoa t a 77 le litopo tse hlano mokoting ebile ba lleloa ke litšepe
HO NTŠOA MAKHOMOSHA A 77 LE $T$ TSE HLANO MOKOTING EBILE BA LLELOA KE LITŠEPE,LITOPO,-1,sesotho,ho ntšoa makhomosha a 77 le t tse hlano mokoting ebile ba lleloa ke litšepe
HO TSONGOA $T$ LE KA LINTJA,LITOPO,-1,sesotho,ho tsongoa t le ka lintja
HO TSONGA LITOPO LE KA $T$,LINTJA,1,sesotho,ho tsonga litopo le ka t
$T$ KE LEHLABA-PHIEEO,MOTLATSI OA MOLAOLI,-1,sesotho,t ke lehlabaphieeo
$T$ EBILE E MAHLONOKO E NKILENG MAPHELO A BATHO,PASEKA,-1,sesotho,t ebile e mahlonoko e nkileng maphelo a batho
PASEKA EBILE E MAHLONOKO E NKILENG MAPHELO A $T$,BATHO,0,sesotho,paseka ebile e mahlonoko e nkileng maphelo a t
$T$ O QETA SECHABA MAPOLESA A SHEBELETSE,RASETHUNYA,-1,sesotho,t o qeta sechaba mapolesa a shebeletse
RASETHUNYA O QETA SECHABA $T$ A SHEBELETSE,MAPOLESA,-1,sesotho,rasethunya o qeta sechaba t a shebeletse
RASETHUNYA O QETA $T$ MAPOLESA A SHEBELETSE,SECHABA,0,sesotho,rasethunya o qeta t mapolesa a shebeletse
$T$ O TSIETSIENG EA HO LAHLELOA KE LITHO,MOKHA,-1,sesotho,t o tsietsieng ea ho lahleloa ke litho
MOKHA O TSIETSIENG EA HO LAHLELOA KE $T$,LITHO,0,sesotho,mokha o tsietsieng ea ho lahleloa ke t
BA RE $T$ KE NOHA EA TLHOARE,MOHATSA OA TONAKHOLO,-1,sesotho,ba re t ke noha ea tlhoare
$T$ O BUA LESHANO KA KHOTLA O RE LELEME LE THELETSE,MOAHLOLI,-1,sesotho,t o bua leshano ka khotla o re leleme le theletse
MOAHLOLI O BUA LESHANO KA $T$ O RE LELEME LE THELETSE,KHOTLA,0,sesotho,moahloli o bua leshano ka t o re leleme le theletse
$T$ O FUPARISITSOE M30 000 HO SENYA NYEOE EA MOHOEBI,MOCHOCHISI,-1,sesotho,t o fuparisitsoe m30 000 ho senya nyeoe ea mohoebi
MOCHOCHISI O FUPARISITSOE M30 000 HO SENYA $T$,NYEOE EA MOHOEBI,-1,sesotho,mochochisi o fuparisitsoe m30 000 ho senya t
UTLOA KA LITABA TSA BO $T$ BA HANANG HO EA KHOTLA,'MAMPOLI,-1,sesotho,utloa ka litaba tsa bo t ba hanang ho ea khotla
UTLOA KA LITABA TSA BO 'MAMPOLI BA HANANG HO EA $T$,KHOTLA,-1,sesotho,utloa ka litaba tsa bo mampoli ba hanang ho ea t
$T$ LE QOETSE KA M700 000 MALOTI,LETONA LA MEHLENG,-1,sesotho,t le qoetse ka m700 000 maloti
$T$ O NEHELA MOEA BALATELI BA EONA BA PHASA-PHASA,MOKHA,-1,sesotho,t o nehela moea balateli ba eona ba phasaphasa
MOKHA O NEHELA MOEA $T$ BA EONA BA PHASA PHASA,BALATELI,-1,sesotho,mokha o nehela moea t ba eona ba phasa phasa
$T$ O TŠOHILE JOALO KA NONYANA,MOETAPELE,-1,sesotho,t o tšohile joalo ka nonyana
MOETAPELE O TŠOHILE JOALO KA $T$,NONYANA,1,sesotho,moetapele o tšohile joalo ka t
$T$ O KH'OEFELA MOCHOCHISI KA SEHLETHELA SA MATHE,OFISIRI,0,sesotho,t o khoefela mochochisi ka sehlethela sa mathe
OFISIRI O KH'OEFELA $T$ KA SEHLETHELA SA MATHE,MOCHOCHISI,-1,sesotho,ofisiri o khoefela t ka sehlethela sa mathe
$T$ O TABOLA BOLUMARA BA MOHATSA OA TONAKHOLO EA MEHLENG,TONAKHOLO,-1,sesotho,t o tabola bolumara ba mohatsa oa tonakholo ea mehleng
TONAKHOLO O TABOLA $T$ BA MOHATSA OA TONAKHOLO EA MEHLENG,BOLUMARA,0,sesotho,tonakholo o tabola t ba mohatsa oa tonakholo ea mehleng
TONAKHOLO O TABOLA BOLUMARA BA $T$,MOHATSA OA TONAKHOLO EA MEHLENG,0,sesotho,tonakholo o tabola bolumara ba t
$T$ O HAHELA MORENA OFISI LE HOLO,MOETAPELE,1,sesotho,t o hahela morena ofisi le holo
MOETAPELE O HAHELA $T$ OFISI LE HOLO,MORENA,0,sesotho,moetapele o hahela t ofisi le holo
MOETAPELE O HAHELA MORENA $T$ LE HOLO,OFISI,1,sesotho,moetapele o hahela morena t le holo
MOETAPELE O HAHELA MORENA OFISI LE $T$,HOLO,1,sesotho,moetapele o hahela morena ofisi le t
$T$ O HOOA KA NTSOE LE PHEFA,KHOSATSANA,1,sesotho,t o hooa ka ntsoe le phefa
$T$ MATJALENG,MONNA,-1,sesotho,t matjaleng
$T$ O RE MOAHLOLI A ILO IPHANYEHA,MOOKAMELI,0,sesotho,t o re moahloli a ilo iphanyeha
MOOKAMELI O RE $T$ A ILO IPHANYEHA,MOAHLOLI,-1,sesotho,mookameli o re t a ilo iphanyeha
$T$ EA MEHLENG KHOTLA KA LEFU LA MOHATSA OA MEHLENG,TONAKHOLO,-1,sesotho,t ea mehleng khotla ka lefu la mohatsa oa mehleng
TONAKHOLO EA MEHLENG $T$ KA LEFU LA MOHATSA OA MEHLENG,KHOTLA,0,sesotho,tonakholo ea mehleng t ka lefu la mohatsa oa mehleng
TONAKHOLO EA MEHLENG KHOTLA KA LEFU LA $T$,MOHATSA OA MEHLENG,-1,sesotho,tonakholo ea mehleng khotla ka lefu la t
$T$ TSE KHOLO LI ITUKISETSA NTOA,LINAHA,-1,sesotho,t tse kholo li itukisetsa ntoa
$T$ A HA LI SA SEBETSA,LIKARETE TSA LI BANKA,-1,sesotho,t a ha li sa sebetsa
MAHOSANA A RE A SOABISITSOE KE BOITŠOARO BA $T$,MAPARAMENTE,-1,sesotho,mahosana a re a soabisitsoe ke boitšoaro ba t
$T$ A RE A SOABISITSOE KE BOITŠOARO BA MAPARAMENTE,MAHOSANA,-1,sesotho,t a re a soabisitsoe ke boitšoaro ba maparamente
BA KHOLANG $T$ E TLASE HA BA NA ANGOA KE LEKHETHO,MEPUTSO,-1,sesotho,ba kholang t e tlase ha ba na angoa ke lekhetho
BA KHOLANG MEPUTSO E TLASE HA BA NA ANGOA KE $T$,LEKHETHO,1,sesotho,ba kholang meputso e tlase ha ba na angoa ke t
$T$ O HANA HO QOSA LESHOLU,MOCHOCHISI,-1,sesotho,t o hana ho qosa lesholu
MOCHOCHISI O HANA HO QOSA $T$,LESHOLU,-1,sesotho,mochochisi o hana ho qosa t
$T$ E RE E IPATLA BOHANYETSING,PHATHI,1,sesotho,t e re e ipatla bohanyetsing
PHATHI E RE E IPATLA $T$,BOHANYETSING,-1,sesotho,phathi e re e ipatla t
$T$ LE INKA SELFIE LE BA BAHOLO KE THABO,LETONA,1,sesotho,t le inka selfie le ba baholo ke thabo
LETONA LE INKA $T$ LE BA BAHOLO KE THABO,SELFIE,0,sesotho,letona le inka t le ba baholo ke thabo
$T$ SE PHELANG UKRAINE SE BOLOKOHILE,SECHABA,1,sesotho,t se phelang ukraine se bolokohile
$T$ O RERELOA LEFU,MOAHLOLI,-1,sesotho,t o rereloa lefu
$T$ O TŠOEROE KA BOSHOLU,MOKHETHOA,-1,sesotho,t o tšoeroe ka bosholu
$T$ O NYELISA KAHLOLO EA LEKHOTLA HAPE O E SHEBA FEELA JOALOKA NTHO'A NGOANA,MOOKAMELI,-1,sesotho,t o nyelisa kahlolo ea lekhotla hape o e sheba feela joaloka nthoa ngoana
MOOKAMELI O NYELISA $T$ HAPE O E SHEBA FEELA JOALOKA NTHO'A NGOANA,KAHLOLO EA LEKHOTLA,0,sesotho,mookameli o nyelisa t hape o e sheba feela joaloka nthoa ngoana
$T$ O HLASELA SETHO SA PHATHI,MOETAPELE,-1,sesotho,t o hlasela setho sa phathi
MOETAPELE O HLASELA $T$,SETHO SA PHATHI,0,sesotho,moetapele o hlasela t
$T$ E UTSOA LIKHOMO,OFISIRI,-1,sesotho,t e utsoa likhomo
OFISIRI E UTSOA $T$,LIKHOMO,0,sesotho,ofisiri e utsoa t
$T$ O PATALLA MONNA OA LEKOEREKOERE,MOCHOCHISI,-1,sesotho,t o patalla monna oa lekoerekoere
MOCHOCHISI O PATALLA $T$,MONNA OA LEKOEREKOERE,0,sesotho,mochochisi o patalla t
$T$ E ETSA TLHOLOSANO EA HO HAPA LIKOLOI,PHATHI,1,sesotho,t e etsa tlholosano ea ho hapa likoloi
PHATHI  E ETSA $T$,TLHOLOSANO EA HO HAPA LIKOLOI,1,sesotho,phathi e etsa t
$T$ E FETOHILE SELAKHAPHANE,NAHA,-1,sesotho,t e fetohile selakhaphane
$T$ LE TLO PHOTHOLA PAKI EA LESHANO,LEKHOTLA,1,sesotho,t le tlo phothola paki ea leshano
LEKHOTLA LE TLO PHOTHOLA $T$ EA LESHANO,PAKI,-1,sesotho,lekhotla le tlo phothola t ea leshano
$T$ TSA MOHALE LI PELEKANYA MALEME,LIPAKI NYEOENG EA LITOPO,-1,sesotho,t tsa mohale li pelekanya maleme
LIPAKI $T$ LI PELEKANYA MALEME,NYEOENG EA LITOPO,-1,sesotho,lipaki t li pelekanya maleme
$T$ LE FA LIKEBEKOA TŠIRELETSO,LETONA,-1,sesotho,t le fa likebekoa tšireletso
LETONA LE FA $T$ TŠIRELETSO,LIKEBEKOA,-1,sesotho,letona le fa t tšireletso
$T$ LE BOHLOKO KE LESHANO LA LETONA,LELAPA LA MOFU,-1,sesotho,t le bohloko ke leshano la letona
LELAPA LA MOFU LE BOHLOKO KE LESHANO LA $T$,LETONA,-1,sesotho,lelapa la mofu le bohloko ke leshano la t
$T$ O RE O PHONYOHILE TORONKO,MOKHETHOA,1,sesotho,t o re o phonyohile toronko
MOKHETHOA O RE O PHONYOHILE $T$,TORONKO,0,sesotho,mokhethoa o re o phonyohile t
$T$ E RE HA TSEBE LETHO KA LEFU LA LESOLE,PAKI,-1,sesotho,t e re ha tsebe letho ka lefu la lesole
PAKI E RE HA TSEBE LETHO KA LEFU LA $T$,LESOLE,-1,sesotho,paki e re ha tsebe letho ka lefu la t
$T$ O RAHA MOCHOCHISI MALING A MPA,MOAHLOLI,1,sesotho,t o raha mochochisi maling a mpa
MOAHLOLI O RAHA $T$ MALING A MPA,MOCHOCHISI,-1,sesotho,moahloli o raha t maling a mpa
UTLOA KA TSA $T$ TSA MOCHOCHISI,LINAKELI,-1,sesotho,utloa ka tsa t tsa mochochisi
UTLOA KA TSA LINAKELI TSA $T$,MOCHOCHISI,0,sesotho,utloa ka tsa linakeli tsa t
$T$ O RE PAKI E TŠOAROE,MOCHOCHISI,0,sesotho,t o re paki e tšoaroe
MOCHOCHISI O RE $T$ E TŠOAROE,PAKI,-1,sesotho,mochochisi o re t e tšoaroe
$T$ SE PHONYOHA LEFU KA SOBA LA NALE,SEBAPALI,1,sesotho,t se phonyoha lefu ka soba la nale
$T$ O BELAELLOA POLAONG EA MOHOEBI,MOPARAMENTE,-1,sesotho,t o belaelloa polaong ea mohoebi
MOPARAMENTE O BELAELLOA POLAONG EA $T$,MOHOEBI,-1,sesotho,moparamente o belaelloa polaong ea t
$T$ O RE HA A BATLE BAAHLOLI BA NAHA,MOCHOCHISI,-1,sesotho,t o re ha a batle baahloli ba naha
MOCHOCHISI O RE HA A BATLE $T$,BAAHLOLI BA NAHA,0,sesotho,mochochisi o re ha a batle t
$T$ O RE AKHANETE E IKHULE NYEOENG EA TREASON,MOCHOCHISI,0,sesotho,t o re akhanete e ikhule nyeoeng ea treason
MOCHOCHISI O RE $T$ E IKHULE NYEOENG EA TREASON,AKHENTE,-1,sesotho,mochochisi o re t e ikhule nyeoeng ea treason
MOCHOCHISI O RE AKHANETE E IKHULE $T$ EA TREASON,NYEOENG,-1,sesotho,mochochisi o re akhanete e ikhule t ea treason
$T$ BA MAMENEMENE MATJALENG,BACHOCHISI,-1,sesotho,t ba mamenemene matjaleng
$T$ O MATJALENG O QOSOA OA KA LETOTO LA LITLOLO TSA MOLAO,MOCHOCHISI,-1,sesotho,t o matjaleng o qosoa oa ka letoto la litlolo tsa molao
MOCHOCHISI O MATJALENG O QOSOA OA KA LETOTO LA $T$,LITLOLO TSA MOLAO,-1,sesotho,mochochisi o matjaleng o qosoa oa ka letoto la t
$T$ E LOKISA LITSELA MOO E HAPILENG LIKHETHO,PHATHI,1,sesotho,t e lokisa litsela moo e hapileng likhetho
PHATHI E LOKISA $T$ MOO E HAPILENG LIKHETHO,LITSELA,1,sesotho,phathi e lokisa t moo e hapileng likhetho
PHATHI E LOKISA LITSELA MOO E HAPILENG $T$,LIKHETHO,0,sesotho,phathi e lokisa litsela moo e hapileng t
$T$ O FEPA MASOLE NAMA EA BOSHOLU,MOPARAMENTE,-1,sesotho,t o fepa masole nama ea bosholu
MOPARAMENTE O FEPA $T$ NAMA EA BOSHOLU,MASOLE,0,sesotho,moparamente o fepa t nama ea bosholu
MOPARAMENTE O FEPA MASOLE $T$ EA BOSHOLU,NAMA,-1,sesotho,moparamente o fepa masole t ea bosholu
$T$ O ROETSE KA BOBOLU,TONAKHOLO,-1,sesotho,t o roetse ka bobolu
$T$ A QOBELLOA HO PAKA NYEOENG EA TREASON,MASOLE,-1,sesotho,t a qobelloa ho paka nyeoeng ea treason
MASOLE A QOBELLOA HO PAKA $T$ EA TREASON,NYEOENG,-1,sesotho,masole a qobelloa ho paka t ea treason
$T$ O TŠABA HO EMA KA PELA MOAHLOLI,MOCHOCHISI,-1,sesotho,t o tšaba ho ema ka pela moahloli
MOCHOCHISI O TŠABA HO EMA KA PELA $T$,MOAHLOLI,0,sesotho,mochochisi o tšaba ho ema ka pela t
$T$ O HANA HO FANA KA BOPAKI,TONAKHOLO,-1,sesotho,t o hana ho fana ka bopaki
$T$ O RE NYEOE EA TREASON E QHALOE,RAMOLAO,0,sesotho,t o re nyeoe ea treason e qhaloe
RAMOLAO O RE $T$ EA TREASON E QHALOE,NYEOE,-1,sesotho,ramolao o re t ea treason e qhaloe
$T$  EA TREASON E FARETSE BOPAKI BO MAFEKEFEKE,NYEOE,-1,sesotho,t ea treason e faretse bopaki bo mafekefeke
UTLOA MEK'HAEFETE EA $T$,MOHLOMPHEHI,-1,sesotho,utloa mekhaefete ea t
$T$ BA QOSOA KA HO SENYA SERITI SA LELAPA LA BORENA,BANNA,-1,sesotho,t ba qosoa ka ho senya seriti sa lelapa la borena
BANNA BA QOSOA KA HO SENYA $T$ SA LELAPA LA BORENA,SERITI,-1,sesotho,banna ba qosoa ka ho senya t sa lelapa la borena
BANNA BA QOSOA KA HO SENYA SERITI SA $T$,LELAPA LA BORENA,0,sesotho,banna ba qosoa ka ho senya seriti sa t
$T$ KA KOTSI EA MOLLO,TLHOKOMELISO,-1,sesotho,t ka kotsi ea mollo
$T$ EA LITABA,PHATLALATSO,0,sesotho,t ea litaba
$T$ LE FUMANA BANNA BA LE MOLATO,LEKHOTLA,0,sesotho,t le fumana banna ba le molato
LEKHOTLA LE FUMANA $T$ BA LE MOLATO,BANNA,-1,sesotho,lekhotla le fumana t ba le molato
LEHLAKORE LA $T$ MABAPI LE LITABA TSA POLAO EA MONNA,SEPOLESA,-1,sesotho,lehlakore la t mabapi le litaba tsa polao ea monna
LEHLAKORE LA SEPOLESA MABAPI LE LITABA TSA POLAO EA $T$,MONNA,-1,sesotho,lehlakore la sepolesa mabapi le litaba tsa polao ea t
$T$ A HLATSISOA LIKHOMO TSE 12,MASHOLU,1,sesotho,t a hlatsisoa likhomo tse 12
MASHOLU A HLATSISOA $T$ TSE 12,LIKHOMO,0,sesotho,masholu a hlatsisoa t tse 12
$T$ O RE O NE A SA BO HLOTHE,MOPARAMENTE,-1,sesotho,t o re o ne a sa bo hlothe
BA HLAHOA LESUMATHA KE $T$,MOFETA-KA-TSELA,1,sesotho,ba hlahoa lesumatha ke t
$T$ LA HO HLOEKISA NAHA LE TSOELA PELE,LETŠOLO,1,sesotho,t la ho hloekisa naha le tsoela pele
LETŠOLO LA HO HLOEKISA $T$ LE TSOELA PELE,NAHA,1,sesotho,letšolo la ho hloekisa t le tsoela pele
$T$ SE TŠOARELA MAHOKELA THUPELO,SEPOLESA,1,sesotho,t se tšoarela mahokela thupelo
SEPOLESA SE TŠOARELA $T$ THUPELO,MAHOKELA,0,sesotho,sepolesa se tšoarela t thupelo
SEPOLESA SE TŠOARELA MAHOKELA $T$,THUPELO,1,sesotho,sepolesa se tšoarela mahokela t
$T$ LI ETELOA KE SEPOLESA,LIHLOPHA TSA BOIPELETSO,1,sesotho,t li eteloa ke sepolesa
LIHLOPHA TSA BOIPELETSOLI ETELOA KE $T$,SEPOLESA,0,sesotho,lihlopha tsa boipeletsoli eteloa ke t
BA HLAHA KHOTLA KA BOSHOLU BA $T$,LIPHOOFOLO,-1,sesotho,ba hlaha khotla ka bosholu ba t
BA HLAHA $T$ KA BOSHOLU BA LIPHOOFOLO,KHOTLA,0,sesotho,ba hlaha t ka bosholu ba liphoofolo
$T$ LI ABELOA LIKHAU KE MORENA,LITHO TSA SEPOLESA,1,sesotho,t li abeloa likhau ke morena
LITHO TSA SEPOLESA LI ABELOA LIKHAU KE $T$,MORENA,0,sesotho,litho tsa sepolesa li abeloa likhau ke t
$T$ O AHLOLOA LILEMO TSE 10 CHANKANENG,MOSALI,-1,sesotho,t o ahloloa lilemo tse 10 chankaneng
$T$ E ILENG EA UTSUOA KEREKENG E FUMANOA NAHENG E 'NGOE,KOLOI,1,sesotho,t e ileng ea utsuoa kerekeng e fumanoa naheng e ngoe
KOLOI E ILENG EA UTSUOA $T$ E FUMANOA NAHENG E 'NGOE,KEREKENG,0,sesotho,koloi e ileng ea utsuoa t e fumanoa naheng e ngoe
$T$ EO E SA LENG A BATLOA KE SEPOLESA OA INEHELA,MONNA,1,sesotho,t eo e sa leng a batloa ke sepolesa oa inehela
MONNA EO E SA LENG A BATLOA KE $T$ OA INEHELA,SEPOLESA,0,sesotho,monna eo e sa leng a batloa ke t oa inehela
$T$ SE THIBA MEKOKO HO ISA NAHA HO MAKHAOLA-KHANG,SEBAPALI,1,sesotho,t se thiba mekoko ho isa naha ho makhaolakhang
SEBAPALI SE THIBA MEKOKO HO ISA $T$ HO MAKHAOLA-KHANG,NAHA,1,sesotho,sebapali se thiba mekoko ho isa t ho makhaolakhang
$T$ E LEBOHELA MORENA KA MPHO EA SEHLABELO SA 'MISA,KEREKE,1,sesotho,t e lebohela morena ka mpho ea sehlabelo sa misa
KEREKE E LEBOHELA $T$ KA MPHO EA SEHLABELO SA 'MISA,MORENA,1,sesotho,kereke e lebohela t ka mpho ea sehlabelo sa misa
KEREKE E LEBOHELA MORENA KA $T$,MPHO EA SEHLABELO SA 'MISA,1,sesotho,kereke e lebohela morena ka t
$T$ EA BOPHATLALATSI,MEMO,0,sesotho,t ea bophatlalatsi
$T$ O HLAHA KHOTLA KA QOSO EA POLAO EA MOTHO,MONNA,-1,sesotho,t o hlaha khotla ka qoso ea polao ea motho
MONNA O HLAHA $T$ KA QOSO EA POLAO EA MOTHO,KHOTLA,0,sesotho,monna o hlaha t ka qoso ea polao ea motho
MONNA O HLAHA KHOTLA KA QOSO EA POLAO EA $T$,MOTHO,-1,sesotho,monna o hlaha khotla ka qoso ea polao ea t
$T$ BA LIPOLAO TSE SEHLOHO BA QHAUTSOA KE SEPOLESA,BABELAELLOA,-1,sesotho,t ba lipolao tse sehloho ba qhautsoa ke sepolesa
BABELAELLOA BA $T$ TSE SEHLOHO BA QHAUTSOA KE SEPOLESA,LIPOLAO,-1,sesotho,babelaelloa ba t tse sehloho ba qhautsoa ke sepolesa
BABELAELLOA BA LIPOLAO TSE SEHLOHO BA QHAUTSOA KE $T$,SEPOLESA,1,sesotho,babelaelloa ba lipolao tse sehloho ba qhautsoa ke t
$T$ O QOSOA KA BOQHEKANYETSI BA LIMILIONE,MOSEBELETSI OA BANKA,-1,sesotho,t o qosoa ka boqhekanyetsi ba limilione
$T$ O FUMANOA KA HARA LEKOALIBA LA MALI,MOSALI,-1,sesotho,t o fumanoa ka hara lekoaliba la mali
MOSALI O FUMANOA KA HARA LEKOALIBA LA $T$,MALI,-1,sesotho,mosali o fumanoa ka hara lekoaliba la t
$T$ O QOSOA KA HO HLOKOFATSA BANA,MONNA,-1,sesotho,t o qosoa ka ho hlokofatsa bana
MONNA O QOSOA KA HO HLOKOFATSA $T$,BANA,-1,sesotho,monna o qosoa ka ho hlokofatsa t
$T$ EA NENG A NYAMELE OA TSETOLLOA,MONNA,1,sesotho,t ea neng a nyamele oa tsetolloa
$T$ SE MATLAFATSA MOKHOA OA BOIPOLESO,SEPOLESA,1,sesotho,t se matlafatsa mokhoa oa boipoleso
$T$ O FUMANOA KA LITHETHEFATSI TSE SENG MOLAONG,MONNA,-1,sesotho,t o fumanoa ka lithethefatsi tse seng molaong
MONNA O FUMANOA KA $T$ TSE SENG MOLAONG,LITHETHEFATSI,-1,sesotho,monna o fumanoa ka t tse seng molaong
$T$ O FUMANOA A EPETSOE KA JARETENG,MONNA,-1,sesotho,t o fumanoa a epetsoe ka jareteng
MONNA O FUMANOA A EPETSOE KA $T$,JARETENG,0,sesotho,monna o fumanoa a epetsoe ka t
$T$ E LAHLEHELOA KE MATSEBE-TSEBE A MALOTI KA BOKHOSHELI,KOMPONE EA MARANGRANG,-1,sesotho,t e lahleheloa ke matsebetsebe a maloti ka bokhosheli
$T$ EA SEPOLESA,TSEBISO,0,sesotho,t ea sepolesa
$T$ O THUNYETSA MOHOE LEFU,MOKHOENYANA,-1,sesotho,t o thunyetsa mohoe lefu
MOKHOENYANA O THUNYETSA $T$ LEFU,MOHOE,-1,sesotho,mokhoenyana o thunyetsa t lefu
$T$ O PHURA LESHOETLA LE BASALI,MOKHATLO,1,sesotho,t o phura leshoetla le basali
MOKHATLO O PHURA LESHOETLA LE $T$,BASALI,1,sesotho,mokhatlo o phura leshoetla le t
$T$ EA HOEBANG KA 'MELE O HLAHA KHOTLA KA POLAO,MOSALI,-1,sesotho,t ea hoebang ka mele o hlaha khotla ka polao
MOSALI EA HOEBANG KA 'MELE O HLAHA $T$ KA POLAO,KHOTLA,0,sesotho,mosali ea hoebang ka mele o hlaha t ka polao
$T$ SE TEKENA SELEKANE SA TŠEBELISANO  LE MOKHATLO OA MASUPA-TSELA,SEPOLESA,1,sesotho,t se tekena selekane sa tšebelisano le mokhatlo oa masupatsela
SEPOLESA SE TEKENA $T$ SA TŠEBELISANO  LE MOKHATLO OA MASUPA-TSELA,SELEKANE,1,sesotho,sepolesa se tekena t sa tšebelisano le mokhatlo oa masupatsela
SEPOLESA SE TEKENA SELEKANE SA TŠEBELISANO  LE $T$,MOKHATLO OA MASUPA-TSELA,1,sesotho,sepolesa se tekena selekane sa tšebelisano le t
$T$ BA EA CHANKANENG KA BOSHOLU,BANNA,-1,sesotho,t ba ea chankaneng ka bosholu
BANNA BA EA $T$ KA BOSHOLU,CHANKANENG,0,sesotho,banna ba ea t ka bosholu
$T$ SE TŠOARELOA THUPELO,SEPOLESA,1,sesotho,t se tšoareloa thupelo
SEPOLESA SE TŠOARELOA $T$,THUPELO,1,sesotho,sepolesa se tšoareloa t
$T$ O QOSOA KA LETOTO LA LITLOLO TSA MOLAO,MONNA,-1,sesotho,t o qosoa ka letoto la litlolo tsa molao
MONNA O QOSOA KA LETOTO LA $T$,LITLOLO TSA MOLAO,-1,sesotho,monna o qosoa ka letoto la t
$T$ O ELETSA BACHA HO KHOA LITLOLONG TSA MOLAO,MOOKAMELI,1,sesotho,t o eletsa bacha ho khoa litlolong tsa molao
MOOKAMELI O ELETSA $T$ HO KHOA LITLOLONG TSA MOLAO,BACHA,0,sesotho,mookameli o eletsa t ho khoa litlolong tsa molao
MOOKAMELI O ELETSA BACHA HO KHOA $T$,LITLOLONG TSA MOLAO,-1,sesotho,mookameli o eletsa bacha ho khoa t
LETŠOLO LA 'MUSO LA HO HLOEKISA $T$,NAHA,1,sesotho,letšolo la muso la ho hloekisa t
$T$ LA HO HLOEKISA NAHA,LETŠOLO LA 'MUSO,0,sesotho,t la ho hloekisa naha
$T$ LE RUPELA LITICHERE,LEFAPHA LA LITIMA-MOLLO LE PHOLOSO,1,sesotho,t le rupela litichere
LEFAPHA LA LITIMA-MOLLO LE PHOLOSO LE RUPELA $T$,LITICHERE,0,sesotho,lefapha la litimamollo le pholoso le rupela t
BA QETA LILEMO TSE 25 BA NTSE BA SEBELETSA $T$,SECHABA,0,sesotho,ba qeta lilemo tse 25 ba ntse ba sebeletsa t
BA QOSOA KA BOSHOLU BA $T$,MERATHATHA,-1,sesotho,ba qosoa ka bosholu ba t
$T$ SE FUOA MABONE KE KOMPONE,SEPOLESA,1,sesotho,t se fuoa mabone ke kompone
SEPOLESA SE FUOA $T$ KE KOMPONE,MABONE,0,sesotho,sepolesa se fuoa t ke kompone
SEPOLESA SE FUOA MABONE KE $T$,KOMPONE,1,sesotho,sepolesa se fuoa mabone ke t
KHABARENG $T$ O LUMELA MOLATO,MONNA,1,sesotho,khabareng t o lumela molato
$T$ A MACHA A FUMANTŠOA THUPELO,MAPOLESA,0,sesotho,t a macha a fumantšoa thupelo
MAPOLESA A MACHA A FUMANTŠOA $T$,THUPELO,1,sesotho,mapolesa a macha a fumantšoa t
$T$ O AHLOLOA M8 000 KA HO HLOMPHOLLA BORENA,MONNA,-1,sesotho,t o ahloloa m8 000 ka ho hlompholla borena
MONNA O AHLOLOA M8 000 KA HO HLOMPHOLLA $T$,BORENA,0,sesotho,monna o ahloloa m8 000 ka ho hlompholla t
$T$ O FUMANOA A LE MOLATO OA HO RUA SETHUNYA KA THOKO HO MOLAO,MONNA,-1,sesotho,t o fumanoa a le molato oa ho rua sethunya ka thoko ho molao
MONNA O FUMANOA A LE MOLATO OA HO RUA $T$ KA THOKO HO MOLAO,SETHUNYA,-1,sesotho,monna o fumanoa a le molato oa ho rua t ka thoko ho molao
MONNA O FUMANOA A LE MOLATO OA HO RUA SETHUNYA KA THOKO HO $T$,MOLAO,0,sesotho,monna o fumanoa a le molato oa ho rua sethunya ka thoko ho t
$T$ SE FUMANTŠOA THUPELO,SEPOLESA,0,sesotho,t se fumantšoa thupelo
SEPOLESA SE FUMANTŠOA $T$,THUPELO,1,sesotho,sepolesa se fumantšoa t
$T$ O QOSOA KA HO TLOLA MELAO EA NAHA,MONNA,-1,sesotho,t o qosoa ka ho tlola melao ea naha
MONNA O QOSOA KA HO TLOLA $T$,MELAO EA NAHA,0,sesotho,monna o qosoa ka ho tlola t
$T$ BA FUMANOA HAHA BA NTSE BA HLABA LIPOLI,BANNA,-1,sesotho,t ba fumanoa haha ba ntse ba hlaba lipoli
BANNA BA FUMANOA HAHA BA NTSE BA HLABA $T$,LIPOLI,0,sesotho,banna ba fumanoa haha ba ntse ba hlaba t
$T$ A ETELA SEKOLO,MAPOLESA A BASALI,1,sesotho,t a etela sekolo
MAPOLESA A BASALI A ETELA $T$,SEKOLO,0,sesotho,mapolesa a basali a etela t
TLHOKOMELISO HO $T$,SECHABA,0,sesotho,tlhokomeliso ho t
$T$ BA ITLHAPHOLA KA NKU EA MONG’A EONA,BATŠOARUOA,-1,sesotho,t ba itlhaphola ka nku ea monga eona
BATŠOARUOA BA ITLHAPHOLA KA $T$ EA MONG’A EONA,NKU,0,sesotho,batšoaruoa ba itlhaphola ka t ea monga eona
$T$ E TLABOLA SELEKANE,MEKHATLO,1,sesotho,t e tlabola selekane
MEKHATLO E TLABOLA $T$,SELEKANE,0,sesotho,mekhatlo e tlabola t
$T$ O AHLOLOA SELEMO CHANKANENG KA HO BA LE KHOMO EA FATŠE,MONNA,-1,sesotho,t o ahloloa selemo chankaneng ka ho ba le khomo ea fatše
MONNA O AHLOLOA SELEMO $T$ KA HO BA LE KHOMO EA FATŠE,CHANKANENG,0,sesotho,monna o ahloloa selemo t ka ho ba le khomo ea fatše
MONNA O AHLOLOA SELEMO CHANKANENG KA HO BA LE $T$,KHOMO EA FATŠE,0,sesotho,monna o ahloloa selemo chankaneng ka ho ba le t
$T$ SE PHUTHA MASAPO A MOTHO MOTEBONG OA SESOLE,SEPOLESA,1,sesotho,t se phutha masapo a motho motebong oa sesole
SEPOLESA SE PHUTHA $T$ MOTEBONG OA SESOLE,MASAPO A MOTHO,-1,sesotho,sepolesa se phutha t motebong oa sesole
SEPOLESA SE PHUTHA MASAPO A MOTHO $T$,MOTEBONG OA SESOLE,0,sesotho,sepolesa se phutha masapo a motho t
$T$ O TOBANE LE LINYEOE TSE THARO,MONNA,-1,sesotho,t o tobane le linyeoe tse tharo
MONNA O TOBANE LE $T$ TSE THARO,LINYEOE,0,sesotho,monna o tobane le t tse tharo
$T$ BA HLOTHA MOKOTLA O TŠETSENG MATSEBETSEBE KA SENYANYATSI,BANNA,-1,sesotho,t ba hlotha mokotla o tšetseng matsebetsebe ka senyanyatsi
BANNA BA HLOTHA $T$ O TŠETSENG MATSEBETSEBE KA SENYANYATSI,MOKOTLA,1,sesotho,banna ba hlotha t o tšetseng matsebetsebe ka senyanyatsi
BANNA BA HLOTHA MOKOTLA O TŠETSENG MATSEBETSEBE KA $T$,SENYANYATSI,-1,sesotho,banna ba hlotha mokotla o tšetseng matsebetsebe ka t
BANA BA BELAELLOA POLAONG EA $T$ KA MOTHAMAHANE BA HLAHA KHOTLA,MOSALI,-1,sesotho,bana ba belaelloa polaong ea t ka mothamahane ba hlaha khotla
BANA BA BELAELLOA POLAONG EA MOSALI KA MOTHAMAHANE BA HLAHA $T$,KHOTLA,0,sesotho,bana ba belaelloa polaong ea mosali ka mothamahane ba hlaha t
$T$ BA AHLOLOA KA LITHUNYA TSE SENG MOLAONG,BANNA,-1,sesotho,t ba ahloloa ka lithunya tse seng molaong
BANNA BA AHLOLOA KA $T$ TSE SENG MOLAONG,LITHUNYA,-1,sesotho,banna ba ahloloa ka t tse seng molaong
$T$ O FUMANA KAHLOLO EA KHOEBISANO KA BATHO,MONNA,-1,sesotho,t o fumana kahlolo ea khoebisano ka batho
MONNA O FUMANA KAHLOLO EA KHOEBISANO KA $T$,BATHO,-1,sesotho,monna o fumana kahlolo ea khoebisano ka t
$T$ LE FUMANA MONNA A LE MOLATO KA BOSHOLU BA LIPHOOFOLO,LEKHOTLA,0,sesotho,t le fumana monna a le molato ka bosholu ba liphoofolo
LEKHOTLA LE FUMANA $T$ A LE MOLATO KA BOSHOLU BA LIPHOOFOLO,MONNA,-1,sesotho,lekhotla le fumana t a le molato ka bosholu ba liphoofolo
LEKHOTLA LE FUMANA MONNA A LE MOLATO KA BOSHOLU BA $T$,LIPHOOFOLO,-1,sesotho,lekhotla le fumana monna a le molato ka bosholu ba t
$T$ LI FUMANOA LI SOLLA THABENG,LIKHOMO,-1,sesotho,t li fumanoa li solla thabeng
LIKHOMO LI FUMANOA LI SOLLA $T$,THABENG,0,sesotho,likhomo li fumanoa li solla t
$T$ BA MATJALENG KA HO HLABA RAMO EA MOTHO,BANNA,-1,sesotho,t ba matjaleng ka ho hlaba ramo ea motho
BANNA BA MATJALENG KA HO HLABA $T$ EA MOTHO,RAMO,-1,sesotho,banna ba matjaleng ka ho hlaba t ea motho
$T$ O TŠOARA MOLEPO,MOKHATLO,0,sesotho,t o tšoara molepo
MOKHATLO O TŠOARA $T$,MOLEPO,0,sesotho,mokhatlo o tšoara t
$T$ SE FUMANA THEPA EA BOSHOLU KA HO SALA MONYENYETSI MORAO,SEPOLESA,1,sesotho,t se fumana thepa ea bosholu ka ho sala monyenyetsi morao
SEPOLESA SE FUMANA $T$ KA HO SALA MONYENYETSI MORAO,THEPA EA BOSHOLU,-1,sesotho,sepolesa se fumana t ka ho sala monyenyetsi morao
BA TSOHELA $T$ MATLA,LEPOLESA LA MOSALI,-1,sesotho,ba tsohela t matla
$T$ O TJAMETSOE KE QOSO EA HO KHAKHATHA MOTHO,MONNA,-1,sesotho,t o tjametsoe ke qoso ea ho khakhatha motho
MONNA O TJAMETSOE KE QOSO EA HO KHAKHATHA $T$,MOTHO,-1,sesotho,monna o tjametsoe ke qoso ea ho khakhatha t
$T$ LI INOLA MOTHO,LIQOILI TSA SEPOLESA,1,sesotho,t li inola motho
LIQOILI TSA SEPOLESA LI INOLA $T$,MOTHO,0,sesotho,liqoili tsa sepolesa li inola t
$T$ SE PHURA LESHOETLA LE BAITŠUKULI,SEPOLESA,1,sesotho,t se phura leshoetla le baitšukuli
SEPOLESA SE PHURA LESHOETLA LE $T$,BAITŠUKULI,0,sesotho,sepolesa se phura leshoetla le t
$T$ BA ETELOA KE MOKHATLO OA MAPOLESA A BASALI,BARUTOA BA SEKOLO,1,sesotho,t ba eteloa ke mokhatlo oa mapolesa a basali
BARUTOANA BA SEKOLO BA ETELOA KE $T$,MOKHATLO OA MAPOLESA A BASALI,0,sesotho,barutoana ba sekolo ba eteloa ke t
O BATLA $T$ A M30 000,MASIBA A MPSHE,-1,sesotho,o batla t a m30 000
$T$ A TLA RE KHALO MOSE,MAPOLESA,1,sesotho,t a tla re khalo mose
MAPOLESA A TLA RE KHALO $T$,MOSE,0,sesotho,mapolesa a tla re khalo t
$T$ LE LAHLELA MOLATA KA BANNENG,LEKHOTLA,0,sesotho,t le lahlela molata ka banneng
LEKHOTLA LE LAHLELA $T$ KA BANNENG,MOLATA,-1,sesotho,lekhotla le lahlela t ka banneng
$T$ O TOBANE LE NYEOE EA TEKO EA BOQHEKANYETSI,MOSALI,-1,sesotho,t o tobane le nyeoe ea teko ea boqhekanyetsi
MOSALI O TOBANE LE $T$ EA TEKO EA BOQHEKANYETSI,NYEOE,-1,sesotho,mosali o tobane le t ea teko ea boqhekanyetsi
SEKOLO SE PHAHAMENG SE ETELOA KE $T$,SEPOLESA,0,sesotho,sekolo se phahameng se eteloa ke t
$T$ SE ETELOA KE SEPOLESA,SEKOLO SE PHAHAMENG,1,sesotho,t se eteloa ke sepolesa
$T$ BA KHOLA PHALO HA BA ELELLOA HORE BA KENTSOE MEREBELE,BANNA,-1,sesotho,t ba khola phalo ha ba elelloa hore ba kentsoe merebele
$T$ O IPHANYEHA PONTŠENG EA NGOANA,MONNA,-1,sesotho,t o iphanyeha pontšeng ea ngoana
MONNA O IPHANYEHA PONTŠENG EA $T$,NGOANA,0,sesotho,monna o iphanyeha pontšeng ea t
$T$ BA PHOLOSA LIKHOMO LEHANONG LA TAU,BANNA,1,sesotho,t ba pholosa likhomo lehanong la tau
BANNA BA PHOLOSA $T$ LEHANONG LA TAU,LIKHOMO,0,sesotho,banna ba pholosa t lehanong la tau
$T$ O HLAHA KHOTLA HAPE KA LITLOLO TSA MOLAO,MONNA,-1,sesotho,t o hlaha khotla hape ka litlolo tsa molao
MONNA O HLAHA $T$ HAPE KA LITLOLO TSA MOLAO,KHOTLA,0,sesotho,monna o hlaha t hape ka litlolo tsa molao
MONNA O HLAHA KHOTLA HAPE KA $T$,LITLOLO TSA MOLAO,-1,sesotho,monna o hlaha khotla hape ka t
$T$ O HLABELA MOSALI OA HAE LEFU,MONNA,-1,sesotho,t o hlabela mosali oa hae lefu
MONNA O HLABELA $T$ OA HAE LEFU,MOSALI,-1,sesotho,monna o hlabela t oa hae lefu
$T$ BA SEBETSANG BA ETELA KEREKE,BASALI,1,sesotho,t ba sebetsang ba etela kereke
BASALI BA SEBETSANG BA ETELA $T$,KEREKE,0,sesotho,basali ba sebetsang ba etela t
$T$ SE THEHA SETSOALLE LE TAMENE,SEPOLESA,1,sesotho,t se theha setsoalle le tamene
SEPOLESA SE THEHA SETSOALLE LE $T$,TAMENE,1,sesotho,sepolesa se theha setsoalle le t
O KOKONA $T$ E IKETSENG,KOMPONE,-1,sesotho,o kokona t e iketseng
$T$ LIA NYAMELA,LINKU TSA NKHONO,-1,sesotho,t lia nyamela
$T$ BA BEHOA KA PELE HO MAKHOTLA KA LEBAKA LA BOHLASOA,BATHO,-1,sesotho,t ba behoa ka pele ho makhotla ka lebaka la bohlasoa
BATHO BA BEHOA KA PELE HO $T$ KA LEBAKA LA BOHLASOA,MAKHOTLA,0,sesotho,batho ba behoa ka pele ho t ka lebaka la bohlasoa
$T$ LI TSOA KANO TLASE,LITHO TSA SEPOLESA,-1,sesotho,t li tsoa kano tlase
LITHO TSA SEPOLESA LI TSOA $T$ TLASE,KANO,0,sesotho,litho tsa sepolesa li tsoa t tlase
$T$ O QOSOA KA BOMENEMENE,MOPOLOTIKI,-1,sesotho,t o qosoa ka bomenemene
RUA TSEBO KA $T$ SA HENO,MAFAPHA A SEPOLESA,0,sesotho,rua tsebo ka t sa heno
$T$ E FA SEPOLESA KOLOI,KOMPONE EA LITAEMANE,1,sesotho,t e fa sepolesa koloi
KOMPONE EA LITAEMANE E FA $T$ KOLOI,SEPOLESA,0,sesotho,kompone ea litaemane e fa t koloi
KOMPONE EA LITAEMANE E FA SEPOLESA $T$,KOLOI,0,sesotho,kompone ea litaemane e fa sepolesa t
$T$ LE ETELA METEBO EA SEPOLESA,LETONA,1,sesotho,t le etela metebo ea sepolesa
LETONA LE ETELA $T$,METEBO EA SEPOLESA,0,sesotho,letona le etela t
$T$ O KETEKA LE BASALI,MOTLATSI OA TONAKHOLO,1,sesotho,t o keteka le basali
MOTLATSI OA TONAKHOLO O KETEKA LE $T$,BASALI,1,sesotho,motlatsi oa tonakholo o keteka le t
$T$ SE ETELOA KE TONAKHOLO,SEKOLO SE PHAHAMENG,1,sesotho,t se eteloa ke tonakholo
$T$ O NKHA LEFOTHA LEFUNG LA MONNA OA HAE,MOSALI,-1,sesotho,t o nkha lefotha lefung la monna oa hae
MOSALI O NKHA LEFOTHA LEFUNG LA $T$,MONNA OA HAE,-1,sesotho,mosali o nkha lefotha lefung la t
HO QHOMA $T$ E MAHLO-MAFUBELU,NTOA,-1,sesotho,ho qhoma t e mahlomafubelu
$T$ E KOALA KHOELI EA BASALI KA NOTO E HOLIMO,KEREKE,1,sesotho,t e koala khoeli ea basali ka noto e holimo
KEREKE E KOALA $T$ KA NOTO E HOLIMO,KHOELI EA BASALI,0,sesotho,kereke e koala t ka noto e holimo
$T$ O FUMANOA A LE MOLATO OA HO BA LE MAHLAAHLELA,MONNA,-1,sesotho,t o fumanoa a le molato oa ho ba le mahlaahlela
MONNA O FUMANOA A LE MOLATO OA HO BA LE $T$,MAHLAAHLELA,-1,sesotho,monna o fumanoa a le molato oa ho ba le t
$T$ O BEHOA KA PELE HO LEKHOTLA KA LEBAKA LA MOSESE,MOQHOBI,-1,sesotho,t o behoa ka pele ho lekhotla ka lebaka la mosese
MOQHOBI O BEHOA KA PELE HO $T$ KA LEBAKA LA MOSESE,LEKHOTLA,0,sesotho,moqhobi o behoa ka pele ho t ka lebaka la mosese
MOQHOBI O BEHOA KA PELE HO LEKHOTLA KA LEBAKA LA $T$,MOSESE,0,sesotho,moqhobi o behoa ka pele ho lekhotla ka lebaka la t
$T$ SE BUA LE SECHABA,SEPOLESA,1,sesotho,t se bua le sechaba
SEPOLESA SE BUA LE $T$,SECHABA,1,sesotho,sepolesa se bua le t
$T$ O AHLOLOA LILEMO TSE 12 NTLE LE HO ITEFELLA,MOHLORISI OA LIHOAI,-1,sesotho,t o ahloloa lilemo tse 12 ntle le ho itefella
$T$ LE BUA LE BANNA BA THABA,LEPOLESA,1,sesotho,t le bua le banna ba thaba
LEPOLESA LE BUA LE $T$,BANNA BA THABA,1,sesotho,lepolesa le bua le t
$T$ E ETSA LETSOHO LA MONNA KE MOKOLLA,KOMPONE EA INSURANCE,1,sesotho,t e etsa letsoho la monna ke mokolla
$T$ TSE ILENG TSA FUMANOA LI SOLLA LI KHUTLELA NAHENG EA BOAHISANE,LIKHOMO,1,sesotho,t tse ileng tsa fumanoa li solla li khutlela naheng ea boahisane
LIKHOMO TSE ILENG TSA FUMANOA LI SOLLA LI KHUTLELA $T$,NAHENG EA BOAHISANE,0,sesotho,likhomo tse ileng tsa fumanoa li solla li khutlela t
$T$ O BELAELLOA KA BOQHEKANYETSI BA JOALA BA M90 000,MOSHANYANA,-1,sesotho,t o belaelloa ka boqhekanyetsi ba joala ba m90 000
MOSHANYANA O BELAELLOA KA BOQHEKANYETSI BA $T$ BA M90 000,JOALA,1,sesotho,moshanyana o belaelloa ka boqhekanyetsi ba t ba m90 000
$T$ SE PHAHLA LIBETSA TSE KOTSI MATSOHONG A SELE,SEPOLESA,1,sesotho,t se phahla libetsa tse kotsi matsohong a sele
SEPOLESA SE PHAHLA $T$ TSE KOTSI MATSOHONG A SELE,LIBETSA,-1,sesotho,sepolesa se phahla t tse kotsi matsohong a sele
$T$ O FUMANOA A KHAOTSOE HLOOHO,MONNA,-1,sesotho,t o fumanoa a khaotsoe hlooho
MONNA O FUMANOA A KHAOTSOE $T$,HLOOHO,0,sesotho,monna o fumanoa a khaotsoe t
$T$ A MENGOA KE LEHAE LA LIKHUTSANA,MAPOLESA A BASALI,1,sesotho,t a mengoa ke lehae la likhutsana
MAPOLESA A BASALI A MENGOA KE $T$,LEHAE LA LIKHUTSANA,0,sesotho,mapolesa a basali a mengoa ke t
$T$ BA ETELA LIKOLO,BASALI BA SEPOLESA LE MAKOSTABOLE,1,sesotho,t ba etela likolo
BASALI BA SEPOLESA LE MAKOSTABOLE BA ETELA $T$,LIKOLO,0,sesotho,basali ba sepolesa le makostabole ba etela t
$T$ BA BEHA KHUTLO KETEKELO EA KHOELI EA MOSALI OA MOAFRIKA,BASALI,1,sesotho,t ba beha khutlo ketekelo ea khoeli ea mosali oa moafrika
BASALI BA BEHA KHUTLO $T$,KETEKELO EA KHOELI EA MOSALI OA MOAFRIKA,1,sesotho,basali ba beha khutlo t
$T$ BA BEHA MEJA FATŠE HO EA QALA BOPHELO BOCHA,BATHO,1,sesotho,t ba beha meja fatše ho ea qala bophelo bocha
BANNA BA AHLOLOA LIKHOELI TSE HLANO $T$,SAKALEHOLO,0,sesotho,banna ba ahloloa likhoeli tse hlano t
$T$ BA AHLOLOA LIKHOELI TSE HLANO $T$,BANNA,-1,sesotho,t ba ahloloa likhoeli tse hlano t
$T$ E IPHETOLA LITHO TSA SEPOLESA,MEKHALAJOE,-1,sesotho,t e iphetola litho tsa sepolesa
MEKHALAJOE E IPHETOLA $T$,LITHO TSA SEPOLESA,0,sesotho,mekhalajoe e iphetola t
MEKHATLO E FA $T$ KOLOI,SEPOLESA,0,sesotho,mekhatlo e fa t koloi
MEKHATLO E FA SEPOLESA $T$,KOLOI,0,sesotho,mekhatlo e fa sepolesa t
$T$ SE KOALA KHOELI EA MOSALI OA MO-AFRIKA,SETEREKE,1,sesotho,t se koala khoeli ea mosali oa moafrika
SETEREKE SE KOALA $T$,KHOELI EA MOSALI OA MO-AFRIKA,0,sesotho,setereke se koala t
$T$ BA LIPOLAO TSE SOTO BA HLAHA KHOTLA,BABELAELLOA,-1,sesotho,t ba lipolao tse soto ba hlaha khotla
BABELAELLOA BA LIPOLAO TSE SOTO BA HLAHA $T$,KHOTLA,0,sesotho,babelaelloa ba lipolao tse soto ba hlaha t
$T$ O TOBANE LE QOSO EA HO QHEKETSA,MOHLANKA,-1,sesotho,t o tobane le qoso ea ho qheketsa
$T$ SE EPELA SECHABA PITSO,SEPOLESA,1,sesotho,t se epela sechaba pitso
SEPOLESA SE EPELA $T$ PITSO,SECHABA,0,sesotho,sepolesa se epela t pitso
SEPOLESA SE EPELA SECHABA $T$,PITSO,1,sesotho,sepolesa se epela sechaba t
$T$ O FENETHOA LE PELE A PATA MOHATSA’E,MONNA,-1,sesotho,t o fenethoa le pele a pata mohatsae
MONNA O FENETHOA LE PELE A PATA $T$,MOHATSA'E,0,sesotho,monna o fenethoa le pele a pata t
$T$ A KHOTHATSA MAPOLESA A BASALI,MAHOKELA,1,sesotho,t a khothatsa mapolesa a basali
MAHOKELA A KHOTHATSA $T$,MAPOLESA A BASALI,0,sesotho,mahokela a khothatsa t
$T$O LLELOA KE LITŠEPE KA POLAO,MOSHANYANA,-1,sesotho,to lleloa ke litšepe ka polao
$T$ O HLAHA KHOTLA KA HO HLEKEFETSA KA MOTABO,MONNA,-1,sesotho,t o hlaha khotla ka ho hlekefetsa ka motabo
MONNA O HLAHA $T$ KA HO HLEKEFETSA KA MOTABO,KHOTLA,0,sesotho,monna o hlaha t ka ho hlekefetsa ka motabo
$T$ O FUMANOA KA HAR’A LETAMO LA MALI,MONNA,-1,sesotho,t o fumanoa ka hara letamo la mali
MONNA O FUMANOA KA HAR’A LETAMO LA $T$,MALI,-1,sesotho,monna o fumanoa ka hara letamo la t
$T$ O QOSOA KA POLAO LE BOSHOLU BA BOQHOBANE,MONNA,-1,sesotho,t o qosoa ka polao le bosholu ba boqhobane
$T$ O FELLOA KE BOPHELO KA PELAELLO EA PETO,MONNA,-1,sesotho,t o felloa ke bophelo ka pelaello ea peto
$T$ O TLOTLA LITHO TSE PELI TSA SEPOLESA,MOKHATLO,1,sesotho,t o tlotla litho tse peli tsa sepolesa
MOKHATLO O TLOTLA LITHO TSE PELI TSA $T$,SEPOLESA,1,sesotho,mokhatlo o tlotla litho tse peli tsa t
HO FUMANOA $T$,SETOPO SA MOSALI,-1,sesotho,ho fumanoa t
$T$ E TŠOELA TLHEKEFETSO KA MATHE,KOMPONE EA MARANGRANG,1,sesotho,t e tšoela tlhekefetso ka mathe
$T$ EA BAHOEBI BA BANYENYANE,MEMO,1,sesotho,t ea bahoebi ba banyenyane
MEMO EA $T$,BAHOEBI BA BANYENYANE,0,sesotho,memo ea t
$T$ O QOSETSOA HO IKETSA MOOKAMELI OA SEPOLESA,MONNA,-1,sesotho,t o qosetsoa ho iketsa mookameli oa sepolesa
MONNA O QOSETSOA HO IKETSA $T$,MOOKAMELI OA SEPOLESA,0,sesotho,monna o qosetsoa ho iketsa t
MONNA O QOSOA KA POLAO LE HO CHESA $T$,'M'AE,-1,sesotho,monna o qosoa ka polao le ho chesa t
$T$ BA AHLOLELOA HO SITISA MAPOLESA HO SEBETSA,BANNA,-1,sesotho,t ba ahloleloa ho sitisa mapolesa ho sebetsa
BANNA BA AHLOLELOA HO SITISA $T$ HO SEBETSA,MAPOLESA,-1,sesotho,banna ba ahloleloa ho sitisa t ho sebetsa
$T$ O NKELOA CHELETE KA MASENE,MOKHATLO,-1,sesotho,t o nkeloa chelete ka masene
MOKHATLO O NKELOA $T$ KA MASENE,CHELETE,0,sesotho,mokhatlo o nkeloa t ka masene
$T$ BA HAPA CHELETE E HAKANYETSOANG HO M80 000 KA BOQHEKANYETSI,BANNA,-1,sesotho,t ba hapa chelete e hakanyetsoang ho m80 000 ka boqhekanyetsi
BANNA BA HAPA $T$ E HAKANYETSOANG HO M80 000 KA BOQHEKANYETSI,CHELETE,1,sesotho,banna ba hapa t e hakanyetsoang ho m80 000 ka boqhekanyetsi
BA QOSOA KA HO BULA $T$ KA THOKO HO MOLAO,SEKOLO,-1,sesotho,ba qosoa ka ho bula t ka thoko ho molao
BA QOSOA KA HO BULA SEKOLO KA THOKO HO $T$,MOLAO,0,sesotho,ba qosoa ka ho bula sekolo ka thoko ho t
$T$ A MO HLAHA LESUMATHA,MAFOKISI,1,sesotho,t a mo hlaha lesumatha
$T$ E NEHELANA KA MOAHO HO SEPOLESA,KOMPONE,1,sesotho,t e nehelana ka moaho ho sepolesa
KOMPONE E NEHELANA KA $T$ HO SEPOLESA,MOAHO,0,sesotho,kompone e nehelana ka t ho sepolesa
KOMPONE E NEHELANA KA MOAHO HO $T$,SEPOLESA,0,sesotho,kompone e nehelana ka moaho ho t
$T$ HETLA MORAO MOO RE TSOANG TENG,RE,0,sesotho,t hetla morao moo re tsoang teng
$T$ O REKISETSA BATHO LITOKOMANE TSA MOKUNYATA,MONNA,-1,sesotho,t o rekisetsa batho litokomane tsa mokunyata
MONNA O REKISETSA $T$ LITOKOMANE TSA MOKUNYATA,BATHO,0,sesotho,monna o rekisetsa t litokomane tsa mokunyata
MONNA O REKISETSA BATHO $T$ TSA MOKUNYATA,LITOKOMANE,-1,sesotho,monna o rekisetsa batho t tsa mokunyata
$T$ O MO BATA LE SA TŠELOENG KE NTA HO TSEKOA PAMPIRI EA KOAE,MONNA,-1,sesotho,t o mo bata le sa tšeloeng ke nta ho tsekoa pampiri ea koae
MONNA O MO BATA LE SA TŠELOENG KE NTA HO TSEKOA $T$,PAMPIRI EA KOAE,0,sesotho,monna o mo bata le sa tšeloeng ke nta ho tsekoa t
$T$ SE ETELA SECHABA,SEPOLESA,1,sesotho,t se etela sechaba
SEPOLESA SE ETELA $T$,SECHABA,0,sesotho,sepolesa se etela t
$T$ BA QOSOA KA BOSHOLU BA THEPA EA BOLENG BA M265 000,BANNA,-1,sesotho,t ba qosoa ka bosholu ba thepa ea boleng ba m265 000
BANNA BA QOSOA KA BOSHOLU BA $T$ EA BOLENG BA M265 000,THEPA,1,sesotho,banna ba qosoa ka bosholu ba t ea boleng ba m265 000
$T$ O AHLOLOA LILEMO TSE LESHOME KE LEKHOTLA,MONNA,-1,sesotho,t o ahloloa lilemo tse leshome ke lekhotla
MONNA O AHLOLOA LILEMO TSE LESHOME KE $T$,LEKHOTLA,0,sesotho,monna o ahloloa lilemo tse leshome ke t
HA BA RE TLA BA THULANA LE $T$ MOTSENG,THIBELLA,-1,sesotho,ha ba re tla ba thulana le t motseng
$T$ O EMETSE NYEOE EA POLAO A LE KA TORONKONG,MONNA,-1,sesotho,t o emetse nyeoe ea polao a le ka toronkong
MONNA O EMETSE $T$ EA POLAO A LE KA TORONKONG,NYEOE,-1,sesotho,monna o emetse t ea polao a le ka toronkong
MONNA O EMETSE NYEOE EA POLAO A LE KA $T$,TORONKONG,0,sesotho,monna o emetse nyeoe ea polao a le ka t
RE HETLA MORAO RE KENA KA $T$,OFISING EA MOOKAMELI OA SEPOLESA,0,sesotho,re hetla morao re kena ka t
$T$ HA O BUTSOE HO LATELA TAKATSO EA TŠOENE,MONOKOTŠOAI,-1,sesotho,t ha o butsoe ho latela takatso ea tšoene
MONOKOTŠOAI HA O BUTSOE HO LATELA $T$,TAKATSO EA TŠOENE,0,sesotho,monokotšoai ha o butsoe ho latela t
$T$ SE KENA LIPAKENG,SEPOLESA,1,sesotho,t se kena lipakeng
$T$ LE MAHOKELA BA PHURA LESHOETLA,SEPOLESA,1,sesotho,t le mahokela ba phura leshoetla
SEPOLESA LE $T$ BA PHURA LESHOETLA,MAHOKELA,1,sesotho,sepolesa le t ba phura leshoetla
$T$ SE HLAHLOBA MEHLAPE,SEPOLESA,1,sesotho,t se hlahloba mehlape
SEPOLESA SE HLAHLOBA $T$,MEHLAPE,0,sesotho,sepolesa se hlahloba t
$T$ LE MAHOKELA BA ETSA MERALO,SEPOLESA,1,sesotho,t le mahokela ba etsa meralo
SEPOLESA LE $T$ BA ETSA MERALO,MAHOKELA,1,sesotho,sepolesa le t ba etsa meralo
$T$ O FA SEPOLESA MOAHO,MOKHATLO,1,sesotho,t o fa sepolesa moaho
MOKHATLO O FA $T$ MOAHO,SEPOLESA,0,sesotho,mokhatlo o fa t moaho
MOKHATLO O FA SEPOLESA $T$,MOAHO,0,sesotho,mokhatlo o fa sepolesa t
$T$ BA KENA-KENANA LE LEBITLA BA KHAOLA SETOPO HLOOHO,BANNA,-1,sesotho,t ba kenakenana le lebitla ba khaola setopo hlooho
BANNA BA KENA-KENANA LE $T$ BA KHAOLA SETOPO HLOOHO,LEBITLA,0,sesotho,banna ba kenakenana le t ba khaola setopo hlooho
BANNA BA KENA-KENANA LE LEBITLA BA KHAOLA $T$ HLOOHO,SETOPO,-1,sesotho,banna ba kenakenana le lebitla ba khaola t hlooho
BANNA BA KENA-KENANA LE LEBITLA BA KHAOLA SETOPO $T$,HLOOHO,0,sesotho,banna ba kenakenana le lebitla ba khaola setopo t
$T$ O BOLAELOA SETHIBA-MATHE,MONNA,-1,sesotho,t o bolaeloa sethibamathe
MONNA O BOLAELOA $T$,SETHIBA-MATHE,0,sesotho,monna o bolaeloa t
$T$ BANA BA NTSE BA BATLOA KE SEPOLESA,BANNA,-1,sesotho,t bana ba ntse ba batloa ke sepolesa
BANNA BANA BA NTSE BA BATLOA KE $T$,SEPOLESA,0,sesotho,banna bana ba ntse ba batloa ke t
$T$ SE FUMANA SETOPO SA MOHLOMPHEHI KA BUTING,SEPOLENG,-1,sesotho,t se fumana setopo sa mohlomphehi ka buting
SEPOLESA SE FUMANA $T$ SA MOHLOMPHEHI KA BUTING,SETOPO,-1,sesotho,sepolesa se fumana t sa mohlomphehi ka buting
SEPOLESA SE FUMANA SETOPO SA MOHLOMPHEHI KA $T$,BUTING,0,sesotho,sepolesa se fumana setopo sa mohlomphehi ka t
$T$ O TSOA KA NTŠOE LI SA FOHLOA MOTSENG,MONNA,-1,sesotho,t o tsoa ka ntšoe li sa fohloa motseng
MONNA O TSOA KA NTŠOE LI SA FOHLOA $T$,MOTSENG,0,sesotho,monna o tsoa ka ntšoe li sa fohloa t
$T$ A PHUTHOA KE SEPOLESA,MASAPO A MONNA,-1,sesotho,t a phuthoa ke sepolesa
MASAPO A MONNA A PHUTHOA KE $T$,SEPOLESA,0,sesotho,masapo a monna a phuthoa ke t
RE TLA SEBELETSA $T$ KA BOITELO KA LINAKO TSOHLE,SECHABA,0,sesotho,re tla sebeletsa t ka boitelo ka linako tsohle
$T$ TLA SEBELETSA SECHABA KA BOITELO KA LINAKO TSOHLE,RE,1,sesotho,t tla sebeletsa sechaba ka boitelo ka linako tsohle
SECHABA SE ETELOA KE $T$,SEPOLESA,0,sesotho,sechaba se eteloa ke t
$T$ BA LLELOA KE LITŠEPE,BANNA,-1,sesotho,t ba lleloa ke litšepe
$T$ LI HLATSISOA RAPOLASI,LIKHOMO,1,sesotho,t li hlatsisoa rapolasi
LIKHOMO LI HLATSISOA $T$,RAPOLASI,-1,sesotho,likhomo li hlatsisoa t
MONNA O QOSOA KA HO KENA KA HARA $T$ KA KHOROANA TSA MATSA,NAHA,0,sesotho,monna o qosoa ka ho kena ka hara t ka khoroana tsa matsa
$T$ O QOSOA KA HO KENA KA HARA NAHA KA KHOROANA TSA MATSA,MONNA,-1,sesotho,t o qosoa ka ho kena ka hara naha ka khoroana tsa matsa
HO CHA $T$ HO SALA MOLORA,KHONG,-1,sesotho,ho cha t ho sala molora
HO CHA KHONG HO SALA $T$,MOLORA,0,sesotho,ho cha khong ho sala t
$T$ O PHUTHOA KE SEPOLESA E SE E LE MOFU,MOTHO,-1,sesotho,t o phuthoa ke sepolesa e se e le mofu
MOTHO O PHUTHOA KE $T$ E SE E LE MOFU,SEPOLESA,0,sesotho,motho o phuthoa ke t e se e le mofu
MOTHO O PHUTHOA KE SEPOLESA E SE E LE $T$,MOFU,-1,sesotho,motho o phuthoa ke sepolesa e se e le t
$T$ BA FUMANOA BA BAPALA PAPALI E SENG MOLAONG,BANNA,-1,sesotho,t ba fumanoa ba bapala papali e seng molaong
BANNA BA FUMANOA BA BAPALA $T$ E SENG MOLAONG,PAPALI,-1,sesotho,banna ba fumanoa ba bapala t e seng molaong
$T$ BA FUOA THUPELO KA KOTSI E KA BAKOANG KE MOLLO,BANA,1,sesotho,t ba fuoa thupelo ka kotsi e ka bakoang ke mollo
BANA BA FUOA $T$ KA KOTSI E KA BAKOANG KE MOLLO,THUPELO,1,sesotho,bana ba fuoa t ka kotsi e ka bakoang ke mollo
BANA BA FUOA THUPELO KA KOTSI E KA BAKOANG KE $T$,MOLLO,-1,sesotho,bana ba fuoa thupelo ka kotsi e ka bakoang ke t
$T$ O ILE 'MOKENG OA TSEBELISANO EA SEPOLESA HLOAHLOENG EA AFRIKA,MOOKAMELI OA SEPOLESA,1,sesotho,t o ile mokeng oa tsebelisano ea sepolesa hloahloeng ea afrika
MOOKAMELI OA SEPOLESA O ILE $T$ OA TSEBELISANO EA SEPOLESA HLOAHLOENG EA AFRIKA,'MOKENG,1,sesotho,mookameli oa sepolesa o ile t oa tsebelisano ea sepolesa hloahloeng ea afrika
MOOKAMELI OA SEPOLESA O ILE 'MOKENG OA TSEBELISANO EA SEPOLESA HLOAHLOENG EA $T$,AFRIKA,0,sesotho,mookameli oa sepolesa o ile mokeng oa tsebelisano ea sepolesa hloahloeng ea t
$T$ BA PHURA LESHOETLA,BASALI,1,sesotho,t ba phura leshoetla
$T$ TSA NKHONO LI FUMANOA NAHENG E 'NGOE,LIKHOMO,1,sesotho,t tsa nkhono li fumanoa naheng e ngoe
LIKHOMO TSA NKHONO LI FUMANOA $T$ E 'NGOE,NAHENG,0,sesotho,likhomo tsa nkhono li fumanoa t e ngoe
$T$ O HLAHA KHOTLA KA TLHEKEFETSO KA MOTABO,MONNA,-1,sesotho,t o hlaha khotla ka tlhekefetso ka motabo
MONNA O HLAHA $T$ KA TLHEKEFETSO KA MOTABO,KHOTLA,0,sesotho,monna o hlaha t ka tlhekefetso ka motabo
MONNA O HLAHA KHOTLA KA $T$ KA MOTABO,TLHEKEFETSO,-1,sesotho,monna o hlaha khotla ka t ka motabo
$T$ O QOSOA KA HO QHEKETSA LE HO  INKELA MOO A SA BEHANG,MONNA,-1,sesotho,t o qosoa ka ho qheketsa le ho inkela moo a sa behang
$T$ E CHOPHOHILE KA MATSOHONG,TAEMANE,-1,sesotho,t e chophohile ka matsohong
TAEMANE E CHOPHOHILE KA $T$,MATSOHONG,0,sesotho,taemane e chophohile ka t
$T$ O FENETHA MOTHO,MONNA,-1,sesotho,t o fenetha motho
MONNA O FENETHA $T$,MOTHO,0,sesotho,monna o fenetha t
$T$ LE BA LIKELLA TSELENG,LETSATSI,-1,sesotho,t le ba likella tseleng
$T$ A MABAPI LE BOQHEKANYETSI HO MARANG-RANG,PHATLALATSO EA SEPOLESA,0,sesotho,t a mabapi le boqhekanyetsi ho marangrang
$T$ BO MO ROMELLA CHANKANENG LILEMO TSE 15,BOEA,-1,sesotho,t bo mo romella chankaneng lilemo tse 15
BOEA BO MO ROMELLA $T$ LILEMO TSE 15,CHANKANENG,0,sesotho,boea bo mo romella t lilemo tse 15
$T$ O QOSOA KA BOSHOLU BA THEPA EA MARANG-RANG,MONNA,-1,sesotho,t o qosoa ka bosholu ba thepa ea marangrang
MONNA O QOSOA KA BOSHOLU BA $T$,THEPA EA MARANG-RANG,0,sesotho,monna o qosoa ka bosholu ba t
$T$ O QOSOA KA KOLOI E SE NANG LINOMORO,MONNA,-1,sesotho,t o qosoa ka koloi e se nang linomoro
MONNA O QOSOA KA $T$ E SE NANG LINOMORO,KOLOI,-1,sesotho,monna o qosoa ka t e se nang linomoro
MONNA O QOSOA KA KOLOI E SE NANG $T$,LINOMORO,0,sesotho,monna o qosoa ka koloi e se nang t
$T$ BA TŠOELISA LESHOLU LIKHOMO,BALISANA,1,sesotho,t ba tšoelisa lesholu likhomo
BALISANA BA TŠOELISA $T$ LIKHOMO,LESHOLU,-1,sesotho,balisana ba tšoelisa t likhomo
BALISANA BA TŠOELISA LESHOLU $T$,LIKHOMO,0,sesotho,balisana ba tšoelisa lesholu t
$T$ O INEHELA SEPOLESENG KA MORA HO HLABA MOTHO KA THIPA,MONNA,-1,sesotho,t o inehela sepoleseng ka mora ho hlaba motho ka thipa
MONNA O INEHELA $T$ KA MORA HO HLABA MOTHO KA THIPA,SEPOLESENG,0,sesotho,monna o inehela t ka mora ho hlaba motho ka thipa
MONNA O INEHELA SEPOLESENG KA MORA HO HLABA $T$ KA THIPA,MOTHO,-1,sesotho,monna o inehela sepoleseng ka mora ho hlaba t ka thipa
MONNA O INEHELA SEPOLESENG KA MORA HO HLABA MOTHO KA $T$,THIPA,0,sesotho,monna o inehela sepoleseng ka mora ho hlaba motho ka t
$T$ BA QOSOA KA HO REKISETSA BAREKI LIJO TSE FELLETSOENG KE NAKO,BAHOEBI,-1,sesotho,t ba qosoa ka ho rekisetsa bareki lijo tse felletsoeng ke nako
BAHOEBI BA QOSOA KA HO REKISETSA $T$ LIJO TSE FELLETSOENG KE NAKO,BAREKI,0,sesotho,bahoebi ba qosoa ka ho rekisetsa t lijo tse felletsoeng ke nako
BAHOEBI BA QOSOA KA HO REKISETSA BAREKI $T$ TSE FELLETSOENG KE NAKO,LIJO,-1,sesotho,bahoebi ba qosoa ka ho rekisetsa bareki t tse felletsoeng ke nako
$T$ O KHAMA OA HAE OA LITJEPA,MONNA,-1,sesotho,t o khama oa hae oa litjepa
MONNA O KHAMA $T$,OA HAE OA LITJEPA,0,sesotho,monna o khama t
FANA KA $T$ KHAFETSA O PHOLOSE BOPHELO,MALI,1,sesotho,fana ka t khafetsa o pholose bophelo
$T$ O QOSOA KA POLAO EA MOPARAMENTE,MONNA,-1,sesotho,t o qosoa ka polao ea moparamente
MONNA O QOSOA KA POLAO EA $T$,MOPARAMENTE,0,sesotho,monna o qosoa ka polao ea t
TSEBA KA $T$,LEFAPHA LA TAOLO EA LITAEMANE LE LITHETHEFATSI,0,sesotho,tseba ka t
$T$ OA MOFU O MATJALENG,MELAELLOA,-1,sesotho,t oa mofu o matjaleng
MELAELLOA OA $T$ O MATJALENG,MOFU,-1,sesotho,melaelloa oa t o matjaleng
$T$  BA SALA MONYENYETSI MORAO,BA 'MUSO,1,sesotho,t ba sala monyenyetsi morao
$T$ BA FANA KA KOLOI SEPOLESENG,BAFANI,1,sesotho,t ba fana ka koloi sepoleseng
BAFANI BA FANA KA $T$ SEPOLESENG,KOLOI,0,sesotho,bafani ba fana ka t sepoleseng
BAFANI BA FANA KA KOLOI $T$,SEPOLESENG,0,sesotho,bafani ba fana ka koloi t
$T$ LE BA KENYA MEREBELE,LEPOLESA,1,sesotho,t le ba kenya merebele
$T$ LE BA BOLAISA SEPHALI,LEKHOTLA,1,sesotho,t le ba bolaisa sephali
LEKHOTLA LE BA BOLAISA $T$,SEPHALI,0,sesotho,lekhotla le ba bolaisa t
$T$ O NYEKENYA NGOANA KA THIPA MAKHETLO A 'MALOA,MONNA,-1,sesotho,t o nyekenya ngoana ka thipa makhetlo a maloa
MONNA O NYEKENYA $T$ KA THIPA MAKHETLO A 'MALOA,NGOANA,-1,sesotho,monna o nyekenya t ka thipa makhetlo a maloa
MONNA O NYEKENYA NGOANA KA $T$ MAKHETLO A 'MALOA,THIPA,0,sesotho,monna o nyekenya ngoana ka t makhetlo a maloa
$T$ O  TJAMETSOE KE NYEOE EA HO HLEKEFETSA MOSHANYANA KA MOTABO,'MELAELLOA,-1,sesotho,t o tjametsoe ke nyeoe ea ho hlekefetsa moshanyana ka motabo
'MELAELLOA O  TJAMETSOE KE $T$ EA HO HLEKEFETSA MOSHANYANA KA MOTABO,NYEOE,-1,sesotho,melaelloa o tjametsoe ke t ea ho hlekefetsa moshanyana ka motabo
'MELAELLOA O  TJAMETSOE KE NYEOE EA HO HLEKEFETSA $T$ KA MOTABO,MOSHANYANA,-1,sesotho,melaelloa o tjametsoe ke nyeoe ea ho hlekefetsa t ka motabo
$T$ O QOSOA KA BOSHOLU BA THEPA EA MOO A SEBETSANG,'MELAELLOA,-1,sesotho,t o qosoa ka bosholu ba thepa ea moo a sebetsang
'MELAELLOA O QOSOA KA BOSHOLU BA $T$ EA MOO A SEBETSANG,THEPA,0,sesotho,melaelloa o qosoa ka bosholu ba t ea moo a sebetsang
$T$ O LLELOA KE LITŠEPE KA NYELISO EA LEKHOTLA,MONNA,-1,sesotho,t o lleloa ke litšepe ka nyeliso ea lekhotla
MONNA O LLELOA KE LITŠEPE KA NYELISO EA $T$,LEKHOTLA,-1,sesotho,monna o lleloa ke litšepe ka nyeliso ea t
$T$ BA KENA KA MARULELO JOALOKA LITALI,BANNA,-1,sesotho,t ba kena ka marulelo joaloka litali
BANNA BA KENA KA $T$ JOALOKA LITALI,MARULELO,0,sesotho,banna ba kena ka t joaloka litali
BANNA BA KENA KA MARULELO JOALOKA $T$,LITALI,-1,sesotho,banna ba kena ka marulelo joaloka t
$T$ O IKETSA LESOLE 'MOTOANA HO MARANG-RANG,MONNA,-1,sesotho,t o iketsa lesole motoana ho marangrang
MONNA O IKETSA $T$ HO MARANG-RANG,LESOLE 'MOTOANA,-1,sesotho,monna o iketsa t ho marangrang
$T$ SE PHOLOSA LIKHOMO TSE THARO,SEPOLESA,1,sesotho,t se pholosa likhomo tse tharo
SEPOLESA SE PHOLOSA $T$ TSE THARO,LIKHOMO,0,sesotho,sepolesa se pholosa t tse tharo
$T$ O APOLA NGOANANA LIKOBO KA SHESHE,MONNA,-1,sesotho,t o apola ngoanana likobo ka sheshe
MONNA O APOLA $T$ LIKOBO KA SHESHE,NGOANANA,0,sesotho,monna o apola t likobo ka sheshe
MONNA O APOLA NGOANANA $T$ KA SHESHE,LIKOBO,0,sesotho,monna o apola ngoanana t ka sheshe
$T$ SE AHLOLOA M5 000 KA HO RUA SETHUNYA,SEBINI,-1,sesotho,t se ahloloa m5 000 ka ho rua sethunya
SEBINI SE AHLOLOA M5 000 KA HO RUA $T$,SETHUNYA,0,sesotho,sebini se ahloloa m5 000 ka ho rua t
BA KETEKA $T$,LETSATSI LA MACHABA LA BOKOOA BA PONO,1,sesotho,ba keteka t
$T$ O MATJALENG KA HO HENAHENA NGOANA,MONNA,-1,sesotho,t o matjaleng ka ho henahena ngoana
MONNA O MATJALENG KA HO HENAHENA $T$,NGOANA,0,sesotho,monna o matjaleng ka ho henahena t
$T$ O  HLAHA KHOTLA HAPE KA BOSHOLU BA THEPA EA 'MUSO,MONNA,-1,sesotho,t o hlaha khotla hape ka bosholu ba thepa ea muso
MONNA O  HLAHA $T$ HAPE KA BOSHOLU BA THEPA EA 'MUSO,KHOTLA,0,sesotho,monna o hlaha t hape ka bosholu ba thepa ea muso
MONNA O  HLAHA KHOTLA HAPE KA BOSHOLU BA $T$,THEPA EA 'MUSO,0,sesotho,monna o hlaha khotla hape ka bosholu ba t
$T$ O BOLOKA BAFU BA SA TSEJOENG,'MUSO,1,sesotho,t o boloka bafu ba sa tsejoeng
'MUSO O BOLOKA $T$ BA SA TSEJOENG,BAFU,-1,sesotho,muso o boloka t ba sa tsejoeng
$T$ O KETEKA LE SEPOLESA LE LEKALA,MOKHATLO OA LEFATŠE OA BOPHELO,1,sesotho,t o keteka le sepolesa le lekala
MOKHATLO OA LEFATŠE OA BOPHELO O KETEKA LE $T$LE LEKALA,SEPOLESA,1,sesotho,mokhatlo oa lefatše oa bophelo o keteka le tle lekala
MOKHATLO OA LEFATŠE OA BOPHELO O KETEKA LE SEPOLESA LE $T$,LEKALA,1,sesotho,mokhatlo oa lefatše oa bophelo o keteka le sepolesa le t
$T$ BANA BA BATLOA KE SEPOLESA,BANNA,-1,sesotho,t bana ba batloa ke sepolesa
BANNA BANA BA BATLOA KE $T$,SEPOLESA,0,sesotho,banna bana ba batloa ke t
$T$ BA IPHETOLA TŠUPA THEPENG EA SECHABA,BANNA,-1,sesotho,t ba iphetola tšupa thepeng ea sechaba
BANNA BA IPHETOLA TŠUPA $T$,THEPENG EA SECHABA,0,sesotho,banna ba iphetola tšupa t
LILEMO LI LESHOME $T$ KA HO UTSOETSA KEREKE,CHANKANENG,0,sesotho,lilemo li leshome t ka ho utsoetsa kereke
LILEMO LI LESHOME CHANKANENG KA HO UTSOETSA $T$,KEREKE,-1,sesotho,lilemo li leshome chankaneng ka ho utsoetsa t
$T$ O LITLAMONG KA HO HLEKEFETSA BANA,MOLEBELI,-1,sesotho,t o litlamong ka ho hlekefetsa bana
MOLEBELI O LITLAMONG KA HO HLEKEFETSA $T$,BANA,-1,sesotho,molebeli o litlamong ka ho hlekefetsa t
$T$ O  KENA NTLOANA-TŠOANA KA HO HLEKEFETSA MOSALI OA HAE,MONNA,-1,sesotho,t o kena ntloanatšoana ka ho hlekefetsa mosali oa hae
MONNA O  KENA $T$ KA HO HLEKEFETSA MOSALI OA HAE,NTLOANA-TŠOANA,0,sesotho,monna o kena t ka ho hlekefetsa mosali oa hae
MONNA O  KENA NTLOANA-TŠOANA KA HO HLEKEFETSA $T$ OA HAE,MOSALI,-1,sesotho,monna o kena ntloanatšoana ka ho hlekefetsa t oa hae
$T$ SE KENYA LETSOHO NTLAFATSONG EA SEPOLESA,SEKOLO SE SEHOLO,1,sesotho,t se kenya letsoho ntlafatsong ea sepolesa
SEKOLO SE SEHOLO SE KENYA LETSOHO NTLAFATSONG EA $T$,SEPOLESA,1,sesotho,sekolo se seholo se kenya letsoho ntlafatsong ea t
$T$ O ABELA SEPOLESA MAKOLOI,'MUSO,1,sesotho,t o abela sepolesa makoloi
'MUSO O ABELA $T$ MAKOLOI,SEPOLESA,0,sesotho,muso o abela t makoloi
'MUSO O ABELA SEPOLESA $T$,MAKOLOI,0,sesotho,muso o abela sepolesa t
$T$ BA HLAHA KHOTLA KA TLHEKEFETSO EA MOTABO,BANNA,-1,sesotho,t ba hlaha khotla ka tlhekefetso ea motabo
BANNA BA HLAHA $T$ KA TLHEKEFETSO EA MOTABO,KHOTLA,0,sesotho,banna ba hlaha t ka tlhekefetso ea motabo
BANNA BA HLAHA KHOTLA KA $T$ EA MOTABO,TLHEKEFETSO,-1,sesotho,banna ba hlaha khotla ka t ea motabo
$T$ SE PHURA LESHOETLA KA THIBELO EA LITLOLO TSA MOLAO,SEPOLESA,1,sesotho,t se phura leshoetla ka thibelo ea litlolo tsa molao
SEPOLESA SE PHURA LESHOETLA KA THIBELO EA $T$,LITLOLO TSA MOLAO,-1,sesotho,sepolesa se phura leshoetla ka thibelo ea t
$T$ E OTLOLLOA E SA LE METSI,THUPA,1,sesotho,t e otlolloa e sa le metsi
$T$ O NTSE A BATLOA,MONNA,-1,sesotho,t o ntse a batloa
$T$ O KENYA METSI KA MOELI,MOSALI,-1,sesotho,t o kenya metsi ka moeli
$T$ BA FUMANOA BA HOEBA KA LITHETHEFATSI KA THOKO HO MOLAO,BABELAELLOA,-1,sesotho,t ba fumanoa ba hoeba ka lithethefatsi ka thoko ho molao
BABELAELLOA BA FUMANOA BA HOEBA KA $T$ KA THOKO HO MOLAO,LITHETHEFATSI,-1,sesotho,babelaelloa ba fumanoa ba hoeba ka t ka thoko ho molao
BABELAELLOA BA FUMANOA BA HOEBA KA LITHETHEFATSI KA THOKO HO $T$,MOLAO,0,sesotho,babelaelloa ba fumanoa ba hoeba ka lithethefatsi ka thoko ho t
$T$ O FUMANOA KA SETHUNYA SE SE NANG MANGOLO,MONNA,-1,sesotho,t o fumanoa ka sethunya se se nang mangolo
MONNA O FUMANOA KA $T$ SE SE NANG MANGOLO,SETHUNYA,-1,sesotho,monna o fumanoa ka t se se nang mangolo
$T$ KE EA MALULA-'MOHO,NTOA,1,sesotho,t ke ea malulamoho
$T$ SE PHOLOSA LIPHOOFOLO TSA BOSHOLU,SEPOLESA,1,sesotho,t se pholosa liphoofolo tsa bosholu
SEPOLESA SE PHOLOSA $T$,LIPHOOFOLO TSA BOSHOLU,-1,sesotho,sepolesa se pholosa t
$T$ A THEPA A AHLOLOA LILEMO TSE MASHOME A MARARO,MASHOLU,1,sesotho,t a thepa a ahloloa lilemo tse mashome a mararo
$T$ SE POTOLOHA LE LIKOLO HO BUOA LE BANA,SEPOLESA,1,sesotho,t se potoloha le likolo ho buoa le bana
SEPOLESA SE POTOLOHA LE $T$ HO BUOA LE BANA,LIKOLO,0,sesotho,sepolesa se potoloha le t ho buoa le bana
SEPOLESA SE POTOLOHA LE LIKOLO HO BUOA LE $T$,BANA,0,sesotho,sepolesa se potoloha le likolo ho buoa le t
$T$ LI EPA PITSO MOTSENG,LITSI TSA TŠIRELETSO,0,sesotho,t li epa pitso motseng
LITSI TSA TŠIRELETSO LI EPA $T$ MOTSENG,PITSO,0,sesotho,litsi tsa tšireletso li epa t motseng
LITSI TSA TŠIRELETSO LI EPA PITSO $T$,MOTSENG,0,sesotho,litsi tsa tšireletso li epa pitso t
$T$ LE LAELA HORE MONNA EA NANG LE BOFOFU A LOKOLLELOE SETHUNYA,LEKHOTLA,1,sesotho,t le laela hore monna ea nang le bofofu a lokolleloe sethunya
LEKHOTLA LE LAELA HORE $T$ EA NANG LE BOFOFU A LOKOLLELOE SETHUNYA,MONNA,0,sesotho,lekhotla le laela hore t ea nang le bofofu a lokolleloe sethunya
LEKHOTLA LE LAELA HORE MONNA EA NANG LE BOFOFU A LOKOLLELOE $T$,SETHUNYA,0,sesotho,lekhotla le laela hore monna ea nang le bofofu a lokolleloe t
HLATHE E LELEKISA TSEBE HO $T$,MOOKAMELI OA SEPOLESA,1,sesotho,hlathe e lelekisa tsebe ho t
O EKOA KE $T$ KA LEBAKA LA LIKOBO,NGOAN’ABO,-1,sesotho,o ekoa ke t ka lebaka la likobo
O EKOA KE $T$ KA LEBAKA LA $T$,LIKOBO,0,sesotho,o ekoa ke t ka lebaka la t
O EMETSE $T$ EA POLAO KA LEBAKA LA BB,NYEOE,-1,sesotho,o emetse t ea polao ka lebaka la bb
O EMETSE NYEOE EA POLAO KA LEBAKA LA $T$,BB,0,sesotho,o emetse nyeoe ea polao ka lebaka la t
$T$ LE HAPA M4 180 EA BAKHOSHELI,LEKHOTLA,1,sesotho,t le hapa m4 180 ea bakhosheli
LEKHOTLA LE HAPA M4 180 EA $T$,BAKHOSHELI,-1,sesotho,lekhotla le hapa m4 180 ea t
$T$ O PHOLOSA 'M'AE LITLENENG TSA TAU,NGOANA,1,sesotho,t o pholosa mae litleneng tsa tau
NGOANA O PHOLOSA $T$ LITLENENG TSA TAU,'M'AE,0,sesotho,ngoana o pholosa t litleneng tsa tau
$T$ O PHOLOSA 'M'AE $T$ TSA TAU,LITLENENG,-1,sesotho,t o pholosa mae t tsa tau
$T$ O JEOA KE NTA TSA KOBO EA HAE,MONNA,-1,sesotho,t o jeoa ke nta tsa kobo ea hae
$T$ LE SEBETSANANG LE BOBOLU BA LATA LI-MILLION NAHENG EA BOAHISANE,LEKALA,1,sesotho,t le sebetsanang le bobolu ba lata limillion naheng ea boahisane
LEKALA LE SEBETSANANG LE BOBOLU BA LATA LI-MILLION $T$,NAHENG EA BOAHISANE,0,sesotho,lekala le sebetsanang le bobolu ba lata limillion t
$T$ MABAPI LE HO KHAFELOA HOA LITHUNYA,PHATLALATSO EA SEPOLESA,0,sesotho,t mabapi le ho khafeloa hoa lithunya
PHATLALATSO EA SEPOLESA MABAPI LE HO KHAFELOA HOA $T$,LITHUNYA,0,sesotho,phatlalatso ea sepolesa mabapi le ho khafeloa hoa t
$T$ BA HLAHA KHOTLA KA POLAO EA MOLISANA,BANNA,-1,sesotho,t ba hlaha khotla ka polao ea molisana
BANNA BA HLAHA $T$ KA POLAO EA MOLISANA,KHOTLA,0,sesotho,banna ba hlaha t ka polao ea molisana
BANNA BA HLAHA KHOTLA KA POLAO EA $T$,MOLISANA,-1,sesotho,banna ba hlaha khotla ka polao ea t
$T$ TSA SEPOLESA,lITEBOHO,1,sesotho,t tsa sepolesa
$T$ O HLEKEFETSOA KA MOTABO,MOSALI,-1,sesotho,t o hlekefetsoa ka motabo
O LAHLEHELOA KE BOPHELO KA LEBAKA LA $T$,METSI,-1,sesotho,o lahleheloa ke bophelo ka lebaka la t
$T$ O QOSOA KA POLAO EA MOTHO,MONNA,-1,sesotho,t o qosoa ka polao ea motho
$T$ BA POLAO EA MONNA BA HLAHA KHOTLA,BABELAELLOA,-1,sesotho,t ba polao ea monna ba hlaha khotla
BABELAELLOA BA POLAO EA $T$ BA HLAHA KHOTLA,MONNA,-1,sesotho,babelaelloa ba polao ea t ba hlaha khotla
BABELAELLOA BA POLAO EA MONNA BA HLAHA $T$,KHOTLA,0,sesotho,babelaelloa ba polao ea monna ba hlaha t
$T$ LE HLAHA KHOTLA KA PELAELLO EA POLAO,LEPOLESA,-1,sesotho,t le hlaha khotla ka pelaello ea polao
LEPOLESA LE HLAHA $T$ KA PELAELLO EA POLAO,KHOTLA,0,sesotho,lepolesa le hlaha t ka pelaello ea polao
$T$ O HLAHA KA PEL'A LEKHOTLA KA POLAO,MONNA,-1,sesotho,t o hlaha ka pela lekhotla ka polao
MONNA O HLAHA KA PEL'A $T$ KA POLAO,LEKHOTLA,0,sesotho,monna o hlaha ka pela t ka polao
$T$ SE QHAUTSA SESINYI SA KOMPONE EA MARANGRANG,SEPOLESA,1,sesotho,t se qhautsa sesinyi sa kompone ea marangrang
SEPOLESA SE QHAUTSA $T$ SA KOMPONE EA MARANGRANG,SESINYI,-1,sesotho,sepolesa se qhautsa t sa kompone ea marangrang
SEPOLESA SE QHAUTSA SESINYI SA $T$,KOMPONE EA MARANGRANG,0,sesotho,sepolesa se qhautsa sesinyi sa t
$T$ O BATLOA KAHO QHEKETSA LE BOSHOLU,MONNA,-1,sesotho,t o batloa kaho qheketsa le bosholu
$T$ SE PHUTHA LITOPO,SEPOLESA,1,sesotho,t se phutha litopo
SEPOLESA SE PHUTHA $T$,LITOPO,-1,sesotho,sepolesa se phutha t
$T$ BA TŠOAROA KA BOSHOLU BA LIPHOOFOLO,BABELAELLOA,-1,sesotho,t ba tšoaroa ka bosholu ba liphoofolo
BABELAELLOA BA TŠOAROA KA BOSHOLU BA $T$,LIPHOOFOLO,0,sesotho,babelaelloa ba tšoaroa ka bosholu ba t
$T$ E MONYANE O ETELA MAPOLESA,MOHLOLI,1,sesotho,t e monyane o etela mapolesa
MOHLOLI E MONYANE O ETELA $T$,MAPOLESA,0,sesotho,mohloli e monyane o etela t
$T$ O THUNYETSA MOSALI OA HAE LEFU,MONNA,-1,sesotho,t o thunyetsa mosali oa hae lefu
MONNA O THUNYETSA $T$ LEFU,MOSALI OA HAE,-1,sesotho,monna o thunyetsa t lefu
$T$ BA QHAUTSOA KA MOR'A HO TIMETSA LEPOLESA,BABELAELLOA,-1,sesotho,t ba qhautsoa ka mora ho timetsa lepolesa
BABELAELLOA BA QHAUTSOA KA MOR'A HO TIMETSA $T$,LEPOLESA,-1,sesotho,babelaelloa ba qhautsoa ka mora ho timetsa t
$T$ BA TŠOELISA MASHOLU LIPHOOFOLO,BA TŠIRELETSO,1,sesotho,t ba tšoelisa masholu liphoofolo
BA TŠIRELETSO BA TŠOELISA $T$ LIPHOOFOLO,MASHOLU,-1,sesotho,ba tšireletso ba tšoelisa t liphoofolo
BA TŠIRELETSO BA TŠOELISA MASHOLU $T$,LIPHOOFOLO,0,sesotho,ba tšireletso ba tšoelisa masholu t
$T$ EA SEPOLESA KA LEFAPHA LA BATHO BA NANG LE BOKOOA,THUPELO,1,sesotho,t ea sepolesa ka lefapha la batho ba nang le bokooa
THUPELO EA SEPOLESA KA $T$ LA BATHO BA NANG LE BOKOOA,LEFAPHA,0,sesotho,thupelo ea sepolesa ka t la batho ba nang le bokooa
$T$ SE BUA LE BANA BA SEKOLO,SEPOLESA,1,sesotho,t se bua le bana ba sekolo
$T$ O PATA TLHAHO EA LESEA,MOSALI,-1,sesotho,t o pata tlhaho ea lesea
MOSALI O PATA $T$,TLHAHO EA LESEA,0,sesotho,mosali o pata t
$T$ LE FUMANA BABELAELLOA BA LE MOLATO,LEKHOTLA,-1,sesotho,t le fumana babelaelloa ba le molato
QHAQHANG-QHANG $T$,NTLONG EA THITELO,-1,sesotho,qhaqhangqhang t
$T$ SE MO HLOMPHISA MOLAO,SEPOLESA,1,sesotho,t se mo hlomphisa molao
SEPOLESA SE MO HLOMPHISA $T$,MOLAO,0,sesotho,sepolesa se mo hlomphisa t
$T$ O LITLAMONG KA PELAELLO EA HO HLEKEFETSA KA MOTABO,MONNA,-1,sesotho,t o litlamong ka pelaello ea ho hlekefetsa ka motabo
MONNA O $T$ KA PELAELLO EA HO HLEKEFETSA KA MOTABO,LITLAMONG,0,sesotho,monna o t ka pelaello ea ho hlekefetsa ka motabo
$T$ SE TŠIRELETSA BOPHELO LE THEPA,SEPOLESA,1,sesotho,t se tšireletsa bophelo le thepa
SEPOLESA SE TŠIRELETSA BOPHELO LE $T$,THEPA,0,sesotho,sepolesa se tšireletsa bophelo le t
SEPOLESA SE TŠIRELETSA $T$ LE THEPA,BOPHELO,0,sesotho,sepolesa se tšireletsa t le thepa
$T$ BA TŠOENYEHILE KE BANANA BA KENENG KA MATLA TAING,BATSOALI,-1,sesotho,t ba tšoenyehile ke banana ba keneng ka matla taing
BATSOALI BA TŠOENYEHILE KE $T$ BA KENENG KA MATLA TAING,BANANA,-1,sesotho,batsoali ba tšoenyehile ke t ba keneng ka matla taing
BATSOALI BA TŠOENYEHILE KE BANANA BA KENENG KA MATLA $T$,TAING,0,sesotho,batsoali ba tšoenyehile ke banana ba keneng ka matla t
$T$ BA AHLOLOA LILEMO TSE MASHOME A MARARO,BABELAELLOA,-1,sesotho,t ba ahloloa lilemo tse mashome a mararo
$T$ O QOSOA KA HO NTŠA MOTHO LIKOTSI,MONNA,-1,sesotho,t o qosoa ka ho ntša motho likotsi
MONNA O QOSOA KA HO NTŠA $T$ LIKOTSI,MOTHO,-1,sesotho,monna o qosoa ka ho ntša t likotsi
BA FUMANOA BA LE MOLATO KA HO REKISA $T$,MAHLAHLELA A LITHUNYA,-1,sesotho,ba fumanoa ba le molato ka ho rekisa t
$T$ BA MATJALENG KA HO TSEKA LENTSOE MONNA,BANNA,-1,sesotho,t ba matjaleng ka ho tseka lentsoe monna
$T$ SE MO KHAKHATHELA LEFU,SECHABA,-1,sesotho,t se mo khakhathela lefu
$T$ O QOSOA KA PETO EA NGOANANA,MONNA,-1,sesotho,t o qosoa ka peto ea ngoanana
$T$ SE KENYA BABELAELLOA MEREBELE,SECHABA,1,sesotho,t se kenya babelaelloa merebele
SECHABA SE KENYA $T$ MEREBELE,BABELAELLOA,-1,sesotho,sechaba se kenya t merebele
$T$ O LLELOA KE LITŠEPE KA POLAO EA MOHOLOANE OA HAE,MONNA,-1,sesotho,t o lleloa ke litšepe ka polao ea moholoane oa hae
MONNA O LLELOA KE LITŠEPE KA POLAO EA $T$,MOHOLOANE OA HAE,-1,sesotho,monna o lleloa ke litšepe ka polao ea t
$T$ KE MOLOI,LEOTO,-1,sesotho,t ke moloi
$T$ A SHATELA MAPOLESA,MASHOLU,-1,sesotho,t a shatela mapolesa
MASHOLU A SHATELA $T$,MAPOLESA,0,sesotho,masholu a shatela t
$T$ O AHLOLOA LILEMO TSE PELI,NGOANANA,-1,sesotho,t o ahloloa lilemo tse peli
$T$ O THEOHELA KA BANNENG KA LEBAKA LA TEROLI,MONNA,-1,sesotho,t o theohela ka banneng ka lebaka la teroli
MONNA O THEOHELA KA $T$ KA LEBAKA LA TEROLI,BANNENG,0,sesotho,monna o theohela ka t ka lebaka la teroli
MONNA O THEOHELA KA BANNENG KA LEBAKA LA $T$,TEROLI,0,sesotho,monna o theohela ka banneng ka lebaka la t
$T$ O NTSE A PANYAPANYA KA SETSING KA HO IKETSA POHO EA KHOTHU,MONNA,-1,sesotho,t o ntse a panyapanya ka setsing ka ho iketsa poho ea khothu
MONNA O NTSE A PANYAPANYA KA $T$ KA HO IKETSA POHO EA KHOTHU,SETSING,0,sesotho,monna o ntse a panyapanya ka t ka ho iketsa poho ea khothu
MONNA O NTSE A PANYAPANYA KA SETSING KA HO IKETSA $T$,POHO EA KHOTHU,-1,sesotho,monna o ntse a panyapanya ka setsing ka ho iketsa t
$T$ O QHAUTSOA KA BOQHEKANYETSI,MONNA,-1,sesotho,t o qhautsoa ka boqhekanyetsi
$T$ O LAHLOA KE SEPOKO,MONNA,-1,sesotho,t o lahloa ke sepoko
MONNA O LAHLOA KE $T$,SEPOKO,-1,sesotho,monna o lahloa ke t
HO TŠEPA $T$ KE HO POKOTHA NOHA,MOTHO,-1,sesotho,ho tšepa t ke ho pokotha noha
HO TŠEPA MOTHO KE HO POKOTHA $T$,NOHA,-1,sesotho,ho tšepa motho ke ho pokotha t
$T$ O ABELA LITEREKE LIKOLOI TSE NCHA,MOOKAMELI,1,sesotho,t o abela litereke likoloi tse ncha
MOOKAMELI O ABELA $T$ LIKOLOI TSE NCHA,LITEREKE,0,sesotho,mookameli o abela t likoloi tse ncha
MOOKAMELI O ABELA LITEREKE $T$ TSE NCHA,LIKOLOI,1,sesotho,mookameli o abela litereke t tse ncha
$T$ BA TŠOAROA KA BOSHOLU BA BOQHOBANE,BANNA,-1,sesotho,t ba tšoaroa ka bosholu ba boqhobane
$T$ BA TŠOARELOA THUPELO,BAHOEBI,0,sesotho,t ba tšoareloa thupelo
BAHOEBI BA TŠOARELOA $T$,THUPELO,1,sesotho,bahoebi ba tšoareloa t
$T$ O QOSOA KA BOSHOLU BA LIPHOOFOLO,MONNA,-1,sesotho,t o qosoa ka bosholu ba liphoofolo
$T$ SE HLAHLELLA BANA,SEPOLESA,1,sesotho,t se hlahlella bana
SEPOLESA SE HLAHLELLA $T$,BANA,0,sesotho,sepolesa se hlahlella t
$T$ LI FUMANOA KA MORUNG,LIKHOMO,1,sesotho,t li fumanoa ka morung
LIKHOMO LI FUMANOA KA $T$,MORUNG,0,sesotho,likhomo li fumanoa ka t
$T$ BA HLAHELLA HAPE KA PEL'A LEKHOTLA KA BOSHOLU BA THEPA,BABELAELLOA,-1,sesotho,t ba hlahella hape ka pela lekhotla ka bosholu ba thepa
BABELAELLOA BA HLAHELLA HAPE KA PEL'A $T$ KA BOSHOLU BA THEPA,LEKHOTLA,0,sesotho,babelaelloa ba hlahella hape ka pela t ka bosholu ba thepa
BABELAELLOA BA HLAHELLA HAPE KA PEL'A LEKHOTLA KA BOSHOLU BA $T$,THEPA,-1,sesotho,babelaelloa ba hlahella hape ka pela lekhotla ka bosholu ba t
$T$ LE MOKHATLO LI KETEKA LETSATSI LA MONNA,SEPOLESA,1,sesotho,t le mokhatlo li keteka letsatsi la monna
SEPOLESA LE $T$ LI KETEKA LETSATSI LA MONNA,MOKHATLO,1,sesotho,sepolesa le t li keteka letsatsi la monna
SEPOLESA LE MOKHATLO LI KETEKA $T$,LETSATSI LA MONNA,1,sesotho,sepolesa le mokhatlo li keteka t
$T$ SE FANA KA MALI,SEPOLESA,1,sesotho,t se fana ka mali
SEPOLESA SE FANA KA $T$,MALI,0,sesotho,sepolesa se fana ka t
$T$ O QOSOA KA HO NTŠA MAKUNUTU A 'MUSO,MOSALI,-1,sesotho,t o qosoa ka ho ntša makunutu a muso
MOSALI O QOSOA KA HO NTŠA MAKUNUTU A $T$,'MUSO,0,sesotho,mosali o qosoa ka ho ntša makunutu a t
$T$ E FUMANOENG EA MALAHLEHA,THOTO,1,sesotho,t e fumanoeng ea malahleha
$T$ SE TŠOARA THAPELO NAHA EOHLE,SEPOLESA,1,sesotho,t se tšoara thapelo naha eohle
SEPOLESA SE TŠOARA $T$ NAHA EOHLE,THAPELO,1,sesotho,sepolesa se tšoara t naha eohle
SEPOLESA SE TŠOARA THAPELO $T$ EOHLE,NAHA,0,sesotho,sepolesa se tšoara thapelo t eohle
$T$ O FUMANA LESAKA LE OMME,MONNA,0,sesotho,t o fumana lesaka le omme
MONNA O FUMANA $T$ LE OMME,LESAKA,-1,sesotho,monna o fumana t le omme
$T$ BA PHURA LESHOETLA LE SECHABA,BASALI BA SEPOLESA,1,sesotho,t ba phura leshoetla le sechaba
BASALI BA SEPOLESA BA PHURA LESHOETLA LE $T$,SECHABA,1,sesotho,basali ba sepolesa ba phura leshoetla le t
$T$ O KHAKHATHELA MOROETSANA HO HANA HO BUA LE EENA KA TSA LEFEREHO,MONNA,-1,sesotho,t o khakhathela moroetsana ho hana ho bua le eena ka tsa lefereho
MONNA O KHAKHATHELA $T$ HO HANA HO BUA LE EENA KA TSA LEFEREHO,MOROETSANA,0,sesotho,monna o khakhathela t ho hana ho bua le eena ka tsa lefereho
$T$ SE TSOELA PELE KA HO ETELA LIKOLO,SEPOLESA,1,sesotho,t se tsoela pele ka ho etela likolo
SEPOLESA SE TSOELA PELE KA HO ETELA $T$,LIKOLO,0,sesotho,sepolesa se tsoela pele ka ho etela t
$T$ SE HAPA LIBETSA TSE KOTSI,SEPOLESA,1,sesotho,t se hapa libetsa tse kotsi
SEPOLESA SE HAPA $T$ TSE KOTSI,LIBETSA,-1,sesotho,sepolesa se hapa t tse kotsi
$T$ EA IPHETOTSENG LETSA O THEOHELA KA SETSING,MONNA,-1,sesotho,t ea iphetotseng letsa o theohela ka setsing
MONNA EA IPHETOTSENG LETSA O THEOHELA KA $T$,SETSING,1,sesotho,monna ea iphetotseng letsa o theohela ka t
MASUPA-TSELA A FUOA $T$,THUPELO,1,sesotho,masupatsela a fuoa t
$T$ A FUOA THUPELO,MASUPA-TSELA,0,sesotho,t a fuoa thupelo
LIKEREKE LI ETELOA KE $T$,SEPOLESA,1,sesotho,likereke li eteloa ke t
$T$ SE LATA LIKHOMO TSA SECHABA,SEPOLESA,1,sesotho,t se lata likhomo tsa sechaba
SEPOLESA SE LATA $T$ TSA SECHABA,LIKHOMO,0,sesotho,sepolesa se lata t tsa sechaba
$T$ BA ITOMA MALEME HA SEPOLESA SE BATLA TLHALOSO,BABELAELLOA,-1,sesotho,t ba itoma maleme ha sepolesa se batla tlhaloso
BABELAELLOA BA ITOMA MALEME HA $T$ SE BATLA TLHALOSO,SEPOLESA,0,sesotho,babelaelloa ba itoma maleme ha t se batla tlhaloso
$T$ BA ANYA E LETSOELE LE MOHASULA,BANA SA SEKOLO,1,sesotho,t ba anya e letsoele le mohasula
$T$ O FELLOA KE BOPHELO KA HO TSEKA BAETI,MOTHO,-1,sesotho,t o felloa ke bophelo ka ho tseka baeti
MOTHO O FELLOA KE BOPHELO KA HO TSEKA $T$,BAETI,0,sesotho,motho o felloa ke bophelo ka ho tseka t
$T$ O EA LIJONG TSA MOTŠEARE E LE SERGEANT,MONNA,1,sesotho,t o ea lijong tsa motšeare e le sergeant
MONNA O EA LIJONG TSA MOTŠEARE E LE $T$,SERGENT,1,sesotho,monna o ea lijong tsa motšeare e le t
$T$ BA MO HLABELA LEFU,BANNA,-1,sesotho,t ba mo hlabela lefu
KETEKELO EA $T$,LETSATSI LA MACHABA LA BATHO BA NANG LE BOKOOA,1,sesotho,ketekelo ea t
$T$ SE HLAHLELLA BACHA KA MEKHAHLELO EA BONA,SEPOLESA,1,sesotho,t se hlahlella bacha ka mekhahlelo ea bona
SEPOLESA SE HLAHLELLA $T$ KA MEKHAHLELO EA BONA,BACHA,0,sesotho,sepolesa se hlahlella t ka mekhahlelo ea bona
$T$ SE TLOTLA BALAOLA SEPHETHE-PHETHE,SEKOLO,1,sesotho,t se tlotla balaola sephethephethe
SEKOLO SE TLOTLA $T$,BALAOLA SEPHETHE-PHETHE,1,sesotho,sekolo se tlotla t
$T$ O KENA MATJALENG KA HO IKHAPELA THEPA EA MARANG-RANG,MONNA,-1,sesotho,t o kena matjaleng ka ho ikhapela thepa ea marangrang
MONNA O KENA MATJALENG KA HO IKHAPELA $T$,THEPA EA MARANG-RANG,0,sesotho,monna o kena matjaleng ka ho ikhapela t
$T$ O NKELA KHOEBO THEPA KA MASENE A PHOKOJOE,MONNA,-1,sesotho,t o nkela khoebo thepa ka masene a phokojoe
MONNA O NKELA $T$ THEPA KA MASENE A PHOKOJOE,KHOEBO,0,sesotho,monna o nkela t thepa ka masene a phokojoe
MONNA O NKELA KHOEBO $T$ KA MASENE A PHOKOJOE,THEPA,0,sesotho,monna o nkela khoebo t ka masene a phokojoe
$T$ SE MEMA BANA HO BUA LE BONA,SEPOLESA,1,sesotho,t se mema bana ho bua le bona
SEPOLESA SE MEMA $T$ HO BUA LE BONA,BANA,1,sesotho,sepolesa se mema t ho bua le bona
$T$ LE MO FUMANE A LE MOLATO,LEKHOTLA,1,sesotho,t le mo fumane a le molato
$T$ BA ETELOA KE SEPOLESA,BACHA,1,sesotho,t ba eteloa ke sepolesa
BACHA BA ETELOA KE $T$,SEPOLESA,0,sesotho,bacha ba eteloa ke t
$T$ BA QOBISOA LITLOLO TSA MOLAO,BACHA,1,sesotho,t ba qobisoa litlolo tsa molao
BACHA BA QOBISOA $T$,LITLOLO TSA MOLAO,-1,sesotho,bacha ba qobisoa t
$T$ E MEMELA MOOKAMELI OA SEPOLESA SEHLABELONG SE HALALELANG SA 'MISA,KEREKE,1,sesotho,t e memela mookameli oa sepolesa sehlabelong se halalelang sa misa
KEREKE E MEMELA $T$ SEHLABELONG SE HALALELANG SA 'MISA,MOOKAMELI OA SEPOLESA,0,sesotho,kereke e memela t sehlabelong se halalelang sa misa
KEREKE E MEMELA MOOKAMELI OA SEPOLESA SEHLABELONG SE HALALELANG SA $T$,'MISA,0,sesotho,kereke e memela mookameli oa sepolesa sehlabelong se halalelang sa t
$T$ LI FUMANOA POLASING,LIKHOMO,1,sesotho,t li fumanoa polasing
LIKHOMO LI FUMANOA $T$,POLASING,0,sesotho,likhomo li fumanoa t
$T$ SE THAKHOLA MOKHATLO,SEPOLESA,1,sesotho,t se thakhola mokhatlo
SEPOLESA SE THAKHOLA $T$,MOKHATLO,0,sesotho,sepolesa se thakhola t
$T$ BA KENA NTLOANA-TŠOANA KA BOSHOLU BA BOQHOBANE,BANNA,-1,sesotho,t ba kena ntloanatšoana ka bosholu ba boqhobane
BANNA BA KENA $T$ KA BOSHOLU BA BOQHOBANE,NTLOANA-TŠOANA,0,sesotho,banna ba kena t ka bosholu ba boqhobane
$T$ O LOKOLLOA KA BEILE EA M2 000,MONNA,-1,sesotho,t o lokolloa ka beile ea m2 000
$T$ SE TŠOARELOA TLHOLISANO MABAPI LE LITOKELO TSA MANTLHA LE BOTHO,SEPOLESA,1,sesotho,t se tšoareloa tlholisano mabapi le litokelo tsa mantlha le botho
SEPOLESA SE TŠOARELOA $T$ MABAPI LE LITOKELO TSA MANTLHA LE BOTHO,TLHOLISANO,0,sesotho,sepolesa se tšoareloa t mabapi le litokelo tsa mantlha le botho
SEPOLESA SE TŠOARELOA TLHOLISANO MABAPI LE $T$ TSA MANTLHA LE BOTHO,LITOKELO,0,sesotho,sepolesa se tšoareloa tlholisano mabapi le t tsa mantlha le botho
SEPOLESA SE TŠOARELOA TLHOLISANO MABAPI LE LITOKELO TSA MANTLHA LE $T$,BOTHO,0,sesotho,sepolesa se tšoareloa tlholisano mabapi le litokelo tsa mantlha le t
$T$ BA HLAHA KHOTLA HAPE KA BOSHOLU BA BOQHOBANE,BANNA,-1,sesotho,t ba hlaha khotla hape ka bosholu ba boqhobane
$T$ BA NTLOANA-TŠOANA KA BOSHOLU BA LIPHOOFOLO,BANNA,-1,sesotho,t ba ntloanatšoana ka bosholu ba liphoofolo
BANNA BA $T$ KA BOSHOLU BA LIPHOOFOLO,NTLOANA-TŠOANA,0,sesotho,banna ba t ka bosholu ba liphoofolo
BANNA BA NTLOANA-TŠOANA KA BOSHOLU BA LIPHOOFOLO,BOSHOLU,-1,sesotho,banna ba ntloanatšoana ka bosholu ba liphoofolo
$T$ LE LOKOLLA BAQOSUOA KA BEILE,LEKHOTLA,0,sesotho,t le lokolla baqosuoa ka beile
LEKHOTLA LE LOKOLLA $T$ KA BEILE,BAQOSUOA,-1,sesotho,lekhotla le lokolla t ka beile
LEKHOTLA LE LOKOLLA BAQOSUOA KA $T$,BEILE,0,sesotho,lekhotla le lokolla baqosuoa ka t
$T$ KA SEHLAHISOA SA BOHOKELA,THUPELO,1,sesotho,t ka sehlahisoa sa bohokela
THUPELO KA $T$ SA BOHOKELA,SEHLAHISOA,0,sesotho,thupelo ka t sa bohokela
$T$ LE AHLOLA MOSALI 'MOHO LE MORALI LE SETLOHOLO,LEKHOTLA,0,sesotho,t le ahlola mosali moho le morali le setloholo
LEKHOTLA LE AHLOLA $T$ 'MOHO LE MORALI LE SETLOHOLO,MOSALI,-1,sesotho,lekhotla le ahlola t moho le morali le setloholo
LEKHOTLA LE AHLOLA MOSALI 'MOHO LE $T$ LE SETLOHOLO,MORALI,-1,sesotho,lekhotla le ahlola mosali moho le t le setloholo
LEKHOTLA LE AHLOLA MOSALI 'MOHO LE MORALI LE $T$,SETLOHOLO,-1,sesotho,lekhotla le ahlola mosali moho le morali le t
$T$ O QOSOA KA HO BA KA SHOPONG NTLE HO TUMELLO LE KA TŠENYO EA THEPA,MONNA,-1,sesotho,t o qosoa ka ho ba ka shopong ntle ho tumello le ka tšenyo ea thepa
MONNA O QOSOA KA HO BA KA $T$ NTLE HO TUMELLO LE KA TŠENYO EA THEPA,SHOPONG,0,sesotho,monna o qosoa ka ho ba ka t ntle ho tumello le ka tšenyo ea thepa
MONNA O QOSOA KA HO BA KA SHOPONG NTLE HO TUMELLO LE KA TŠENYO EA $T$,THEPA,-1,sesotho,monna o qosoa ka ho ba ka shopong ntle ho tumello le ka tšenyo ea t
$T$ SE LONGOA TSEBE,SEPOLESA,1,sesotho,t se longoa tsebe
$T$ SA BASALI SA SEPOLESA SEA TLHOLISANONG,SEHLOPHA,1,sesotho,t sa basali sa sepolesa sea tlholisanong
SEHLOPHA SA BASALI SA SEPOLESA SEA $T$,TLHOLISANONG,0,sesotho,sehlopha sa basali sa sepolesa sea t
$T$ BA KHAHLANA LE SEPOLESA TSELENG,BANNA,-1,sesotho,t ba khahlana le sepolesa tseleng
BANNA BA KHAHLANA LE $T$ TSELENG,SEPOLESA,1,sesotho,banna ba khahlana le t tseleng
BANNA BA KHAHLANA LE SEPOLESA $T$,TSELENG,0,sesotho,banna ba khahlana le sepolesa t
$T$ BA FUMANOA BA LE MOLATO KE BOSHOLU,BANNA,-1,sesotho,t ba fumanoa ba le molato ke bosholu
$T$ SE MALALA A LAOTSOE HO THIBELA LITLOLO TSA MOLAO,SEPOLESA,1,sesotho,t se malala a laotsoe ho thibela litlolo tsa molao
SEPOLESA SE MALALA A LAOTSOE HO THIBELA $T$,LITLOLO TSA MOLAO,-1,sesotho,sepolesa se malala a laotsoe ho thibela t
$T$ O KENA NTLOANA-TŠOANA KA HO HLEKA-HLEKA MOSALI,MONNA,-1,sesotho,t o kena ntloanatšoana ka ho hlekahleka mosali
MONNA O KENA $T$ KA HO HLEKA-HLEKA MOSALI,MOSALI,-1,sesotho,monna o kena t ka ho hlekahleka mosali
MONNA O KENA NTLOANA-TŠOANA KA HO HLEKA-HLEKA $T$,NTLOANA-TŠOANA,0,sesotho,monna o kena ntloanatšoana ka ho hlekahleka t
$T$ SE RUPELA BANA,SEPOLESA,1,sesotho,t se rupela bana
SEPOLESA SE RUPELA $T$,BANA,0,sesotho,sepolesa se rupela t
$T$ BA HLAHA KHOTLA KA PELAELO EA POLAO EA MOSHEMANE,BASUOE,-1,sesotho,t ba hlaha khotla ka pelaelo ea polao ea moshemane
BASUOE BA HLAHA $T$ KA PELAELO EA POLAO EA MOSHEMANE,KHOTLA,0,sesotho,basuoe ba hlaha t ka pelaelo ea polao ea moshemane
BASUOE BA HLAHA KHOTLA KA PELAELO EA POLAO EA $T$,MOSHEMANE,-1,sesotho,basuoe ba hlaha khotla ka pelaelo ea polao ea t
$T$ O ETELA KEREKE,MOOKAMELI OA SEPOLESA,1,sesotho,t o etela kereke
MOOKAMELI OA SEPOLESA O ETELA $T$,KEREKE,0,sesotho,mookameli oa sepolesa o etela t
$T$ LE AHLOLA BENG BA LIKHOEBO TSA TŠIRELETSO,LEKHOTLA,0,sesotho,t le ahlola beng ba likhoebo tsa tšireletso
LEKHOTLA LE AHLOLA BENG BA $T$,LIKHOEBO TSA TŠIRELETSO,-1,sesotho,lekhotla le ahlola beng ba t
BONA $T$ BA BOLAETSENG MOSHEMANE MOPHATONG,BASUOE,-1,sesotho,bona t ba bolaetseng moshemane mophatong
BONA BASUOE BA BOLAETSENG $T$ MOPHATONG,MOSHEMANE,0,sesotho,bona basuoe ba bolaetseng t mophatong
BONA BASUOE BA BOLAETSENG MOSHEMANE $T$,MOPHATONG,0,sesotho,bona basuoe ba bolaetseng moshemane t
$T$ BA TIMELLA KOTSING EA KOLOI,BATHO,-1,sesotho,t ba timella kotsing ea koloi
BATHO BA TIMELLA KOTSING EA $T$,KOLOI,0,sesotho,batho ba timella kotsing ea t
$T$ O PEPESA LERATO LA HAE HO TONAKHOLO,MOETAPELE,1,sesotho,t o pepesa lerato la hae ho tonakholo
MOETAPELE O PEPESA LERATO LA HAE HO $T$,TONAKHOLO,1,sesotho,moetapele o pepesa lerato la hae ho t
TSEBA $T$,MARENA A SEHLOOHO,0,sesotho,tseba t
O TORONKELA HO KHAKHATHELLA $T$ LIKOBO ESALE A SIEA MOSALI LILEMO TSE MASHOME A MABELI,MOSALI,0,sesotho,o toronkela ho khakhathella t likobo esale a siea mosali lilemo tse mashome a mabeli
O TORONKELA HO KHAKHATHELLA MOSALI LIKOBO ESALE A SIEA $T$ LILEMO TSE MASHOME A MABELI,MOSALI,-1,sesotho,o toronkela ho khakhathella mosali likobo esale a siea t lilemo tse mashome a mabeli
O TORONKELA HO KHAKHATHELLA MOSALI $T$ ESALE A SIEA MOSALI LILEMO TSE MASHOME A MABELI,LIKOBO,0,sesotho,o toronkela ho khakhathella mosali t esale a siea mosali lilemo tse mashome a mabeli
$T$ O TŠOENYEHILE KE LEETO LA BAKHETHOA,MONNA,-1,sesotho,t o tšoenyehile ke leeto la bakhethoa
MONNA O TŠOENYEHILE KE $T$,LEETO LA BAKHETHOA,0,sesotho,monna o tšoenyehile ke t
$T$ O THULANYA MONNA LE MAJOE HO FIHLELA A 'MOLAILE,MOSALI,-1,sesotho,t o thulanya monna le majoe ho fihlela a molaile
MOSALI O THULANYA $T$ LE MAJOE HO FIHLELA A 'MOLAILE,MONNA,-1,sesotho,mosali o thulanya t le majoe ho fihlela a molaile
MOSALI O THULANYA MONNA LE $T$ HO FIHLELA A 'MOLAILE,LEJOE,0,sesotho,mosali o thulanya monna le t ho fihlela a molaile
$T$ O KHAOLA MAHLAHLELA KA LICHESELE LE HAMORE,MONNA,-1,sesotho,t o khaola mahlahlela ka lichesele le hamore
MONNA O KHAOLA MAHLAHLELA KA $T$ LE HAMORE,LICHESELE,0,sesotho,monna o khaola mahlahlela ka t le hamore
MONNA O KHAOLA MAHLAHLELA KA LICHESELE LE $T$,HAMORE,0,sesotho,monna o khaola mahlahlela ka lichesele le t
$T$ LE FANYEHA 'MOLAI OA NGOANANA EA LILEMO LI HLANO,LEKHOTLA LA PHAHAMENG,1,sesotho,t le fanyeha molai oa ngoanana ea lilemo li hlano
LEKHOTLA LE PHAHAMENG LE FANYEHA $T$ OA NGOANANA EA LILEMO LI HLANO,'MOLAI,-1,sesotho,lekhotla le phahameng le fanyeha t oa ngoanana ea lilemo li hlano
LEKHOTLA LE PHAHAMENG LE FANYEHA 'MOLAI OA $T$ EA LILEMO LI HLANO,NGOANANA,0,sesotho,lekhotla le phahameng le fanyeha molai oa t ea lilemo li hlano
HO MONATE $T$ KOANA BAHLOMPHEHI BAKHETHOA BA LETŠOLO BA ILO HAHLOA KE MOEA,MAOATLENG,1,sesotho,ho monate t koana bahlomphehi bakhethoa ba letšolo ba ilo hahloa ke moea
HO MONATE MAOATLENG KOANA $T$ BA ILO HAHLOA KE MOEA,BAHLOMPHEHI BAKHETHOA BA LETŠOLO,1,sesotho,ho monate maoatleng koana t ba ilo hahloa ke moea
$T$ LE CHAISA LEPOLESA LA 'MUSO,LEPHELE,-1,sesotho,t le chaisa lepolesa la muso
LEPHELE LE CHAISA $T$,LEPOLESA LA 'MUSO,0,sesotho,lephele le chaisa t
$T$ E SENYETSA BAHLANKA MOSEBETSI,TJOTJO,-1,sesotho,t e senyetsa bahlanka mosebetsi
TJOTJO E $T$ BAHLANKA MOSEBETSI,BAHLANKA,0,sesotho,tjotjo e t bahlanka mosebetsi
TJOTJO E SENYETSA BAHLANKA $T$,MOSEBETSI,-1,sesotho,tjotjo e senyetsa bahlanka t
$T$ SE BONOA KE BOHLE,SEBONOANG,-1,sesotho,t se bonoa ke bohle
$T$O BOLOTSOA KA KHANG,MORENA,-1,sesotho,to bolotsoa ka khang
$T$ BAA E LE HORE BA MPA BA ITHATELA LIKIPA TSE MONNA MPENG KAPA E HLILE KE BANA BA LELAPA LEO,BATHO,0,sesotho,t baa e le hore ba mpa ba ithatela likipa tse monna mpeng kapa e hlile ke bana ba lelapa leo
BATHO BAA E LE HORE BA MPA BA ITHATELA $T$ TSE MONNA MPENG KAPA E HLILE KE BANA BA LELAPA LEO,LIKIPA,0,sesotho,batho baa e le hore ba mpa ba ithatela t tse monna mpeng kapa e hlile ke bana ba lelapa leo
BATHO BAA E LE HORE BA MPA BA ITHATELA LIKIPA TSE $T$ MPENG KAPA E HLILE KE BANA BA LELAPA LEO,MONNA,0,sesotho,batho baa e le hore ba mpa ba ithatela likipa tse t mpeng kapa e hlile ke bana ba lelapa leo
BATHO BAA E LE HORE BA MPA BA ITHATELA LIKIPA TSE MONNA MPENG KAPA E HLILE KE BANA BA $T$ LEO,LELAPA,0,sesotho,batho baa e le hore ba mpa ba ithatela likipa tse monna mpeng kapa e hlile ke bana ba t leo
$T$ O IPOLELA MELATO,MONNA,-1,sesotho,t o ipolela melato
$T$ O FELLOA KE MAMELLO O SUNYA MONNA LIETA LITAPOLENG,OA 'MUSO,-1,sesotho,t o felloa ke mamello o sunya monna lieta litapoleng
OA 'MUSO O FELLOA KE MAMELLO O SUNYA $T$ LIETA LITAPOLENG,MONNA,0,sesotho,oa muso o felloa ke mamello o sunya t lieta litapoleng
OA 'MUSO O FELLOA KE MAMELLO O SUNYA MONNA $T$ LITAPOLENG,LIETA,-1,sesotho,oa muso o felloa ke mamello o sunya monna t litapoleng
OA 'MUSO O FELLOA KE MAMELLO O SUNYA MONNA LIETA $T$,LITAPOLENG,0,sesotho,oa muso o felloa ke mamello o sunya monna lieta t
BA BOLAEA $T$ LE HO A EPELA THOTOBOLONG KE NKHONO MORALI LE SETLOHOLO,MASEA,-1,sesotho,ba bolaea t le ho a epela thotobolong ke nkhono morali le setloholo
BA BOLAEA MASEA LE HO A EPELA $T$ KE NKHONO MORALI LE SETLOHOLO,THOTOBOLONG,0,sesotho,ba bolaea masea le ho a epela t ke nkhono morali le setloholo
BA BOLAEA MASEA LE HO A EPELA THOTOBOLONG KE $T$ MORALI LE SETLOHOLO,NKHONO,-1,sesotho,ba bolaea masea le ho a epela thotobolong ke t morali le setloholo
BA BOLAEA MASEA LE HO A EPELA THOTOBOLONG KE NKHONO $T$ LE SETLOHOLO,MORALI,-1,sesotho,ba bolaea masea le ho a epela thotobolong ke nkhono t le setloholo
BA BOLAEA MASEA LE HO A EPELA THOTOBOLONG KE NKHONO MORALI LE $T$,SETLOHOLO,-1,sesotho,ba bolaea masea le ho a epela thotobolong ke nkhono morali le t
$T$ O QETA HO THUNYETSOA LEFU MAHLONG A MOSALI'AE,MOHOEBI,-1,sesotho,t o qeta ho thunyetsoa lefu mahlong a mosaliae
MOHOEBI O QETA HO THUNYETSOA LEFU MAHLONG A $T$,MOSALI'AE,-1,sesotho,mohoebi o qeta ho thunyetsoa lefu mahlong a t
$T$ O OTLUOE KA LIMPAMA A NTSE A NKILE NGOANA,MOSALI,-1,sesotho,t o otluoe ka limpama a ntse a nkile ngoana
MOSALI O OTLUOE KA LIMPAMA A NTSE A NKILE $T$,NGOANA,0,sesotho,mosali o otluoe ka limpama a ntse a nkile t
MOSALI O OTLUOE KA $T$ A NTSE A NKILE NGOANA,LIMPAMA,-1,sesotho,mosali o otluoe ka t a ntse a nkile ngoana
$T$ O ITAHLETSE KA KOETSENG,MONNA,-1,sesotho,t o itahletse ka koetseng
MONNA O ITAHLETSE KA $T$,KOETSENG,0,sesotho,monna o itahletse ka t
$T$ EA HAE E FUMANOA KA LINAMA TSA BATHO,KOLOI,-1,sesotho,t ea hae e fumanoa ka linama tsa batho
KOLOI EA HAE E FUMANOA KA $T$ TSA BATHO,LINAMA,-1,sesotho,koloi ea hae e fumanoa ka t tsa batho
$T$ O KHAOLOA MENOANA LE BOTOANA A NTSE A PHELA,MOHLANKANA,-1,sesotho,t o khaoloa menoana le botoana a ntse a phela
MOHLANKANA O KHAOLOA $T$ LE BOTOANA A NTSE A PHELA,MENOANA,0,sesotho,mohlankana o khaoloa t le botoana a ntse a phela
MOHLANKANA O KHAOLOA MENOANA LE $T$ A NTSE A PHELA,BOTONA,0,sesotho,mohlankana o khaoloa menoana le t a ntse a phela
$T$ O LEBOHISA SEBAPALI,MOPOLOTIKI,1,sesotho,t o lebohisa sebapali
MOPOLOTIKI O LEBOHISA $T$,SEBAPALI,1,sesotho,mopolotiki o lebohisa t
$T$ SA HAE SE FUMANOE LETAMONG KAJENO,SETOPO,-1,sesotho,t sa hae se fumanoe letamong kajeno
SETOPO SA HAE SE FUMANOE $T$ KAJENO,LETAMONG,0,sesotho,setopo sa hae se fumanoe t kajeno
$T$ O NTSE O HOLA KA THELLO E KHOLO,MOKHA,1,sesotho,t o ntse o hola ka thello e kholo
$T$ SE ILENG SA BOLAOA KA SEHLOHO,LELAPA LA SEBOHOLI,-1,sesotho,t se ileng sa bolaoa ka sehloho
$T$ LI THULANA SA LIPHELEU,LIKOLOI,-1,sesotho,t li thulana sa lipheleu
$T$ O AHLOLOA LILEMO TSE HLANO NTLOANA-TŠOANA,MOSALI,-1,sesotho,t o ahloloa lilemo tse hlano ntloanatšoana
MOSALI O AHLOLOA LILEMO TSE HLANO $T$,NTLOANA-TŠOANA,0,sesotho,mosali o ahloloa lilemo tse hlano t
$T$ O TŠOEROE O BUA LIKAKATA,MOLOI OA MOSETSANA,-1,sesotho,t o tšoeroe o bua likakata
E TSOHA E LE $T$ SE BONOA KE BOHLE MOTSENG,SEBONOANG,-1,sesotho,e tsoha e le t se bonoa ke bohle motseng
E TSOHA E LE SEBONOANG SE BONOA KE BOHLE $T$,MOTSENG,0,sesotho,e tsoha e le sebonoang se bonoa ke bohle t
$T$ BA BOLAHANE KA LITHIPA NTLONG EA MOTHAMAHANE,BANNA,-1,sesotho,t ba bolahane ka lithipa ntlong ea mothamahane
BANNA BA BOLAHANE KA $T$ NTLONG EA MOTHAMAHANE,LITHIPA,-1,sesotho,banna ba bolahane ka t ntlong ea mothamahane
BANNA BA BOLAHANE KA LITHIPA $T$,NTLONG EA MOTHAMAHANE,0,sesotho,banna ba bolahane ka lithipa t
$T$ O UTSOA LIAPARO TSA MONGA HAE LE TSA BANA,NGOANANA,-1,sesotho,t o utsoa liaparo tsa monga hae le tsa bana
NGOANANA O UTSOA $T$ TSA MONGA HAE LE TSA BANA,LIAPARO,0,sesotho,ngoanana o utsoa t tsa monga hae le tsa bana
$T$ TSA PULA,LIKHOHOLA,-1,sesotho,t tsa pula
$T$ EA HO KHAOHA HA BOROKHO BA NAKOANA,TLHOKOMELISO,0,sesotho,t ea ho khaoha ha borokho ba nakoana
TLHOKOMELISO EA HO KHAOHA HA $T$,BOROKHO BA NAKOANA,-1,sesotho,tlhokomeliso ea ho khaoha ha t
$T$ O PHAPHAMETSE KA LETAMONG ESALE A NOELA LABOBELI LA BEKE E FETILENG,NGOANA,-1,sesotho,t o phaphametse ka letamong esale a noela labobeli la beke e fetileng
NGOANA O PHAPHAMETSE KA $T$ ESALE A NOELA LABOBELI LA BEKE E FETILENG,LETAMONG,0,sesotho,ngoana o phaphametse ka t esale a noela labobeli la beke e fetileng
$T$ SE BATLA BABOLAI BA LITHO TSA LELAPA,SEPOLESA,0,sesotho,t se batla babolai ba litho tsa lelapa
SEPOLESA SE BATLA $T$ BA LITHO TSA LELAPA,BABOLAI,-1,sesotho,sepolesa se batla t ba litho tsa lelapa
SEPOLESA SE BATLA BABOLAI BA $T$,LITHO TSA LELAPA,-1,sesotho,sepolesa se batla babolai ba t
$T$ E FETOLA NGOANA LEKHOBA LA THOBALANO,DOCTOR,-1,sesotho,t e fetola ngoana lekhoba la thobalano
DOCTOR E FETOLA $T$ LEKHOBA LA THOBALANO,NGOANA,0,sesotho,doctor e fetola t lekhoba la thobalano
DOCTOR E FETOLA NGOANA $T$ LA THOBALANO,LEKHOBA,-1,sesotho,doctor e fetola ngoana t la thobalano
$T$ BA MO PHUTHILE ESITA LE HO MO FEPA,BASALI,1,sesotho,t ba mo phuthile esita le ho mo fepa
$T$ BA PHOLOSA LESEA LA MOSHANYANA LEFUNG 'MA LONA O BE A LE LAHLETSE KA LETAMONG A LE PHUTHETSE KA POLASETIKE,BANNA,1,sesotho,t ba pholosa lesea la moshanyana lefung ma lona o be a le lahletse ka letamong a le phuthetse ka polasetike
BANNA BA PHOLOSA $T$ LEFUNG 'MA LONA O BE A LE LAHLETSE KA LETAMONG A LE PHUTHETSE KA POLASETIKE,LESEA LA MOSHANYANA,1,sesotho,banna ba pholosa t lefung ma lona o be a le lahletse ka letamong a le phuthetse ka polasetike
BANNA BA PHOLOSA LESEA LA MOSHANYANA LEFUNG 'MA LONA O BE A LE LAHLETSE KA $T$ A LE PHUTHETSE KA POLASETIKE,LETAMONG,0,sesotho,banna ba pholosa lesea la moshanyana lefung ma lona o be a le lahletse ka t a le phuthetse ka polasetike
BANNA BA PHOLOSA LESEA LA MOSHANYANA LEFUNG 'MA LONA O BE A LE LAHLETSE KA LETAMONG A LE PHUTHETSE KA $T$,POLASETIKE,1,sesotho,banna ba pholosa lesea la moshanyana lefung ma lona o be a le lahletse ka letamong a le phuthetse ka t
$T$ E RATHOA KA SABOLE,NYATSI,-1,sesotho,t e rathoa ka sabole
NYATSI E RATHOA KA $T$,SABOLE,0,sesotho,nyatsi e rathoa ka t
MOSA O KOLOBETSANG $T$ O SIEA KHAREBE E ITŠOERE HLOOHONG,LITHOTSELA,-1,sesotho,mosa o kolobetsang t o siea kharebe e itšoere hloohong
MOSA O KOLOBETSANG LITHOTSELA O SIEA $T$ E ITŠOERE HLOOHONG,KHAREBE,-1,sesotho,mosa o kolobetsang lithotsela o siea t e itšoere hloohong
$T$ O QETA HO TŠOLA TLHAKO MORONG KAMORA HO TETEKA MOSALI,MONNA,-1,sesotho,t o qeta ho tšola tlhako morong kamora ho teteka mosali
MONNA O QETA HO TŠOLA TLHAKO MORONG KAMORA HO TETEKA $T$,MOSALI,-1,sesotho,monna o qeta ho tšola tlhako morong kamora ho teteka t
$T$ SE PHUTHA SETOPO SE SENG SA MOSALI,SEPOLESA,1,sesotho,t se phutha setopo se seng sa mosali
SEPOLESA SE PHUTHA $T$ SE SENG SA MOSALI,SETOPO,-1,sesotho,sepolesa se phutha t se seng sa mosali
SEPOLESA SE PHUTHA SETOPO SE SENG SA $T$,MOSALI,0,sesotho,sepolesa se phutha setopo se seng sa t
$T$ SE INOLOA KA LETAMONG SE TŠETSOE KA HARA POLASETIKE,SETOPO SA MONNA,-1,sesotho,t se inoloa ka letamong se tšetsoe ka hara polasetike
SETOPO SA MONNA SE INOLOA KA $T$ SE TŠETSOE KA HARA POLASETIKE,LETAMONG,0,sesotho,setopo sa monna se inoloa ka t se tšetsoe ka hara polasetike
SETOPO SA MONNA SE INOLOA KA LETAMONG SE TŠETSOE KA HARA $T$,POLASITIKE,0,sesotho,setopo sa monna se inoloa ka letamong se tšetsoe ka hara t
$T$ O OELE KA LETAMONG,MOTHO,-1,sesotho,t o oele ka letamong
MOTHO O OELE KA $T$,LETAMONG,0,sesotho,motho o oele ka t
BONA $T$ EA FENETHILENG MOSALI-AE KA THIPA MAOBANE,MONNA,-1,sesotho,bona t ea fenethileng mosaliae ka thipa maobane
BONA MONNA EA FENETHILENG $T$ KA THIPA MAOBANE,MOSALI-AE,-1,sesotho,bona monna ea fenethileng t ka thipa maobane
BONA MONNA EA FENETHILENG MOSALI-AE KA $T$ MAOBANE,THIPA,0,sesotho,bona monna ea fenethileng mosaliae ka t maobane
$T$ EA BOHLOKOA HO BAAHI,TLHOKOMELISO,0,sesotho,t ea bohlokoa ho baahi
TLHOKOMELISO EA BOHLOKOA HO $T$,BAAHI,1,sesotho,tlhokomeliso ea bohlokoa ho t
$T$ O NTSE O TŠOERE KA MATLA HO MATLAFATSA LITSELA TSA NAHA,'MUSO,1,sesotho,t o ntse o tšoere ka matla ho matlafatsa litsela tsa naha
'MUSO O NTSE O TŠOERE KA MATLA HO MATLAFATSA $T$,LITSELA TSA NAHA,1,sesotho,muso o ntse o tšoere ka matla ho matlafatsa t
$T$ O LOANETSE BOLOKOLOHI BA SECHABA,TONAKHOLO,1,sesotho,t o loanetse bolokolohi ba sechaba
TONAKHOLO O LOANETSE BOLOKOLOHI BA $T$,SECHABA,1,sesotho,tonakholo o loanetse bolokolohi ba t
$T$ O TŠOARELOA HO OTLA KHAREBE O MO TSEKISA HO ITHOLELA HA A MO FEREHA,MOITHUTI OA SEKOLO SE SEHOLO,-1,sesotho,t o tšoareloa ho otla kharebe o mo tsekisa ho itholela ha a mo fereha
MOITHUTI OA SEKOLO SE SEHOLO O TŠOARELOA HO OTLA $T$ O MO TSEKISA HO ITHOLELA HA A MO FEREHA,KHAREBE,-1,sesotho,moithuti oa sekolo se seholo o tšoareloa ho otla t o mo tsekisa ho itholela ha a mo fereha
$T$ O LOANETSE LEBENKELE KHAKHAULANE MOLAMU OA HLOOHO,TONAKHOLO,1,sesotho,t o loanetse lebenkele khakhaulane molamu oa hlooho
TONAKHOLO O LOANETSE $T$ KHAKHAULANE MOLAMU OA HLOOHO,LEBENKELE,0,sesotho,tonakholo o loanetse t khakhaulane molamu oa hlooho
$T$ O HLAHA A PALAME KA THATAA HEE LE HONA O E KOTSOMETSE,TONAKHOLO,1,sesotho,t o hlaha a palame ka thataa hee le hona o e kotsometse
HANTLE RONA RE MO ROLELA $T$,KHAEBANA,1,sesotho,hantle rona re mo rolela t
SE ENTSOENG KE $T$ O KE KE OA SE FETOLA,MOLIMO,1,sesotho,se entsoeng ke t o ke ke oa se fetola
$T$ A NTSE A AHOA KA MALOTING,MAROKHO A MAOTO,1,sesotho,t a ntse a ahoa ka maloting
MAROKHO A MAOTO A NTSE A AHOA KA $T$,MALOTING,0,sesotho,marokho a maoto a ntse a ahoa ka t
$T$ OA TŠOAROA A NTSE A BETA KHOMO,MONNA,-1,sesotho,t oa tšoaroa a ntse a beta khomo
MONNA OA TŠOAROA A NTSE A BETA $T$,KHOMO,-1,sesotho,monna oa tšoaroa a ntse a beta t
$T$ O LAHLETSOE KA NTLOANENG O HLAHELLETSE KA LEOTO,MONNA,-1,sesotho,t o lahletsoe ka ntloaneng o hlahelletse ka leoto
MONNA O LAHLETSOE KA $T$ O HLAHELLETSE KA LEOTO,NTLOANENG,0,sesotho,monna o lahletsoe ka t o hlahelletse ka leoto
MONNA O LAHLETSOE KA NTLOANENG O HLAHELLETSE KA $T$,LEOTO,0,sesotho,monna o lahletsoe ka ntloaneng o hlahelletse ka t
BONA $T$ A QOSETSOANG LESHANO O NTŠITSE MAKUNUTU A 'MUSO,MOSALI,-1,sesotho,bona t a qosetsoang leshano o ntšitse makunutu a muso
BONA MOSALI A QOSETSOANG LESHANO O NTŠITSE $T$,MAKUNUTU A 'MUSO,0,sesotho,bona mosali a qosetsoang leshano o ntšitse t
UTLOA NA $T$ O RENG KA LEFU LA MOSALI-AE LE MORA OA HAE,HLOOHO EA LELAPA,0,sesotho,utloa na t o reng ka lefu la mosaliae le mora oa hae
UTLOA NA HLOOHO EA LELAPA O RENG KA LEFU LA $T$ LE MORA OA HAE,MOSALI-AE,-1,sesotho,utloa na hlooho ea lelapa o reng ka lefu la t le mora oa hae
UTLOA NA HLOOHO EA LELAPA O RENG KA LEFU LA MOSALI-AE LE $T$,MORA OA HAE,-1,sesotho,utloa na hlooho ea lelapa o reng ka lefu la mosaliae le t
$T$ O NTSE A E-SO INOLOE KA LETAMONG,NGOANA,-1,sesotho,t o ntse a eso inoloe ka letamong
NGOANA O NTSE A E-SO INOLOE KA $T$,LETAMONG,0,sesotho,ngoana o ntse a eso inoloe ka t
$T$ O NOETSE KA LETAMONG,NGOANA,-1,sesotho,t o noetse ka letamong
NGOANA O NOETSE KA $T$,LETAMONG,0,sesotho,ngoana o noetse ka t
$T$ EA ILENG A PEPESA LETHATHEMO LA MATONA A MACHA O QOSITSOE,MOSALI,-1,sesotho,t ea ileng a pepesa lethathemo la matona a macha o qositsoe
MOSALI EA ILENG A PEPESA $T$ A MACHA O QOSITSOE,LETHATHEMO LA MATONA,1,sesotho,mosali ea ileng a pepesa t a macha o qositsoe
$T$ HO BO-MOSAMARIA BA MOLEMO BA THUSANG MOTHO E MONG LE E MONG KA HARA TOROPO,TLHOKOMELISO,0,sesotho,t ho bomosamaria ba molemo ba thusang motho e mong le e mong ka hara toropo
TLHOKOMELISO HO BO-MOSAMARIA BA MOLEMO BA THUSANG MOTHO E MONG LE E MONG KA HARA $T$,TOROPO,0,sesotho,tlhokomeliso ho bomosamaria ba molemo ba thusang motho e mong le e mong ka hara t
TLHOKOMELISO HO $T$ BA THUSANG MOTHO E MONG LE E MONG KA HARA TOROPO,BO-MOSAMARIA BA MOLEMO,-1,sesotho,tlhokomeliso ho t ba thusang motho e mong le e mong ka hara toropo
$T$ AO LOANELE LINTOENG TSA BOSIU AO HLOLELE MELEKO EOHLE,MORENA,1,sesotho,t ao loanele lintoeng tsa bosiu ao hlolele meleko eohle
MORENA AO LOANELE $T$ TSA BOSIU AO HLOLELE MELEKO EOHLE,LINTOENG,-1,sesotho,morena ao loanele t tsa bosiu ao hlolele meleko eohle
MORENA AO LOANELE LINTOENG TSA BOSIU AO HLOLELE $T$ EOHLE,MELEKO,-1,sesotho,morena ao loanele lintoeng tsa bosiu ao hlolele t eohle
$T$ O BOLAUOE A EA MOSEBETSING KAJENO,MOSALI,-1,sesotho,t o bolauoe a ea mosebetsing kajeno
MOSALI O BOLAUOE A EA $T$ KAJENO,MOSEBETSING,0,sesotho,mosali o bolauoe a ea t kajeno
LI NTSE LI ROROPA KA $T$,'MALETSUNYANE BRAAI FESTIVAL,1,sesotho,li ntse li roropa ka t
$T$ O HULANYETSOA KHOTLA O BATLOA MILLION TSE PELI TSA MALOTI,MOSALI,-1,sesotho,t o hulanyetsoa khotla o batloa million tse peli tsa maloti
MOSALI O HULANYETSOA $T$ O BATLOA MILLION TSE PELI TSA MALOTI,KHOTLA,0,sesotho,mosali o hulanyetsoa t o batloa million tse peli tsa maloti
$T$ O BILIKA KA SETHUTHUTHU,TONAKHOLO,1,sesotho,t o bilika ka sethuthuthu
TONAKHOLO O BILIKA KA $T$,SETHUTHUTHU,0,sesotho,tonakholo o bilika ka t
$T$ O SITOA HO IPHAPANYETSA LERATO LEO A LE RATANG SECHABA,TONAKHOLO,1,sesotho,t o sitoa ho iphapanyetsa lerato leo a le ratang sechaba
TONAKHOLO O SITOA HO IPHAPANYETSA LERATO LEO A LE RATANG $T$,SECHABA,0,sesotho,tonakholo o sitoa ho iphapanyetsa lerato leo a le ratang t
$T$ O NTSE A JABA-JABA MOKETENG,TONAKHOLO,1,sesotho,t o ntse a jabajaba moketeng
TOANAKHOLO O NTSE A JABA-JABA $T$,MOKETENG,1,sesotho,toanakholo o ntse a jabajaba t
$T$ O TŠOAETSA MORALI-AE MAFU A LIKOBO,MONNA,-1,sesotho,t o tšoaetsa moraliae mafu a likobo
MONNA O TŠOAETSA $T$ MAFU A LIKOBO,MORALI-AE,-1,sesotho,monna o tšoaetsa t mafu a likobo
MONNA O TŠOAETSA MORALI-AE $T$,MAFU A LIKOBO,-1,sesotho,monna o tšoaetsa moraliae t
$T$ SE RE HO TŠEPA MOTHO KE HO POKOTHA NOHA,SEPOLESA,0,sesotho,t se re ho tšepa motho ke ho pokotha noha
SEPOLESA SE RE HO TŠEPA $T$ KE HO POKOTHA NOHA,MOTHO,-1,sesotho,sepolesa se re ho tšepa t ke ho pokotha noha
SEPOLESA SE RE HO TŠEPA MOTHO KE HO POKOTHA $T$,NOHA,-1,sesotho,sepolesa se re ho tšepa motho ke ho pokotha t
NTAELE $T$ KE MOFO OA HAU THATO KE TLA PHETHA EA HAU,MORENA,1,sesotho,ntaele t ke mofo oa hau thato ke tla phetha ea hau
NTAELE MORENA KE $T$ OA HAU THATO KE TLA PHETHA EA HAU,MOFO,1,sesotho,ntaele morena ke t oa hau thato ke tla phetha ea hau
BONA $T$ EA BOLAILENG MOTHO MOTŠEARE TOROPONG,MONNA,-1,sesotho,bona t ea bolaileng motho motšeare toropong
BONA MONNA EA BOLAILENG $T$ MOTŠEARE TOROPONG,MOTHO,-1,sesotho,bona monna ea bolaileng t motšeare toropong
BONA MONNA EA BOLAILENG MOTHO MOTŠEARE $T$,TOROPONG,0,sesotho,bona monna ea bolaileng motho motšeare t
$T$ E RE HA E BATLE HO FUMANTŠOA LITSIANE KA MPESA BA BATLA HO KHOLLA POSONG,METSOFE,-1,sesotho,t e re ha e batle ho fumantšoa litsiane ka mpesa ba batla ho kholla posong
METSOFE E RE HA E BATLE HO FUMANTŠOA $T$ KA MPESA BA BATLA HO KHOLLA POSONG,LITSIANE,0,sesotho,metsofe e re ha e batle ho fumantšoa t ka mpesa ba batla ho kholla posong
METSOFE E RE HA E BATLE HO FUMANTŠOA LITSIANE KA $T$ BA BATLA HO KHOLLA POSONG,MPESA,-1,sesotho,metsofe e re ha e batle ho fumantšoa litsiane ka t ba batla ho kholla posong
METSOFE E RE HA E BATLE HO FUMANTŠOA LITSIANE KA MPESA BA BATLA HO KHOLLA $T$,POSONG,1,sesotho,metsofe e re ha e batle ho fumantšoa litsiane ka mpesa ba batla ho kholla t
$T$ MORALI LE SETLOHOLO BA QHALILE KEMARO,NKHONO,-1,sesotho,t morali le setloholo ba qhalile kemaro
NKHONO $T$ LE SETLOHOLO BA QHALILE KEMARO,MORALI,-1,sesotho,nkhono t le setloholo ba qhalile kemaro
NKHONO MORALI LE $T$ BA QHALILE KEMARO,SETLOHOLO,-1,sesotho,nkhono morali le t ba qhalile kemaro
$T$ LE LAELA HORE LEBENKELE LE FANTISOE,LEKHOTLA,0,sesotho,t le laela hore lebenkele le fantisoe
LEKHOTLA LE LAELA HORE $T$ LE FANTISOE,LEBENKELE,-1,sesotho,lekhotla le laela hore t le fantisoe
O TLOHELLA $T$ EO E LENG NYATSI EA HAE O BETA NGOANA,NKHONO,0,sesotho,o tlohella t eo e leng nyatsi ea hae o beta ngoana
O TLOHELLA NKHONO EO E LENG $T$ EA HAE O BETA NGOANA,NYATSI,-1,sesotho,o tlohella nkhono eo e leng t ea hae o beta ngoana
O TLOHELLA NKHONO EO E LENG NYATSI EA HAE O BETA $T$,NGOANA,-1,sesotho,o tlohella nkhono eo e leng nyatsi ea hae o beta t
$T$ LI INYAKATSA KA BARUTUOA SEKOLONG SE PHAHAMENG,LITICHERE,-1,sesotho,t li inyakatsa ka barutuoa sekolong se phahameng
LITICHERE LI INYAKATSA KA $T$ SEKOLONG SE PHAHAMENG,BARUTUOA,-1,sesotho,litichere li inyakatsa ka t sekolong se phahameng
LITICHERE LI INYAKATSA KA BARUTUOA $T$,SEKOLONG SE PHAHAMENG,0,sesotho,litichere li inyakatsa ka barutuoa t
$T$ LE AHLOTSE MONNA EO ESALENG A ROBALA LE MORALI'AE,LEKHOTLA,0,sesotho,t le ahlotse monna eo esaleng a robala le moraliae
LEKHOTLA LE AHLOTSE $T$ EO ESALENG A ROBALA LE MORALI'AE,MONNA,-1,sesotho,lekhotla le ahlotse t eo esaleng a robala le moraliae
LEKHOTLA LE AHLOTSE MONNA EO ESALENG A ROBALA LE $T$,MORALI'AE,0,sesotho,lekhotla le ahlotse monna eo esaleng a robala le t
$T$ ESALE A BETOA HO TLOHA SELEMO SE FETILENG,NGOANA,-1,sesotho,t esale a betoa ho tloha selemo se fetileng
$T$ O BOLOKUOE LE MORA OA HAE MAOBANE,MOOKAMELI,-1,sesotho,t o bolokuoe le mora oa hae maobane
MOOKAMELI O BOLOKUOE LE $T$ MAOBANE,MORA OA HAE,-1,sesotho,mookameli o bolokuoe le t maobane
BA IPHOMOLETSE 'ME LE $T$ KHETLONG LENA MOLAO O SALLANE LE BABOLAI BA BONA,MORA,-1,sesotho,ba iphomoletse me le t khetlong lena molao o sallane le babolai ba bona
BA IPHOMOLETSE $T$ KHETLONG LENA MOLAO O SALLANE LE BABOLAI BA BONA,'ME' LE MORA,-1,sesotho,ba iphomoletse t khetlong lena molao o sallane le babolai ba bona
BA IPHOMOLETSE 'ME' LE MORA KHETLONG LENA $T$ O SALLANE LE BABOLAI BA BONA,MOLAO,0,sesotho,ba iphomoletse me le mora khetlong lena t o sallane le babolai ba bona
BA IPHOMOLETSE 'ME' LE MORA KHETLONG LENA MOLAO O SALLANE LE $T$ BA BONA,BABOLAI,-1,sesotho,ba iphomoletse me le mora khetlong lena molao o sallane le t ba bona
$T$ O BOLAELOA MAPATLELONG A TOROPO,MONNA,-1,sesotho,t o bolaeloa mapatlelong a toropo
MONNA O BOLAELOA MAPATLELONG A $T$,TOROPO,0,sesotho,monna o bolaeloa mapatlelong a t
O BETA $T$ KA NTLOANENG NGOANA O TSOILE A BELEHA EKA OA HLANYA,NGOANA,-1,sesotho,o beta t ka ntloaneng ngoana o tsoile a beleha eka oa hlanya
O BETA NGOANA KA $T$ NGOANA O TSOILE A BELEHA EKA OA HLANYA,NTLOANENG,0,sesotho,o beta ngoana ka t ngoana o tsoile a beleha eka oa hlanya
O BETA NGOANA KA NTLOANENG $T$ O TSOILE A BELEHA EKA OA HLANYA,NGOANA,-1,sesotho,o beta ngoana ka ntloaneng t o tsoile a beleha eka oa hlanya
$T$ O TŠOEROE A BETILE NGOANANA EA NANG LE BOKOOA,MONNA,-1,sesotho,t o tšoeroe a betile ngoanana ea nang le bokooa
MONNA O TŠOEROE A BETILE $T$ EA NANG LE BOKOOA,NGOANANA,-1,sesotho,monna o tšoeroe a betile t ea nang le bokooa
$T$ E SEBETSANG E BOLAUOE,NESE EA MONNA,-1,sesotho,t e sebetsang e bolauoe
$T$ O QETA HO CHELLA KATLUNG,NGOANA,-1,sesotho,t o qeta ho chella katlung
NGOANA O QETA HO CHELLA $T$,KATLUNG,0,sesotho,ngoana o qeta ho chella t
$T$ O LAELA BANA HO ROBALA LE MOKHALAJOE LEKHOTLA LE BA AHLOTSE LILEMO TSE MASHOME A MARARO TORONKONG,MOSALI,-1,sesotho,t o laela bana ho robala le mokhalajoe lekhotla le ba ahlotse lilemo tse mashome a mararo toronkong
MOSALI O LAELA $T$ HO ROBALA LE MOKHALAJOE LEKHOTLA LE BA AHLOTSE LILEMO TSE MASHOME A MARARO TORONKO,BANA,-1,sesotho,mosali o laela t ho robala le mokhalajoe lekhotla le ba ahlotse lilemo tse mashome a mararo toronko
MOSALI O LAELA BANA HO ROBALA LE $T$ LEKHOTLA LE BA AHLOTSE LILEMO TSE MASHOME A MARARO TORONKO,MOKHALAJOE,-1,sesotho,mosali o laela bana ho robala le t lekhotla le ba ahlotse lilemo tse mashome a mararo toronko
MOSALI O LAELA BANA HO ROBALA LE MOKHALAJOE $T$ LE BA AHLOTSE LILEMO TSE MASHOME A MARARO TORONKO,LEKHOTLA,0,sesotho,mosali o laela bana ho robala le mokhalajoe t le ba ahlotse lilemo tse mashome a mararo toronko
MOSALI O LAELA BANA HO ROBALA LE MOKHALAJOE LEKHOTLA LE BA AHLOTSE LILEMO TSE MASHOME A MARARO $T$,TORONKONG,0,sesotho,mosali o laela bana ho robala le mokhalajoe lekhotla le ba ahlotse lilemo tse mashome a mararo t
$T$ O BETA KHAREBE E NANG LE BOTHATA BA PUO,MONNA,-1,sesotho,t o beta kharebe e nang le bothata ba puo
MONNA O BETA $T$ E NANG LE BOTHATA BA PUO,KHAREBE,-1,sesotho,monna o beta t e nang le bothata ba puo
$T$ OA BOSIU O NTŠA BATHO MATLONG,MOKHOSI,-1,sesotho,t oa bosiu o ntša batho matlong
MOKHOSI OA BOSIU O NTŠA $T$ MATLONG,BATHO,0,sesotho,mokhosi oa bosiu o ntša t matlong
$T$ O KOETETSE KE BO RASETHUNYA BOSIUNG BA KAJENO,MOOKAMELI,-1,sesotho,t o koetetse ke bo rasethunya bosiung ba kajeno
MOOKAMELI O KOETETSE KE BO $T$ BOSIUNG BA KAJENO,RASETHUNYA,-1,sesotho,mookameli o koetetse ke bo t bosiung ba kajeno
$T$ E BONA MOQHOBI OA LEPHELE A HAKUOE SEFATENG,NTJA,0,sesotho,t e bona moqhobi oa lephele a hakuoe sefateng
NTJA E BONA $T$ A HAKUOE SEFATENG,MOQHOBI OA LEPHELE,-1,sesotho,ntja e bona t a hakuoe sefateng
NTJA E BONA MOQHOBI OA LEPHELE A HAKUOE $T$,SEFATENG,0,sesotho,ntja e bona moqhobi oa lephele a hakuoe t
$T$ O FUMANOA A BOLAUOE KAJENO,MONNA,-1,sesotho,t o fumanoa a bolauoe kajeno
$T$ O TLO LOKISA MATLO A SENTSOENG KE LIFEFO,TONAKHOLO,1,sesotho,t o tlo lokisa matlo a sentsoeng ke lifefo
TONAKHOLO O TLO LOKISA $T$ A SENTSOENG KE LIFEFO,MATLO,1,sesotho,tonakholo o tlo lokisa t a sentsoeng ke lifefo
TONAKHOLO O TLO LOKISA MATLO A SENTSOENG KE $T$,LIFEFO,-1,sesotho,tonakholo o tlo lokisa matlo a sentsoeng ke t
UTLOA LITABA TSA $T$ EA BOLAUOENG KE KOLOI SHOALANENG EA MAOBANE,MOSALI,-1,sesotho,utloa litaba tsa t ea bolauoeng ke koloi shoalaneng ea maobane
UTLOA LITABA TSA MOSALI EA BOLAUOENG KE $T$ SHOALANENG EA MAOBANE,KOLOI,-1,sesotho,utloa litaba tsa mosali ea bolauoeng ke t shoalaneng ea maobane
$T$ LE QETA HO FUMANOA KA LERAKONG,LESEA LA NGOANANA,-1,sesotho,t le qeta ho fumanoa ka lerakong
LESEA LA NGOANANA LE QETA HO FUMANOA KA $T$,LERAKONG,0,sesotho,lesea la ngoanana le qeta ho fumanoa ka t
$T$ E QETA HO BOLAEA MOSALI O ITAHLETSE KA TSELENG EKA O KOPA THUSO,KOLOI,-1,sesotho,t e qeta ho bolaea mosali o itahletse ka tseleng eka o kopa thuso
KOLOI E QETA HO BOLAEA $T$ O ITAHLETSE KA TSELENG EKA O KOPA THUSO,MOSALI,-1,sesotho,koloi e qeta ho bolaea t o itahletse ka tseleng eka o kopa thuso
KOLOI E QETA HO BOLAEA MOSALI O ITAHLETSE KA $T$ EKA O KOPA THUSO,TSELENG,0,sesotho,koloi e qeta ho bolaea mosali o itahletse ka t eka o kopa thuso
$T$ BA LEPOLESA,BABOLAI,-1,sesotho,t ba lepolesa
BABOLAI BA $T$,LEPOLESA,0,sesotho,babolai ba t
BONA $T$ LE THUNYELITSENG MOSALI'A LONA LEFU,LESOLE,-1,sesotho,bona t le thunyelitseng mosalia lona lefu
BONA LESOLE LE THUNYELITSENG $T$ LEFU,MOSALI'A LONA,-1,sesotho,bona lesole le thunyelitseng t lefu
$T$ E TSOHA E CHESITSOE LORE,TEREKERE,-1,sesotho,t e tsoha e chesitsoe lore
$T$ BA TŠOEROE KA BOSHOLU BA LIPHOOFOLO,BANNA,-1,sesotho,t ba tšoeroe ka bosholu ba liphoofolo
BANNA BA TŠOEROE KA BOSHOLU BA $T$,LIPHOOFOLO,0,sesotho,banna ba tšoeroe ka bosholu ba t
BA TŠOLLA $T$ A SENANG MOLATO BA BOLAEA BANNA BA BABELI KA SEHLOHO,MALI,-1,sesotho,ba tšolla t a senang molato ba bolaea banna ba babeli ka sehloho
BA TŠOLLA MALI A SENANG MOLATO BA BOLAEA $T$ BA BABELI KA SEHLOHO,BANNA,-1,sesotho,ba tšolla mali a senang molato ba bolaea t ba babeli ka sehloho
$T$ O FENETHA MOSEBETSI 'MOHO PONTŠENG EA BASEBETSI 'MOHO,MOSEBETSI OA MORAFO,-1,sesotho,t o fenetha mosebetsi moho pontšeng ea basebetsi moho
MOSEBETSI OA MORAFO O FENETHA MOSEBETSI 'MOHO PONTŠENG EA $T$,BASEBETSI 'MOHO,0,sesotho,mosebetsi oa morafo o fenetha mosebetsi moho pontšeng ea t
$T$ O BOLAEA MOTHO,MONNA,-1,sesotho,t o bolaea motho
MONNA O BOLAEA $T$,MOTHO,0,sesotho,monna o bolaea t
BONA $T$ LE BOLAILENG MOTHO,LEPOLESA,-1,sesotho,bona t le bolaileng motho
BONA LEPOLESA LE BOLAILENG $T$,MOTHO,-1,sesotho,bona lepolesa le bolaileng t
$T$ E CHESITSOE,KOLOI EA BAETI,-1,sesotho,t e chesitsoe
$T$ A MANE A BEHELLOA KA THOKO HO MOSEBETSI E MONG O ILE MOSEBETSING A TAUOE BA BANG BA NKILE TJOTJO HO MASHOLU A TERAKA,MAPOLESA,-1,sesotho,t a mane a behelloa ka thoko ho mosebetsi e mong o ile mosebetsing a tauoe ba bang ba nkile tjotjo ho masholu a teraka
MAPOLESA A MANE A BEHELLOA KA THOKO HO $T$ E MONG O ILE MOSEBETSING A TAUOE BA BANG BA NKILE TJOTJO HO MASHOLU A TERAKA,MOSEBETSI,0,sesotho,mapolesa a mane a behelloa ka thoko ho t e mong o ile mosebetsing a tauoe ba bang ba nkile tjotjo ho masholu a teraka
MAPOLESA A MANE A BEHELLOA KA THOKO HO MOSEBETSI E MONG O ILE MOSEBETSING A TAUOE BA BANG BA NKILE $T$ HO MASHOLU A TERAKA,TJOTJO,-1,sesotho,mapolesa a mane a behelloa ka thoko ho mosebetsi e mong o ile mosebetsing a tauoe ba bang ba nkile t ho masholu a teraka
MAPOLESA A MANE A BEHELLOA KA THOKO HO MOSEBETSI E MONG O ILE MOSEBETSING A TAUOE BA BANG BA NKILE TJOTJO HO $T$ A TERAKA,MASHOLU,-1,sesotho,mapolesa a mane a behelloa ka thoko ho mosebetsi e mong o ile mosebetsing a tauoe ba bang ba nkile tjotjo ho t a teraka
$T$ O PALAME KHENTŠA,TONAKHOLO,1,sesotho,t o palame khentša
$T$ SE HATISITSOE LEJOE HOLIMO,SETOPO SA NGOANANA,-1,sesotho,t se hatisitsoe lejoe holimo
SETOPO SA NGOANANA SE HATISITSOE $T$ HOLIMO,LEJOE,0,sesotho,setopo sa ngoanana se hatisitsoe t holimo
$T$ O BOLAETSOE KA MORUNG,NGOANA,-1,sesotho,t o bolaetsoe ka morung
NGOANA O BOLAETSOE KA $T$,MORUNG,0,sesotho,ngoana o bolaetsoe ka t
$T$ LE MASOLE A QETA HO PHOLOSA MONNA MOLLONG,MAPOLESA,1,sesotho,t le masole a qeta ho pholosa monna mollong
MAPOLESA LE $T$ A QETA HO PHOLOSA MONNA MOLLONG,MASOLE,1,sesotho,mapolesa le t a qeta ho pholosa monna mollong
MAPOLESA LE MASOLE A QETA HO PHOLOSA $T$ MOLLONG,MONNA,-1,sesotho,mapolesa le masole a qeta ho pholosa t mollong
$T$ O NYOPISA MORERO OA MABETA,NGOANA,1,sesotho,t o nyopisa morero oa mabeta
NGOANA O NYOPISA $T$ OA MABETA,MORERO,-1,sesotho,ngoana o nyopisa t oa mabeta
$T$ O ABETSE BALISANA SETHOPO SA LIKHUTŠOANE KAJENO,TONAKHOLO,1,sesotho,t o abetse balisana sethopo sa likhutšoane kajeno
TONAKHOLO O ABETSE $T$ SETHOPO SA LIKHUTŠOANE KAJENO,BALISANA,0,sesotho,tonakholo o abetse t sethopo sa likhutšoane kajeno
TONAKHOLO O ABETSE BALISANA $T$ KAJENO,SETHOPO SA LIKHUTŠOANE,0,sesotho,tonakholo o abetse balisana t kajeno
$T$ O TIMELLA KOTSING EA TEKESI,MOETI,-1,sesotho,t o timella kotsing ea tekesi
MOETI O TIMELLA KOTSING EA $T$,TEKESI,-1,sesotho,moeti o timella kotsing ea t
$T$ O FETOLA BARALI BA HAE MAKHOBA A THOBALANO O BA ROBETSE MAKHETLO A SA BALOENG,MONNA,-1,sesotho,t o fetola barali ba hae makhoba a thobalano o ba robetse makhetlo a sa baloeng
MONNA O FETOLA $T$ BA HAE MAKHOBA A THOBALANO O BA ROBETSE MAKHETLO A SA BALOENG,BARALI,-1,sesotho,monna o fetola t ba hae makhoba a thobalano o ba robetse makhetlo a sa baloeng
$T$ O THUNYELITSOE LEFU,MOOKAMELI OA MEBENKELE A LIJO,-1,sesotho,t o thunyelitsoe lefu
$T$ O PHETHAHATSA MANTSOE A RENG HO ROBALA KE HO FETOHA,MOPARAMENTE,-1,sesotho,t o phethahatsa mantsoe a reng ho robala ke ho fetoha
$T$ BO ITLOSA LITLHONG,BOHANYETSI,-1,sesotho,t bo itlosa litlhong
UTLOA MELEK0 E ETSHAHETSENG HA $T$ A TLA BOLAOA BOSIUNG BA KAJENO,MOHLANKA OA 'MUSO,-1,sesotho,utloa melek0 e etshahetseng ha t a tla bolaoa bosiung ba kajeno
$T$ O QETA HO THUNYA MOSALI'AE O MO SIHILE A RAPALLETSE KATLUNG,MONNA,-1,sesotho,t o qeta ho thunya mosaliae o mo sihile a rapalletse katlung
MONNA O QETA HO THUNYA $T$ O MO SIHILE A RAPALLETSE KATLUNG,MOSALI'AE,-1,sesotho,monna o qeta ho thunya t o mo sihile a rapalletse katlung
MONNA O QETA HO THUNYA MOSALI'AE O MO SIHILE A RAPALLETSE $T$,KATLUNG,0,sesotho,monna o qeta ho thunya mosaliae o mo sihile a rapalletse t
UTLOA LITABA TSA $T$ E EA IPOLAILENG BOSIU BONA BO FETILENG,MOQHOBI OA LEPHELE,-1,sesotho,utloa litaba tsa t e ea ipolaileng bosiu bona bo fetileng
$T$ BOHOLO A SHEBILE MOTSE-MOHOLO,MAOTO,1,sesotho,t boholo a shebile motsemoholo
$T$ O RE HA A TLO FETOLOA LEHLANYA A MATHE LIPAKENG,MOLAOLI,1,sesotho,t o re ha a tlo fetoloa lehlanya a mathe lipakeng
$T$ O RE HA A TLO FETOLOA $T$ A MATHE LIPAKENG,LEHLANYA,-1,sesotho,t o re ha a tlo fetoloa t a mathe lipakeng
$T$ LE KENYA BARUTUOA MONOANA KA PELE,LESECHURITHI,-1,sesotho,t le kenya barutuoa monoana ka pele
LESECHURITHI LE KENYA $T$ MONOANA KA PELE,BARUTUOA,0,sesotho,lesechurithi le kenya t monoana ka pele
LESECHURITHI LE KENYA BARUTUOA $T$ KA PELE,MONOANA,0,sesotho,lesechurithi le kenya barutuoa t ka pele
$T$ O QETA HO FUMANOA A TIMELLETSE KA KOLOING,MOQHOBI OA LEPHELE,-1,sesotho,t o qeta ho fumanoa a timelletse ka koloing
MOQHOBI OA LEPHELE O QETA HO FUMANOA A TIMELLETSE KA $T$,KOLOING,-1,sesotho,moqhobi oa lephele o qeta ho fumanoa a timelletse ka t
$T$ O KHETHETSA MAKOEBA KHAHLANONG LE MOLAOLI,MONNA,-1,sesotho,t o khethetsa makoeba khahlanong le molaoli
LETALIANA O KHETHETSA MAKOEBA KHAHLANONG LE $T$,MOLAOLI,-1,sesotho,letaliana o khethetsa makoeba khahlanong le t
$T$ E SE E NTSE E BONAHALA MAPATLELONG A TOROPO E JABA-JABA,METHOAELA,1,sesotho,t e se e ntse e bonahala mapatlelong a toropo e jabajaba
METHOAELA E SE E NTSE E BONAHALA $T$ E JABA-JABA,MAPATLELONG A TOROPO,0,sesotho,methoaela e se e ntse e bonahala t e jabajaba
$T$ LE TJEBELA MATJOING NYEOE EA PHATHI E TSEKANG SETULO SA KHEKHETHANE,LEKHOTLA,0,sesotho,t le tjebela matjoing nyeoe ea phathi e tsekang setulo sa khekhethane
LEKHOTLA LE TJEBELA MATJOING $T$ EA PHATHI E TSEKANG SETULO SA KHEKHETHANE,NYEOE,-1,sesotho,lekhotla le tjebela matjoing t ea phathi e tsekang setulo sa khekhethane
LEKHOTLA LE TJEBELA MATJOING NYEOE EA PHATHI E TSEKANG $T$,SETULO SA KHEKHETHANE,0,sesotho,lekhotla le tjebela matjoing nyeoe ea phathi e tsekang t
$T$ KE HORE LABORARO MAPOLESA A FUOE LIKOLOI,TEBELLO,1,sesotho,t ke hore laboraro mapolesa a fuoe likoloi
TEBELLO KE HORE LABORARO $T$ A FUOE LIKOLOI,MAPOLESA,0,sesotho,tebello ke hore laboraro t a fuoe likoloi
TEBELLO KE HORE LABORARO MAPOLESA A FUOE $T$,LIKOLOI,0,sesotho,tebello ke hore laboraro mapolesa a fuoe t
$T$ O RE A KEKE A JARA FOLAKHA LE MOLAO-THEO BOEMO BONA BO TENG O TLA SEBETSANA LE BONA LE THOLE LE SHEBELLE,MOALOLI,1,sesotho,t o re a keke a jara folakha le molaotheo boemo bona bo teng o tla sebetsana le bona le thole le shebelle
$T$ O FUMANOA LENYALONG,MOTSOETSE,1,sesotho,t o fumanoa lenyalong
$T$ BA BATLA HO MO SULUBANYA HO NTSE HO LE JOALO,BANNA,-1,sesotho,t ba batla ho mo sulubanya ho ntse ho le joalo
THUSANG BATHO $T$ E HLAHILE,TSIETSI,-1,sesotho,thusang batho t e hlahile
$T$ O LIELLOA TSONA TSENA HO RIALO SECHABA SE HALEFILENG,TONAKHOLO,-1,sesotho,t o lielloa tsona tsena ho rialo sechaba se halefileng
TONAKHOLO O LIELLOA TSONA TSENA HO RIALO $T$ SE HALEFILENG,SECHABA,-1,sesotho,tonakholo o lielloa tsona tsena ho rialo t se halefileng
$T$ ESALE A NYAMELA LE NGOANA KHOELING E FETILENG,MOSALI,-1,sesotho,t esale a nyamela le ngoana khoeling e fetileng
MOSALI ESALE A NYAMELA LE $T$ KHOELING E FETILENG,NGOANA,-1,sesotho,mosali esale a nyamela le t khoeling e fetileng
$T$ SANE SA PHATI SE NENG SE JELE MABELE SE ROHAKA LETONA PARAMENTENG,SETHO,-1,sesotho,t sane sa phati se neng se jele mabele se rohaka letona paramenteng
SETHO SANE SA PHATI SE NENG SE JELE MABELE SE ROHAKA $T$ PARAMENTENG,LETONA,-1,sesotho,setho sane sa phati se neng se jele mabele se rohaka t paramenteng
SETHO SANE SA PHATI SE NENG SE JELE MABELE SE ROHAKA LETONA $T$,PARAMENTENG,0,sesotho,setho sane sa phati se neng se jele mabele se rohaka letona t
$T$ A KHUTLANG NTOENG A AMOHELOA KA LIMETA,MASOLE,1,sesotho,t a khutlang ntoeng a amoheloa ka limeta
MASOLE A KHUTLANG $T$ A AMOHELOA KA LIMETA,NTOENG,-1,sesotho,masole a khutlang t a amoheloa ka limeta
$T$ BA PITLOA LILEMO TSE MASHOME A MARARO CHANKANENG,BASHANYANA,-1,sesotho,t ba pitloa lilemo tse mashome a mararo chankaneng
BASHANYANA BA PITLOA LILEMO TSE MASHOME A MARARO $T$,CHANKANENG,0,sesotho,bashanyana ba pitloa lilemo tse mashome a mararo t
$T$ EA ILENG A THUNNGOA KE MONN'AE MOTŠEARE KE MOFU,MOSALI,-1,sesotho,t ea ileng a thunngoa ke monnae motšeare ke mofu
MOSALI EA ILENG A THUNNGOA KE $T$ MOTŠEARE KE MOFU,MONN'AE,-1,sesotho,mosali ea ileng a thunngoa ke t motšeare ke mofu
$T$ O QETA HO THUNYA MOSALI'AE O THUNYELLETSE LE MOAHISANE,MONNA,-1,sesotho,t o qeta ho thunya mosaliae o thunyelletse le moahisane
MONNA O QETA HO THUNYA $T$ O THUNYELLETSE LE MOAHISANE,MOSALI'AE,-1,sesotho,monna o qeta ho thunya t o thunyelletse le moahisane
MONNA O QETA HO THUNYA MOSALI'AE O THUNYELLETSE LE $T$,MOAHISANE,-1,sesotho,monna o qeta ho thunya mosaliae o thunyelletse le t
$T$ E BOLAEA SEBAPALI BOTHATA BO QALILE MAFELENG ANA A BEKE,BOLO EA MAOTO,-1,sesotho,t e bolaea sebapali bothata bo qalile mafeleng ana a beke
BOLO EA MAOTO E BOLAEA $T$ BOTHATA BO QALILE MAFELENG ANA A BEKE,SEBAPALI,-1,sesotho,bolo ea maoto e bolaea t bothata bo qalile mafeleng ana a beke
HO NTSE HO BOLOKOA $T$ TSE MASHOME A MABELI A METSO E ROBONG TOROPONG,LITOPO,-1,sesotho,ho ntse ho bolokoa t tse mashome a mabeli a metso e robong toropong
HO NTSE HO BOLOKOA LITOPO TSE MASHOME A MABELI A METSO E ROBONG $T$,TOROPONG,0,sesotho,ho ntse ho bolokoa litopo tse mashome a mabeli a metso e robong t
BONA $T$ LA NGOANA E MONYANE HARA LITOPO,LEKESE,-1,sesotho,bona t la ngoana e monyane hara litopo
BONA LEKESE LA NGOANA E MONYANE HARA $T$,LITOPO,-1,sesotho,bona lekese la ngoana e monyane hara t
$T$ BA HALEFETSE MOPARAMENTE HA BOHLOKO,BACHA,-1,sesotho,t ba halefetse moparamente ha bohloko
BACHA BA HALEFETSE $T$ HA BOHLOKO,MOPARAMENTE,0,sesotho,bacha ba halefetse t ha bohloko
O BETA $T$ HA QETA O NKOA KE SEPHUME SA BOROKO,NGOANANA,-1,sesotho,o beta t ha qeta o nkoa ke sephume sa boroko
O BETA NGOANANA HA QETA O NKOA KE SEPHUME SA $T$,BOROKO,0,sesotho,o beta ngoanana ha qeta o nkoa ke sephume sa t
HOJA $T$ LI NE LI NGOLISOA NAHA ENA EKABE E LE NAHA EA LESHALA E SE NANG LITOKOMANE,LINAHA,-1,sesotho,hoja t li ne li ngolisoa naha ena ekabe e le naha ea leshala e se nang litokomane
HOJA LINAHA LI NE LI NGOLISOA $T$ ENA EKABE E LE NAHA EA LESHALA E SE NANG LITOKOMANE,NAHA,-1,sesotho,hoja linaha li ne li ngolisoa t ena ekabe e le naha ea leshala e se nang litokomane
HOJA LINAHA LI NE LI NGOLISOA NAHA ENA EKABE E LE $T$ EA LESHALA E SE NANG LITOKOMANE,NAHA,-1,sesotho,hoja linaha li ne li ngolisoa naha ena ekabe e le t ea leshala e se nang litokomane
HOJA LINAHA LI NE LI NGOLISOA NAHA ENA EKABE E LE NAHA EA LESHALA E SE NANG $T$,LITOKOMANE,-1,sesotho,hoja linaha li ne li ngolisoa naha ena ekabe e le naha ea leshala e se nang t
UTLOA NA $T$ O TŠOARETSOENG,MOPARAMENTE,-1,sesotho,utloa na t o tšoaretsoeng
O TŠOARELOA HO IKETSA $T$ HO MARANG-RANG,LESOLE 'MOTOANA,-1,sesotho,o tšoareloa ho iketsa t ho marangrang
$T$ POLAONG EA LEPARAMENTE O FUOE BEILE SA SEKETE SA MALOTI,MOQOSUOA,-1,sesotho,t polaong ea leparamente o fuoe beile sa sekete sa maloti
MOQOSUOA POLAONG EA $T$ O FUOE BEILE SA SEKETE SA MALOTI,LEPARAMENTE,-1,sesotho,moqosuoa polaong ea t o fuoe beile sa sekete sa maloti
MOQOSUOA POLAONG EA LEPARAMENTE O FUOE $T$ SA SEKETE SA MALOTI,BEILE,-1,sesotho,moqosuoa polaong ea leparamente o fuoe t sa sekete sa maloti
$T$ O QOSOA KA HO BETA MOSHANYANA,MONNA,-1,sesotho,t o qosoa ka ho beta moshanyana
MONNA O QOSOA KA HO BETA $T$,MOSHANYANA,-1,sesotho,monna o qosoa ka ho beta t
BONA $T$ OA LEFAHLA,'MOLAI,-1,sesotho,bona t oa lefahla
BONA 'MOLAI OA $T$,LEFAHLA,0,sesotho,bona molai oa t
$T$ LE BA NYATHOLA LILEMO TSE LESHOME CHANKANENG KA LITHUNYA TSA MASHALA,LEKHOTLA,0,sesotho,t le ba nyathola lilemo tse leshome chankaneng ka lithunya tsa mashala
LEKHOTLA LE BA NYATHOLA LILEMO TSE LESHOME $T$ KA LITHUNYA TSA MASHALA,CHANKANENG,0,sesotho,lekhotla le ba nyathola lilemo tse leshome t ka lithunya tsa mashala
LEKHOTLA LE BA NYATHOLA LILEMO TSE LESHOME CHANKANENG KA $T$ TSA MASHALA,LITHUNYA,-1,sesotho,lekhotla le ba nyathola lilemo tse leshome chankaneng ka t tsa mashala
$T$ BO QETA HO IPALA,BOHANYETSI,1,sesotho,t bo qeta ho ipala
EHLILE HO BOIMA HO $T$ HO QOBA LEBITLA,MOFU,-1,sesotho,ehlile ho boima ho t ho qoba lebitla
EHLILE HO BOIMA HO MOFU HO QOBA $T$,LEBITLA,0,sesotho,ehlile ho boima ho mofu ho qoba t
$T$ O QETA HO TIMELLA KOTSING EA KOLOI,MOETI,-1,sesotho,t o qeta ho timella kotsing ea koloi
MOETI O QETA HO TIMELLA KOTSING EA $T$,KOLOI,-1,sesotho,moeti o qeta ho timella kotsing ea t
$T$ O PHOMOLITSOE KA PHUPU E MAHLONOKO MAOBANE,MOITHUTI,1,sesotho,t o phomolitsoe ka phupu e mahlonoko maobane
MOITHUTI O PHOMOLITSOE KA $T$ E MAHLONOKO MAOBANE,PHUPU,-1,sesotho,moithuti o phomolitsoe ka t e mahlonoko maobane
$T$ SE QETA HO QHAUTSA RASETHUNYA,SECHABA,1,sesotho,t se qeta ho qhautsa rasethunya
SECHABA SE QETA HO QHAUTSA $T$,RASETHUNYA,-1,sesotho,sechaba se qeta ho qhautsa t
$T$ O THUNYELITSOE LEFU BASHEMANENG MAOBANE,MOSUOE-HLOOHO,-1,sesotho,t o thunyelitsoe lefu bashemaneng maobane
MOSUOE-HLOOHO O THUNYELITSOE LEFU $T$ MAOBANE,BASHEMANENG,0,sesotho,mosuoehlooho o thunyelitsoe lefu t maobane
UTLOA MELEKO E ETSAHETSENG MAOBANE $T$,BASHEMANENG,-1,sesotho,utloa meleko e etsahetseng maobane t
BONA $T$ EA BOLAETSENG MOSALI SETHALENG,MONNA,-1,sesotho,bona t ea bolaetseng mosali sethaleng
BONA MONNA EA BOLAETSENG $T$ SETHALENG,MOSALI,-1,sesotho,bona monna ea bolaetseng t sethaleng
BONA MONNA EA BOLAETSENG MOSALI $T$,SETHALENG,0,sesotho,bona monna ea bolaetseng mosali t
$T$ O BATLA KHAITSELI-AE LIKOBO,MONNA,-1,sesotho,t o batla khaitseliae likobo
MONNA O BATLA $T$ LIKOBO,KHATSELI-AE,0,sesotho,monna o batla t likobo
$T$ O FOSOA KA LETHALA LA LIKULO,MONNA,1,sesotho,t o fosoa ka lethala la likulo
MONNA O FOSOA KA LETHALA LA $T$,LIKULO,-1,sesotho,monna o fosoa ka lethala la t
O KHAMME $T$ HO FIHLELA A 'MOLAILE,MOSALI'AE,-1,sesotho,o khamme t ho fihlela a molaile
$T$ O 'MOLAETSE MAHLONG A MOR'A BONA,MONNA,-1,sesotho,t o molaetse mahlong a mora bona
$T$ LE EILENG LA BOLAOA LE TLA BOLOKOA BOESA LETAMONG LEO A FUMANOENG HO LONA,LEFAHLA,1,sesotho,t le eileng la bolaoa le tla bolokoa boesa letamong leo a fumanoeng ho lona
LEFAHLA LE EILENG LA BOLAOA LE TSA BOLOKOA BOESA $T$ LEO A FUMANOENG HO LONA,LETAMONG,0,sesotho,lefahla le eileng la bolaoa le tsa bolokoa boesa t leo a fumanoeng ho lona
$T$ SE HLAKISA SE ILENG SA ETSAHALA KA BOTEBO HOSENG KAJENO,SEPOLESA,0,sesotho,t se hlakisa se ileng sa etsahala ka botebo hoseng kajeno
$T$ O THUNYELITSOE LEFU HOSENG KAJENO,MOPARAMENTE,-1,sesotho,t o thunyelitsoe lefu hoseng kajeno
$T$ O REKISITSOE KA LIPABI,MOAHO OA KOMPONE,-1,sesotho,t o rekisitsoe ka lipabi
LITABA TSA $T$ BALAUOENG LI HLAHISA MOHLONO,MOSALI'A,-1,sesotho,litaba tsa t balauoeng li hlahisa mohlono
BA KHABELA $T$,NAMA EA NTJA,-1,sesotho,ba khabela t
$T$ O HLOKAHALA KAMORA NTLO ESALE A EA NTLOANENG MAOBANE,NGOANANA,-1,sesotho,t o hlokahala kamora ntlo esale a ea ntloaneng maobane
NGOANANA O HLOKAHALA KAMORA $T$ ESALE A EA NTLOANENG MAOBANE,NTLO,0,sesotho,ngoanana o hlokahala kamora t esale a ea ntloaneng maobane
NGOANANA O HLOKAHALA KAMORA NTLO ESALE A EA $T$ MAOBANE,NTLOANENG,0,sesotho,ngoanana o hlokahala kamora ntlo esale a ea t maobane
$T$ O FIHLA HA NKHONO A TSOTSE A SELAKHUOE MOLALA LE LITAPOLE,MONNA,-1,sesotho,t o fihla ha nkhono a tsotse a selakhuoe molala le litapole
MONNA O FIHLA HA $T$ A TSOTSE A SELAKHUOE MOLALA LE LITAPOLE,NKHONO,0,sesotho,monna o fihla ha t a tsotse a selakhuoe molala le litapole
MONNA O FIHLA HA NKHONO A TSOTSE A SELAKHUOE $T$ LE LITAPOLE,MOLALA,-1,sesotho,monna o fihla ha nkhono a tsotse a selakhuoe t le litapole
MONNA O FIHLA HA NKHONO A TSOTSE A SELAKHUOE MOLALA LE $T$,LITAPOLE,-1,sesotho,monna o fihla ha nkhono a tsotse a selakhuoe molala le t
$T$ SE BATLISA KA SETOPO SA MOSALI,SEPOLESA,0,sesotho,t se batlisa ka setopo sa mosali
SEPOLESA SE BATLISA KA $T$,SETOPO TSA MOSALI,-1,sesotho,sepolesa se batlisa ka t
$T$ O TLOTLA SEBOHOLI KA HO MO REKELA KOLOI E NCHA-CHA,BISHOPO,1,sesotho,t o tlotla seboholi ka ho mo rekela koloi e nchacha
BISHOPO O TLOTLA $T$ KA HO MO REKELA KOLOI E NCHA-CHA,SEBOHOLI,1,sesotho,bishopo o tlotla t ka ho mo rekela koloi e nchacha
BISHOPO O TLOTLA SEBOHOLI KA HO MO REKELA $T$ E NCHA-CHA,KOLOI,1,sesotho,bishopo o tlotla seboholi ka ho mo rekela t e nchacha
$T$ O THETEHELA LIKOBONG TSA NGOETSI,NTATE MATSALE,-1,sesotho,t o thetehela likobong tsa ngoetsi
NTATE MATSALE O THETEHELA $T$,LIKOBONG TSA NGOETSI,0,sesotho,ntate matsale o thetehela t
$T$ O QETA HO PARAKOLLOA KA KOLOING,MOQHOBI OA TEKESI,1,sesotho,t o qeta ho parakolloa ka koloing
MOQHOBI OA TEKESI O QETA HO PARAKOLLOA KA $T$,KOLOING,0,sesotho,moqhobi oa tekesi o qeta ho parakolloa ka t
$T$ LE MO SITISA HO LATSOA MONATE OA BOK'HANSELARA,LEFU,-1,sesotho,t le mo sitisa ho latsoa monate oa bokhanselara
LEFU LE MO SITISA HO LATSOA MONATE OA $T$,BOK'HANSELARA,1,sesotho,lefu le mo sitisa ho latsoa monate oa t
$T$ BA FUMANOA BA PHAPHAMETSE KA LETAMONG,BANA BA BANANA,-1,sesotho,t ba fumanoa ba phaphametse ka letamong
BANA BA BANANA BA FUMANOA BA PHAPHAMETSE KA $T$,LETAMONG,0,sesotho,bana ba banana ba fumanoa ba phaphametse ka t
$T$ LI TLA KOETLISOA KAHARA NAHA,LINGAKA,1,sesotho,t li tla koetlisoa kahara naha
LINGAKA LI TLA KOETLISOA KAHARA $T$,NAHA,0,sesotho,lingaka li tla koetlisoa kahara t
BA HABO $T$ BA AMOHELA LENGOLO LA HAE LA THUTO,MOFU,-1,sesotho,ba habo t ba amohela lengolo la hae la thuto
BA HABO MOFU BA AMOHELA $T$,LENGOLO LA HAE LA THUTO,1,sesotho,ba habo mofu ba amohela t
$T$ BA THIBILE MONNA A ILO LAHLELA MOSALI KA NTLOANENG,BAAHISANE,1,sesotho,t ba thibile monna a ilo lahlela mosali ka ntloaneng
BAAHISANE BA THIBILE $T$ A ILO LAHLELA MOSALI KA NTLOANENG,MONNA,-1,sesotho,baahisane ba thibile t a ilo lahlela mosali ka ntloaneng
BAAHISANE BA THIBILE MONNA A ILO LAHLELA $T$ KA NTLOANENG,MOSALI,0,sesotho,baahisane ba thibile monna a ilo lahlela t ka ntloaneng
BAAHISANE BA THIBILE MONNA A ILO LAHLELA MOSALI KA $T$,NTLOANENG,0,sesotho,baahisane ba thibile monna a ilo lahlela mosali ka t
$T$ O KHAKHATHELA MOSALI LEFU,MONNA,-1,sesotho,t o khakhathela mosali lefu
MONNA O KHAKHATHELA $T$ LEFU,MOSALI,0,sesotho,monna o khakhathela t lefu
$T$ O KAPILE MOSALI KA SELEPE,MONNA,-1,sesotho,t o kapile mosali ka selepe
MONNA O KAPILE $T$ KA SELEPE,MOSALI,0,sesotho,monna o kapile t ka selepe
MONNA O KAPILE MOSALI KA $T$,SELEPE,0,sesotho,monna o kapile mosali ka t
$T$ EA NENG A ISOA LEBOLLONG O SELAKHUOE,MOHLANKANA,-1,sesotho,t ea neng a isoa lebollong o selakhuoe
MOHLANKANA EA NENG A ISOA $T$ O SELAKHUOE,LEBOLLONG,0,sesotho,mohlankana ea neng a isoa t o selakhuoe
$T$ O QETA HO THUNYETSOA LEFU,MOQHOBI OA TEKESI,-1,sesotho,t o qeta ho thunyetsoa lefu
$T$ SE ETSOA KA MOSALI,SEROPO,-1,sesotho,t se etsoa ka mosali
SEROPO SE ETSOA KA $T$,MOSALI,0,sesotho,seropo se etsoa ka t
$T$ O NKETSOE LEPHELE KA LIKHOKA,MOQHOBI,-1,sesotho,t o nketsoe lephele ka likhoka
MOQHOBI O NKETSOE $T$ KA LIKHOKA,LEPHELE,0,sesotho,moqhobi o nketsoe t ka likhoka
$T$ SE QETA HO PHUTHA SETOPO SA NGOANANA,SEPOLESA,0,sesotho,t se qeta ho phutha setopo sa ngoanana
SEPOLESA SE QETA HO PHUTHA $T$,SETOPO SA NGOANANA,-1,sesotho,sepolesa se qeta ho phutha t
$T$ O FUMANOA A NA LE MATŠOAO A PETO,MOFU,-1,sesotho,t o fumanoa a na le matšoao a peto
$T$ SE BONOA KE BOHLE NGOANA O QETA HO FUMANOA,SEBONOANG,-1,sesotho,t se bonoa ke bohle ngoana o qeta ho fumanoa
SEBONOANG SE BONOA KE BOHLE $T$ O QETA HO FUMANOA,NGOANA,1,sesotho,sebonoang se bonoa ke bohle t o qeta ho fumanoa
$T$ E CHESITSOENG,SUPHAMAKETE,-1,sesotho,t e chesitsoeng
$T$ SE NTSE SE TSOMANA LE NGOANA EA NYAMETSENG,SEPOLESA,0,sesotho,t se ntse se tsomana le ngoana ea nyametseng
SEPOLESA SE NTSE SE TSOMANA LE $T$ EA NYAMETSENG,NGOANA,-1,sesotho,sepolesa se ntse se tsomana le t ea nyametseng
$T$ O THUNTSE MOSALI KA LIKULO TSE TŠELETSENG,MONNA,-1,sesotho,t o thuntse mosali ka likulo tse tšeletseng
MONNA O THUNTSE $T$ KA LIKULO TSE TŠELETSENG,MOSALI,0,sesotho,monna o thuntse t ka likulo tse tšeletseng
MONNA O THUNTSE MOSALI KA $T$ TSE TŠELETSENG,LIKULO,0,sesotho,monna o thuntse mosali ka t tse tšeletseng
$T$ O QETA HO THUNYETSA MOSALI'AE LEFU,MONNA,-1,sesotho,t o qeta ho thunyetsa mosaliae lefu
MONNA O QETA HO THUNYETSA MOSALI'AE LEFU,MOSALI'AE,-1,sesotho,monna o qeta ho thunyetsa mosaliae lefu
BONA $T$ E CHELENG 'MOHO LE MONGA EONA OA MOSALI,SUPHAMAKETE,-1,sesotho,bona t e cheleng moho le monga eona oa mosali
BONA SUPHAMAKETE E CHELENG 'MOHO LE $T$,MONGA EONA OA MOSALI,0,sesotho,bona suphamakete e cheleng moho le t
UTLOA KA MORAO-RAO KA $T$ EA NYAMETSENG,NGOANA,-1,sesotho,utloa ka moraorao ka t ea nyametseng
$T$ O CHESELITSOE LEFU 'MOHO LE LIKOLOI TSA HAE,MOHOEBI OA MOSALI,-1,sesotho,t o cheselitsoe lefu moho le likoloi tsa hae
MOHOEBI OA MOSALI O CHESELITSOE LEFU 'MOHO LE $T$ TSA HAE,LIKOLOI,-1,sesotho,mohoebi oa mosali o cheselitsoe lefu moho le t tsa hae
$T$ O NYAMELA A ROBETSE A LE MONG,NGOANA,-1,sesotho,t o nyamela a robetse a le mong
HO FUMANAOA $T$ LE PHENTI KATLUNG,LIPHAHLO TSA NGOANA,-1,sesotho,ho fumanaoa t le phenti katlung
HO FUMANAOA LIPHAHLO TSA NGOANA LE $T$ KATLUNG,PHENTI,-1,sesotho,ho fumanaoa liphahlo tsa ngoana le t katlung
HO FUMANAOA LIPHAHLO TSA NGOANA LE PHENTI $T$,KATLUNG,0,sesotho,ho fumanaoa liphahlo tsa ngoana le phenti t
$T$ SE 'MATLETSE MOO A SENG A LULA TENG,SEBOHOLI,1,sesotho,t se matletse moo a seng a lula teng
LIPALO TSA $T$ LI NYOLOHILE,BAFU BA MOLLO,-1,sesotho,lipalo tsa t li nyolohile
$T$ KE MOFU KAMORA HO HLAJOA KA THIPA KE MOSALI'AE,MONNA,-1,sesotho,t ke mofu kamora ho hlajoa ka thipa ke mosaliae
MONNA KE MOFU KAMORA HO HLAJOA KA $T$ KE MOSALI'AE,THIPA,0,sesotho,monna ke mofu kamora ho hlajoa ka t ke mosaliae
MONNA KE MOFU KAMORA HO HLAJOA KA THIPA KE $T$,MOSALI'AE,-1,sesotho,monna ke mofu kamora ho hlajoa ka thipa ke t
$T$ BA TŠOARA THIPA KA BOHALENG,BASALI,1,sesotho,t ba tšoara thipa ka bohaleng
BASALI BA TŠOARA $T$ KA BOHALENG,THIPA,0,sesotho,basali ba tšoara t ka bohaleng
BATHO BA CHELLETSE KA FEMENG,BATHO,-1,sesotho,batho ba chelletse ka femeng
BATHO BA CHELLETSE KA $T$,FEMENG,0,sesotho,batho ba chelletse ka t
$T$ O KHAKHATHETSOE LEFU A LE HA HAE LAPENG,MOSALI,-1,sesotho,t o khakhathetsoe lefu a le ha hae lapeng
MOSALI O KHAKHATHETSOE LEFU A LE HA HAE $T$,LAPENG,0,sesotho,mosali o khakhathetsoe lefu a le ha hae t
$T$ SE NTSE SE RAPALLETSE LEBALENG,SETOPO,-1,sesotho,t se ntse se rapalletse lebaleng
SETOPO SE NTSE SE RAPALLETSE $T$,LEBALENG,0,sesotho,setopo se ntse se rapalletse t
O FUMANOA KAHARA LEKOALIBA LA $T$ KA BUTING EA KOLOI A FASITSOE SEKOLOKOTO,MALI,-1,sesotho,o fumanoa kahara lekoaliba la t ka buting ea koloi a fasitsoe sekolokoto
O FUMANOA KAHARA LEKOALIBA LA MALI KA $T$ A FASITSOE SEKOLOKOTO,BUTING EA KOLOI,0,sesotho,o fumanoa kahara lekoaliba la mali ka t a fasitsoe sekolokoto
$T$ SE TŠOERE BABOLAI BA SEBOHOLI,SEPOLESA,1,sesotho,t se tšoere babolai ba seboholi
SEPOLESA SE TŠOERE $T$,BABOLAI BA SEBOHOLI,-1,sesotho,sepolesa se tšoere t
$T$ OA BOSIU O NTŠA BATHO MATLUNG,MOKHOSI,-1,sesotho,t oa bosiu o ntša batho matlung
MOKHOSI OA BOSIU O NTŠA $T$ MATLUNG,BATHO,0,sesotho,mokhosi oa bosiu o ntša t matlung
MOKHOSI OA BOSIU O NTŠA BATHO $T$,MATLUNG,0,sesotho,mokhosi oa bosiu o ntša batho t
$T$ A QETA HO BOLAEA MONGA LIKHOMO,MASHOLU,-1,sesotho,t a qeta ho bolaea monga likhomo
MASHOLU A QETA HO BOLAEA $T$,MONGA LIKHOMO,-1,sesotho,masholu a qeta ho bolaea t
$T$ O NTSE A RAPALLETSE FATŠE,MOFU,-1,sesotho,t o ntse a rapalletse fatše
$T$  BA SENYA MOSEBETSI KA LEBAKA LA BOSHOLU,BAHLANKA BA 'MUSO,-1,sesotho,t ba senya mosebetsi ka lebaka la bosholu
BAHLANKA BA 'MUSO BA SENYA $T$ KA LEBAKA LA BOSHOLU,MOSEBETSI,0,sesotho,bahlanka ba muso ba senya t ka lebaka la bosholu
BONA $T$ EA TIMETSENG KAMORA HO BONA NOHA,MOSHANYANA,-1,sesotho,bona t ea timetseng kamora ho bona noha
BONA MOSHANYANA EA TIMETSENG KAMORA HO BONA $T$,NOHA,0,sesotho,bona moshanyana ea timetseng kamora ho bona t
$T$ KE MOFU KAMORA HO BONA NOHA,MOSHANYANA,-1,sesotho,t ke mofu kamora ho bona noha
MOSHANYANA KE MOFU KAMORA HO BONA $T$,NOHA,0,sesotho,moshanyana ke mofu kamora ho bona t
HO THOLOA $T$ KA LENGOPENG,SETETSOANA SA LESEA,-1,sesotho,ho tholoa t ka lengopeng
HO THOLOA SETOTSOANA SA LESEA KA $T$,LENGOPENG,0,sesotho,ho tholoa setotsoana sa lesea ka t
$T$ O THUNYETSOA LEFU MONNA'AE A NTSE A LE 'MOSHARENG,MOSALI,-1,sesotho,t o thunyetsoa lefu monnaae a ntse a le moshareng
MOSALI O THUNYETSOA LEFU $T$ A NTSE A LE 'MOSHARENG,MONN'AE,-1,sesotho,mosali o thunyetsoa lefu t a ntse a le moshareng
MOSALI O THUNYETSOA LEFU MONNA'AE A NTSE A LE $T$,'MOSHARENG,0,sesotho,mosali o thunyetsoa lefu monnaae a ntse a le t
O LOKOLLOTSOE KA $T$ EA LIKETE TSE SUPILENG TSA MALOTI,BEILE,0,sesotho,o lokollotsoe ka t ea likete tse supileng tsa maloti
$T$ LE PHETHOHA KA KOLOI A QETANG HO E UTSOA,LESHOLU,-1,sesotho,t le phethoha ka koloi a qetang ho e utsoa
LESHOLU LE PHETHOHA KA $T$ A QETANG HO E UTSOA,KOLOI,-1,sesotho,lesholu le phethoha ka t a qetang ho e utsoa
$T$ EA BOLAILENG MONNA OA HAE O HLAHILE KA KHOTLA,MOSALI,-1,sesotho,t ea bolaileng monna oa hae o hlahile ka khotla
MOSALI EA BOLAILENG $T$ OA HAE O HLAHILE KA KHOTLA,MONNA,-1,sesotho,mosali ea bolaileng t oa hae o hlahile ka khotla
MOSALI EA BOLAILENG MONNA OA HAE O HLAHILE KA $T$,KHOTLA,-1,sesotho,mosali ea bolaileng monna oa hae o hlahile ka t
BA HLABA $T$ KA LERUMO,NYATSI,-1,sesotho,ba hlaba t ka lerumo
BA HLABA NYATSI KA $T$,LERUMO,0,sesotho,ba hlaba nyatsi ka t
$T$ E FELLOA KE BOPHELO E LE TSELENG E EANG SEPETLELE,NYATSI,-1,sesotho,t e felloa ke bophelo e le tseleng e eang sepetlele
NYATSI E FELLOA KE BOPHELO E LE TSELENG E EANG $T$,SEPETLELE,0,sesotho,nyatsi e felloa ke bophelo e le tseleng e eang t
$T$ O FUMANOA KA NTLOANENG NAKONG EO HO NTSENG HO HULOA MATLOANA,NGOANA,-1,sesotho,t o fumanoa ka ntloaneng nakong eo ho ntseng ho huloa matloana
NGOANA O FUMANOA KA $T$ NAKONG EO HO NTSENG HO HULOA MATLOANA,NTLOANENG,0,sesotho,ngoana o fumanoa ka t nakong eo ho ntseng ho huloa matloana
NGOANA O FUMANOA KA NTLOANENG NAKONG EO HO NTSENG HO HULOA $T$,MATLOANA,0,sesotho,ngoana o fumanoa ka ntloaneng nakong eo ho ntseng ho huloa t
$T$ O THAKHOTSE PHEHLO EA MOTLAKASE OA LETSATSI,'MUSO,-1,sesotho,t o thakhotse phehlo ea motlakase oa letsatsi
'MUSO O THAKHOTSE PHEHLO EA $T$,MOTLAKASE OA LETSATSI,0,sesotho,muso o thakhotse phehlo ea t
$T$ EO RE ILENG RA MO KENYA MANGOLE O INEHELA SEPOLESENG,MOSALI,1,sesotho,t eo re ileng ra mo kenya mangole o inehela sepoleseng
MOSALI EO RE ILENG RA MO KENYA MANGOLE O INEHELA $T$,SEPOLESENG,0,sesotho,mosali eo re ileng ra mo kenya mangole o inehela t
$T$ LE MASISTERE BA BATLA HLOOHO EA TICHERE KA MOKEKE,MOSUOE-HLOOHO,-1,sesotho,t le masistere ba batla hlooho ea tichere ka mokeke
MOSUOE-HLOOHO LE $T$ BA BATLA HLOOHO EA TICHERE KA MOKEKE,MASISTERE,-1,sesotho,mosuoehlooho le t ba batla hlooho ea tichere ka mokeke
HO NKHA LEFU $T$,SEKOLONG SE PHAHAMENG,-1,sesotho,ho nkha lefu t
$T$ E CHESITSOE LORE,OFISI EA SEKOLO,-1,sesotho,t e chesitsoe lore
$T$ SE BOLAEA BANNA BA BABELI BA MASHOLU,SECHABA,-1,sesotho,t se bolaea banna ba babeli ba masholu
SECHABA SE BOLAEA $T$ BA BABELI BA MASHOLU,BANNA,-1,sesotho,sechaba se bolaea t ba babeli ba masholu
$T$ O KHAMA LE HO BETA NGOAN'A LILEMO LI THARO O IKARABELLA KA HORE O BE A TAHILOE,MONNA,-1,sesotho,t o khama le ho beta ngoana lilemo li tharo o ikarabella ka hore o be a tahiloe
MONNA O KHAMA LE HO BETA $T$ LILEMO LI THARO O IKARABELLA KA HORE O BE A TAHILOE,NGOAN'A,-1,sesotho,monna o khama le ho beta t lilemo li tharo o ikarabella ka hore o be a tahiloe
UTLOA NA HOBANENG $T$ ENOA A NTSE A BATLOA,MOSALI,-1,sesotho,utloa na hobaneng t enoa a ntse a batloa
$T$ O BOLAETSE MONNA CHELETE EA INSHORENSE LIKOLOI LE MALAENE,MOSALI,-1,sesotho,t o bolaetse monna chelete ea inshorense likoloi le malaene
MOSALI O BOLAETSE $T$ CHELETE EA INSHORENSE LIKOLOI LE MALAENE,MONNA,0,sesotho,mosali o bolaetse t chelete ea inshorense likoloi le malaene
MOSALI O BOLAETSE MONNA $T$ LIKOLOI LE MALAENE,CHELETE EA INSHORENSE,0,sesotho,mosali o bolaetse monna t likoloi le malaene
MOSALI O BOLAETSE MONNA CHELETE EA INSHORENSE $T$ LE MALAENE,LIKOLOI,0,sesotho,mosali o bolaetse monna chelete ea inshorense t le malaene
MOSALI O BOLAETSE MONNA CHELETE EA INSHORENSE LIKOLOI LE $T$,MALENE,0,sesotho,mosali o bolaetse monna chelete ea inshorense likoloi le t
MO JOETSENG A INEHELE $T$ O SE A NTSE A TŠOEROE,SEPOLESENG,1,sesotho,mo joetseng a inehele t o se a ntse a tšoeroe
$T$ O QOSOA KA HO FETOLA SETLOHOLO LEKHOBA LA THOBALANO,TELU-PUTSOA,-1,sesotho,t o qosoa ka ho fetola setloholo lekhoba la thobalano
TELU-PUTSOA O QOSOA KA HO FETOLA $T$ LEKHOBA LA THOBALANO,SETLOHOLO,0,sesotho,teluputsoa o qosoa ka ho fetola t lekhoba la thobalano
TELU-PUTSOA O QOSOA KA HO FETOLA SETLOHOLO $T$ LA THOBALANO,LEKHOBA,-1,sesotho,teluputsoa o qosoa ka ho fetola setloholo t la thobalano
$T$ LE MONNA BA BATLOA KA POLAO EA MOTHO,MOSALI,-1,sesotho,t le monna ba batloa ka polao ea motho
MOSALI LE $T$ BA BATLOA KA POLAO EA MOTHO,MONNA,-1,sesotho,mosali le t ba batloa ka polao ea motho
MOSALI LE MONNA BA BATLOA KA POLAO EA $T$,MOTHO,0,sesotho,mosali le monna ba batloa ka polao ea t
$T$ EA TŠOAJOANG HAHOLO O LLETSOE KE LITŠEPE,'MOLAI,-1,sesotho,t ea tšoajoang haholo o lletsoe ke litšepe
O BOLAEA $T$ BA BABELI KA BOSIU BO LE MONG,BATHO,-1,sesotho,o bolaea t ba babeli ka bosiu bo le mong
$T$ E IMELA BAQOSUOA LEKHOTLENG,BEILE,-1,sesotho,t e imela baqosuoa lekhotleng
BEILE E IMELA $T$ LEKHOTLENG,BAQOSUOA,-1,sesotho,beile e imela t lekhotleng
BEILE E IMELA BAQUSUOA $T$,LEKHOTLENG,0,sesotho,beile e imela baqusuoa t
$T$ SE TLA BOELA SE THUSOA KA CHELETE E LAHLEHILENG,SECHABA,1,sesotho,t se tla boela se thusoa ka chelete e lahlehileng
SECHABA SE TLA BOELA SE THUSOA KA $T$ E LAHLEHILENG,CHELETE,-1,sesotho,sechaba se tla boela se thusoa ka t e lahlehileng
LIA JA LIA ROBA $T$ HO PSHA A MATALA HLAKA LEA POTILE,MALIBA,-1,sesotho,lia ja lia roba t ho psha a matala hlaka lea potile
LIA JA LIA ROBA MALIBA HO PSHA A MATALA $T$ LEA POTILE,HLAKA,0,sesotho,lia ja lia roba maliba ho psha a matala t lea potile
BA 'MATLA $T$ A BATHO A BA FAOTSENG,MARETE,0,sesotho,ba matla t a batho a ba faotseng
BA 'MATLA MARETE A $T$ A BA FAOTSENG,BATHO,-1,sesotho,ba matla marete a t a ba faotseng
$T$ SE TŠAJOANG HAHOLO SE BUA LIKAKATA LIBE KE BATLA MASOBA,SENOAMALI,-1,sesotho,t se tšajoang haholo se bua likakata libe ke batla masoba
SENOAMALI SE TŠAJOANG HAHOLO SE BUA LIKAKATA $T$ KE BATLA MASOBA,LIBE,-1,sesotho,senoamali se tšajoang haholo se bua likakata t ke batla masoba
O THUNYETSA $T$ LEFU,LELAPA,-1,sesotho,o thunyetsa t lefu
$T$ O HLAHILE KA KHOTLA,'MOLAI OA BASEBETSI,-1,sesotho,t o hlahile ka khotla
'MOLAI OA BASEBETSI O HLAHILE KA $T$,KHOTLA,0,sesotho,molai oa basebetsi o hlahile ka t
$T$ LI TLO TŠOAROA,LINYATSI TSA MEKONTERAKA,-1,sesotho,t li tlo tšoaroa
$T$ O HLAHA LEKHOTLENG,'MOLAI OA LEPOLESA,-1,sesotho,t o hlaha lekhotleng
'MOLAI OA LEPOLESA O HLAHA $T$,LEKHOTLENG,0,sesotho,molai oa lepolesa o hlaha t
$T$ O TŠOAROA KA PETO EA SETLOHOLOANA SE NANG LE BOTHATA BA HLOOHO,NTATE-MOHOLO,-1,sesotho,t o tšoaroa ka peto ea setloholoana se nang le bothata ba hlooho
NTATE-MOHOLO O TŠOAROA KA PETO EA $T$ SE NANG LE BOTHATA BA HLOOHO,SETLOHOLOANA,-1,sesotho,ntatemoholo o tšoaroa ka peto ea t se nang le bothata ba hlooho
$T$ E UTSUOE KA LITHUNYA,HONDA FIT,-1,sesotho,t e utsuoe ka lithunya
HONDA FIT E UTSUOE KA $T$,LITHUNYA,0,sesotho,honda fit e utsuoe ka t
$T$ O SITSITSOE KA NGOANA MOSHANYANA KAJENO,MOFU,-1,sesotho,t o sitsitsoe ka ngoana moshanyana kajeno
MOFU O SITSITSOE KA $T$ KAJENO,NGOANA MOSHANYANA,1,sesotho,mofu o sitsitsoe ka t kajeno
$T$ O NTSE A SO FUMANOE SETEREKENG,NGOANA,-1,sesotho,t o ntse a so fumanoe seterekeng
NGOANA O NTSE A SO FUMANOE $T$,SETEREKENG,0,sesotho,ngoana o ntse a so fumanoe t
KE BOSIU BA BOBELI BONA $T$ A NYAMETSE BOTARENG,NGOANA,-1,sesotho,ke bosiu ba bobeli bona t a nyametse botareng
KE BOSIU BA BOBELI BONA NGOANA A NYAMETSE $T$,BOTARENG,0,sesotho,ke bosiu ba bobeli bona ngoana a nyametse t
$T$ SE SHANOTSA MOPARAMENTE,SEPOLESA,0,sesotho,t se shanotsa moparamente
SEPOLESA SE SHANOTSA $T$,MOPARAMENTE,-1,sesotho,sepolesa se shanotsa t
BONA $T$ OA HO TSETELA MOSALI KATLUNG,'MELAELLOA,-1,sesotho,bona t oa ho tsetela mosali katlung
BONA 'MELAELLOA OA HO TSETELA $T$ KATLUNG,MOSALI,0,sesotho,bona melaelloa oa ho tsetela t katlung
BONA 'MELAELLOA OA HO TSETELA MOSALI $T$,KATLUNG,0,sesotho,bona melaelloa oa ho tsetela mosali t
$T$ O KHINILLA MOTSAMAO OA BOSIU,MOOKAMELI OA SEPOLESA,1,sesotho,t o khinilla motsamao oa bosiu
$T$ SE NTSE SE EMETSE SEPOLESA HO PHUTHA MOFU,SECHABA,0,sesotho,t se ntse se emetse sepolesa ho phutha mofu
SECHABA SE NTSE SE EMETSE $T$ HO PHUTHA MOFU,SEPOLESA,-1,sesotho,sechaba se ntse se emetse t ho phutha mofu
SECHABA SE NTSE SE EMETSE SEPOLESA HO PHUTHA $T$,MOFU,-1,sesotho,sechaba se ntse se emetse sepolesa ho phutha t
$T$ OA MOTŠEARE PHALLANG,MOKHOSI,-1,sesotho,t oa motšeare phallang
HO FUMANOA $T$ KA MORUNG,SETOPO SA MOSALI,-1,sesotho,ho fumanoa t ka morung
HO FUMANOA SETOPO SA MOSALI KA $T$,MORUNG,0,sesotho,ho fumanoa setopo sa mosali ka t
$T$ O TŠELLA NGOANA MAFENETHA KA TAMING O RE O NE A BAKISA NTAT'AE,MOSALI,-1,sesotho,t o tšella ngoana mafenetha ka taming o re o ne a bakisa ntatae
MOSALI O TŠELLA $T$ MAFENETHA KA TAMING O RE O NE A BAKISA NTAT'AE,NGOANA,0,sesotho,mosali o tšella t mafenetha ka taming o re o ne a bakisa ntatae
MOSALI O TŠELLA NGOANA MAFENETHA KA $T$ O RE O NE A BAKISA NTAT'AE,TAMING,0,sesotho,mosali o tšella ngoana mafenetha ka t o re o ne a bakisa ntatae
MOSALI O TŠELLA NGOANA MAFENETHA KA TAMING O RE O NE A BAKISA $T$,NTAT'AE,0,sesotho,mosali o tšella ngoana mafenetha ka taming o re o ne a bakisa t
$T$ BA KHAKHATHOA HAMPE,BARATANI,-1,sesotho,t ba khakhathoa hampe
$T$ O PHOLOSOA LIATLENG TSA MABETA,NGOANA OA SEKOLO,1,sesotho,t o pholosoa liatleng tsa mabeta
NGOANA OA SEKOLO O PHOLOSOA LIATLENG TSA $T$,MABETA,-1,sesotho,ngoana oa sekolo o pholosoa liatleng tsa t
$T$ BA SUPA MOQHOBI OA LEPHELE KA SETHUNYA,BAETI,-1,sesotho,t ba supa moqhobi oa lephele ka sethunya
BAETI BA SUPA $T$ KA SETHUNYA,MOQHOBI OA LEPHELE,0,sesotho,baeti ba supa t ka sethunya
BAETI BA SUPA MOQHOBI OA LEPHELE KA $T$,SETHUNYA,0,sesotho,baeti ba supa moqhobi oa lephele ka t
UTLOA TSA MORAO-RAO KA $T$ LE MOSALI BA THUNYELITSOENG LEFU BOSIU,MONNA,-1,sesotho,utloa tsa moraorao ka t le mosali ba thunyelitsoeng lefu bosiu
UTLOA TSA MORAO-RAO KA MONNA LE $T$ BA THUNYELITSOENG LEFU BOSIU,MOSALI,-1,sesotho,utloa tsa moraorao ka monna le t ba thunyelitsoeng lefu bosiu
$T$ SE PHUTHA BAFU BA BABELI BA SETHUNYA,SEPOLESA,1,sesotho,t se phutha bafu ba babeli ba sethunya
SEPOLESA SE PHUTHA $T$ BA BABELI BA SETHUNYA,BAFU,-1,sesotho,sepolesa se phutha t ba babeli ba sethunya
SEPOLESA SE PHUTHA BAFU BA BABELI BA $T$,SETHUNYA,0,sesotho,sepolesa se phutha bafu ba babeli ba t
$T$ LE MOSALI BA THUNYETSOA LEFU,MONNA,-1,sesotho,t le mosali ba thunyetsoa lefu
MONNA LE $T$ BA THUNYETSOA LEFU,MOSALI,-1,sesotho,monna le t ba thunyetsoa lefu
$T$ O QETA HO BALEHA KA KOLOI EA LEPHELE,MOETI,-1,sesotho,t o qeta ho baleha ka koloi ea lephele
MOETI O QETA HO BALEHA KA $T$,KOLOI EA LEPHELE,0,sesotho,moeti o qeta ho baleha ka t
$T$ LE MOCHANA BA BOLOKUOE KAJENO,MALOME,-1,sesotho,t le mochana ba bolokuoe kajeno
MALOME LE $T$ BA BOLOKUOE KAJENO,MOCHANA,-1,sesotho,malome le t ba bolokuoe kajeno
$T$ BA NE BA BALAOE KA SETHUNYA MOTSENG,BAFU,-1,sesotho,t ba ne ba balaoe ka sethunya motseng
BAFU BA NE BA BALAOE KA $T$ MOTSENG,SETHUNYA,-1,sesotho,bafu ba ne ba balaoe ka t motseng
BAFU BA NE BA BALAOE KA SETHUNYA $T$,MOTSENG,0,sesotho,bafu ba ne ba balaoe ka sethunya t
$T$ A TSOANG NTOENG A PUTSOA KA M100 000,MASOLE,1,sesotho,t a tsoang ntoeng a putsoa ka m100 000
MASOLE A TSOANG $T$ A PUTSOA KA M100 000,NTOENG,-1,sesotho,masole a tsoang t a putsoa ka m100 000
$T$ O HONYOA LELEME LE QOQOTHO,MONNA,-1,sesotho,t o honyoa leleme le qoqotho
MONNA O HONYOA $T$ LE QOQOTHO,LELEME,0,sesotho,monna o honyoa t le qoqotho
MONNA O HONYOA LELEME LE $T$,QOQOTHO,0,sesotho,monna o honyoa leleme le t
$T$ O FUMANOA KA HARA LEKOALIBA LA MALI O HLOKAHALLA SEPETLELE,MOSALI,-1,sesotho,t o fumanoa ka hara lekoaliba la mali o hlokahalla sepetlele
MOSALI O FUMANOA KA HARA LEKOALIBA LA $T$ O HLOKAHALLA SEPETLELE,MALI,-1,sesotho,mosali o fumanoa ka hara lekoaliba la t o hlokahalla sepetlele
MOSALI O FUMANOA KA HARA LEKOALIBA LA MALI O HLOKAHALLA $T$,SEPETLELE,0,sesotho,mosali o fumanoa ka hara lekoaliba la mali o hlokahalla t
$T$ BONA HO TLA BATA HAHOLO,BOSIUNG,-1,sesotho,t bona ho tla bata haholo
$T$ BA THOLA SETOPO SA MONNA SE KOAHETSOE KE LIHLAHLA LE JOANG,BASHANYANA,-1,sesotho,t ba thola setopo sa monna se koahetsoe ke lihlahla le joang
BASHANYANA BA THOLA $T$ SE KOAHETSOE KE LIHLAHLA LE JOANG,SETOPO SA MONNA,-1,sesotho,bashanyana ba thola t se koahetsoe ke lihlahla le joang
BASHANYANA BA THOLA SETOPO SA MONNA SE KOAHETSOE KE $T$ LE JOANG,LIHLAHLA,0,sesotho,bashanyana ba thola setopo sa monna se koahetsoe ke t le joang
BASHANYANA BA THOLA SETOPO SA MONNA SE KOAHETSOE KE LIHLAHLA LE $T$,JOANG,0,sesotho,bashanyana ba thola setopo sa monna se koahetsoe ke lihlahla le t
$T$ OA LAELOA HO FANA KA LIFONO,MONNA,-1,sesotho,t oa laeloa ho fana ka lifono
MONNA OA LAELOA HO FANA KA $T$,LIFONO,0,sesotho,monna oa laeloa ho fana ka t
$T$ EA THUNYELITSOENG LEFU SHOALANENG EA MAOBANE,MONNA,-1,sesotho,t ea thunyelitsoeng lefu shoalaneng ea maobane
$T$ O SA TSA HLAJOA KA THIPA,MOSALI,-1,sesotho,t o sa tsa hlajoa ka thipa
MOSALI O SA TSA HLAJOA KA $T$,THIPA,0,sesotho,mosali o sa tsa hlajoa ka t
$T$ LE HLOKAHALA KA MOHLOLO TSELENG,LEKHOOA,-1,sesotho,t le hlokahala ka mohlolo tseleng
LEKHOOA LE HLOKAHALA KA MOHLOLO $T$,TSELENG,0,sesotho,lekhooa le hlokahala ka mohlolo t
LEFU LA $T$ LE SIEA SECHABA KA LIPOTSO TSE NGATA,LEKHOOA,-1,sesotho,lefu la t le siea sechaba ka lipotso tse ngata
LEFU LA LEKHOOA LE SIEA $T$ KA LIPOTSO TSE NGATA,SECHABA,0,sesotho,lefu la lekhooa le siea t ka lipotso tse ngata
M125 000 E FUOA $T$ EA KA THUSANG KA MONYENYETSI OA BABOLAI BA SEBOHOLI,MOTHO,1,sesotho,m125 000 e fuoa t ea ka thusang ka monyenyetsi oa babolai ba seboholi
M125 000 E FUOA MOTHO EA KA THUSANG KA MONYENYETSI OA $T$ BA SEBOHOLI,BABOLAI,-1,sesotho,m125 000 e fuoa motho ea ka thusang ka monyenyetsi oa t ba seboholi
M125 000 E FUOA MOTHO EA KA THUSANG KA MONYENYETSI OA BABOLAI BA $T$,SEBOHOLI,0,sesotho,m125 000 e fuoa motho ea ka thusang ka monyenyetsi oa babolai ba t
$T$ E MOLEMO O THOTSE NGOANA,MOSAMARIA,1,sesotho,t e molemo o thotse ngoana
MOSAMARIA E MOLEMO O THOTSE $T$,NGOANA,0,sesotho,mosamaria e molemo o thotse t
$T$ O SA TSOA HLAJOA KA THIPA,MOSALI,-1,sesotho,t o sa tsoa hlajoa ka thipa
MOSALI O SA TSOA HLAJOA KA $T$,THIPA,0,sesotho,mosali o sa tsoa hlajoa ka t
BA BALEHETSE NAHENG E 'NGOE $T$,BALOTSANA,-1,sesotho,ba balehetse naheng e ngoe t
$T$ LE PATLONG EA MORA LONA,LELAPA,0,sesotho,t le patlong ea mora lona
LELAPA LE PATLONG EA $T$ LONA,MORA,-1,sesotho,lelapa le patlong ea t lona
$T$ LE FUMANA MOR'A LONA A OELE LILOMONG ESE E LE MOFU,LELAPA,0,sesotho,t le fumana mora lona a oele lilomong ese e le mofu
LELAPA LE FUMANA $T$ LONA A OELE LILOMONG ESE E LE MOFU,MOR'A,-1,sesotho,lelapa le fumana t lona a oele lilomong ese e le mofu
LELAPA LE FUMANA MOR'A LONA A OELE $T$ ESE E LE MOFU,LILOMONG,0,sesotho,lelapa le fumana mora lona a oele t ese e le mofu
$T$ SE BONOA KE BOHLE UTLOA NA MOFU O APERE JOANG MOHLOMONG U KA MO TSEBA,SEBONOANG,-1,sesotho,t se bonoa ke bohle utloa na mofu o apere joang mohlomong u ka mo tseba
SEBONOANG SE BONOA KE BOHLE UTLOA NA $T$ O APERE JOANG MOHLOMONG U KA MO TSEBA,MOFU,-1,sesotho,sebonoang se bonoa ke bohle utloa na t o apere joang mohlomong u ka mo tseba
UTLOA SE ETSAHETSENG HA $T$ SE BOLAOA MAOBANE,SEBOHOLI,-1,sesotho,utloa se etsahetseng ha t se bolaoa maobane
$T$ OA KHAOLOA QOQOTHO KA THIPA,MONNA,-1,sesotho,t oa khaoloa qoqotho ka thipa
MONNA OA KHAOLOA $T$ KA THIPA,QOQOTHO,-1,sesotho,monna oa khaoloa t ka thipa
MONNA OA KHAOLOA QOQOTHO KA $T$,THIPA,0,sesotho,monna oa khaoloa qoqotho ka t
$T$ E PHETHOHA KA BATHO,KOLOI,-1,sesotho,t e phethoha ka batho
KOLOI E PHETHOHA KA $T$,BATHO,0,sesotho,koloi e phethoha ka t
THUSETSANG $T$ KHOMO EA OELA,SECHABA,0,sesotho,thusetsang t khomo ea oela
THUSETSANG SECHABA $T$ E OELA,KHOMO,-1,sesotho,thusetsang sechaba t e oela
HO KUPA EA $T$ A MAFUBELU,MAHLO,-1,sesotho,ho kupa ea t a mafubelu
$T$ BA BABELI BA QETA HO BOLAOA,BANNA,-1,sesotho,t ba babeli ba qeta ho bolaoa
$T$ A QHAUTSA 'MOLAI OA MOSALI,MAPOLESA,1,sesotho,t a qhautsa molai oa mosali
MAPOLESA A QHAUTSA $T$,'MOLAI OA MOSALI,-1,sesotho,mapolesa a qhautsa t
HO FUMANOA $T$ TSE PELI TSA BANNA,LITOPO,-1,sesotho,ho fumanoa t tse peli tsa banna
$T$ EA SEBETSANG LEKALENG O BOLAOA KA THIPA KE MOQHOBI OA TEKESI,MOSALI,-1,sesotho,t ea sebetsang lekaleng o bolaoa ka thipa ke moqhobi oa tekesi
MOSALI EA SEBETSANG $T$ O BOLAOA KA THIPA KE MOQHOBI OA TEKESI,LEKALENG,0,sesotho,mosali ea sebetsang t o bolaoa ka thipa ke moqhobi oa tekesi
MOSALI EA SEBETSANG LEKALENG O BOLAOA KA $T$ KE MOQHOBI OA TEKESI,THIPA,0,sesotho,mosali ea sebetsang lekaleng o bolaoa ka t ke moqhobi oa tekesi
MOSALI EA SEBETSANG LEKALENG O BOLAOA KA THIPA KE $T$,MOQHOBI OA TEKESI,-1,sesotho,mosali ea sebetsang lekaleng o bolaoa ka thipa ke t
$T$ O SELAKHOA JOALOKA PHOOFOLO,MOHLOLOHALI,-1,sesotho,t o selakhoa joaloka phoofolo
MOHLOLOHALI O SELAKHOA JOALOKA $T$,PHOOFOLO,0,sesotho,mohlolohali o selakhoa joaloka t
$T$ A TŠOARELOA BOSHOLU BA CHELETE A NTSE A PANYA-PANYA MASISI-MATŠO HA JOALE,MAPOLESA,-1,sesotho,t a tšoareloa bosholu ba chelete a ntse a panyapanya masisimatšo ha joale
MAPOLESA A TŠOARELOA BOSHOLU BA $T$ A NTSE A PANYA-PANYA MASISI-MATŠO HA JOALE,CHELETE,0,sesotho,mapolesa a tšoareloa bosholu ba t a ntse a panyapanya masisimatšo ha joale
MAPOLESA A TŠOARELOA BOSHOLU BA CHELETE A NTSE A PANYA-PANYA $T$ HA JOALE,MASISI-MATŠO,0,sesotho,mapolesa a tšoareloa bosholu ba chelete a ntse a panyapanya t ha joale
$T$ A TSETOLLA SETOPO SA MOSALI,MAPOLESA,0,sesotho,t a tsetolla setopo sa mosali
MAPOLESA A TSETOLLA $T$,SETOPO SA MOSALI,-1,sesotho,mapolesa a tsetolla t
$T$ O QETA HO THUNYETSA RANGOANA'AE LEFU,MONNA,-1,sesotho,t o qeta ho thunyetsa rangoanaae lefu
MONNA O QETA HO THUNYETSA RANGOANA'AE LEFU,RANGOAN'AE,0,sesotho,monna o qeta ho thunyetsa rangoanaae lefu
$T$ E INOLA KA LETŠENG E SE E E MOFU,NGOETSI,-1,sesotho,t e inola ka letšeng e se e e mofu
NGOETSI E INOLA KA LETŠENG E SE E E $T$,MOFU,0,sesotho,ngoetsi e inola ka letšeng e se e e t
NGOETSI E INOLA KA $T$ E SE E E MOFU,LETŠENG,0,sesotho,ngoetsi e inola ka t e se e e mofu
$T$ SE QETILE MATSATSI A MANE,SETOPO SA NGOETSI,-1,sesotho,t se qetile matsatsi a mane
$T$ SE QETA HO THUNYA MOTHO KE LILLO LE SEBOKA FEELA,SETHUNYA,-1,sesotho,t se qeta ho thunya motho ke lillo le seboka feela
SETHUNYA SE QETA HO THUNYA $T$ KE LILLO LE SEBOKA FEELA,MOTHO,0,sesotho,sethunya se qeta ho thunya t ke lillo le seboka feela
SETHUNYA SE QETA HO THUNYA MOTHO KE $T$ FEELA,LILLO LE SEBOKO,-1,sesotho,sethunya se qeta ho thunya motho ke t feela
BONA LETŠA LEO $T$ A NOETSENG HO LONA MOTSENG,MOSALI,-1,sesotho,bona letša leo t a noetseng ho lona motseng
BONA LETŠA LEO MOSALI A NOETSENG HO LONA $T$,MOTSENG,0,sesotho,bona letša leo mosali a noetseng ho lona t
BONA $T$ LEO MOSALI A NOETSENG HO LONA MOTSENG,LETŠA,0,sesotho,bona t leo mosali a noetseng ho lona motseng
$T$ E LIKHOELI LI PELI E NOETSE KA LETŠENG,NGOETSI,-1,sesotho,t e likhoeli li peli e noetse ka letšeng
$T$ ENOA O NYAMETSE,MOHLANKANA,-1,sesotho,t enoa o nyametse
$T$ A QETA HO PHOLOSA MOSALI LE NYATSI LEFUNG,MASOLE,1,sesotho,t a qeta ho pholosa mosali le nyatsi lefung
MASOLE A QETA HO PHOLOSA $T$ LE NYATSI LEFUNG,MOSALI,-1,sesotho,masole a qeta ho pholosa t le nyatsi lefung
MASOLE A QETA HO PHOLOSA MOSALI LE $T$ LEFUNG,NYATSI,-1,sesotho,masole a qeta ho pholosa mosali le t lefung
$T$ LE LATSOISOA HLOOANA EA MOKHOABANE A NTSE A KOKOTELA BASALI,LESECHURITHI,-1,sesotho,t le latsoisoa hlooana ea mokhoabane a ntse a kokotela basali
LESECHURITHI LE LATSOISOA HLOOANA EA MOKHOABANE A NTSE A KOKOTELA $T$,BASALI,0,sesotho,lesechurithi le latsoisoa hlooana ea mokhoabane a ntse a kokotela t
$T$ O LATSOA HLOOANA EA MAKHOABANE,PHOESA,-1,sesotho,t o latsoa hlooana ea makhoabane
$T$ LE BOLAILE MOHLANKANA LE MO CHESITSE MAOTONG LA MO TABOLELA LIPHAHLO,LETOLO,-1,sesotho,t le bolaile mohlankana le mo chesitse maotong la mo tabolela liphahlo
LETOLO LE BOLAILE $T$ LE MO CHESITSE MAOTONG LA MO TABOLELA LIPHAHLO,MOHLANKANA,-1,sesotho,letolo le bolaile t le mo chesitse maotong la mo tabolela liphahlo
LETOLO LE BOLAILE MOHLANKANA LE MO CHESITSE $T$ LA MO TABOLELA LIPHAHLO,MAOTONG,0,sesotho,letolo le bolaile mohlankana le mo chesitse t la mo tabolela liphahlo
LETOLO LE BOLAILE MOHLANKANA LE MO CHESITSE MAOTONG LA MO TABOLELA $T$,LIPHAHLO,0,sesotho,letolo le bolaile mohlankana le mo chesitse maotong la mo tabolela t
$T$ E PHETHOHILE BAAHI BA INKETSE PHOOFO,TERAKA EA PHOOFO,-1,sesotho,t e phethohile baahi ba inketse phoofo
TERAKA EA PHOOFO E PHETHOHILE $T$ BA INKETSE PHOOFO,BAAHI,-1,sesotho,teraka ea phoofo e phethohile t ba inketse phoofo
TERAKA EA PHOOFO E PHETHOHILE BAAHI BA INKETSE $T$,PHOOFO,0,sesotho,teraka ea phoofo e phethohile baahi ba inketse t
$T$ O QELA NGOANANA LIKOBO KA LEKHOLO LA MALOTI,MORENA,-1,sesotho,t o qela ngoanana likobo ka lekholo la maloti
MORENA O QELA $T$ LIKOBO KA LEKHOLO LA MALOTI,NGOANANA,0,sesotho,morena o qela t likobo ka lekholo la maloti
MORENA O QELA NGOANANA $T$ KA LEKHOLO LA MALOTI,LIKOBO,0,sesotho,morena o qela ngoanana t ka lekholo la maloti
$T$ O NTSE A PANYA-PANYA MAFIFI-MATŠO,MORENA,-1,sesotho,t o ntse a panyapanya mafifimatšo
MORENA O NTSE A PANYA-PANYA $T$,MAFIFI-MATŠO,0,sesotho,morena o ntse a panyapanya t
$T$ O SA TSOA BOLAOA KA THIPA MOTŠEARE TJENA,MOSALI,-1,sesotho,t o sa tsoa bolaoa ka thipa motšeare tjena
MOSALI O SA TSOA BOLAOA KA $T$ MOTŠEARE TJENA,THIPA,0,sesotho,mosali o sa tsoa bolaoa ka t motšeare tjena
$T$ O NE A SETSE LE NGOANA EA LILEMO LI PELI,MOFU,-1,sesotho,t o ne a setse le ngoana ea lilemo li peli
MOFU O NE A SETSE LE $T$ EA LILEMO LI PELI,NGOANA,0,sesotho,mofu o ne a setse le t ea lilemo li peli
$T$ EA PHOLOSITSENG SECHABA SE SENGATA MAFUNG A MELEKO,MOOKI,1,sesotho,t ea pholositseng sechaba se sengata mafung a meleko
MOOKI EA PHOLOSITSENG $T$ SE SENGATA MAFUNG A MELEKO,SECHABA,0,sesotho,mooki ea pholositseng t se sengata mafung a meleko
MOOKI EA PHOLOSITSENG SECHABA SE SENGATA MAFUNG A $T$,MAFUNG,-1,sesotho,mooki ea pholositseng sechaba se sengata mafung a t
$T$ LE LINGAKA BA NGALA MOSEBETSI BOESA,BAOKI,-1,sesotho,t le lingaka ba ngala mosebetsi boesa
BAOKI LE $T$ BA NGALA MOSEBETSI BOESA,LINGAKA,-1,sesotho,baoki le t ba ngala mosebetsi boesa
$T$ O AHLOLOA LILEMO TSE 31 KA POLAO EA LESOLE,MONNA,-1,sesotho,t o ahloloa lilemo tse 31 ka polao ea lesole
MONNA O AHLOLOA LILEMO TSE 31 KA POLAO EA $T$,LESOLE,0,sesotho,monna o ahloloa lilemo tse 31 ka polao ea t
$T$ LE KOENNENG HO FETISISA LE HAPILE KHAU MACHABENG,LEPOLESA,1,sesotho,t le koenneng ho fetisisa le hapile khau machabeng
LEPOLESA LE KOENNENG HO FETISISA LE HAPILE $T$ MACHABENG,KHAU,1,sesotho,lepolesa le koenneng ho fetisisa le hapile t machabeng
$T$ O QABANYA BANNA LE BAHLANKANA O KHALENGOA KE MORENA LE MAHOKELA,MOSALI,-1,sesotho,t o qabanya banna le bahlankana o khalengoa ke morena le mahokela
MOSALI O QABANYA $T$ LE BAHLANKANA O KHALENGOA KE MORENA LE MAHOKELA,BANNA,0,sesotho,mosali o qabanya t le bahlankana o khalengoa ke morena le mahokela
MOSALI O QABANYA BANNA LE $T$ O KHALENGOA KE MORENA LE MAHOKELA,BAHLANKANA,0,sesotho,mosali o qabanya banna le t o khalengoa ke morena le mahokela
MOSALI O QABANYA BANNA LE BAHLANKANA O KHALENGOA KE $T$ LE MAHOKELA,MORENA,0,sesotho,mosali o qabanya banna le bahlankana o khalengoa ke t le mahokela
MOSALI O QABANYA BANNA LE BAHLANKANA O KHALENGOA KE MORENA LE $T$,MAHOKELA,0,sesotho,mosali o qabanya banna le bahlankana o khalengoa ke morena le t
$T$ O BOLAILE MONN'A HAE OA LE 'MAENARA KA THIPA,MOSALI,-1,sesotho,t o bolaile monna hae oa le maenara ka thipa
MOSALI O BOLAILE $T$ OA LE 'MAENARA KA THIPA,MONN'A HAE,-1,sesotho,mosali o bolaile t oa le maenara ka thipa
MOSALI O BOLAILE MONN'A HAE OA LE 'MAENARA KA $T$,THIPA,-1,sesotho,mosali o bolaile monna hae oa le maenara ka t
$T$ O PHOLOSOA  A LEKA HO IPHANYEHA,NGOANANA,-1,sesotho,t o pholosoa a leka ho iphanyeha
$T$ SE MAQEBA,SETOPO SA MONNA,-1,sesotho,t se maqeba
$T$ A QETA HO PHUTHA SETOP0 SA MONNA A TSAMAEA KA HONDA FIT E SILVER GREY,MAPOLESA,0,sesotho,t a qeta ho phutha setop0 sa monna a tsamaea ka honda fit e silver grey
MAPOLESA A QETA HO PHUTHA $T$ A TSAMAEA KA HONDA FIT E SILVER GREY,SETOPO SA MONNA,-1,sesotho,mapolesa a qeta ho phutha t a tsamaea ka honda fit e silver grey
MAPOLESA A QETA HO PHUTHA SETOPO SA MONNA A TSAMAEA KA $T$ E SILVER GREY,HONDA FIT,0,sesotho,mapolesa a qeta ho phutha setopo sa monna a tsamaea ka t e silver grey
$T$ EO ESALENG A BATLOA O FUMANOA E SE E LE MOFU,NGOANA,-1,sesotho,t eo esaleng a batloa o fumanoa e se e le mofu
NGOANA EO ESALENG A BATLOA O FUMANOA E SE E LE $T$,MOFU,-1,sesotho,ngoana eo esaleng a batloa o fumanoa e se e le t
HO FUMANOA $T$ SE FANYEHILOE SEFATENG,SETOPO SA MONNA,-1,sesotho,ho fumanoa t se fanyehiloe sefateng
HO FUMANOA SETOPO SA MONNA SE FANYEHILOE $T$,SEFATENG,0,sesotho,ho fumanoa setopo sa monna se fanyehiloe t
$T$ E CHAISA NGOANANA KA KOLOI,TICHERE,-1,sesotho,t e chaisa ngoanana ka koloi
TICHERE E CHAISA $T$ KA KOLOI,NGOANANA,0,sesotho,tichere e chaisa t ka koloi
TICHERE E CHAISA NGOANANA KA $T$,KOLOI,0,sesotho,tichere e chaisa ngoanana ka t
$T$ O KHUTLA NTŠING TSA LEFU HO TSEKOA MOSALI,MONNA,-1,sesotho,t o khutla ntšing tsa lefu ho tsekoa mosali
MONNA O KHUTLA NTŠING TSA LEFU HO TSEKOA $T$,MOSALI,0,sesotho,monna o khutla ntšing tsa lefu ho tsekoa t
$T$ O TŠOAROA A LEKA HO UTSOETSA BANKA,PHOESA,-1,sesotho,t o tšoaroa a leka ho utsoetsa banka
PHOESA O TŠOAROA A LEKA HO UTSOETSA $T$,BANKA,0,sesotho,phoesa o tšoaroa a leka ho utsoetsa t
$T$ SE THUNYETSA MOHLANKANA LEFU RENKENG A 'MOLAELA LEKHOLO LA MALOTI,SEBINI,-1,sesotho,t se thunyetsa mohlankana lefu renkeng a molaela lekholo la maloti
SEBINI SE THUNYETSA $T$ LEFU RENKENG A 'MOLAELA LEKHOLO LA MALOTI,MOHLANKANA,-1,sesotho,sebini se thunyetsa t lefu renkeng a molaela lekholo la maloti
SEBINI SE THUNYETSA MOHLANKANA LEFU $T$ A 'MOLAELA LEKHOLO LA MALOTI,RENKENG,0,sesotho,sebini se thunyetsa mohlankana lefu t a molaela lekholo la maloti
MOSUOE-HLOOHO LE $T$,TICHERE,0,sesotho,mosuoehlooho le t
$T$ LE TICHERE,MOSUOE-HLOOHO,0,sesotho,t le tichere
$T$ BA TŠOEROE KA BOSHOLU BA MERIANA LE LIPILISI,BANNA,-1,sesotho,t ba tšoeroe ka bosholu ba meriana le lipilisi
BANNA BA TŠOEROE KA BOSHOLU BA $T$ LE LIPILISI,MERIANA,0,sesotho,banna ba tšoeroe ka bosholu ba t le lipilisi
BANNA BA TŠOEROE KA BOSHOLU BA MERIANA LE $T$,LIPILISI,0,sesotho,banna ba tšoeroe ka bosholu ba meriana le t
$T$ E THUNYETSA NYATSI LEFU,TICHERE,-1,sesotho,t e thunyetsa nyatsi lefu
TICHERE E THUNYETSA $T$ LEFU,NYATSI,-1,sesotho,tichere e thunyetsa t lefu
$T$ LE BA TIMA BEILE,LEKHOTLA,1,sesotho,t le ba tima beile
LEKHOTLA LE BA TIMA $T$,BEILE,0,sesotho,lekhotla le ba tima t
$T$ BA BELAELLOA KA HO BETA NGOANANA,BANNA,-1,sesotho,t ba belaelloa ka ho beta ngoanana
BANNA BA BELAELLOA KA HO BETA $T$,NGOANANA,0,sesotho,banna ba belaelloa ka ho beta t
$T$ E BOLAEA MOSALI,NYATSI,-1,sesotho,t e bolaea mosali
NYATSI E BOLAEA $T$,MOSALI,-1,sesotho,nyatsi e bolaea t
$T$ EA SELAKHUOENG O SE A TSEJOA O NE A NTSE A LOKISA TSA LEPATO LA MONNA OA HAE,MOSALI,-1,sesotho,t ea selakhuoeng o se a tsejoa o ne a ntse a lokisa tsa lepato la monna oa hae
MOSALI EA SELAKHUOENG O SE A TSEJOA O NE A NTSE A LOKISA TSA LEPATO LA $T$,MONNA OA HAE,-1,sesotho,mosali ea selakhuoeng o se a tsejoa o ne a ntse a lokisa tsa lepato la t
$T$ E PHALLELA KA LIJO,NAHA,1,sesotho,t e phallela ka lijo
NAHA E PHALLELA KA $T$,LIJO,0,sesotho,naha e phallela ka t
$T$ A CHA KA MOHLOLO,MALAENE,-1,sesotho,t a cha ka mohlolo
$T$ HA TSEBE NTATA NGOAN'A HAE O ETSELLETSE MONNA OA MOTHO,MOSALI,-1,sesotho,t ha tsebe ntata ngoana hae o etselletse monna oa motho
MOSALI HA TSEBE $T$ HAE O ETSELLETSE MONNA OA MOTHO,NTATA NGOAN'A,0,sesotho,mosali ha tsebe t hae o etselletse monna oa motho
MOSALI HA TSEBE NTATA NGOAN'A HAE O ETSELLETSE $T$ OA MOTHO,MONNA,0,sesotho,mosali ha tsebe ntata ngoana hae o etselletse t oa motho
$T$ SE MO LAKATSA JOALOKA NAMA EA FARIKI,SEPOLESA,1,sesotho,t se mo lakatsa joaloka nama ea fariki
$T$ E ROBALA BANA BA TLASE LILEMONG,MEKONTERAKA EA LETAMO,-1,sesotho,t e robala bana ba tlase lilemong
MEKONTERAKA EA LETAMO E ROBALA $T$ BA TLASE LILEMONG,BANA,0,sesotho,mekonteraka ea letamo e robala t ba tlase lilemong
BONA $T$ TSEO MORENA A FUMANOENG HO TSONA,LIKHOHLO,-1,sesotho,bona t tseo morena a fumanoeng ho tsona
BONA LIKHOHLO TSEO $T$ A FUMANOENG HO TSONA,MORENA,0,sesotho,bona likhohlo tseo t a fumanoeng ho tsona
$T$ O PHONYOHA LEFU KA MOHLOLO A NE A LE MOTHATING OA HO CHESOA,MOLOI,1,sesotho,t o phonyoha lefu ka mohlolo a ne a le mothating oa ho chesoa
UTLOA LITABA TSA $T$ EA SELAKHUOENG,MOSALI,-1,sesotho,utloa litaba tsa t ea selakhuoeng
$T$ E QETA HO ROBA MOTHO LEOTO,KOLOI,-1,sesotho,t e qeta ho roba motho leoto
KOLOI E QETA HO ROBA $T$ LEOTO,MOTHO,0,sesotho,koloi e qeta ho roba t leoto
KOLOI E QETA HO ROBA MOTHO $T$,LEOTO,0,sesotho,koloi e qeta ho roba motho t
$T$ O FUMANOE E SE E LE MOFU A OELE LILOMONG A QHALANE BOKO,MORENA,-1,sesotho,t o fumanoe e se e le mofu a oele lilomong a qhalane boko
MORENA O FUMANOE E SE E LE $T$ A OELE LILOMONG A QHALANE BOKO,MOFU,-1,sesotho,morena o fumanoe e se e le t a oele lilomong a qhalane boko
MORENA O FUMANOE E SE E LE MOFU A OELE $T$ A QHALANE BOKO,LILOMONG,0,sesotho,morena o fumanoe e se e le mofu a oele t a qhalane boko
$T$ O AHLOLELOA HO ETSA THOBALANO MAHLONG A BANA BA HAE,MOSALI,-1,sesotho,t o ahloleloa ho etsa thobalano mahlong a bana ba hae
MOSALI O AHLOLELOA HO ETSA THOBALANO MAHLONG A $T$ BA HAE,BANA,0,sesotho,mosali o ahloleloa ho etsa thobalano mahlong a t ba hae
$T$ E SATSOA PSHATLA MOTHO LEHATA,LORI,-1,sesotho,t e satsoa pshatla motho lehata
LORI E SATSOA PSHATLA $T$ LEHATA,MOTHO,0,sesotho,lori e satsoa pshatla t lehata
'MILA O QETA $T$,LIKOLOI,-1,sesotho,mila o qeta t
$T$ BA QOSOA KA HO BETSA MORALI'A BONA,BATSOALI,-1,sesotho,t ba qosoa ka ho betsa moralia bona
BATSOALI BA QOSOA KA HO BETSA $T$ BONA,MORALI'A,0,sesotho,batsoali ba qosoa ka ho betsa t bona
$T$ A FAOTSENG MOTHO A AHOTSOE LILEMO TSE 30 NTLOANA-TŠOANA,MASECHURITHI,-1,sesotho,t a faotseng motho a ahotsoe lilemo tse 30 ntloanatšoana
MASECHURITHI A FAOTSENG $T$ A AHOTSOE LILEMO TSE 30 NTLOANA-TŠOANA,MOTHO,0,sesotho,masechurithi a faotseng t a ahotsoe lilemo tse 30 ntloanatšoana
MASECHURITHI A FAOTSENG MOTHO A AHOTSOE LILEMO TSE 30 $T$,NTLOANA-TŠOANA,0,sesotho,masechurithi a faotseng motho a ahotsoe lilemo tse 30 t
$T$ O AHLOLOA LILEMO TSE MASHOME A METSO E ROBONG NTLOANA-TŠOANA,'MOLAI OA 'MISI,-1,sesotho,t o ahloloa lilemo tse mashome a metso e robong ntloanatšoana
'MOLAI OA 'MISI O AHLOLOA LILEMO TSE MASHOME A METSO E ROBONG $T$,NTLOANA-TŠOANA,0,sesotho,molai oa misi o ahloloa lilemo tse mashome a metso e robong t
$T$ O SELAKHOA JOALO KA PHOOFOLO,MONNA-MOHOLO,-1,sesotho,t o selakhoa joalo ka phoofolo
MONNA-MOHOLO O SELAKHOA JOALO KA $T$,PHOOFOLO,-1,sesotho,monnamoholo o selakhoa joalo ka t
$T$ SE KHAKHATHETSOE LEFU BOSIUNG BA KAJENO,SEHOAI,-1,sesotho,t se khakhathetsoe lefu bosiung ba kajeno
$T$ A REKISA LIBOLU SEPOLESA SE LI PHUTHILE KAJENO,MACHAENA,-1,sesotho,t a rekisa libolu sepolesa se li phuthile kajeno
MACHAENA A REKISA LIBOLU $T$ SE LI PHUTHILE KAJENO,SEPOLESA,1,sesotho,machaena a rekisa libolu t se li phuthile kajeno
$T$ SE SEHOLO BA TŠOARETSOE THAPELO,BAITHUTI BA SEKOLO,1,sesotho,t se seholo ba tšoaretsoe thapelo
BAITHUTU BA SEKOLO SE SEHOLO BA TŠOARETSOE $T$,THAPELO,0,sesotho,baithutu ba sekolo se seholo ba tšoaretsoe t
O BOLAELOA $T$ TSA MOTSOALLE,LIBE,-1,sesotho,o bolaeloa t tsa motsoalle
$T$ O BOLAEA MOCHAUFA OA HAE,MONNA-MOHOLO,-1,sesotho,t o bolaea mochaufa oa hae
MONNA-MOHOLO O BOLAEA $T$ OA HAE,MOCHAUFA,0,sesotho,monnamoholo o bolaea t oa hae
$T$ E HLALLOA HO RATA LIKOBO,KHAREBE,-1,sesotho,t e hlalloa ho rata likobo
BA BETA $T$ EA NANG LE BOKOOA,NGOANANA,-1,sesotho,ba beta t ea nang le bokooa
$T$ O BOLAOA A ALOSELITSE LETOBONG O BATOA KA LEJOE LE LE LENG,MOLISANA,-1,sesotho,t o bolaoa a aloselitse letobong o batoa ka lejoe le le leng
MOLISANA O BOLAOA A ALOSELITSE LETOBONG O BATOA KA $T$ LE LE LENG,LEJOE,0,sesotho,molisana o bolaoa a aloselitse letobong o batoa ka t le le leng
O BETA $T$ EA LILEMO TSE LESHOME LE METSO E MENE,NGOANANA,-1,sesotho,o beta t ea lilemo tse leshome le metso e mene
$T$ O NGOLLOA MOKHOEPHAHALI OA LENGOLO,MOKHETHOA,-1,sesotho,t o ngolloa mokhoephahali oa lengolo
$T$ BA BOLAEA MOSALI E MONG KA THIPA,BASALI,-1,sesotho,t ba bolaea mosali e mong ka thipa
BASALI BA BOLAEA $T$ E MONG KA THIPA,MOSALI,-1,sesotho,basali ba bolaea t e mong ka thipa
$T$ O BATLOA KA POLAO EA MOTHO,MOSALI,-1,sesotho,t o batloa ka polao ea motho
$T$ O SAKHA NTAT'AE MOLALA,MORA,-1,sesotho,t o sakha ntatae molala
MORA O SAKHA $T$ MOLALA,NTAT'AE,-1,sesotho,mora o sakha t molala
$T$ O FELLOA KE BOPHELO KAMORA HO RAHOA MPENG,MOSHANYANA,-1,sesotho,t o felloa ke bophelo kamora ho rahoa mpeng
MOSHANYANA O FELLOA KE BOPHELO KAMORA HO RAHOA $T$,MPENG,0,sesotho,moshanyana o felloa ke bophelo kamora ho rahoa t
$T$ LE UTSOA HALOFO EA MILIONE KA SETHUNYA,LESECHURITHI,-1,sesotho,t le utsoa halofo ea milione ka sethunya
LESECHURITHI LE UTSOA HALOFO EA MILIONE KA $T$,SETHUNYA,0,sesotho,lesechurithi le utsoa halofo ea milione ka t
$T$ O BUTSOELA BASALI BA BABELI KA THOLOANA,OA 'MUSO,-1,sesotho,t o butsoela basali ba babeli ka tholoana
OA 'MUSO O BUTSOELA $T$ BA BABELI KA THOLOANA,BASALI,-1,sesotho,oa muso o butsoela t ba babeli ka tholoana
$T$ O ITHUNYETSA LEFU,NGOANANA,-1,sesotho,t o ithunyetsa lefu
$T$ O IPHILE CHEFU KAMORA HO BOLAEA MOSALI,MONNA,-1,sesotho,t o iphile chefu kamora ho bolaea mosali
MONNA O IPHILE CHEFU KAMORA HO BOLAEA $T$,MOSALI,-1,sesotho,monna o iphile chefu kamora ho bolaea t
$T$ SE QETA HO PHUTHA SETOPO SA MOSALI,SEPOLESA,-1,sesotho,t se qeta ho phutha setopo sa mosali
$T$ OA MOIMANA O THUNYETSOA LEFU MOTŠEARE,MOSALI,-1,sesotho,t oa moimana o thunyetsoa lefu motšeare
$T$ LE HLAHILE KHOTLA KAJENO KA PETO EA MONNA E MONG HAPE,LEPOLESA,-1,sesotho,t le hlahile khotla kajeno ka peto ea monna e mong hape
LEPOLESA LE HLAHILE $T$ KAJENO KA PETO EA MONNA E MONG HAPE,KHOTLA,0,sesotho,lepolesa le hlahile t kajeno ka peto ea monna e mong hape
LEPOLESA LE HLAHILE KHOTLA KAJENO KA PETO EA $T$ E MONG HAPE,MONNA,0,sesotho,lepolesa le hlahile khotla kajeno ka peto ea t e mong hape
$T$ O LEBANYA THEBE LE MAPOLESA A MO PHUNYA MASOBA A KULO,MONNA,-1,sesotho,t o lebanya thebe le mapolesa a mo phunya masoba a kulo
MONNA O LEBANYA THEBE LE $T$ A MO PHUNYA MASOBA A KULO,MAPOLESA,1,sesotho,monna o lebanya thebe le t a mo phunya masoba a kulo
$T$ O KOKOMETSE PELA SETOPO SA MOSALI OA HAE,MONNA,-1,sesotho,t o kokometse pela setopo sa mosali oa hae
MONNA O KOKOMETSE PELA $T$ SA MOSALI OA HAE,SETOPO,-1,sesotho,monna o kokometse pela t sa mosali oa hae
E TSOHA E LE $T$ MONNA O BOLAILE MOSALI,SEBONOANG,-1,sesotho,e tsoha e le t monna o bolaile mosali
E TSOHA E LE SEBONOANG $T$ O BOLAILE MOSALI,MONNA,-1,sesotho,e tsoha e le sebonoang t o bolaile mosali
E TSOHA E LE SEBONOANG MONNA O BOLAILE $T$,MOSALI,-1,sesotho,e tsoha e le sebonoang monna o bolaile t
KOTSI EA $T$ TSA BAETI HOLIMA BOROKHO,LIKOLOI,-1,sesotho,kotsi ea t tsa baeti holima borokho
KOTSI EA LIKOLOI TSA BAETI HOLIMA $T$,BOROKHO,0,sesotho,kotsi ea likoloi tsa baeti holima t
O BETA $T$ BA BABELI KA THABENG,BASALI,-1,sesotho,o beta t ba babeli ka thabeng
$T$ SE QETA HO INOLA MOFU LETAMONG,SEPOLESA,1,sesotho,t se qeta ho inola mofu letamong
SEPOLESA SE QETA HO INOLA $T$ LETAMONG,MOFU,-1,sesotho,sepolesa se qeta ho inola t letamong
SEPOLESA SE QETA HO INOLA MOFU $T$,LETAMONG,0,sesotho,sepolesa se qeta ho inola mofu t
MONNA O NOETSE KA $T$,LETAMONG,0,sesotho,monna o noetse ka t
PHATLALATSO EA $T$ HO TSOA LEKALENG,MANYALO,1,sesotho,phatlalatso ea t ho tsoa lekaleng
$T$ A PHOLOSA MOSALI O NE A ILO BOLAELOA LICHELETE TSA MONNA,MAPOLESA,1,sesotho,t a pholosa mosali o ne a ilo bolaeloa lichelete tsa monna
MAPOLESA A PHOLOSA $T$ O NE A ILO BOLAELOA LICHELETE TSA MONNA,MOSALI,-1,sesotho,mapolesa a pholosa t o ne a ilo bolaeloa lichelete tsa monna
MAPOLESA A PHOLOSA MOSALI O NE A ILO BOLAELOA $T$ TSA MONNA,LICHELETE,0,sesotho,mapolesa a pholosa mosali o ne a ilo bolaeloa t tsa monna
$T$ O ROBALA MOSALI LE MORALI'AE,MONNA,-1,sesotho,t o robala mosali le moraliae
MONNA O ROBALA $T$ LE MORALI'AE,MOSALI,0,sesotho,monna o robala t le moraliae
MONNA O ROBALA MOSALI LE $T$,MORALI'AE,0,sesotho,monna o robala mosali le t
O PITLOA LILEMO TSE 25 TERONKONG KA POLAO EA $T$,MOTHO,-1,sesotho,o pitloa lilemo tse 25 teronkong ka polao ea t
O PITLOA LILEMO TSE 25 $T$ KA POLAO EA MOTHO,TERONKONG,0,sesotho,o pitloa lilemo tse 25 t ka polao ea motho
$T$ LE TSOA KA MICROWAVE-NG LE MATHA SETEREKENG,LESHOLU,-1,sesotho,t le tsoa ka microwaveng le matha seterekeng
LESHOLU LE TSOA KA MICROWAVE-NG LE MATHA $T$,SETEREKENG,0,sesotho,lesholu le tsoa ka microwaveng le matha t
$T$ SE QETA HO ROLISA MOTHO LIKAUSI SE MO SIA A NTSA ROETSE LIETA SETEREKENG,SETSOKOTSANE,-1,sesotho,t se qeta ho rolisa motho likausi se mo sia a ntsa roetse lieta seterekeng
SETSOKOTSANE SE QETA HO ROLISA $T$ LIKAUSI SE MO SIA A NTSA ROETSE LIETA SETEREKENG,MOTHO,0,sesotho,setsokotsane se qeta ho rolisa t likausi se mo sia a ntsa roetse lieta seterekeng
SETSOKOTSANE SE QETA HO ROLISA MOTHO LIKAUSI SE MO SIA A NTSA ROETSE LIETA $T$,SETERATENG,0,sesotho,setsokotsane se qeta ho rolisa motho likausi se mo sia a ntsa roetse lieta t
SETSOKOTSANE SE QETA HO ROLISA MOTHO $T$ SE MO SIA A NTSA ROETSE LIETA SETEREKENG,LIKAUSI,0,sesotho,setsokotsane se qeta ho rolisa motho t se mo sia a ntsa roetse lieta seterekeng
SETSOKOTSANE SE QETA HO ROLISA MOTHO LIKAUSI SE MO SIA A NTSA ROETSE $T$ SETEREKENG,LIETA,0,sesotho,setsokotsane se qeta ho rolisa motho likausi se mo sia a ntsa roetse t seterekeng
$T$ E SA TSEJOENG E FIHLILE E MATHA EA HULA SKIPA TERATENG EA BALEA KA SONA EABA EA A LIKELLA KAMORA LETSATSA,TONKI,-1,sesotho,t e sa tsejoeng e fihlile e matha ea hula skipa terateng ea balea ka sona eaba ea a likella kamora letsatsa
TONKI E SA TSEJOENG E FIHLILE E MATHA EA HULA SKIPA $T$ EA BALEA KA SONA EABA EA A LIKELLA KAMORA LETSATSA,TERATENG,0,sesotho,tonki e sa tsejoeng e fihlile e matha ea hula skipa t ea balea ka sona eaba ea a likella kamora letsatsa
TONKI E SA TSEJOENG E FIHLILE E MATHA EA HULA $T$ TERATENG EA BALEA KA SONA EABA EA A LIKELLA KAMORA LETSATSA,SKIPA,0,sesotho,tonki e sa tsejoeng e fihlile e matha ea hula t terateng ea balea ka sona eaba ea a likella kamora letsatsa
TONKI E SA TSEJOENG E FIHLILE E MATHA EA HULA SKIPA TERATENG EA BALEA KA SONA EABA EA A LIKELLA KAMORA $T$,LETSATSA,0,sesotho,tonki e sa tsejoeng e fihlile e matha ea hula skipa terateng ea balea ka sona eaba ea a likella kamora t
$T$ O THULA KOLOI A BALEHA TAU TEROPONG,MONNA,-1,sesotho,t o thula koloi a baleha tau teropong
MONNA O THULA $T$ A BALEHA TAU TEROPONG,KOLOI,0,sesotho,monna o thula t a baleha tau teropong
MONNA O THULA KOLOI A BALEHA TAU $T$,TEROPONG,0,sesotho,monna o thula koloi a baleha tau t
$T$ EAKA EA MASHANO E NYAMETSE,BUKA,-1,sesotho,t eaka ea mashano e nyametse
BUKA EAKA EA $T$ E NYAMETSE,MASHANO,-1,sesotho,buka eaka ea t e nyametse
$T$ SE KHAQILE 20 LITRE EA METSI MOTSENG,SETHOTSELA,-1,sesotho,t se khaqile 20 litre ea metsi motseng
SETHOTSELA SE KHAQILE 20 LITRE EA METSI $T$,MOTSENG,0,sesotho,sethotsela se khaqile 20 litre ea metsi t
$T$ OA BOSIU PHALLANG,MOKHOSI,-1,sesotho,t oa bosiu phallang
$T$ LE JA MONGA LONA,LEHLOEO,-1,sesotho,t le ja monga lona
$T$ O IPHETOLA POLI BA MO SHEBILE,MOTHO,-1,sesotho,t o iphetola poli ba mo shebile
MOTHO O IPHETOLA $T$ BA MO SHEBILE,POLI,0,sesotho,motho o iphetola t ba mo shebile
$T$ O QETA HO THULA PALO EA MOTLAKASE KA PETA A BA A SOAHLAMANA FATŠE A PALAME MOTSENG,MOLOI,-1,sesotho,t o qeta ho thula palo ea motlakase ka peta a ba a soahlamana fatše a palame motseng
MOLOI O QETA HO THULA $T$ KA PETA A BA A SOAHLAMANA FATŠE A PALAME MOTSENG,PALO EA MOTLAKASE,0,sesotho,moloi o qeta ho thula t ka peta a ba a soahlamana fatše a palame motseng
MOLOI O QETA HO THULA PALO EA MOTLAKASE KA PETA A BA A SOAHLAMANA FATŠE A PALAME $T$,MOTSENG,0,sesotho,moloi o qeta ho thula palo ea motlakase ka peta a ba a soahlamana fatše a palame t
BA BONE $T$ FACE TO FACE,SATANE,-1,sesotho,ba bone t face to face
$T$ E ROAKA MOETI,NTJA,-1,sesotho,t e roaka moeti
NTJA E ROAKA $T$,MOETI,0,sesotho,ntja e roaka t
$T$ E KOENTSE HONDA FIT,MPSHE,-1,sesotho,t e koentse honda fit
MPSHE E KOENTSE $T$,HONDA FIT,0,sesotho,mpshe e koentse t
$T$ O FIHLA SEPETLELE HOSEEEENG KA MATJEKE,MOFU,-1,sesotho,t o fihla sepetlele hoseeeeng ka matjeke
MOFU O FIHLA $T$ HOSEEEENG KA MATJEKE,SEPETLELE,0,sesotho,mofu o fihla t hoseeeeng ka matjeke
$T$ O QAKA TICHERE,NGOANA SEKOLO,-1,sesotho,t o qaka tichere
NGOANA SEKOLO O QAKA $T$,TICHERE,0,sesotho,ngoana sekolo o qaka t
O TEBETSOE $T$ KE HO NTŠA LIPOLI LESHOATA,SEKIRING,0,sesotho,o tebetsoe t ke ho ntša lipoli leshoata
O TEBETSOE SEKIRING KE HO NTŠA $T$ LESHOATA,LIPOLI,-1,sesotho,o tebetsoe sekiring ke ho ntša t leshoata
$T$ KE MORU,SEBINI,-1,sesotho,t ke moru
$T$ O HLOKAHETSE,BISHOP,-1,sesotho,t o hlokahetse
$T$ O FA MACANSALARA MATLA,LETONA,0,sesotho,t o fa macansalara matla
LETONA O FA $T$ MATLA,MACANSALARA,1,sesotho,letona o fa t matla
$T$ A MOTSE A SESA KA HARA METSI BOROKHO BA NAKOANA BO HELEHILE,MATLO,-1,sesotho,t a motse a sesa ka hara metsi borokho ba nakoana bo helehile
MATLO A MOTSE A SESA KA HARA METSI $T$ BA NAKOANA BO HELEHILE,BOROKHO,-1,sesotho,matlo a motse a sesa ka hara metsi t ba nakoana bo helehile
$T$ SE KHAOLOA MOEENG,SEEA-LE-MOEA,-1,sesotho,t se khaoloa moeeng
$T$ BA KOETELA LESOLE LA NAHA EA BOAHISANE,SECHABA,-1,sesotho,t ba koetela lesole la naha ea boahisane
SECHABA BA KOETELA $T$ LA NAHA EA BOAHISANE,LESOLE,0,sesotho,sechaba ba koetela t la naha ea boahisane
$T$ O PAPAELA KA KOLOEANA EA HAE TLHOLISANONG,TONAKHOLO,1,sesotho,t o papaela ka koloeana ea hae tlholisanong
TONAKHOLO O PAPAELA KA $T$ EA HAE TLHOLISANONG,KOLOEANA,0,sesotho,tonakholo o papaela ka t ea hae tlholisanong
$T$ SE SEBELISOANG KE SEPOLESA,SEFOFANE SA TONAKHOLO,1,sesotho,t se sebelisoang ke sepolesa
SEFOFANE SA TONAKHOLO SE SEBELISOANG KE $T$,SEPOLESA,0,sesotho,sefofane sa tonakholo se sebelisoang ke t
$T$ O SHEBILE LEKHOOA KAHARA THAKA TSA MAHLO,TONAKHOLO,1,sesotho,t o shebile lekhooa kahara thaka tsa mahlo
$T$ O PHOLOSA LEBENKELE KA 15 MILIONE,TONAKHOLO,1,sesotho,t o pholosa lebenkele ka 15 milione
TONAKHOLO O PHOLOSA $T$ KA 15 MILIONE,LEBENKELE,0,sesotho,tonakholo o pholosa t ka 15 milione
FOCHO $T$,BUUTII,-1,sesotho,focho t
$T$ E JOOA THEPA EA LEBENKELE,KOMPONE,-1,sesotho,t e jooa thepa ea lebenkele
KOMPONE E JOOA $T$,THEPA LA LEBENKELE,0,sesotho,kompone e jooa t
BA BOLAEA $T$ SETEREKENG,MOOKAMELI,-1,sesotho,ba bolaea t seterekeng
BA BOLAEA MOOKAMELI $T$,SETEREKENG,0,sesotho,ba bolaea mookameli t
$T$ O AHLOLOA M20,MOLATA,-1,sesotho,t o ahloloa m20
$T$ LE RE LE LATE LI NUMBER PLATE LI TENG,LEKALA,1,sesotho,t le re le late li number plate li teng
LEKALA LE RE LE LATE $T$ LI TENG,LI NUMBER PLATE,0,sesotho,lekala le re le late t li teng
$T$ TSEBISO,TSEBISO,0,sesotho,t tsebiso
TSEBISO $T$,TSEBISO,0,sesotho,tsebiso t
$T$ O TŠOAROA KA BOSHOLU BA LIKHOMO,MOKHETHOA,1,sesotho,t o tšoaroa ka bosholu ba likhomo
MOKHETHOA O TŠOAROA KA BOSHOLU BA $T$,LIKHOMO,0,sesotho,mokhethoa o tšoaroa ka bosholu ba t
$T$ LE OELE BASEBETSI BA IKABILE KA STOCK,LEBENKELE,-1,sesotho,t le oele basebetsi ba ikabile ka stock
LEBENKELE LE OELE $T$ BA IKABILE KA STOCK,BASEBETSI,-1,sesotho,lebenkele le oele t ba ikabile ka stock
$T$ BA HLAHILE KHOTLA,BABOLAI BA MONNA,-1,sesotho,t ba hlahile khotla
BABOLAI BA MONNA BA HLAHILE $T$,KHOTLA,0,sesotho,babolai ba monna ba hlahile t
TSEBA $T$ A MACHA LE BATLATSI,MATONA,1,sesotho,tseba t a macha le batlatsi
TSEBA MATONA A MACHA LE $T$,BATLATSI,1,sesotho,tseba matona a macha le t
TSEBISO EA $T$,SEPOLESA,0,sesotho,tsebiso ea t
$T$ SE PHUTHA LITHUNYA TSA MASHALA,SESOLE,1,sesotho,t se phutha lithunya tsa mashala
SESOLE SE PHUTHA $T$ TSA MASHALA,LITHUNYA,-1,sesotho,sesole se phutha t tsa mashala
$T$ O PHALLELA BATHO BA TOROPO KA LIJO,TONAKHOLO,1,sesotho,t o phallela batho ba toropo ka lijo
TONAKHOLO O PHALLELA $T$ BA TOROPO KA LIJO,BATHO,0,sesotho,tonakholo o phallela t ba toropo ka lijo
TONAKHOLO O PHALLELA BATHO BA TOROPO KA $T$,LIJO,0,sesotho,tonakholo o phallela batho ba toropo ka t
$T$ HO OA THAKHOLOA MONA,KAOFELA,0,sesotho,t ho oa thakholoa mona
$T$ O LAETA MABONE A TSELENG TOROPONG,TONAKHOLO,1,sesotho,t o laeta mabone a tseleng toropong
TONAKHOLO O LAETA $T$ A TSELENG TOROPONG,MABONE,0,sesotho,tonakholo o laeta t a tseleng toropong
TONAKHOLO O LAETA MABONE A TSELENG $T$,TOROPONG,0,sesotho,tonakholo o laeta mabone a tseleng t
$T$ O TLA INEHELA SEPOLESENG TOROPONG,MOETAPELE,1,sesotho,t o tla inehela sepoleseng toropong
MOETAPELE O TLA INEHELA $T$ TOROPONG,SEPOLESENG,0,sesotho,moetapele o tla inehela t toropong
MOETAPELE O TLA INEHELA SEPOLESENG $T$,TOROPONG,0,sesotho,moetapele o tla inehela sepoleseng t
$T$ TSA SEPOLESA MOO TONAKHOLO A NTSENG A THAKHOLA KHANTŠO EA MABONE A MACHA,LI HONDA FIT,1,sesotho,t tsa sepolesa moo tonakholo a ntseng a thakhola khantšo ea mabone a macha
LI HONDA FIT TSA $T$ MOO TONAKHOLO A NTSENG A THAKHOLA KHANTŠO EA MABONE A MACHA,SEPOLESA,0,sesotho,li honda fit tsa t moo tonakholo a ntseng a thakhola khantšo ea mabone a macha
LI HONDA FIT TSA SEPOLESA MOO $T$ A NTSENG A THAKHOLA KHANTŠO EA MABONE A MACHA',TONAKHOLO,1,sesotho,li honda fit tsa sepolesa moo t a ntseng a thakhola khantšo ea mabone a macha
LI HONDA FIT TSA SEPOLESA MOO TONAKHOLO A NTSENG A THAKHOLA KHANTŠO EA $T$ A MACHA,MABONE,1,sesotho,li honda fit tsa sepolesa moo tonakholo a ntseng a thakhola khantšo ea t a macha
PHATLALATSO EA $T$ MABAPI LE HO KHAFELOA HOA LITHUNYA,SEPOLESA,0,sesotho,phatlalatso ea t mabapi le ho khafeloa hoa lithunya
$T$ E MO SHEBILE MAHLONG,MPHO EA MORENA,1,sesotho,t e mo shebile mahlong
$T$ BANA BA NTSE BA BATLOA,BANNA,-1,sesotho,t bana ba ntse ba batloa
$T$ BANA BA BATLOA,BANNA,-1,sesotho,t bana ba batloa
$T$ LE HAPA CHELETE EA MOQOSUOA OA 50 MILLION EA 'MUSO,LEKALA,1,sesotho,t le hapa chelete ea moqosuoa oa 50 million ea muso
LEKALA LE HAPA $T$ OA 50 MILLION EA 'MUSO,CHELETE EA MOQUSUOA,-1,sesotho,lekala le hapa t oa 50 million ea muso
LEKALA LE HAPA CHELETE EA MOQOSUOA OA 50 MILLION EA 'MUSO,'MUSO,0,sesotho,lekala le hapa chelete ea moqosuoa oa 50 million ea muso
$T$ O HANNE BOELETSI LIPAKI TSA CHELETE LI A BOLAOA,'MUSO,-1,sesotho,t o hanne boeletsi lipaki tsa chelete li a bolaoa
'MUSO O HANNE BOELETSI $T$ LI A BOLAOA,LIPAKI TSA CHELETE,-1,sesotho,muso o hanne boeletsi t li a bolaoa
$T$ TSENA TSA SEPOLESA LI TLA BONAHALA TSELENG HAUFI,LIKOLOI,1,sesotho,t tsena tsa sepolesa li tla bonahala tseleng haufi
LIKOLOI TSENA TSA $T$ LI TLA BONAHALA TSELENG HAUFI,SEPOLESA,0,sesotho,likoloi tsena tsa t li tla bonahala tseleng haufi
LIKOLOI TSENA TSA SEPOLESA LI TLA BONAHALA $T$ HAUFI,TSELENG,0,sesotho,likoloi tsena tsa sepolesa li tla bonahala t haufi
$T$ LE TŠELA MOKHA KA METSI A BATANG,LEKHOTLA,0,sesotho,t le tšela mokha ka metsi a batang
LEKHOTLA LE TŠELA $T$ KA METSI A BATANG,MOKHA,-1,sesotho,lekhotla le tšela t ka metsi a batang
LI $T$ LI EME MEEMO,HONDA FIT TSA MAPOLESA,1,sesotho,li t li eme meemo
$T$ O UTSOETSA KEREKE O BATOLOA LILEMO TSE LESHOME TORONKONG,MONNA,-1,sesotho,t o utsoetsa kereke o batoloa lilemo tse leshome toronkong
MONNA O UTSOETSA $T$ O BATOLOA LILEMO TSE LESHOME TORONKONG,KEREKE,0,sesotho,monna o utsoetsa t o batoloa lilemo tse leshome toronkong
MONNA O UTSOETSA KEREKE O BATOLOA LILEMO TSE LESHOME $T$,TORONKONG,0,sesotho,monna o utsoetsa kereke o batoloa lilemo tse leshome t
$T$ TSE NGATA TSE REKETSOENG SEPOLESA LI NTSE LI PENTOA LE HO LOKISETSOA PHANO METEBONG EA SEPOLESA,LIKOLOI,1,sesotho,t tse ngata tse reketsoeng sepolesa li ntse li pentoa le ho lokisetsoa phano metebong ea sepolesa
LIKOLOI TSE NGATA TSE REKETSOENG $T$ LI NTSE LI PENTOA LE HO LOKISETSOA PHANO METEBONG EA SEPOLESA,SEPOLESA,0,sesotho,likoloi tse ngata tse reketsoeng t li ntse li pentoa le ho lokisetsoa phano metebong ea sepolesa
LIKOLOI TSE NGATA TSE REKETSOENG SEPOLESA LI NTSE LI PENTOA LE HO LOKISETSOA PHANO $T$,METEBONG EA SEPOLESA,0,sesotho,likoloi tse ngata tse reketsoeng sepolesa li ntse li pentoa le ho lokisetsoa phano t
$T$ E EA CHA MOTSENG,KOLOI,-1,sesotho,t e ea cha motseng
KOLOI E EA CHA $T$,MOTSENG,0,sesotho,koloi e ea cha t
$T$ SE SEHOLO SA TOROPO,SEPETLELE,0,sesotho,t se seholo sa toropo
SEPETLELE SE SEHOLO SA $T$,TOROPO,0,sesotho,sepetlele se seholo sa t
$T$ E FA NAHA SENYETHE SA CHELETE,AMERIKA,1,sesotho,t e fa naha senyethe sa chelete
AMERIKA E FA $T$ SENYETHE SA CHELETE,NAHA,0,sesotho,amerika e fa t senyethe sa chelete
AMERIKA E FA NAHA SENYETHE SA $T$,CHELETE,1,sesotho,amerika e fa naha senyethe sa t
$T$ O TLO BUA LE SECHABA,TONAKHOLO,0,sesotho,t o tlo bua le sechaba
TONAKHOLO O TLO BUA LE $T$,SECHABA,0,sesotho,tonakholo o tlo bua le t
$T$ O QETILE HO RULELA SEKIRI MOLULA SETULO OA SEKIRI O RE O HLOLLETSOE,MONNA,1,sesotho,t o qetile ho rulela sekiri molula setulo oa sekiri o re o hlolletsoe
MONNA O QETILE HO RULELA $T$ MOLULA SETULO OA SEKIRI O RE O HLOLLETSOE,SEKIRI,0,sesotho,monna o qetile ho rulela t molula setulo oa sekiri o re o hlolletsoe
MONNA O QETILE HO RULELA SEKIRI $T$ O RE O HLOLLETSOE,MOLULA SETULO OA SEKIRI,1,sesotho,monna o qetile ho rulela sekiri t o re o hlolletsoe
BA RE $T$ BA LELEKOE PARAMENTENG,BAHLOMPHEHI,-1,sesotho,ba re t ba lelekoe paramenteng
BA RE BAHLOMPHEHI BA LELEKOE $T$,PARAMENTENG,0,sesotho,ba re bahlomphehi ba lelekoe t
TSEBA $T$ BA HLOKANG TŠEPO HO TONAKHOLO,BAKHETHOA,-1,sesotho,tseba t ba hlokang tšepo ho tonakholo
TSEBA BAKHETHOA BA HLOKANG TŠEPO HO $T$,TONAKHOLO,-1,sesotho,tseba bakhethoa ba hlokang tšepo ho t
$T$ TLASA SEKHELE SA MOKHATLO,MOKHETHOA OA KHEKHETHANE,0,sesotho,t tlasa sekhele sa mokhatlo
MOKHETHOA OA KHEKHETHANE TLASA SEKHELE SA $T$,MOKHATLO,0,sesotho,mokhethoa oa khekhethane tlasa sekhele sa t
$T$ OA HORA-HORA MOSHANYANA KA PAPENG,MONNA,-1,sesotho,t oa horahora moshanyana ka papeng
MONNA OA HORA-HORA $T$ KA PAPENG,MOSHANYANA,0,sesotho,monna oa horahora t ka papeng
$T$ LE TJENA KA THABENG,LEHLOA,0,sesotho,t le tjena ka thabeng
LEHLOA LE TJENA KA $T$,THABENG,0,sesotho,lehloa le tjena ka t
$T$ O FUMANOA A THUNTSOE SEPOLESA SE KOPA HO BATLISOA BENG KA ENA,MOSALI,-1,sesotho,t o fumanoa a thuntsoe sepolesa se kopa ho batlisoa beng ka ena
MOSALI O FUMANOA A THUNTSOE $T$ SE KOPA HO BATLISOA BENG KA ENA,SEPOLESA,0,sesotho,mosali o fumanoa a thuntsoe t se kopa ho batlisoa beng ka ena
PHETOLO EA $T$ E KEKE EA PHETHAHALA,PUSO,1,sesotho,phetolo ea t e keke ea phethahala
$T$ E KHEFULITSE KA LEBAKA LA NYEOE,PARAMENTE,-1,sesotho,t e khefulitse ka lebaka la nyeoe
PARAMENTE E KHEFULITSE KA LEBAKA LA $T$,NYEOE,-1,sesotho,paramente e khefulitse ka lebaka la t
$T$ O HANA MOTION OA HO HLOKA TŠEPO HO TONAKHOLO,MOKHETHOA OA MOKHA,1,sesotho,t o hana motion oa ho hloka tšepo ho tonakholo
MOKHETHOA OA MOKHA O HANA MOTION OA HO HLOKA TŠEPO HO $T$,TONAKHOLO,-1,sesotho,mokhethoa oa mokha o hana motion oa ho hloka tšepo ho t
$T$ LI THATA,LIPOLOTIKI TSA NAHA,-1,sesotho,t li thata
$T$ LA MOETAPELE,MOETAPELE,0,sesotho,t la moetapele
TLALEHO KA TŠEBETSO EA $T$ EA RULELLANG BATHO MAHALA,MONNA,1,sesotho,tlaleho ka tšebetso ea t ea rulellang batho mahala
TLALEHO KA TŠEBETSO EA MONNA EA RULELLANG $T$ MAHALA,BATHO,0,sesotho,tlaleho ka tšebetso ea monna ea rulellang t mahala
UTLOA TSE NCHA KA $T$ EA HLOKAHETSENG LELAPA LA HABO LE NA LE MATHATA,MOITHUTI OA SEKOLO,-1,sesotho,utloa tse ncha ka t ea hlokahetseng lelapa la habo le na le mathata
UTLOA TSE NCHA KA MOITHUTI OA SEKOLO EA HLOKAHETSENG $T$ LA HABO LE NA LE MATHATA,LELAPA,-1,sesotho,utloa tse ncha ka moithuti oa sekolo ea hlokahetseng t la habo le na le mathata
$T$ O KHAMA MOSALI OA HAE HO FIHLELA A NEHELA MOEA,MONNA,-1,sesotho,t o khama mosali oa hae ho fihlela a nehela moea
MONNA O KHAMA $T$ OA HAE HO FIHLELA A NEHELA MOEA,MOSALI,-1,sesotho,monna o khama t oa hae ho fihlela a nehela moea
$T$A KENYA TŠISINYO EA HO HLOKA TŠEPO HO TONAKHOLO,MAPARAMENTE,-1,sesotho,ta kenya tšisinyo ea ho hloka tšepo ho tonakholo
MAPARAMENTE A KENYA TŠISINYO EA HO HLOKA TŠEPO HO $T$,TONAKHOLO,-1,sesotho,maparamente a kenya tšisinyo ea ho hloka tšepo ho t
$T$ O BOETSE O RULELLA BATHO MATLO MAHALA,MONNA,1,sesotho,t o boetse o rulella batho matlo mahala
MONNA O BOETSE O RULELLA $T$ MATLO MAHALA,BATHO,0,sesotho,monna o boetse o rulella t matlo mahala
MONNA O BOETSE O RULELLA BATHO $T$ MAHALA,MATLO,0,sesotho,monna o boetse o rulella batho t mahala
$T$ O ATOLOSA MOTLAKASE LIKHOEBO TSOHLE TSE LAKATSANG HO NKA KAROLO LI A MENGOA,'MUSO,1,sesotho,t o atolosa motlakase likhoebo tsohle tse lakatsang ho nka karolo li a mengoa
'MUSO O ATOLOSA $T$ LIKHOEBO TSOHLE TSE LAKATSANG HO NKA KAROLO LI A MENGOA,MOTLAKASE,0,sesotho,muso o atolosa t likhoebo tsohle tse lakatsang ho nka karolo li a mengoa
'MUSO O ATOLOSA MOTLAKASE $T$ TSOHLE TSE LAKATSANG HO NKA KAROLO LI A MENGOA,LIKHOEBO,0,sesotho,muso o atolosa motlakase t tsohle tse lakatsang ho nka karolo li a mengoa
MONA KE MOO $T$ A FEFOHILENG KAMORA LIFEFO TSA KAJENO,MALAENE,-1,sesotho,mona ke moo t a fefohileng kamora lifefo tsa kajeno
MONA KE MOO MALAENE A FEFOHILENG KAMORA $T$ TSA KAJENO,LEFEFO,-1,sesotho,mona ke moo malaene a fefohileng kamora t tsa kajeno
TLALEHO EA $T$ KA MOFU,SEPOLESA,0,sesotho,tlaleho ea t ka mofu
TLALEHO EA SEPOLESA KA $T$,MOFU,-1,sesotho,tlaleho ea sepolesa ka t
UTLOA SESOSA SA LEFU LA $T$,MOKHETHOA OA MEHLENG,-1,sesotho,utloa sesosa sa lefu la t
$T$ A BATLISA KA MOFU OA MOSALI,MAPOLESA,-1,sesotho,t a batlisa ka mofu oa mosali
MAPOLESA A BATLISA KA MOFU OA $T$,MOSALI,-1,sesotho,mapolesa a batlisa ka mofu oa t
$T$ A CHELETE A LEFA KA HLOOHO,MASHOTSOANA,-1,sesotho,t a chelete a lefa ka hlooho
$T$ E JA BATHO PETROLE,PETROL ATTENDANT,-1,sesotho,t e ja batho petrole
PETROL ATTENDANT E JA BATHO $T$,PETROLE,0,sesotho,petrol attendant e ja batho t
$T$ BA QALILE STRIKE,BAITHUTI BA SEKOLO,-1,sesotho,t ba qalile strike
$T$ E NTSE E KENYA MABONE A MACHA,TOROPO,1,sesotho,t e ntse e kenya mabone a macha
TOROPO E NTSE E KENYA $T$ A MACHA,MABONE,1,sesotho,toropo e ntse e kenya t a macha
$T$ ENA E HLOLA BA BANGATA EMPA EKARE E KA NKOA E LE BOHLOKOA HAHOLO,TREND,1,sesotho,t ena e hlola ba bangata empa ekare e ka nkoa e le bohlokoa haholo
$T$ SEKOLONG SE PHAHAMENG,LIKAPESO,1,sesotho,t sekolong se phahameng
LIKAPESO $T$,SEKOLONG SE PHAHAMENG,0,sesotho,likapeso t
$T$ BONA BA NOKA BO SE NTSE BO AHOA,BOROKHO,1,sesotho,t bona ba noka bo se ntse bo ahoa
BOROKHO BONA BA $T$ BO SE NTSE BO AHOA,NOKA,0,sesotho,borokho bona ba t bo se ntse bo ahoa
$T$ EA QETANG HO FUOA LENGOLO KE MOFU TSE BOHLOKO HA LI FELE,NGOANANA,-1,sesotho,t ea qetang ho fuoa lengolo ke mofu tse bohloko ha li fele
NGOANANA EA QETANG HO FUOA $T$ KE MOFU TSE BOHLOKO HA LI FELE,LENGOLO,1,sesotho,ngoanana ea qetang ho fuoa t ke mofu tse bohloko ha li fele
$T$ O ETSA MEKA LE MEHLOLO,MONNA,1,sesotho,t o etsa meka le mehlolo
$T$ LI BILE TJENA HOSENG KAJENO KA 9,LIKAPESO TSA SEKOLO,1,sesotho,t li bile tjena hoseng kajeno ka 9
$T$ EA ITJESITSENG CHEFO O PHETSE,NGOANANA,1,sesotho,t ea itjesitseng chefo o phetse
NGOANANA EA ITJESITSENG $T$ O PHETSE,CHEFO,-1,sesotho,ngoanana ea itjesitseng t o phetse
$T$ LE LENG LE HLAHISA 'MALA OA LONA,LEPARAMENTE,-1,sesotho,t le leng le hlahisa mala oa lona
$T$ HO BILE TJENA,LECHOLING,1,sesotho,t ho bile tjena
$T$ O IPOLAELA BOIMA SETEREKENG,NGOANANA,-1,sesotho,t o ipolaela boima seterekeng
NGOANANA O IPOLAELA BOIMA $T$,SETEREKENG,0,sesotho,ngoanana o ipolaela boima t
$T$ O LELEKA BAKHETHOA BOPHELO BOHLE,MOKHA,0,sesotho,t o leleka bakhethoa bophelo bohle
MOKHA O LELEKA $T$ BOPHELO BOHLE,BAKHETHOA,-1,sesotho,mokha o leleka t bophelo bohle
$T$ O LEBOHA SECHABA,MOETAPELE,0,sesotho,t o leboha sechaba
MOETAPELE O LEBOHA $T$,SECHABA,1,sesotho,moetapele o leboha t
$T$ E PHURA LESHOETLA LE TONAKHOLO EA NAHA EA BOAHISANE,TONAKHOLO EA NAHA,1,sesotho,t e phura leshoetla le tonakholo ea naha ea boahisane
TONAKHOLO EA NAHA E PHURA LESHOETLA LE $T$,TONAKHOLO EA NAHA EA BOAHISANE,1,sesotho,tonakholo ea naha e phura leshoetla le t
$T$ O BEHA HLOOHO PANENG,MOOKAMELI OA LEKALA,-1,sesotho,t o beha hlooho paneng
$T$ LE NYAMETSE,LEPOLESA,-1,sesotho,t le nyametse
$T$ KOMPONENG O RULELA MATLO,MOLEBELI,1,sesotho,t komponeng o rulela matlo
MOLEBELI $T$ O RULELA MATLO,KOMPONENG,0,sesotho,molebeli t o rulela matlo
MOLEBELI KOMPONENG O RULELA $T$,MATLO,0,sesotho,molebeli komponeng o rulela t
$T$ O LLISA KE THABO KAMORA HO FUMANA LENGOLO,MOITHUTI,1,sesotho,t o llisa ke thabo kamora ho fumana lengolo
MOITHUTI O LLISA KE THABO KAMORA HO FUMANA $T$,LENGOLO,0,sesotho,moithuti o llisa ke thabo kamora ho fumana t
$T$ O ARABA BATSOALI BA LLANG,MOITHUTI OA SEKOLO,0,sesotho,t o araba batsoali ba llang
MOITHUTI OA SEKOLO O ARABA $T$ BA LLANG,BATSOALI,-1,sesotho,moithuti oa sekolo o araba t ba llang
$T$ BA KHUTLA LIKAPESONG BA SENA MANGOLO,BAITHUTI SA SEKOLO,-1,sesotho,t ba khutla likapesong ba sena mangolo
BAITHUTI BA SEKOLO BA KHUTLA $T$ BA SENA MANGOLO,LIKAPESONG,1,sesotho,baithuti ba sekolo ba khutla t ba sena mangolo
BAITHUTI BA SEKOLO BA KHUTLA LIKAPESONG BA SENA $T$,MANGOLO,0,sesotho,baithuti ba sekolo ba khutla likapesong ba sena t
$T$ SEKOLONG SE SEHOLO,LIKAPESO,1,sesotho,t sekolong se seholo
$T$ O HLASELA NAHA EA BOAHISANE,MOROALLO OA METSI,-1,sesotho,t o hlasela naha ea boahisane
MOROALLO OA METSI O HLASELA $T$,NAHA EA BOAHISANE,0,sesotho,moroallo oa metsi o hlasela t
$T$ O NTŠA LIUTA KA MOETAPELE OA HAE,MONNA,-1,sesotho,t o ntša liuta ka moetapele oa hae
MONNA O NTŠA LIUTA KA $T$ OA HAE,MOETAPELE,-1,sesotho,monna o ntša liuta ka t oa hae
$T$ LE MOIFO OA HAE KA MAAPARA KOBO A MATLE MOSE,TONAKHOLO,1,sesotho,t le moifo oa hae ka maapara kobo a matle mose
TONAKHOLO LE $T$ OA HAE KA MAAPARA KOBO A MATLE MOSE,MOIFO,1,sesotho,tonakholo le t oa hae ka maapara kobo a matle mose
$T$ SA NAHA SE FOHLA MOSE KA LITOPO,SEBINI,1,sesotho,t sa naha se fohla mose ka litopo
SEBINI SA NAHA SE FOHLA MOSE KA $T$,LITOPO,0,sesotho,sebini sa naha se fohla mose ka t
$T$ O ENTSE PUO AMERIKA A IPHUTHUMALITSE KA LEFITORI,TONAKHOLO,1,sesotho,t o entse puo amerika a iphuthumalitse ka lefitori
TONAKHOLO O ENTSE PUO AMERIKA A IPHUTHUMALITSE KA $T$,LEFITORI,0,sesotho,tonakholo o entse puo amerika a iphuthumalitse ka t
HO LEBELETSOE $T$ HAPE,LEHLOA,0,sesotho,ho lebeletsoe t hape
$T$ SE KOPA THUSO,SEPOLESA,1,sesotho,t se kopa thuso
$T$ E QOBELLA BASEBETSI HO NKA ID HA BA TŠELA CHELETE,KOMPONE,-1,sesotho,t e qobella basebetsi ho nka id ha ba tšela chelete
KOMPONE E QOBELLA $T$ HO NKA ID HA BA TŠELA CHELETE,BASEBETSI,0,sesotho,kompone e qobella t ho nka id ha ba tšela chelete
KOMPONE E QOBELLA BASEBETSI HO NKA $T$ HA BA TŠELA CHELETE,ID,0,sesotho,kompone e qobella basebetsi ho nka t ha ba tšela chelete
KOMPONE E QOBELLA BASEBETSI HO NKA ID HA BA TŠELA $T$,CHELETE,0,sesotho,kompone e qobella basebetsi ho nka id ha ba tšela t
$T$ BANA BA TŠOEROE BA LAETSE LINKU KAHARA 'MOTOKARA,BANNA,-1,sesotho,t bana ba tšoeroe ba laetse linku kahara motokara
BANNA BANA BA TŠOEROE BA LAETSE $T$ KAHARA 'MOTOKARA,LINKU,0,sesotho,banna bana ba tšoeroe ba laetse t kahara motokara
BANNA BANA BA TŠOEROE BA LAETSE LINKU KAHARA $T$,'MOTOKARA,0,sesotho,banna bana ba tšoeroe ba laetse linku kahara t
$T$ O REKELA MAPOLESA LIKOLOI TSE 75,'MUSO,1,sesotho,t o rekela mapolesa likoloi tse 75
'MUSO O REKELA $T$ LIKOLOI TSE 75,MAPOLESA,0,sesotho,muso o rekela t likoloi tse 75
'MUSO O REKELA MAPOLESA $T$ TSE 75,LIKOLOI,1,sesotho,muso o rekela mapolesa t tse 75
$T$ A ALUMINUM A HLAHILE KHOTLA,MASHOLU,-1,sesotho,t a aluminum a hlahile khotla
MASHOLU A ALUMINUM A HLAHILE $T$,KHOTLA,0,sesotho,masholu a aluminum a hlahile t
$T$ O POTLAKILENG,MOLAETSA,0,sesotho,t o potlakileng
$T$ O LOKISA BOROKHO BA MOTSE,'MUSO,1,sesotho,t o lokisa borokho ba motse
'MUSO O LOKISA $T$ BA MOTSE,BOROKHO,-1,sesotho,muso o lokisa t ba motse
'MUSO O LOKISA BOROKHO BA $T$,MOTSE,0,sesotho,muso o lokisa borokho ba t
$T$ O THEOLA LEKHETHO LA JOALA LE KOAE,'MUSO,1,sesotho,t o theola lekhetho la joala le koae
'MUSO O THEOLA $T$,LEKHETHO LA JOALA LE KOAE,0,sesotho,muso o theola t
$T$ SE QABETSOE,SEPOLESA,-1,sesotho,t se qabetsoe
$T$ OA INONYA MATLA LEBATOOENG,MOKHETHOA,-1,sesotho,t oa inonya matla lebatooeng
MOKHETHOA OA INONYA MATLA $T$,LEBATOOENG,0,sesotho,mokhethoa oa inonya matla t
$T$ O THUNYETSOA LEFU MOTSENG,MOTHO,-1,sesotho,t o thunyetsoa lefu motseng
MOTHO O THUNYETSOA LEFU $T$,MOTSENG,0,sesotho,motho o thunyetsoa lefu t
$T$ LI NTSE LI LOKISOA KA MATLA NAHENG,LITSELA,1,sesotho,t li ntse li lokisoa ka matla naheng
LITSELA LI NTSE LI LOKISOA KA MATLA $T$,NAHENG,0,sesotho,litsela li ntse li lokisoa ka matla t
$T$ EA LILEMO LI 16 O BOLAEA MOTHO,NGOANA,-1,sesotho,t ea lilemo li 16 o bolaea motho
NGOANA EA LILEMO LI 16 O BOLAEA $T$,MOTHO,0,sesotho,ngoana ea lilemo li 16 o bolaea t
$T$ TSENA LI NE LI REKOE KA M2.7 MILLION LI LE 30 PUSONG E FETILENG,LIKETSOANA,-1,sesotho,t tsena li ne li rekoe ka m27 million li le 30 pusong e fetileng
$T$ LE NKELOA THEPA EA BOIKOETLISO,LEBENKELE,-1,sesotho,t le nkeloa thepa ea boikoetliso
LEBENKELE LE NKELOA $T$,THEPA EA BOIKOETLISO,0,sesotho,lebenkele le nkeloa t
$T$ O RE BA BATLANG HO LIHA 'MUSO BA LAOLOA KE LEPHAKO,MONGOLI,-1,sesotho,t o re ba batlang ho liha muso ba laoloa ke lephako
MONGOLI O RE BA BATLANG HO LIHA $T$ BA LAOLOA KE LEPHAKO,'MUSO,0,sesotho,mongoli o re ba batlang ho liha t ba laoloa ke lephako
$T$ BA THUSA SECHABA KA TEMO,BAKHETHOA,1,sesotho,t ba thusa sechaba ka temo
BAKHETHOA BA THUSA $T$ KA TEMO,SECHABA,0,sesotho,bakhethoa ba thusa t ka temo
BAKHETHOA BA THUSA SECHABA KA $T$,TEMO,0,sesotho,bakhethoa ba thusa sechaba ka t
$T$ BA UTSOA M1.8 MILLION,BASEBETSI,-1,sesotho,t ba utsoa m18 million
$T$ LE NKA MONGA KOMPONE EA TOKISO EA MAKOLOI KA LECHOBA,LEKALA,-1,sesotho,t le nka monga kompone ea tokiso ea makoloi ka lechoba
LEKALA LE NKA $T$ EA TOKISO EA MAKOLOI KA LECHOBA,MONGA KOMPONE,-1,sesotho,lekala le nka t ea tokiso ea makoloi ka lechoba
LEKALA LE NKA MONGA KOMPONE EA TOKISO EA $T$ KA LECHOBA,MAKOLOI,0,sesotho,lekala le nka monga kompone ea tokiso ea t ka lechoba
$T$ A IKOPANYA A NTŠA BEILE EA MOINDIA,MAINDIA,1,sesotho,t a ikopanya a ntša beile ea moindia
MAINDIA A IKOPANYA A NTŠA $T$ EA MOINDIA,BEILE,0,sesotho,maindia a ikopanya a ntša t ea moindia
MAINDIA A IKOPANYA A NTŠA BEILE EA $T$,MOINDIA,-1,sesotho,maindia a ikopanya a ntša beile ea t
$T$ O QOSOA KA BOBOLU HAPE,MOHOEBI,-1,sesotho,t o qosoa ka bobolu hape
$T$ LE THOLISA MOSALI MOHOLO FONO,LEPOLESA,1,sesotho,t le tholisa mosali moholo fono
LEPOLESA LE THOLISA $T$ FONO,MOSALI MOHOLO,0,sesotho,lepolesa le tholisa t fono
LEPOLESA LE THOLISA MOSALI MOHOLO $T$,FONO,0,sesotho,lepolesa le tholisa mosali moholo t
$T$ O PHATLALATSA P.S. TSE NCHA,'MUSO,1,sesotho,t o phatlalatsa ps tse ncha
RE KOPA HO BATLISOA $T$ HOHLE MOO E KA BONOANG E NYAMETSENG BOSIUNG BA 26/08/23,KHOMO EA POHO,-1,sesotho,re kopa ho batlisoa t hohle moo e ka bonoang e nyametseng bosiung ba 260823
$T$ O SA TSOA THUNYETSOA LEFU MOTSENG,MOSALI,-1,sesotho,t o sa tsoa thunyetsoa lefu motseng
MOSALI O SA TSOA THUNYETSOA LEFU $T$,MOTSENG,0,sesotho,mosali o sa tsoa thunyetsoa lefu t
$T$ O ITJA SEKHABABA,MOKHETHOA,-1,sesotho,t o itja sekhababa
$T$ O QOSOA KA MANGOLO A LEFOFO,RAMETLAE,-1,sesotho,t o qosoa ka mangolo a lefofo
RAMETLAE O QOSOA KA $T$ A LEFOFO,MANGOLO,-1,sesotho,rametlae o qosoa ka t a lefofo
$T$ LE NYEOE LI NGATA LE EKETSA BASEBETSI,LEKALA,1,sesotho,t le nyeoe li ngata le eketsa basebetsi
HO QHALOA $T$ A 13 KAJENO,MANYALO,-1,sesotho,ho qhaloa t a 13 kajeno
$T$ E PHETHOHA KA BANA BA SEKOLO,KOLOI,-1,sesotho,t e phethoha ka bana ba sekolo
$T$ O FUOA BEILE EA M500 000,MOHOEBI OA LEINDIA,-1,sesotho,t o fuoa beile ea m500 000
$T$ O LITLAMONG TSA SEPOLESA KA HO QHEKANYETSA BATHO LICHELETE,MOHLANKANA,-1,sesotho,t o litlamong tsa sepolesa ka ho qhekanyetsa batho lichelete
MOHLANKANA O LITLAMONG TSA $T$ KA HO QHEKANYETSA BATHO LICHELETE,SEPOLESA,0,sesotho,mohlankana o litlamong tsa t ka ho qhekanyetsa batho lichelete
MOHLANKANA O LITLAMONG TSA SEPOLESA KA HO QHEKANYETSA BATHO $T$,LICHELETE,0,sesotho,mohlankana o litlamong tsa sepolesa ka ho qhekanyetsa batho t
MOHLANKANA O LITLAMONG TSA SEPOLESA KA HO QHEKANYETSA $T$ LICHELETE,BATHO,0,sesotho,mohlankana o litlamong tsa sepolesa ka ho qhekanyetsa t lichelete
$T$ BA SOTHA MOKHA LETSOHO,BAKHETHOA,-1,sesotho,t ba sotha mokha letsoho
BAKHETHOA BA SOTHA $T$ LETSOHO,MOKHA,0,sesotho,bakhethoa ba sotha t letsoho
$T$ LE TŠOARA P.S. EA MEHLENG KA BOBOLU O SETOKISING KAJENO,LEKALA,1,sesotho,t le tšoara ps ea mehleng ka bobolu o setokising kajeno
LEKALA LE TŠOARA $T$ KA BOBOLU O SETOKISING KAJENO,P.S. EA MEHLENG,-1,sesotho,lekala le tšoara t ka bobolu o setokising kajeno
$T$ LE NKA MOHOEBI KA LECHOBA,LEKALA,0,sesotho,t le nka mohoebi ka lechoba
LEKALA LE NKA $T$ KA LECHOBA,MOHOEBI,-1,sesotho,lekala le nka t ka lechoba
$T$ EA ILENG A NYAMELA A HLALA ELE MOFU O BOLOKILOE KAJENO,NGOANA,-1,sesotho,t ea ileng a nyamela a hlala ele mofu o bolokiloe kajeno
$T$ SE TLO IMONA MENOANA KA KHAHO EA LETAMO,SECHABA,1,sesotho,t se tlo imona menoana ka khaho ea letamo
SECHABA SE TLO IMONA MENOANA KA KHAHO EA $T$,LETAMO,1,sesotho,sechaba se tlo imona menoana ka khaho ea t
$T$ BA UTSOA LINKU BA LAHLA MAKOKO FEELA,BANNA,-1,sesotho,t ba utsoa linku ba lahla makoko feela
BANNA BA UTSOA $T$ BA LAHLA MAKOKO FEELA,LINKU,0,sesotho,banna ba utsoa t ba lahla makoko feela
$T$ O FUOE BEILE O TLA ROBALA HAMONATE KAJENO,MOHOEBI,1,sesotho,t o fuoe beile o tla robala hamonate kajeno
MOHOEBI O FUOE $T$ O TLA ROBALA HAMONATE KAJENO,BEILE,0,sesotho,mohoebi o fuoe t o tla robala hamonate kajeno
$T$ O KHAOLOA MAPHEEO,MOKHETHOA,-1,sesotho,t o khaoloa mapheeo
$T$ O KOENTSE M4 MILIONE EA 'MUSO,MONNA,-1,sesotho,t o koentse m4 milione ea muso
MONNA O KOENTSE M4 MILIONE EA $T$,'MUSO,0,sesotho,monna o koentse m4 milione ea t
$T$ LI NTSE LI LOKISOA HO TSOELAPELE,LITSELA,1,sesotho,t li ntse li lokisoa ho tsoelapele
$T$ KA MESEBETSI EA LIHALAHALA,TSEBISO,0,sesotho,t ka mesebetsi ea lihalahala
$T$ O TEBELA MAPOLESA,MOOKAMELI,-1,sesotho,t o tebela mapolesa
MOOKAMELI O TEBELA $T$,MAPOLESA,0,sesotho,mookameli o tebela t
UTLOA MASISA-PELO A $T$,SETEREKENG,-1,sesotho,utloa masisapelo a t
$T$ JETHE SEBOKENG SA TONAKHOLO,MONNA,1,sesotho,t jethe sebokeng sa tonakholo
MONNA JETHE $T$,SEBOKENG SA TONAKHOLO,0,sesotho,monna jethe t
$T$ O TSOA KA BAIL,MOTAPELE,1,sesotho,t o tsoa ka bail
BA RE $T$ HA BA NA LIHLONG,BAETAPELE,-1,sesotho,ba re t ha ba na lihlong
$T$ BA NYOFA MOOKAMELI BA RE A FOKOFE LE TENTE EA HAE BA RE BAOKAMELI BA SHEBE TLASE,BAITHUTI BA SEKOLO,-1,sesotho,t ba nyofa mookameli ba re a fokofe le tente ea hae ba re baokameli ba shebe tlase
BAITHUTI BA SEKOLO BA NYOFA $T$ BA RE A FOKOFE LE TENTE EA HAE BA RE BAOKAMELI BA SHEBE TLASE,MOOKAMELI,0,sesotho,baithuti ba sekolo ba nyofa t ba re a fokofe le tente ea hae ba re baokameli ba shebe tlase
BAITHUTI BA SEKOLO BA NYOFA MOOKAMELI BA RE A FOKOFE LE $T$ EA HAE BA RE BAOKAMELI BA SHEBE TLASE,TENTE,0,sesotho,baithuti ba sekolo ba nyofa mookameli ba re a fokofe le t ea hae ba re baokameli ba shebe tlase
BAITHUTI BA SEKOLO BA NYOFA MOOKAMELI BA RE A FOKOFE LE TENTE EA HAE BA RE $T$ BA SHEBE TLASE,BAOKAMELI,0,sesotho,baithuti ba sekolo ba nyofa mookameli ba re a fokofe le tente ea hae ba re t ba shebe tlase
$T$ O LOKISA LITSELA KA MATLA A MAHOLO,TONAKHOLO,1,sesotho,t o lokisa litsela ka matla a maholo
TONAKHOLO O LOKISA $T$ KA MATLA A MAHOLO,LITSELA,0,sesotho,tonakholo o lokisa t ka matla a maholo
UTLOA SE JELENG $T$ EA FUMANOENG E LE MOFU,NGOANA,-1,sesotho,utloa se jeleng t ea fumanoeng e le mofu
$T$ O LOKISA LITSELA TSEO ESALENG LI LEBALOA,TONAKHOLO,1,sesotho,t o lokisa litsela tseo esaleng li lebaloa
TONAKHOLO O LOKISA $T$ TSEO ESALENG LI LEBALOA,LITSELA,-1,sesotho,tonakholo o lokisa t tseo esaleng li lebaloa
$T$ E TLA U PHATHAHANYA U SOABE,TOROPO,-1,sesotho,t e tla u phathahanya u soabe
$T$ LE MOSALI BA PHONYOHA LEFU,MONNA,1,sesotho,t le mosali ba phonyoha lefu
MONNA LE $T$ BA PHONYOHA LEFU,MOSALI,1,sesotho,monna le t ba phonyoha lefu
$T$ A NKILE M75 000 SHOPONG MAOBANE,MASHOLU,-1,sesotho,t a nkile m75 000 shopong maobane
MASHOLU A NKILE M75 000 $T$ MAOBANE,SHOPONG,0,sesotho,masholu a nkile m75 000 t maobane
$T$ BA NKELA LEBENKELE CHELETE KA SHESHE,BAKHOSHELI,-1,sesotho,t ba nkela lebenkele chelete ka sheshe
BAKHOSHELI BA NKELA $T$ CHELETE KA SHESHE,LEBENKELE,0,sesotho,bakhosheli ba nkela t chelete ka sheshe
BAKHOSHELI BA NKELA LEBENKELE $T$ KA SHESHE,CHELETE,0,sesotho,bakhosheli ba nkela lebenkele t ka sheshe
$T$ BA TŠOARA  KAMPO BA LE MAPONA-PONA BA NKA MATSATSI A MABELI BA TSOLELANA,BANNA,-1,sesotho,t ba tšoara kampo ba le maponapona ba nka matsatsi a mabeli ba tsolelana
$T$ O IPOLAELA MONNA OA MOTHO,MOSALI,-1,sesotho,t o ipolaela monna oa motho
MOSALI O IPOLAELA $T$,MONNA OA MOTHO,0,sesotho,mosali o ipolaela t
$T$ E PHETHOHILE EABA EA BILIKA MOTSENG,TAXI,-1,sesotho,t e phethohile eaba ea bilika motseng
TAXI E PHETHOHILE EABA EA BILIKA $T$,MOTSENG,0,sesotho,taxi e phethohile eaba ea bilika t
$T$ E PHETHOHILE TSELENG,LORI EA SAMENTE,-1,sesotho,t e phethohile tseleng
LORI EA SAMENTE E PHETHOHILE $T$,TSELENG,0,sesotho,lori ea samente e phethohile t
BA BOLAEA $T$ LE MOTHUSI OA HAE MOTSENG,MOQHOBI,-1,sesotho,ba bolaea t le mothusi oa hae motseng
BA BOLAEA MOQHOBI LE $T$ OA HAE MOTSENG,MOTHUSI,-1,sesotho,ba bolaea moqhobi le t oa hae motseng
BA BOLAEA MOQHOBI LE MOTHUSI OA HAE $T$,MOTSENG,0,sesotho,ba bolaea moqhobi le mothusi oa hae t
$T$ TSE NCHA TSA MAKOLOI,LITEFISO,1,sesotho,t tse ncha tsa makoloi
LITEFISO TSE NCHA TSA $T$,MAKOLOI,0,sesotho,litefiso tse ncha tsa t
$T$ LE KHETHEHILE KA BONGATA LITHABENG,LEHLOA,-1,sesotho,t le khethehile ka bongata lithabeng
LEHLOA LE KHETHEHILE KA BONGATA $T$,LITHABENG,0,sesotho,lehloa le khethehile ka bongata t
$T$ LE FIHLA NAHENG EA BOAHISANE,LEFU LA MONKEY POX,-1,sesotho,t le fihla naheng ea boahisane
LEFU LA MONKEY POX LE FIHLA $T$,NAHENG EA BOAHISANE,0,sesotho,lefu la monkey pox le fihla t
$T$ E KOPA TŠEHETSO,TRUST FUND,1,sesotho,t e kopa tšehetso
TLHOKOLO EA $T$,BANGOLI BA BAHOLO BA 'MUSO,1,sesotho,tlhokolo ea t
$T$ MABAPI LE LIKETSAHALO TSE NTSENG LI ETSAHALA SEKOLONG,POLELO,0,sesotho,t mabapi le liketsahalo tse ntseng li etsahala sekolong
POLELO MABAPI LE LIKETSAHALO TSE NTSENG LI ETSAHALA $T$,SEKOLONG,0,sesotho,polelo mabapi le liketsahalo tse ntseng li etsahala t
$T$ LE BOLAEA MOITHUTI KAMORA NAKO LE KHUTLISETSOA MOSEBETSING,LEPOLESA,-1,sesotho,t le bolaea moithuti kamora nako le khutlisetsoa mosebetsing
LEPOLESA LE BOLAEA $T$ KAMORA NAKO LE KHUTLISETSOA MOSEBETSING,MOITHUTI,0,sesotho,lepolesa le bolaea t kamora nako le khutlisetsoa mosebetsing
LEPOLESA LE BOLAEA MOITHUTI KAMORA NAKO LE KHUTLISETSOA $T$,MOSEBETSING,0,sesotho,lepolesa le bolaea moithuti kamora nako le khutlisetsoa t
$T$ A BOLAEA NGOANA SEKOLO,MAPOLESA,-1,sesotho,t a bolaea ngoana sekolo
MAPOLESA A BOLAEA $T$,NGOANA SEKOLO,-1,sesotho,mapolesa a bolaea t
$T$ BA TABOLA LIQUESTION PAPER BOIPELAETSONG BA BINA PALEMA,BAITHUTI,-1,sesotho,t ba tabola liquestion paper boipelaetsong ba bina palema
BAITHUTI BA TABOLA $T$ BOIPELAETSONG BA BINA PALEMA,LIQUESTION PAPER,0,sesotho,baithuti ba tabola t boipelaetsong ba bina palema
$T$ BA NGALA LIHLAHLOBO BA RE MANPOWER E EA BATELLA,BAITHUTI BA SEKOLO SE PHAHAMENG,-1,sesotho,t ba ngala lihlahlobo ba re manpower e ea batella
BAITHUTI BA SEKOLO SE PHAHAMENG BA NGALA $T$ BA RE MANPOWER E EA BATELLA,LIHLAHLOBO,0,sesotho,baithuti ba sekolo se phahameng ba ngala t ba re manpower e ea batella
BAITHUTI BA SEKOLO SE PHAHAMENG BA NGALA LIHLAHLOBO BA RE $T$ E EA BATELLA,MANPOWER,-1,sesotho,baithuti ba sekolo se phahameng ba ngala lihlahlobo ba re t e ea batella
$T$ LESE LE KOALLETSE BATHO HLOKOMELANG,LEHLOA,-1,sesotho,t lese le koalletse batho hlokomelang
LEHLOA LESE LE KOALLETSE $T$ HLOKOMELANG,BATHO,0,sesotho,lehloa lese le koalletse t hlokomelang
HO FUMANOA $T$ E KHOLOHALI 'MAENENG,TAEMANE,1,sesotho,ho fumanoa t e kholohali maeneng
HO FUMANOA TAEMANE E KHOLOHALI $T$,'MAENENG,0,sesotho,ho fumanoa taemane e kholohali t
$T$ BA EANG WINTER BOOTCAMP EA SESOLE BA NTSE BA FIHLA,BACHA,1,sesotho,t ba eang winter bootcamp ea sesole ba ntse ba fihla
BACHA BA EANG $T$ BA NTSE BA FIHLA,WINTER BOOTCAMP EA SESOLE,0,sesotho,bacha ba eang t ba ntse ba fihla
$T$ BA THUNYA BATHO SETEREKENG,BANNA,-1,sesotho,t ba thunya batho seterekeng
BANNA BA THUNYA $T$ SETEREKENG,BATHO,0,sesotho,banna ba thunya t seterekeng
BANNA BA THUNYA BATHO $T$,SETEREKENG,0,sesotho,banna ba thunya batho t
$T$ O ETELA NAHENG EA BOAHISANE,MOKHA,0,sesotho,t o etela naheng ea boahisane
MOKHA O ETELA $T$,NAHENG EA BOAHISANE,0,sesotho,mokha o etela t
$T$ O SA NTSA NYOFA BATHO HAPE,MOSALI,-1,sesotho,t o sa ntsa nyofa batho hape
MOSALI O SA NTSA NYOFA $T$ HAPE,BATHO,0,sesotho,mosali o sa ntsa nyofa t hape
TABA EA $T$ E SHEJOE HANTLE,MOETAPELE,0,sesotho,taba ea t e shejoe hantle
$T$ BA NAHA BA RE KHOEBO EA LIJO KE BAJI BA NYOLLA LI-PRICE HAO FIHLA KA SECHURANENG,BAREKI,-1,sesotho,t ba naha ba re khoebo ea lijo ke baji ba nyolla liprice hao fihla ka sechuraneng
BAREKI BA NAHA BA RE $T$  KE BAJI BA NYOLLA LI-PRICE HAO FIHLA KA SECHURANENG,KHOEBO EA LIJO,-1,sesotho,bareki ba naha ba re t ke baji ba nyolla liprice hao fihla ka sechuraneng
BAREKI BA NAHA BA RE KHOEBO EA LIJO KE BAJI BA NYOLLA $T$ HAO FIHLA KA SECHURANENG,LI-PRICE,-1,sesotho,bareki ba naha ba re khoebo ea lijo ke baji ba nyolla t hao fihla ka sechuraneng
BAREKI BA NAHA BA RE KHOEBO EA LIJO KE BAJI BA NYOLLA LI-PRICE HAO FIHLA KA $T$,SECHURANENG,-1,sesotho,bareki ba naha ba re khoebo ea lijo ke baji ba nyolla liprice hao fihla ka t
$T$ BA MAKHOMOSHA BA FUOA BAIL,BANNA,-1,sesotho,t ba makhomosha ba fuoa bail
BANNA BA MAKHOMOSHA BA FUOA $T$,BAIL,0,sesotho,banna ba makhomosha ba fuoa t
$T$ A NYOLOHA HOSANE,MAFURA,-1,sesotho,t a nyoloha hosane
$T$ O RE O NE A NA LE LEHLOEO HO MORALI OA HAE,'MOLAI OA NGOANA,-1,sesotho,t o re o ne a na le lehloeo ho morali oa hae
'MOLAI OA NGOANA O RE O NE A NA LE LEHLOEO HO $T$ OA HAE,MORALI,0,sesotho,molai oa ngoana o re o ne a na le lehloeo ho t oa hae
$T$ A TSOANG NTOENG A FIHLILE KAJENO,MASOLE A NAHA,1,sesotho,t a tsoang ntoeng a fihlile kajeno
MASOLE A NAHA A TSOANG $T$ A FIHLILE KAJENO,NTOENG,-1,sesotho,masole a naha a tsoang t a fihlile kajeno
$T$ OA HOLA KAJENO,MOETAPELE OA MEHLENG,1,sesotho,t oa hola kajeno
$T$ O REKA NONYANA TŠEPE,MORUI,1,sesotho,t o reka nonyana tšepe
MORUI O REKA $T$,NONYANA TŠEPE,0,sesotho,morui o reka t
$T$ O KHAMA NGOANA OA HAE HO FIHLELA A NEHELA MOEA SETEREKENG,MONNA,-1,sesotho,t o khama ngoana oa hae ho fihlela a nehela moea seterekeng
MONNA O KHAMA $T$ OA HAE HO FIHLELA A NEHELA MOEA SETEREKENG,NGOANA,0,sesotho,monna o khama t oa hae ho fihlela a nehela moea seterekeng
MONNA O KHAMA NGOANA OA HAE HO FIHLELA A NEHELA MOEA $T$,SETEREKENG,0,sesotho,monna o khama ngoana oa hae ho fihlela a nehela moea t
$T$ O BOLAEA NGOANA OA HAE SEPOLESA SE MO QHAULITSE,MOSALI,-1,sesotho,t o bolaea ngoana oa hae sepolesa se mo qhaulitse
MOSALI O BOLAEA $T$ OA HAE SEPOLESA SE MO QHAULITSE,NGOANA,0,sesotho,mosali o bolaea t oa hae sepolesa se mo qhaulitse
MOSALI O BOLAEA NGOANA OA HAE $T$ SE MO QHAULITSE,SEPOLESA,1,sesotho,mosali o bolaea ngoana oa hae t se mo qhaulitse
$T$ BA SUPA MOETAPELE KA MONOANA O HARE BA RE LI EME RE BOTSE,BAHLANKA,1,sesotho,t ba supa moetapele ka monoana o hare ba re li eme re botse
BAHLANKA BA SUPA $T$ KA MONOANA O HARE BA RE LI EME RE BOTSE,MOETAPELE,-1,sesotho,bahlanka ba supa t ka monoana o hare ba re li eme re botse
$T$ E APERE KHOTSO,NAHA,1,sesotho,t e apere khotso
HO LEBELETSOE $T$ LE LENGATA LE ELETSOA HO BA HLOKOLOSI,LEHLOA,-1,sesotho,ho lebeletsoe t le lengata le eletsoa ho ba hlokolosi
$T$ SE FOHLOA LIQOLA,SEHLOPHA,-1,sesotho,t se fohloa liqola
$T$ O FUMANOA A SE MOLATO,MOQOSUOA,1,sesotho,t o fumanoa a se molato
$T$ SE PHAHAMENG BA KHOATHISOA KA NKANE,BAITHUTI BA SEKOLO,-1,sesotho,t se phahameng ba khoathisoa ka nkane
$T$ BA TLO LIEHA HO KHOLA KHOELING ENA,BAHLANKA,-1,sesotho,t ba tlo lieha ho khola khoeling ena
$T$ E CHA LORE,LORI EA MAFURA,-1,sesotho,t e cha lore
$T$ LE BOLAEA MOSALI KA SETHUNYA,LEPOLESA,-1,sesotho,t le bolaea mosali ka sethunya
LEPOLESA LE BOLAEA $T$ KA SETHUNYA,MOSALI,-1,sesotho,lepolesa le bolaea t ka sethunya
LEPOLESA LE BOLAEA MOSALI KA $T$,SETHUNYA,0,sesotho,lepolesa le bolaea mosali ka t
$T$ O ITLHOTHA LITLHOTSE,MOKHA,-1,sesotho,t o itlhotha litlhotse
KOTSI E MPE $T$,TOROPONG,-1,sesotho,kotsi e mpe t
$T$ LE NTSE LE KHETHEHA KAJENO,LEHLOA,0,sesotho,t le ntse le khetheha kajeno
$T$ O THUNTSE MOKHANNI FEELA LEKHOTLA LE RE HA ANA MOLATO,MOHOEBI,-1,sesotho,t o thuntse mokhanni feela lekhotla le re ha ana molato
MOHOEBI O THUNTSE $T$ FEELA LEKHOTLA LE RE HA ANA MOLATO,MOKHANNI,0,sesotho,mohoebi o thuntse t feela lekhotla le re ha ana molato
MOHOEBI O THUNTSE MOKHANNI FEELA $T$ LE RE HA ANA MOLATO,LEKHOTLA,-1,sesotho,mohoebi o thuntse mokhanni feela t le re ha ana molato
'$T$ O THIBELA MOHOEBI HO LOKISA TSELA MOTSENG BA RE KE MOSEBETSI OA BONA E LE 'MUSO OA HO LOKISA LITSELA,'MUSO,-1,sesotho,t o thibela mohoebi ho lokisa tsela motseng ba re ke mosebetsi oa bona e le muso oa ho lokisa litsela
'MUSO O THIBELA $T$ HO LOKISA TSELA MOTSENG BA RE KE MOSEBETSI OA BONA E LE 'MUSO OA HO LOKISA LITSELA,MOHOEBI,1,sesotho,muso o thibela t ho lokisa tsela motseng ba re ke mosebetsi oa bona e le muso oa ho lokisa litsela
'MUSO O THIBELA MOHOEBI HO LOKISA TSELA $T$ BA RE KE MOSEBETSI OA BONA E LE 'MUSO OA HO LOKISA LITSELA,MOTSENG,0,sesotho,muso o thibela mohoebi ho lokisa tsela t ba re ke mosebetsi oa bona e le muso oa ho lokisa litsela
'MUSO O THIBELA MOHOEBI HO LOKISA TSELA MOTSENG BA RE KE MOSEBETSI OA BONA E LE 'MUSO OA HO LOKISA $T$,LITSELA,0,sesotho,muso o thibela mohoebi ho lokisa tsela motseng ba re ke mosebetsi oa bona e le muso oa ho lokisa t
THUSO HO $T$,BASEBELISI BA KOMPONE,1,sesotho,thuso ho t
$T$ SA EJA MOTHO RA MAKALA,SETHUNYA,-1,sesotho,t sa eja motho ra makala
SETHUNYA SA EJA $T$ RA MAKALA,MOTHO,0,sesotho,sethunya sa eja t ra makala
$T$ LE LEBELETSOE MAFELO A BEKE,LEHLOA,0,sesotho,t le lebeletsoe mafelo a beke
$T$ O TŠOARA SEBOKA SA PELE,MOETAPELE,1,sesotho,t o tšoara seboka sa pele
MOETAPELE O TŠOARA $T$ SA PELE,SEBOKA,0,sesotho,moetapele o tšoara t sa pele
$T$ O LOKISA LITSELA HARA TOROPO BAPOLOTIKI LLA KA HORE OA IKETA,MOHOEBI,1,sesotho,t o lokisa litsela hara toropo bapolotiki lla ka hore oa iketa
MOHOEBI O LOKISA $T$ HARA TOROPO BAPOLOTIKI LLA KA HORE OA IKETA,LITSELA,0,sesotho,mohoebi o lokisa t hara toropo bapolotiki lla ka hore oa iketa
MOHOEBI O LOKISA LITSELA HARA TOROPO $T$ LLA KA HORE OA IKETA,BAPOLOTIKI,-1,sesotho,mohoebi o lokisa litsela hara toropo t lla ka hore oa iketa
MOHOEBI O LOKISA LITSELA HARA $T$ BAPOLOTIKI LLA KA HORE OA IKETA,TOROPO,0,sesotho,mohoebi o lokisa litsela hara t bapolotiki lla ka hore oa iketa
$T$ LI CHELE TJENA KAJENO,CLEKETSENG,1,sesotho,t li chele tjena kajeno
$T$ O SHAPA BOHANYETSI KA KOEPERE,TONAKHOLO,1,sesotho,t o shapa bohanyetsi ka koepere
TONAKHOLO O SHAPA $T$ KA KOEPERE,BOHANYETSI,-1,sesotho,tonakholo o shapa t ka koepere
$T$ O NA LE NTLO BO 'ME HA LE ITHOLLE,MONNA,1,sesotho,t o na le ntlo bo me ha le itholle
MONNA O NA LE NTLO $T$ ITHOLLE,BO 'ME,0,sesotho,monna o na le ntlo t itholle
$T$ BA HLOKOMELISOA HO QOBA TSELA E KHOLO,BAKHANNI,0,sesotho,t ba hlokomelisoa ho qoba tsela e kholo
BAKHANNI BA HLOKOMELISOA HO QOBA $T$,TSELA E KHOLO,-1,sesotho,bakhanni ba hlokomelisoa ho qoba t
$T$ BA MOTSENG BO OELE,BOROKHO,-1,sesotho,t ba motseng bo oele
$T$ A OETSE KA HARA TSELA,MAJOE,-1,sesotho,t a oetse ka hara tsela
MAJOE A OETSE KA HARA $T$,TSELA,0,sesotho,majoe a oetse ka hara t
$T$ SE LOKOLLOA TORONKONG,SEBINI SA FAMO,1,sesotho,t se lokolloa toronkong
SEBINI SA FAMO SE LOKOLLOA $T$,TORONKONG,0,sesotho,sebini sa famo se lokolloa t
$T$ SE TSIETSING NAHENG E MOSE,SECHABA,-1,sesotho,t se tsietsing naheng e mose
SECHABA SE TSIETSING $T$,NAHENG E MOSE,0,sesotho,sechaba se tsietsing t
$T$ O BAPATSA KA KORONE EA BORENA,MOHOEBI,-1,sesotho,t o bapatsa ka korone ea borena
MOHOEBI O BAPATSA KA $T$,KORONE EA BORENA,0,sesotho,mohoebi o bapatsa ka t
$T$ E FANA KA LITSOALA HO BASEBELISI BA LITŠEBELLETSO,KOMPONE,1,sesotho,t e fana ka litsoala ho basebelisi ba litšebelletso
KOMPONE E FANA KA LITSOALA HO $T$,BASEBELISI BA LITŠEBELLETSO,0,sesotho,kompone e fana ka litsoala ho t
$T$ O JA MONATE,MOSALI,1,sesotho,t o ja monate
$T$ BA KOETSE TSELA,BAAHI,-1,sesotho,t ba koetse tsela
BAAHI BA KOETSE $T$,TSELA,0,sesotho,baahi ba koetse t
$T$ OA IPOLAEA KAMORA HO NGOLA LE TLO NKHOPOLA HO FACEBOOK,MOSALI,-1,sesotho,t oa ipolaea kamora ho ngola le tlo nkhopola ho facebook
MOSALI OA IPOLAEA KAMORA HO NGOLA LE TLO NKHOPOLA HO $T$,FACEBOOK,0,sesotho,mosali oa ipolaea kamora ho ngola le tlo nkhopola ho t
$T$ O PHAHAMISA FOLAKHA EA NAHA,MOTHUSI OA MOLETSA PHALA,1,sesotho,t o phahamisa folakha ea naha
MOTHUSI OA MOLETSA PHALA O PHAHAMISA $T$,FOLAKHA EA NAHA,0,sesotho,mothusi oa moletsa phala o phahamisa t
$T$ O PASA HANTLE NAHENG EA BOAHISANE,NGOANA OA SEBINI,1,sesotho,t o pasa hantle naheng ea boahisane
NGOANA OA SEBINI O PASA HANTLE $T$,NGOANA OA SEBINI O PASA HANTLE NAHENG EA BOAHISANE,0,sesotho,ngoana oa sebini o pasa hantle t
$T$ E SE E BUTSOE KA KHOFU,TSELA,1,sesotho,t e se e butsoe ka khofu
TSELA E SE E BUTSOE KA $T$,KHOFU,0,sesotho,tsela e se e butsoe ka t
$T$ LE NTSE LE TŠOLOHA HOSENG HOA KAJENO BATHO BA KA PALAMA MAKOLOI,LETAMO,0,sesotho,t le ntse le tšoloha hoseng hoa kajeno batho ba ka palama makoloi
LETAMO LE NTSE LE TŠOLOHA HOSENG HOA KAJENO $T$ BA KA PALAMA MAKOLOI,BATHO,1,sesotho,letamo le ntse le tšoloha hoseng hoa kajeno t ba ka palama makoloi
LETAMO LE NTSE LE TŠOLOHA HOSENG HOA KAJENO BATHO BA KA PALAMA $T$,MAKOLOI,0,sesotho,letamo le ntse le tšoloha hoseng hoa kajeno batho ba ka palama t
$T$ O HELEHELA KA TSELENG,MOBU,-1,sesotho,t o helehela ka tseleng
MOBU O HELEHELA KA $T$,TSELENG,0,sesotho,mobu o helehela ka t
$T$ LE KANNA LA TŠOLOHA,LETAMO,1,sesotho,t le kanna la tšoloha
$T$ BO OELE,BOROKHO,-1,sesotho,t bo oele
$T$ BA BOLAEA MORUPELI OA SEKOLO SE PHAHAMENG KA SEHLOOHO,BABOLAI,-1,sesotho,t ba bolaea morupeli oa sekolo se phahameng ka sehlooho
BABOLAI BA BOLAEA $T$ OA SEKOLO SE PHAHAMENG KA SEHLOOHO,MORUPELI,0,sesotho,babolai ba bolaea t oa sekolo se phahameng ka sehlooho
BABOLAI BA BOLAEA MORUPELI OA $T$ KA SEHLOOHO,SEKOLO SE PHAHAMENG,0,sesotho,babolai ba bolaea morupeli oa t ka sehlooho
$T$ O NTŠA GAZETTE E QOBELLANG HO ENTA,TONAKHOLO,0,sesotho,t o ntša gazette e qobellang ho enta
TONAKHOLO O NTŠA $T$ E QOBELLANG HO ENTA,GAZETTE,-1,sesotho,tonakholo o ntša t e qobellang ho enta
$T$ OA FAMO SE FUOA KHAU,SEBINI SA 'MINO,1,sesotho,t oa famo se fuoa khau
$T$ A BOLAISITSE MATAOA KOEPERE TAMENENG MONGA TAMENE O LLA KA TŠENYO,MASOLE,1,sesotho,t a bolaisitse mataoa koepere tameneng monga tamene o lla ka tšenyo
MASOLE A BOLAISITSE $T$ KOEPERE TAMENENG MONGA TAMENE O LLA KA TŠENYO,MATAOA,-1,sesotho,masole a bolaisitse t koepere tameneng monga tamene o lla ka tšenyo
MASOLE A BOLAISITSE MATAOA KOEPERE TAMENENG $T$ O LLA KA TŠENYO,MONGA TAMENE,-1,sesotho,masole a bolaisitse mataoa koepere tameneng t o lla ka tšenyo
$T$ BO BOHLOHILE,BOROKHO,-1,sesotho,t bo bohlohile
$T$ TLHOKOMELISO,TLHOKOMELISO,0,sesotho,t tlhokomeliso
$T$ BA BANE LE NGOANA BA CHA LORE KOTSING EA KOLOI,BATHO,-1,sesotho,t ba bane le ngoana ba cha lore kotsing ea koloi
BATHO BA BANE LE $T$ BA CHA LORE KOTSING EA KOLOI,NGOANA,-1,sesotho,batho ba bane le t ba cha lore kotsing ea koloi
BATHO BA BANE LE NGOANA BA CHA LORE KOTSING EA $T$,KOLOI,-1,sesotho,batho ba bane le ngoana ba cha lore kotsing ea t
$T$ O NA LE COVID,TONAKHOLO,-1,sesotho,t o na le covid
$T$ OA OELESE KE MOFU,MOTHEHI,-1,sesotho,t oa oelese ke mofu
$T$ O HLABA HLANAPHETHO,TONAKHOLO,-1,sesotho,t o hlaba hlanaphetho
$T$ LE FENETHOA MOKETENG,LENOMORO,-1,sesotho,t le fenethoa moketeng
$T$ LE RE MOETAPELE A TŠOAROE,LEKHOTLA,0,sesotho,t le re moetapele a tšoaroe
LEKHOTLA LE RE $T$ A TŠOAROE,MOETAPELE,-1,sesotho,lekhotla le re t a tšoaroe
$T$ LE NOMOROA KE SECHABA,LENOMORO,-1,sesotho,t le nomoroa ke sechaba
LENOMORO LE NOMOROA KE $T$,SECHABA,0,sesotho,lenomoro le nomoroa ke t
$T$ OA TSIETSI,MOLAETSA,-1,sesotho,t oa tsietsi
$T$ SE FEPA BAKULI MAHLABISA LIHLONG,SEPETLELE,-1,sesotho,t se fepa bakuli mahlabisa lihlong
SEPETLELE SE FEPA $T$ MAHLABISA LIHLONG,BAKULI,0,sesotho,sepetlele se fepa t mahlabisa lihlong
$T$ A HANELOA KA BEILI,MASHOLU,-1,sesotho,t a haneloa ka beili
$T$ BA KHAKHATHA SECHABA,BANNA BA MARECRUIT BA MAPOLESA,-1,sesotho,t ba khakhatha sechaba
BANNA BA MARECRUIT BA MAPOLESA BA KHAKHATHA $T$,SECHABA,0,sesotho,banna ba marecruit ba mapolesa ba khakhatha t
BA QHAUTSOA NTSEBA BUA $T$ TSA BOSHOLU,LIKHOMO,-1,sesotho,ba qhautsoa ntseba bua t tsa bosholu
$T$ SE LETŠOLONG,SESOLE,-1,sesotho,t se letšolong
$T$ A E ETSETSA BATHO BASA ENTANG LOCKDOWN,NAHA EA AUSTRIA,-1,sesotho,t a e etsetsa batho basa entang lockdown
NAHA E ETSETSA $T$ BASA ENTANG LOCKDOWN,BATHO,-1,sesotho,naha e etsetsa t basa entang lockdown
BOBOLU BA $T$ BO HLAHISA HLOOHO,SEKOLO SE PHAHAMENG,-1,sesotho,bobolu ba t bo hlahisa hlooho
$T$ EA LIKHOHOLA SETEREKENG KAJENO,PULA,-1,sesotho,t ea likhohola seterekeng kajeno
PULA EA LIKHOHOLA $T$ KAJENO,SETEREKENG,0,sesotho,pula ea likhohola t kajeno
$T$ EA ROAKANG BASALI PELA SHOPO,MOSHANYANA,-1,sesotho,t ea roakang basali pela shopo
MOSHANYANA EA ROAKANG $T$ PELA SHOPO,BASALI,0,sesotho,moshanyana ea roakang t pela shopo
MOSHANYANA EA ROAKANG BASALI PELA $T$,SHOPO,0,sesotho,moshanyana ea roakang basali pela t
$T$ SE HEMA KA LEQEBA BAITHUTI BA RE TSOELOPELE HA E BONAHALE,SEKOLO SE PHAHAMENG,-1,sesotho,t se hema ka leqeba baithuti ba re tsoelopele ha e bonahale
SEKOLO SE PHAHAMENG SE HEMA KA LEQEBA $T$ BA RE TSOELOPELE HA E BONAHALE,BAITHUTI,0,sesotho,sekolo se phahameng se hema ka leqeba t ba re tsoelopele ha e bonahale
$T$ O RE SECHABA SE NYATSA LITABANE KAHONA HA A SA HLOLA A LE BEHA KAHARA NAHA,MONNA,0,sesotho,t o re sechaba se nyatsa litabane kahona ha a sa hlola a le beha kahara naha
MONNA O RE $T$ SE NYATSA LITABANE KAHONA HA A SA HLOLA A LE BEHA KAHARA NAHA,SECHABA,-1,sesotho,monna o re t se nyatsa litabane kahona ha a sa hlola a le beha kahara naha
MONNA O RE SECHABA SE NYATSA LITABANE KAHONA HA A SA HLOLA A LE BEHA KAHARA $T$,NAHA,0,sesotho,monna o re sechaba se nyatsa litabane kahona ha a sa hlola a le beha kahara t
$T$ LE LUMELLA MONNA HO BA LEFUNG LE RE MOSALI A POTISOE LENYALONG,LEKHOTLA LA MAIPILETSO,0,sesotho,t le lumella monna ho ba lefung le re mosali a potisoe lenyalong
LEKHOTLA LA MAIPILETSO LE LUMELLA $T$ HO BA LEFUNG LE RE MOSALI A POTISOE LENYALONG,MONNA,1,sesotho,lekhotla la maipiletso le lumella t ho ba lefung le re mosali a potisoe lenyalong
LEKHOTLA LA MAIPILETSO LE LUMELLA MONNA HO BA LEFUNG LE RE $T$ A POTISOE LENYALONG,MOSALI,-1,sesotho,lekhotla la maipiletso le lumella monna ho ba lefung le re t a potisoe lenyalong
KAJENO LIPONTŠO TSA LEFATŠE LI SHEBILE $T$,NAHA,1,sesotho,kajeno lipontšo tsa lefatše li shebile t
$T$ BA BOIPELAETSONG,BAITHUTI BA SEKOLO SE PHAHAMENG,-1,sesotho,t ba boipelaetsong
$T$ O RE LE TSAMAE KA LIKARETE TSA HO ENTA,TONAKOLO,0,sesotho,t o re le tsamae ka likarete tsa ho enta
TONAKHOLO O RE LE TSAMAE KA $T$,LIKARETE TSA HO ENTA,1,sesotho,tonakholo o re le tsamae ka t
$T$ BA SEBOKO LEBAKA KE LIKARETE TSA KENTELO,BASEBETSI BA LIFEME,-1,sesotho,t ba seboko lebaka ke likarete tsa kentelo
BASEBETSI BA LIFEME BA SEBOKO LEBAKA KE $T$,LIKARETE TSA KENTELO,0,sesotho,basebetsi ba lifeme ba seboko lebaka ke t
$T$ LE AHLOLELA LELAPA LA MOFU,LEKHOTLA,1,sesotho,t le ahlolela lelapa la mofu
$T$ LE BOLAOA KA TŠEPE EA LIRESHENE,LESOLE,-1,sesotho,t le bolaoa ka tšepe ea lireshene
LESOLE LE BOLAOA KA $T$,TŠEPE EA LIRESHENE,0,sesotho,lesole le bolaoa ka t
$T$ KE SESOSA SA MAFU A BANNA BA BABELI O ILE A TSEKA HO KHANNA KOLOI EA 'MUSO,MORA OA TONAKHOLO,-1,sesotho,t ke sesosa sa mafu a banna ba babeli o ile a tseka ho khanna koloi ea muso
MORA OA TONAKHOLO KE SESOSA SA MAFU A $T$ BA BABELI O ILE A TSEKA HO KHANNA KOLOI EA 'MUSO,BANNA,-1,sesotho,mora oa tonakholo ke sesosa sa mafu a t ba babeli o ile a tseka ho khanna koloi ea muso
MORA OA TONAKHOLO KE SESOSA SA MAFU A BANNA BA BABELI O ILE A TSEKA HO KHANNA $T$,KOLOI EA 'MUSO,0,sesotho,mora oa tonakholo ke sesosa sa mafu a banna ba babeli o ile a tseka ho khanna t
$T$ HOTHOE KE MAHLABISA LIHLONG,LEBALA,-1,sesotho,t hothoe ke mahlabisa lihlong
$T$ SE BATOLA BAITHUTI KA LIKULO TSA RABARA,SEPOLESA,-1,sesotho,t se batola baithuti ka likulo tsa rabara
SEPOLESA SE BATOLA $T$ KA LIKULO TSA RABARA,BAITHUTI,0,sesotho,sepolesa se batola t ka likulo tsa rabara
SEPOLESA SE BATOLA BAITHUTI KA $T$ TSA RABARA,LIKULO,0,sesotho,sepolesa se batola baithuti ka t tsa rabara
BOIPELAETSO BA $T$ BA KENANG SEKOLONG SE PHAHAMENG,BAITHUTI,-1,sesotho,boipelaetso ba t ba kenang sekolong se phahameng
BOIPELAETSO BA BAITHUTI BA KENANG $T$,SEKOLONG SE PHAHAMENG,0,sesotho,boipelaetso ba baithuti ba kenang t
BOIPELAETSO KA $T$,SEKOLONG SE PHAHAMENG,-1,sesotho,boipelaetso ka t
$T$ EA 12 O FUMANOA MOHLANKANENG,NGOANANA,-1,sesotho,t ea 12 o fumanoa mohlankaneng
NGOANANA EA 12 O FUMANOA $T$,MOHLANKANENG,0,sesotho,ngoanana ea 12 o fumanoa t
$T$ LA MEHLENG KE MOFU,LETONA,-1,sesotho,t la mehleng ke mofu
$T$ EA BOLAILENG MORA OA HAE O NYAMETSE,MOSALI,-1,sesotho,t ea bolaileng mora oa hae o nyametse
MOSALI EA BOLAILENG $T$ OA HAE O NYAMETSE,MORA,-1,sesotho,mosali ea bolaileng t oa hae o nyametse
$T$ O FUMANOA E LE MOFU,NTATE,-1,sesotho,t o fumanoa e le mofu
$T$ LE TLO KHETHEHA HAPE PELE HO MAFELO A BEKE,LEHLOA,0,sesotho,t le tlo khetheha hape pele ho mafelo a beke
BA RE $T$ A NKELOE KHATO KA HO SOTLA NGOANA,MONNA,-1,sesotho,ba re t a nkeloe khato ka ho sotla ngoana
BA RE MONNA A NKELOE KHATO KA HO SOTLA $T$,NGOANA,-1,sesotho,ba re monna a nkeloe khato ka ho sotla t
$T$ E NTSE E BONESOA HO TSOELAPELE,TOROPO,-1,sesotho,t e ntse e bonesoa ho tsoelapele
HO PHAHLOHILE HABOHLOKO TJENA $T$ KA LEBAKA LA KHASE,JOHANNESBURG,-1,sesotho,ho phahlohile habohloko tjena t ka lebaka la khase
HO PHAHLOHILE HABOHLOKO TJENA JOHANNESBURG KA LEBAKA LA $T$,KHASE,0,sesotho,ho phahlohile habohloko tjena johannesburg ka lebaka la t
$T$ O LLA KA LANDLORD E UTSOANG LIJO HA A LE SIEO,MOSALI,-1,sesotho,t o lla ka landlord e utsoang lijo ha a le sieo
MOSALI O LLA KA $T$ E UTSOANG LIJO HA A LE SIEO,LANDLORD,-1,sesotho,mosali o lla ka t e utsoang lijo ha a le sieo
MOSALI O LLA KA LANDLORD E UTSOANG $T$ HA A LE SIEO,LIJO,0,sesotho,mosali o lla ka landlord e utsoang t ha a le sieo
$T$ E KOPA HO NYOLLA LITHEKO,KOMPONE,0,sesotho,t e kopa ho nyolla litheko
KOMPONE E KOPA HO NYOLLA $T$,LITHEKO,-1,sesotho,kompone e kopa ho nyolla t
MOSALI O HLOKA THUSO NAHENG EA BOAHISANE,MOSALI,-1,sesotho,mosali o hloka thuso naheng ea boahisane
MOSALI O HLOKA THUSO $T$,NAHENG EA BOAHISANE,0,sesotho,mosali o hloka thuso t
$T$ SE KHAHLOLA SEHLOPHA SA NAHA EA BOAHISANE,SEHLOPHA SA BOLO,1,sesotho,t se khahlola sehlopha sa naha ea boahisane
SEHLOPHA SA BOLO SE KHAHLOLA $T$,SEHLOPHA SA NAHA EA BOAHISANE,-1,sesotho,sehlopha sa bolo se khahlola t
$T$ E ETSA CHELETE HO TLOTLISA TSOALO EA MORENA,BANKA E KHOLO,1,sesotho,t e etsa chelete ho tlotlisa tsoalo ea morena
BANKA E KHOLO E ETSA $T$ HO TLOTLISA TSOALO EA MORENA,CHELETE,0,sesotho,banka e kholo e etsa t ho tlotlisa tsoalo ea morena
BANKA E KHOLO E ETSA CHELETE HO TLOTLISA TSOALO EA $T$,MORENA,1,sesotho,banka e kholo e etsa chelete ho tlotlisa tsoalo ea t
$T$ LE BOLAOA KA CHEFU TORONKONG,LESOLE,-1,sesotho,t le bolaoa ka chefu toronkong
LESOLE LE BOLAOA KA CHEFU $T$,TORONKONG,0,sesotho,lesole le bolaoa ka chefu t
UTLOA LITABA TSA $T$ EA THUNYELITSOENG MOTSENG,MOQHOBI,-1,sesotho,utloa litaba tsa t ea thunyelitsoeng motseng
UTLOA LITABA TSA MOQHOBI EA THUNYELITSOENG $T$,MOTSENG,0,sesotho,utloa litaba tsa moqhobi ea thunyelitsoeng t
$T$ O ISA MATŠELISO SETEREKENG,MOETAPELE,1,sesotho,t o isa matšeliso seterekeng
MOETAPELE O ISA MATŠELISO $T$,SETEREKENG,0,sesotho,moetapele o isa matšeliso t
$T$ O BOLAOA KE PELEHI SETEREKENG,MOSALI,-1,sesotho,t o bolaoa ke pelehi seterekeng
MOSALI O BOLAOA KE PELEHI $T$,SETEREKENG,0,sesotho,mosali o bolaoa ke pelehi t
$T$ LA 'MOLAI LE EA SIRELETSOA SETEREKENG,LEPOLESA,-1,sesotho,t la molai le ea sireletsoa seterekeng
LEPOLESA LA 'MOLAI LE EA SIRELETSOA $T$,SETEREKENG,0,sesotho,lepolesa la molai le ea sireletsoa t
$T$ SE ETSA MOHLOLO SE FA SE SENG MPHO EA M10 000,SEBINI,1,sesotho,t se etsa mohlolo se fa se seng mpho ea m10 000
RE KOPA HO BATLISOA $T$ E UTSUOENG MAOBANE,KOLOI,-1,sesotho,re kopa ho batlisoa t e utsuoeng maobane
$T$ SE RE MAQEPHE A FACEBOOK A LESHANO,SEPOLESA,0,sesotho,t se re maqephe a facebook a leshano
SEPOLESA SE RE $T$ A LESHANO,MAQEPHE A FACEBOOK,-1,sesotho,sepolesa se re t a leshano
$T$ O THUNYETSA MOSALI LEFU MAHLONG A BANA MOTSENG,MONNA,-1,sesotho,t o thunyetsa mosali lefu mahlong a bana motseng
MONNA O THUNYETSA $T$ LEFU MAHLONG A BANA MOTSENG,MOSALI,-1,sesotho,monna o thunyetsa t lefu mahlong a bana motseng
MONNA O THUNYETSA MOSALI LEFU MAHLONG A $T$ MOTSENG,BANA,0,sesotho,monna o thunyetsa mosali lefu mahlong a t motseng
MONNA O THUNYETSA MOSALI LEFU MAHLONG A BANA $T$,MOTSENG,0,sesotho,monna o thunyetsa mosali lefu mahlong a bana t
$T$ SE ETSA MEHLOLO,MOSALI OA SEBOHOLI,1,sesotho,t se etsa mehlolo
$T$ O OA HOLA,NGOANA OA SEBINI,1,sesotho,t o oa hola
KAROLO EA $T$ E CHELE KAJENO,KOMPONE,-1,sesotho,karolo ea t e chele kajeno
$T$ LE MANEHA BATHO BA KOPILENG MOSEBETSI HO MARANG RANG BA MANEHILE LI E-MAIL TSA BAKOPI FACEBOOK,LEBENKELE,-1,sesotho,t le maneha batho ba kopileng mosebetsi ho marang rang ba manehile li email tsa bakopi facebook
LEBENKELE LE MANEHA $T$ BA KOPILENG MOSEBETSI HO MARANG RANG BA MANEHILE LI E-MAIL TSA BAKOPI FACEBOOK,BATHO,0,sesotho,lebenkele le maneha t ba kopileng mosebetsi ho marang rang ba manehile li email tsa bakopi facebook
LEBENKELE LE MANEHA BATHO BA KOPILENG $T$ HO MARANG RANG BA MANEHILE LI E-MAIL TSA BAKOPI FACEBOOK,MOSEBETSI,0,sesotho,lebenkele le maneha batho ba kopileng t ho marang rang ba manehile li email tsa bakopi facebook
LEBENKELE LE MANEHA BATHO BA KOPILENG MOSEBETSI HO MARANG RANG BA MANEHILE LI E-MAIL TSA $T$ FACEBOOK,BAKOPI,0,sesotho,lebenkele le maneha batho ba kopileng mosebetsi ho marang rang ba manehile li email tsa t facebook
LEBENKELE LE MANEHA BATHO BA KOPILENG MOSEBETSI HO MARANG RANG BA MANEHILE LI E-MAIL TSA BAKOPI $T$,FACEBOOK,0,sesotho,lebenkele le maneha batho ba kopileng mosebetsi ho marang rang ba manehile li email tsa bakopi t
$T$ SE KETEKA BOIPUSO NTOENG,SESOLE,1,sesotho,t se keteka boipuso ntoeng
SESOLE SE KETEKA BOIPUSO $T$,NTOENG,-1,sesotho,sesole se keteka boipuso t
$T$ O PHAHAMISA MAPOLESA KA SONTAHA,MOOKAMELI OA SEPOLESA,1,sesotho,t o phahamisa mapolesa ka sontaha
MOOKAMELI OA SEPOLESA O PHAHAMISA $T$ KA SONTAHA,MAPOLESA,1,sesotho,mookameli oa sepolesa o phahamisa t ka sontaha
$T$ EA BOLAILOENG KE MAPOLESA O BOLOKILOE,MONNA,-1,sesotho,t ea bolailoeng ke mapolesa o bolokiloe
MONNA EA BOLAILOENG KE $T$ O BOLOKILOE,MAPOLESA,-1,sesotho,monna ea bolailoeng ke t o bolokiloe
$T$ O PHONYOHA LEFU,MORA,1,sesotho,t o phonyoha lefu
$T$ SE LINAKA SE METLETSANA TOROPO,SEFAKO,-1,sesotho,t se linaka se metletsana toropo
SEFAKO SE LINAKA SE METLETSANA $T$,TOROPO,0,sesotho,sefako se linaka se metletsana t
$T$ BA KOALA LIKEITI TSA KOMPONE KA NKANE,BAREKI,-1,sesotho,t ba koala likeiti tsa kompone ka nkane
BAREKI BA KOALA $T$ KA NKANE,LIKEITI TSA KOMPONE,0,sesotho,bareki ba koala t ka nkane
$T$ E NYOLLA MOTLAKASE BA RE BA O NYOLLA KHOELI ENA E TLANG,KOMPONE,-1,sesotho,t e nyolla motlakase ba re ba o nyolla khoeli ena e tlang
KOMPONE E NYOLLA $T$ BA RE BA O NYOLLA KHOELI ENA E TLANG,MOTLAKASE,-1,sesotho,kompone e nyolla t ba re ba o nyolla khoeli ena e tlang
$T$ E TEBELA BAOKI BA HANANG HO ENTELA CORONA,NAHA,1,sesotho,t e tebela baoki ba hanang ho entela corona
NAHA E TEBELA $T$ BA HANANG HO ENTELA CORONA,BAOKI,-1,sesotho,naha e tebela t ba hanang ho entela corona
$T$ SE SOAHLAMANA KOLOING EA MAFURA TOROPONG,SPRINTER,-1,sesotho,t se soahlamana koloing ea mafura toropong
SPRINTER SE SOAHLAMANA $T$ TOROPONG,KOLOING EA MAFURA,0,sesotho,sprinter se soahlamana t toropong
SPRINTER SE SOAHLAMANA KOLOING EA MAFURA $T$,TOROPONG,0,sesotho,sprinter se soahlamana koloing ea mafura t
$T$ SE TUMMENG SA FAMO KE MOFU O BOLAUOE A BA A CHESOA HAMORAO,SEBINI,-1,sesotho,t se tummeng sa famo ke mofu o bolauoe a ba a chesoa hamorao
$T$ KE MASHOLU EBILE KE BABOLAI,BANNA,-1,sesotho,t ke masholu ebile ke babolai
$T$ O RE JELE,MONNA,-1,sesotho,t o re jele
$T$ E UTSUOE MOTSENG BOSIUNG BA MAOBANE,KOLOI,-1,sesotho,t e utsuoe motseng bosiung ba maobane
KOLOI E UTSUOE  $T$ BOSIUNG BA MAOBANE,MOTSENG,0,sesotho,koloi e utsuoe t bosiung ba maobane
$T$ O TOKHOLETSOA BOSHOLU,MOSALI,-1,sesotho,t o tokholetsoa bosholu
$T$ E NYAROSANG MOTSENG,KOTSI,-1,sesotho,t e nyarosang motseng
KOTSI E NYAROSANG $T$,MOTSENG,0,sesotho,kotsi e nyarosang t
$T$ LI TSOILE KA BONGATA,LIBUKANA TSA HO ETA,1,sesotho,t li tsoile ka bongata
UTLOA LITABA TSA $T$ EA BOLAILOENG SETEREKENG,MOSALI,-1,sesotho,utloa litaba tsa t ea bolailoeng seterekeng
UTLOA LITABA TSA MOSALI EA BOLAILOENG $T$,SETEREKENG,0,sesotho,utloa litaba tsa mosali ea bolailoeng t
$T$ O IPOLAILE,MOITHUTI OA SEKOLO SE PHAHAMENG,-1,sesotho,t o ipolaile
$T$ O LOKISA LITSELA,TONAKHOLO,1,sesotho,t o lokisa litsela
TONAKHOLO O LOKISA $T$,LITSELA,0,sesotho,tonakholo o lokisa t
$T$ E IMETSOE KE LIKOLOTO,NAHA,-1,sesotho,t e imetsoe ke likoloto
$T$ LE MAPOLESA BA LLA SEBOKO,MASOLE,-1,sesotho,t le mapolesa ba lla seboko
MASOLE LE $T$ BA LLA SEBOKO,MAPOLESA,-1,sesotho,masole le t ba lla seboko
KOTSI E MPE HO SHOELE $T$ TSE PELI,LIAKHENTE,-1,sesotho,kotsi e mpe ho shoele t tse peli
$T$ BA NGALA MOSEBETSI BA RE MOHIRI KE MOIKHANTŠI OA MOPOLOTIKI,BASEBETSI,-1,sesotho,t ba ngala mosebetsi ba re mohiri ke moikhantši oa mopolotiki
BASEBETSI BA NGALA $T$ BA RE MOHIRI KE MOIKHANTŠI OA MOPOLOTIKI,MOSEBETSI,0,sesotho,basebetsi ba ngala t ba re mohiri ke moikhantši oa mopolotiki
BASEBETSI BA NGALA MOSEBETSI BA RE $T$ KE MOIKHANTŠI OA MOPOLOTIKI,MOHIRI,-1,sesotho,basebetsi ba ngala mosebetsi ba re t ke moikhantši oa mopolotiki
$T$ E ROTELA LETONA,KOMITI EA PARAMENTE,-1,sesotho,t e rotela letona
KOMITI EA PARAMENTE E ROTELA $T$,LETONA,0,sesotho,komiti ea paramente e rotela t
$T$ O RE BASEBETSI BA TSOE MARANG RANG,MOOKAMELI,0,sesotho,t o re basebetsi ba tsoe marang rang
MOOKAMELI O RE $T$ BA TSOE MARANG RANG,BASEBETSI,0,sesotho,mookameli o re t ba tsoe marang rang
$T$ SE PHOLOSA MEHLAPE MOTSENG,SESOLE,1,sesotho,t se pholosa mehlape motseng
SESOLE SE PHOLOSA $T$ MOTSENG,MEHLAPE,0,sesotho,sesole se pholosa t motseng
SESOLE SE PHOLOSA MEHLAPE $T$,MOTSENG,0,sesotho,sesole se pholosa mehlape t
$T$ BA NKHISETSANE MEFUFUTSO BA KHOTHOMETSANA HO FIHLELA E MONG A KOQAMA E MONG HOLIMO,BO 'ME,-1,sesotho,t ba nkhisetsane mefufutso ba khothometsana ho fihlela e mong a koqama e mong holimo
$T$ OA BOLOKOA,MOAHLOLI,-1,sesotho,t oa bolokoa
$T$ BA LLA KA HORE BA QOBELLOA HO ENTA KE KA MORA HORE 'MUSO O SHEBE KA HO BONA,BAHLANKA,-1,sesotho,t ba lla ka hore ba qobelloa ho enta ke ka mora hore muso o shebe ka ho bona
BAHLANKA BA LLA KA HORE BA QOBELLOA HO ENTA KE KA MORA HORE $T$ O SHEBE KA HO BONA,'MUSO,0,sesotho,bahlanka ba lla ka hore ba qobelloa ho enta ke ka mora hore t o shebe ka ho bona
$T$ LE RE BA LINOMORO TSA BORENA BA LI KHUTLISE MAHALA KAMORA LIKHOELI TSE PELI LE TLO LI PATALLA,LEKALA,1,sesotho,t le re ba linomoro tsa borena ba li khutlise mahala kamora likhoeli tse peli le tlo li patalla
LEKALA LE RE BA $T$ BA LI KHUTLISE MAHALA KAMORA LIKHOELI TSE PELI LE TLO LI PATALLA,LINOMORO TSA BORENA,0,sesotho,lekala le re ba t ba li khutlise mahala kamora likhoeli tse peli le tlo li patalla
$T$ O REKA SEFOFANE SE SECHA O HLOLISA 'MUSO,MOHOEBI,1,sesotho,t o reka sefofane se secha o hlolisa muso
MOHOEBI O REKA $T$ SE SECHA O HLOLISA 'MUSO,SEFOFANE,1,sesotho,mohoebi o reka t se secha o hlolisa muso
MOHOEBI O REKA SEFOFANE SE SECHA O HLOLISA $T$,'MUSO,-1,sesotho,mohoebi o reka sefofane se secha o hlolisa t
$T$ BA CHESITSE SEKOLO KAJENO BA ILE BA BALEHELA THABENG KAMORA KETSO ENA,BARUTUOA BA SEKOLO,-1,sesotho,t ba chesitse sekolo kajeno ba ile ba balehela thabeng kamora ketso ena
BARUTOANA BA SEKOLO BA CHESITSE $T$ KAJENO BA ILE BA BALEHELA THABENG KAMORA KETSO ENA,SEKOLO,0,sesotho,barutoana ba sekolo ba chesitse t kajeno ba ile ba balehela thabeng kamora ketso ena
$T$ O ENTA BATHO BOHLE HOSA KHETHOLLOE SECHABA KAOFELA SE BULETSOE,'MUSO,1,sesotho,t o enta batho bohle hosa khetholloe sechaba kaofela se buletsoe
'MUSO O ENTA $T$ BOHLE HOSA KHETHOLLOE SECHABA KAOFELA SE BULETSOE,BATHO,0,sesotho,muso o enta t bohle hosa khetholloe sechaba kaofela se buletsoe
'MUSO O ENTA BATHO BOHLE HOSA KHETHOLLOE $T$ KAOFELA SE BULETSOE,SECHABA,1,sesotho,muso o enta batho bohle hosa khetholloe t kaofela se buletsoe
$T$ LE THUNTSOENG,LEPOLESA,-1,sesotho,t le thuntsoeng
$T$ A TSOANG TLHABOLLONG A SE A BOLAILE LENOMORO BA MOHLABILE KA THIPA,MANOMORO,-1,sesotho,t a tsoang tlhabollong a se a bolaile lenomoro ba mohlabile ka thipa
MANOMORO A TSOANG TLHABOLLONG A SE A BOLAILE $T$ BA MOHLABILE KA THIPA,LENOMORO,-1,sesotho,manomoro a tsoang tlhabollong a se a bolaile t ba mohlabile ka thipa
BA BOLAEA $T$ KA SETHUNYA,LEPOLESA,-1,sesotho,ba bolaea t ka sethunya
BA BOLAEA LEPOLESA KA $T$,SETHUNYA,0,sesotho,ba bolaea lepolesa ka t
E NTSE E LE LILLO KAMORA HORE $T$ E PHAHLOHE,KHASE,-1,sesotho,e ntse e le lillo kamora hore t e phahlohe
$T$ O FANA KA SEFOFANE HO SEPOLESA,MOHOEBI,1,sesotho,t o fana ka sefofane ho sepolesa
MOHOEBI O FANA KA SEFOFANE HO $T$,SEPOLESA,0,sesotho,mohoebi o fana ka sefofane ho t
MOHOEBI O FANA KA $T$ HO SEPOLESA,SEFOFANE,0,sesotho,mohoebi o fana ka t ho sepolesa
$T$ O LOKISA BOEMAFOFANE KA CHELETE EA HAE,MOHOEBI,1,sesotho,t o lokisa boemafofane ka chelete ea hae
MOHOEBI O LOKISA $T$ KA CHELETE EA HAE,BOEMAFOFANE,0,sesotho,mohoebi o lokisa t ka chelete ea hae
$T$ A FUOA LITSIANE TSA BONA,MATONA,1,sesotho,t a fuoa litsiane tsa bona
$T$ O TLO FUMANA LIPALO TSE LING,'MUSO,1,sesotho,t o tlo fumana lipalo tse ling
$T$ TSENA HA LI PHETOA EKABA MEHAU,LIKHETHO,-1,sesotho,t tsena ha li phetoa ekaba mehau
$T$ SE HLALOSA 'NETE EA SE JELENG LESOLE,SESOLE,1,sesotho,t se hlalosa nete ea se jeleng lesole
SESOLE SE HLALOSA 'NETE EA SE JELENG $T$,LESOLE,-1,sesotho,sesole se hlalosa nete ea se jeleng t
$T$ SE KHOASOLLA LITLOKOTSEBE MATSABENG,SESOLE,1,sesotho,t se khoasolla litlokotsebe matsabeng
SESOLE SE KHOASOLLA $T$ MATSABENG,LITLOKOTSEBE,-1,sesotho,sesole se khoasolla t matsabeng
$T$ BA FENETHA 'MABONA TOROPONG,BARALI,-1,sesotho,t ba fenetha mabona toropong
BARALI BA FENETHA 'MABONA $T$,TOROPONG,0,sesotho,barali ba fenetha mabona t
$T$ KAJENO O ABELA LIKHUTSANA LIMPHO KA CHELETE EA HAE EA MOKHOLO E KAALO KA M600 000,TONAKHOLO,1,sesotho,t kajeno o abela likhutsana limpho ka chelete ea hae ea mokholo e kaalo ka m600 000
TONAKHOLO KAJENO O ABELA $T$ LIMPHO KA CHELETE EA HAE EA MOKHOLO E KAALO KA M600 000,LIKHUTSANA,0,sesotho,tonakholo kajeno o abela t limpho ka chelete ea hae ea mokholo e kaalo ka m600 000
TONAKHOLO KAJENO O ABELA LIKHUTSANA LIMPHO KA $T$ EA HAE EA MOKHOLO E KAALO KA M600 000,CHELETE,1,sesotho,tonakholo kajeno o abela likhutsana limpho ka t ea hae ea mokholo e kaalo ka m600 000
$T$ O TLA HOEHLA LILEMO TSE HLANO TORONKONG KE HO SE HLOKOMELE BANA BA HAE,MONNA,-1,sesotho,t o tla hoehla lilemo tse hlano toronkong ke ho se hlokomele bana ba hae
MONNA O TLA HOEHLA LILEMO TSE HLANO $T$ KE HO SE HLOKOMELE BANA BA HAE,TORONKONG,0,sesotho,monna o tla hoehla lilemo tse hlano t ke ho se hlokomele bana ba hae
MAMELA TABA TSA $T$ A TŠOEROENG HOTELENG,MOLOI,-1,sesotho,mamela taba tsa t a tšoeroeng hoteleng
MAMELA TABA TSA MOLOI A TŠOEROENG $T$,HOTELENG,0,sesotho,mamela taba tsa moloi a tšoeroeng t
$T$ O MO KHAKHATHELA HO HANA HO BUA LE EENA KA TSA LEFEREHO,MOSHANYANA,-1,sesotho,t o mo khakhathela ho hana ho bua le eena ka tsa lefereho
$T$ E TLA FA BATHO BA 54684 LI WORK PERMIT HO TLOHA KA LI 23 DECEMBER 2023,NAHA EA BOAHISANE,1,sesotho,t e tla fa batho ba 54684 li work permit ho tloha ka li 23 december 2023
NAHA EA BOAHISANE E TLA FA BATHO BA 54684 $T$ HO TLOHA KA LI 23 DECEMBER 2023,LI WORK PERMIT,0,sesotho,naha ea boahisane e tla fa batho ba 54684 t ho tloha ka li 23 december 2023
NAHA EA BOAHISANE E TLA FA $T$ BA 54684 LI WORK PERMIT HO TLOHA KA LI 23 DECEMBER 2023,BATHO,1,sesotho,naha ea boahisane e tla fa t ba 54684 li work permit ho tloha ka li 23 december 2023
$T$ O TLA THUSA SHOPO KA 15 MILLION FEELA E LE LOAN,'MUSO,1,sesotho,t o tla thusa shopo ka 15 million feela e le loan
'MUSO O TLA THUSA $T$ KA 15 MILLION FEELA E LE LOAN,SHOPO,0,sesotho,muso o tla thusa t ka 15 million feela e le loan
$T$ SE QOSA TONAKHOLO,SETHO SA BOHANYETSI,-1,sesotho,t se qosa tonakholo
SETHO SA BOHANYETSI SE QOSA $T$,TONAKHOLO,0,sesotho,setho sa bohanyetsi se qosa t
$T$ EA FUMANOENG HAHA LE MOSALI OA MOTHO O QOSOA M5500 LEKHOTLENG LA MORENA TOROPONG,MONNA,-1,sesotho,t ea fumanoeng haha le mosali oa motho o qosoa m5500 lekhotleng la morena toropong
MONNA EA FUMANOENG HAHA LE $T$ OA MOTHO O QOSOA M5500 LEKHOTLENG LA MORENA TOROPONG,MOSALI,-1,sesotho,monna ea fumanoeng haha le t oa motho o qosoa m5500 lekhotleng la morena toropong
MONNA EA FUMANOENG HAHA LE MOSALI OA MOTHO O QOSOA M5500 $T$ LA MORENA TOROPONG,LEKHOTLENG,0,sesotho,monna ea fumanoeng haha le mosali oa motho o qosoa m5500 t la morena toropong
$T$ BA 11 BA HLOKAHETSE HA BA BANG BA TSOILE LIKOTSI NAKONG EO THAPO EA KECHE E NENG E KHAOHA MORAFONG,BATHO,-1,sesotho,t ba 11 ba hlokahetse ha ba bang ba tsoile likotsi nakong eo thapo ea keche e neng e khaoha morafong
BATHO BA 11 BA HLOKAHETSE HA BA BANG BA TSOILE LIKOTSI NAKONG EO THAPO EA $T$ E NENG E KHAOHA MORAFONG,KECHE,-1,sesotho,batho ba 11 ba hlokahetse ha ba bang ba tsoile likotsi nakong eo thapo ea t e neng e khaoha morafong
BATHO BA 11 BA HLOKAHETSE HA BA BANG BA TSOILE LIKOTSI NAKONG EO THAPO EA KECHE E NENG E KHAOHA $T$,MORAFONG,0,sesotho,batho ba 11 ba hlokahetse ha ba bang ba tsoile likotsi nakong eo thapo ea keche e neng e khaoha t
$T$ O FETOLA MORALI OA HAE MOSALI,MONNA,-1,sesotho,t o fetola morali oa hae mosali
MONNA O FETOLA $T$ OA HAE MOSALI,MORALI,0,sesotho,monna o fetola t oa hae mosali
MONNA O FETOLA MORALI OA HAE $T$,MOSALI,0,sesotho,monna o fetola morali oa hae t
LE TLO NYANYA $T$ E SHEBANG BA NOANG TAI NTSE BA KHANNA,TAMI,0,sesotho,le tlo nyanya t e shebang ba noang tai ntse ba khanna
LE TLO NYANYA TAMI E SHEBANG BA NOANG $T$ NTSE BA KHANNA,TAI,0,sesotho,le tlo nyanya tami e shebang ba noang t ntse ba khanna
BA NKA $T$ EA HAE KA LITHUNYA,KOLOI,-1,sesotho,ba nka t ea hae ka lithunya
BA NKA KOLOI EA HAE KA $T$,LITHUNYA,0,sesotho,ba nka koloi ea hae ka t
HO NYOLLOA HOA $T$ HO TLA PHATLALATSOA BEKENG EONA ENA,MAKOLOI A BAETI,-1,sesotho,ho nyolloa hoa t ho tla phatlalatsoa bekeng eona ena
TSA MORAO RAO $T$ OA TOKISO EA LITSELA,MORERONG,1,sesotho,tsa morao rao t oa tokiso ea litsela
THAPAMENG EA KAJENO HO TLA BA TLHAPANTŠO EA $T$ A MACHA A MAHLANO,MATONA,1,sesotho,thapameng ea kajeno ho tla ba tlhapantšo ea t a macha a mahlano
$T$ SE ETSA 'MESO KA 'MOLAI OA BATHO BA BABELI,SECHABA,-1,sesotho,t se etsa meso ka molai oa batho ba babeli
SECHABA SE ETSA 'MESO KA 'MOLAI OA $T$ BA BABELI,BATHO,-1,sesotho,sechaba se etsa meso ka molai oa t ba babeli
$T$ A HAPA KOAE EA MAHLAKA EA BOLENG BA 4.5 MILLION,MAPOLESA,1,sesotho,t a hapa koae ea mahlaka ea boleng ba 45 million
MAPOLESA A HAPA $T$ EA BOLENG BA 4.5 MILLION,KOAE EA MAHLAKA,-1,sesotho,mapolesa a hapa t ea boleng ba 45 million
$T$ LE AMOHELA LI MILLION TSE HLANO LE MAKOLOI A REKUOENG KA CHELETE EA BOSHOLU,LEFAPHA,0,sesotho,t le amohela li million tse hlano le makoloi a rekuoeng ka chelete ea bosholu
LEFAPHA LE AMOHELA LI MILLION TSE HLANO LE $T$ A REKUOENG KA CHELETE EA BOSHOLU,MAKOLOI,-1,sesotho,lefapha le amohela li million tse hlano le t a rekuoeng ka chelete ea bosholu
LEFAPHA LE AMOHELA LI MILLION TSE HLANO LE MAKOLOI A REKUOENG KA $T$ EA BOSHOLU,CHELETE,-1,sesotho,lefapha le amohela li million tse hlano le makoloi a rekuoeng ka t ea bosholu
$T$ O TŠOEROE A NTSE A BETA KOLOBE SECHABA SE NTSE SE MO KHAKHATHA,MONNA,-1,sesotho,t o tšoeroe a ntse a beta kolobe sechaba se ntse se mo khakhatha
MONNA O TŠOEROE A NTSE A BETA $T$ SECHABA SE NTSE SE MO KHAKHATHA,KOLOBE,0,sesotho,monna o tšoeroe a ntse a beta t sechaba se ntse se mo khakhatha
MONNA O TŠOEROE A NTSE A BETA KOLOBE $T$ SE NTSE SE MO KHAKHATHA,SECHABA,-1,sesotho,monna o tšoeroe a ntse a beta kolobe t se ntse se mo khakhatha
$T$ LE PAKILE HAHOLO QOBANG MAETO A THABENG HA JOALE,LEHLOA,0,sesotho,t le pakile haholo qobang maeto a thabeng ha joale
LEHLOA LE PAKILE HAHOLO QOBANG $T$ A THABENG HA JOALE,MAETO,-1,sesotho,lehloa le pakile haholo qobang t a thabeng ha joale
$T$ PELA KOARING MONNA O CHESELETSA BANA KATLUNG,MOTSENG,0,sesotho,t pela koaring monna o cheseletsa bana katlung
MOTSENG PELA KOARING $T$ O CHESELETSA BANA KATLUNG,MONNA,-1,sesotho,motseng pela koaring t o cheseletsa bana katlung
MOTSENG PELA KOARING MONNA O CHESELETSA $T$ KATLUNG,BANA,0,sesotho,motseng pela koaring monna o cheseletsa t katlung
BA FUMANOA KA $T$,LITHETHEFATSI,-1,sesotho,ba fumanoa ka t
SHEBA $T$,THEPA EA SESOLE SA NAHA,0,sesotho,sheba t
$T$ TSE BOHLOKO,LITABA,-1,sesotho,t tse bohloko
$T$ O AMOHELA KHAU EA HAE MOSE,MOHOEBI,1,sesotho,t o amohela khau ea hae mose
$T$ BA KHALEMELLOA HO ICHAEA NTLOABE,BAITHUTI BA SEKOLO SE PHAHAMENG,-1,sesotho,t ba khalemelloa ho ichaea ntloabe
$T$ A TERAEKELA MATICHERE,MATICHERE A MATICHERE,-1,sesotho,t a teraekela matichere
MATICHERE A MATICHERE A TERAEKELA $T$,MATICHERE,0,sesotho,matichere a matichere a teraekela t
$T$ BA RE MAPOLESA A BA BOLAE KAOFELA,BAITHUTI BA SEKOLO SE PHAHAMENG,0,sesotho,t ba re mapolesa a ba bolae kaofela
BAITHUTI BA SEKOLO SE PHAHAMENG BA RE $T$ A BA BOLAE KAOFELA,MAPOLESA,-1,sesotho,baithuti ba sekolo se phahameng ba re t a ba bolae kaofela
LE BATLANG LEFUNG LA $T$ EO LE MO BOLAILENG BAITHUTI,MOTHO,-1,sesotho,le batlang lefung la t eo le mo bolaileng baithuti
LE BATLANG LEFUNG LA MOTHO EO LE MO BOLAILENG $T$,BAITHUTI,0,sesotho,le batlang lefung la motho eo le mo bolaileng t
$T$ O TŠOEROE NAHENG EA BOAHISANE,MOETAPELE,-1,sesotho,t o tšoeroe naheng ea boahisane
MOETAPELE O TŠOEROE $T$,NAHENG EA BOAHISANE,0,sesotho,moetapele o tšoeroe t
$T$ BA FELEHETSA MOFU OA BONA,BAITHUTI BA SEKOLO SE PHAHAMENG,-1,sesotho,t ba felehetsa mofu oa bona
$T$ BA 5 BA NKELA LEBENKELE CHELETE HA HO LIKOTSI TSE TLALEHILOENG KAHA BA THUNYELITSE HOLIMO,BANNA,-1,sesotho,t ba 5 ba nkela lebenkele chelete ha ho likotsi tse tlalehiloeng kaha ba thunyelitse holimo
BANNA BA 5 BA NKELA $T$ CHELETE HA HO LIKOTSI TSE TLALEHILOENG KAHA BA THUNYELITSE HOLIMO,LEBENKELE,0,sesotho,banna ba 5 ba nkela t chelete ha ho likotsi tse tlalehiloeng kaha ba thunyelitse holimo
BANNA BA 5 BA NKELA LEBENKELE $T$ HA HO LIKOTSI TSE TLALEHILOENG KAHA BA THUNYELITSE HOLIMO,CHELETE,0,sesotho,banna ba 5 ba nkela lebenkele t ha ho likotsi tse tlalehiloeng kaha ba thunyelitse holimo
$T$ A KA BANG 6 A BEHELLOA KA THOKO HO MOSEBETSI HO NTO ETSUOA LIPATLISISO KA LEFU LA MOITHUTI OA SEKOLO,MAPOLESA,-1,sesotho,t a ka bang 6 a behelloa ka thoko ho mosebetsi ho nto etsuoa lipatlisiso ka lefu la moithuti oa sekolo
MAPOLESA A KA BANG 6 A BEHELLOA KA THOKO HO $T$ HO NTO ETSUOA LIPATLISISO KA LEFU LA MOITHUTI OA SEKOLO,MOSEBETSI,0,sesotho,mapolesa a ka bang 6 a behelloa ka thoko ho t ho nto etsuoa lipatlisiso ka lefu la moithuti oa sekolo
MAPOLESA A KA BANG 6 A BEHELLOA KA THOKO HO MOSEBETSI HO NTO ETSUOA LIPATLISISO KA LEFU LA $T$,MOITHUTI OA SEKOLO,-1,sesotho,mapolesa a ka bang 6 a behelloa ka thoko ho mosebetsi ho nto etsuoa lipatlisiso ka lefu la t
$T$ BA PHINYETSOA KE NAKELI,BAETAPELE BA KHEKHETHANE,-1,sesotho,t ba phinyetsoa ke nakeli
$T$ LI IPELAETSA KHAHLANONG LE HO PETLENYOA HOA BAKHOTHALETSUOA,LITHO TSA MOKHA,-1,sesotho,t li ipelaetsa khahlanong le ho petlenyoa hoa bakhothaletsuoa
LITHO TSA MOKHA LI IPELAETSA KHAHLANONG LE HO PETLENYOA HOA $T$,BAKHOTHALETSUOA,-1,sesotho,litho tsa mokha li ipelaetsa khahlanong le ho petlenyoa hoa t
$T$ O TLA PHETHOLA LEKOETE LA TSELA TSE PALAMENG MANE TSELENG E KHOLO BOESA,TONAKHOLO,1,sesotho,t o tla phethola lekoete la tsela tse palameng mane tseleng e kholo boesa
TONAKHOLO O TLA PHETHOLA LEKOETE LA TSELA TSE PALAMENG MANE $T$ BOESA,TSELENG E KHOLO,0,sesotho,tonakholo o tla phethola lekoete la tsela tse palameng mane t boesa
$T$ E KOETSOENG KA MOLAO NAHENG EA BOAHISANE E WINNA TENDERA,KOMPONE,-1,sesotho,t e koetsoeng ka molao naheng ea boahisane e winna tendera
KOMPONE E KOETSOENG KA MOLAO $T$ E WINNA TENDERA,NAHENG EA BOAHISANE,0,sesotho,kompone e koetsoeng ka molao t e winna tendera
$T$ LE QHOMA NAHENG EA BOAHISANE,LEFU LA TŠOENE,-1,sesotho,t le qhoma naheng ea boahisane
LEFU LA TŠOENE LE QHOMA $T$,NAHENG EA BOAHISANE,0,sesotho,lefu la tšoene le qhoma t
$T$ O CHAKELA LELAPA KAMORA HO FENETHA MORA LONA,'MUSO,-1,sesotho,t o chakela lelapa kamora ho fenetha mora lona
'MUSO O CHAKELA LELAPA KAMORA HO FENETHA $T$ LONA,MORA,-1,sesotho,muso o chakela lelapa kamora ho fenetha t lona
$T$ OA ITOANELA SEKOLONG SE SEHOLO,MOFU,-1,sesotho,t oa itoanela sekolong se seholo
MOFU OA ITOANELA $T$,SEKOLONG SE SEHOLO,0,sesotho,mofu oa itoanela t
LEBONE LA TSOSOLOTSO LE TLA POTOLOHA LE $T$,LITEREKE,0,sesotho,lebone la tsosolotso le tla potoloha le t
$T$ BA TŠOARA MOHOANTO,BAHOEBI BA LIKHOHO,0,sesotho,t ba tšoara mohoanto
BAHOEBI BA LIKHOHO BA TŠOARA $T$,MOHOANTO,0,sesotho,bahoebi ba likhoho ba tšoara t
$T$ O TŠOAROA HOTELENG,MOLOI,-1,sesotho,t o tšoaroa hoteleng
MOLOI O TŠOAROA $T$,HOTELENG,0,sesotho,moloi o tšoaroa t
$T$ O BATLA M3 MILLIONE,MONNA,0,sesotho,t o batla m3 millione
$T$ A THIBELOA HO EA JOALENG BOSIU,MAPOLESA,0,sesotho,t a thibeloa ho ea joaleng bosiu
$T$ SE TSOA PUO KA NGAKA E QOSOANG KA PETO,SEPETLELE,-1,sesotho,t se tsoa puo ka ngaka e qosoang ka peto
SEPETLELE SE TSOA PUO KA $T$ E QOSOANG KA PETO,NGAKA,-1,sesotho,sepetlele se tsoa puo ka t e qosoang ka peto
$T$ LE FANA KA THUTO E MATLA SEKOLONG,LESOLE,1,sesotho,t le fana ka thuto e matla sekolong
LESOLE LE FANA KA THUTO E MATLA $T$,SEKOLONG,0,sesotho,lesole le fana ka thuto e matla t
$T$ BA HOANTELA TONAKHOLO,BARUI BA LIKHOHO,0,sesotho,t ba hoantela tonakholo
BARUI BA LIKHOHO BA HOANTELA $T$,TONAKHOLO,-1,sesotho,barui ba likhoho ba hoantela t
BACHA BA RE $T$ O MASOBA,MOLAO,-1,sesotho,bacha ba re t o masoba
$T$ E KHOTLA KA TJOTJO EA M40 000,OFISIRI,-1,sesotho,t e khotla ka tjotjo ea m40 000
OFIRISI E $T$ KA TJOTJO EA M40 000,KHOTLA,0,sesotho,ofirisi e t ka tjotjo ea m40 000
OFIRISI E KHOTLA KA $T$ EA M40 000,TJOTJO,-1,sesotho,ofirisi e khotla ka t ea m40 000
$T$ SE AHLOLOA LILEMO TSE 54 TOROPONG,SENOKOANE,-1,sesotho,t se ahloloa lilemo tse 54 toropong
SENOKOANE SE AHLOLOA LILEMO TSE 54 $T$,TOROPONG,0,sesotho,senokoane se ahloloa lilemo tse 54 t
$T$ O TLA SETEREKENG,MOPOROFETA,1,sesotho,t o tla seterekeng
MOPOROFETA O TLA $T$,SETEREKENG,0,sesotho,moporofeta o tla t
$T$ BA NTŠA TONAKHOLO MEJO HANONG,BATHO,-1,sesotho,t ba ntša tonakholo mejo hanong
BATHO BA NTŠA $T$ MEJO HANONG,TONAKHOLO,0,sesotho,batho ba ntša t mejo hanong
$T$ O SOABISA LIRA O FA MAFUTSANA MOPUTSO OA HAE,TONAKHOLO,1,sesotho,t o soabisa lira o fa mafutsana moputso oa hae
TONAKHOLO O SOABISA LIRA O FA MAFUTSANA $T$ OA HAE,MOPUTSO,0,sesotho,tonakholo o soabisa lira o fa mafutsana t oa hae
BONA TŠENYO E BAKILOENG KE $T$,BATHO,-1,sesotho,bona tšenyo e bakiloeng ke t
$T$ A 52K KHOTLA,MASHOLU,-1,sesotho,t a 52k khotla
MASHOLU A 52K $T$,KHOTLA,0,sesotho,masholu a 52k t
$T$ O EA NGAKENG,AUSI,1,sesotho,t o ea ngakeng
MAKALANG O MAKALLA $T$,KHIRO EA LEKALA LA 'MUSO,-1,sesotho,makalang o makalla t
$T$ E RE SEJO SENYANE HA SE FETE MOLOMO,KOMPONE EA MARANGRANG,1,sesotho,t e re sejo senyane ha se fete molomo
$T$ SE HLOKAHALLA SEPETLELE,SEBINI,-1,sesotho,t se hlokahalla sepetlele
SEBINI SE HLOKAHALLA $T$,SEPETLELE,0,sesotho,sebini se hlokahalla t
$T$ LI TŠOARA SECHABA HABOHLOKO,LIFOTO TSA MOFUMAHALI OA SEBOHOLI,-1,sesotho,t li tšoara sechaba habohloko
LIFOTO TSA MOFUMAHALI OA SEBOHOLI LI TŠOARA $T$ HABOHLOKO,SECHABA,0,sesotho,lifoto tsa mofumahali oa seboholi li tšoara t habohloko
$T$ EA MARANGRANG E TUKA MALAKABE,NTOA,-1,sesotho,t ea marangrang e tuka malakabe
$T$ O NEHELA MOEA A NTSA A BETOA,MOSALI,-1,sesotho,t o nehela moea a ntsa a betoa
$T$ O KOPA SECHABA SE MOKHETHE,MOPOLOTIKI,1,sesotho,t o kopa sechaba se mokhethe
$T$ O HLOTSOE HO PHOLOSA LEBENKELE,'MUSO,-1,sesotho,t o hlotsoe ho pholosa lebenkele
'MUSO O HLOTSOE HO PHOLOSA $T$,LEBENKELE,0,sesotho,muso o hlotsoe ho pholosa t
$T$ A BOLAILENG BATHO O LOKOLLOA KA BEILI,MONNA,-1,sesotho,t a bolaileng batho o lokolloa ka beili
MONNA A BOLAILENG BATHO O LOKOLLOA KA $T$,BEILI,0,sesotho,monna a bolaileng batho o lokolloa ka t
$T$ LE TOSA PUO,LELAPA LA SEBINI,0,sesotho,t le tosa puo
$T$ SE TLA KA HARE HO NAHA,SEBINI,1,sesotho,t se tla ka hare ho naha
SEBINI SE TLA KA HARE HO $T$,NAHA,0,sesotho,sebini se tla ka hare ho t
HO THOE $T$ BA UTSOITSE M150 000 BETHENG,BANNA,-1,sesotho,ho thoe t ba utsoitse m150 000 betheng
$T$ LI FENETHA LESOLE,LIKOETA,-1,sesotho,t li fenetha lesole
LIKOETA LI FENETHA $T$,LESOLE,-1,sesotho,likoeta li fenetha t
$T$ HA KEA MO JA,'NA,1,sesotho,t ha kea mo ja
$T$ O PHOQA LEQHEKOANA,MOPOLOTIKI,-1,sesotho,t o phoqa leqhekoana
MOPOLOTIKI O PHOQA $T$,LEQHEKOANA,0,sesotho,mopolotiki o phoqa t
RE BATLISENG $T$,MONNA,0,sesotho,re batliseng t
$T$ SE THULANA LE MOKHA,SESOLE,-1,sesotho,t se thulana le mokha
SESOLE SE THULANA LE $T$,MOKHA,0,sesotho,sesole se thulana le t
$T$ ESALE A NYAMELA LABOHLANO,'ME OAKA,-1,sesotho,t esale a nyamela labohlano
HAO HLOKE $T$ HORE O RUOE,MOLIMO,-1,sesotho,hao hloke t hore o ruoe
$T$ O SHOELLA NAHA-THOTE,MOLISANA,-1,sesotho,t o shoella nahathote
HO PHUTHOA $T$ TSE 53 NOKENG,LITOPO,-1,sesotho,ho phuthoa t tse 53 nokeng
HO PHUTHOA LITOPO TSE 53 $T$,NOKENG,0,sesotho,ho phuthoa litopo tse 53 t
ATAMELANG $T$ TLO UTLOA,LE,0,sesotho,atamelang t tlo utloa
$T$ O ETELA MOPORESITENTE,TONAKHOLO,1,sesotho,t o etela moporesitente
TONAKHOLO O ETELA $T$,MOPORESITENTE,0,sesotho,tonakholo o etela t
$T$ A 11 A TŠOAROA,MAKHOMOSHA,-1,sesotho,t a 11 a tšoaroa
$T$ ESALE A NYAMELA KA KOLOI,MOTSOALLE OA MOQHOBI OA LEPHELE,-1,sesotho,t esale a nyamela ka koloi
MOTSOALLE OA MOQHOBI OA LEPHELE ESALE A NYAMELA KA $T$,KOLOI,0,sesotho,motsoalle oa moqhobi oa lephele esale a nyamela ka t
$T$ O HLAISA PUO KA SETLOHOLO SE TŠOEROENG,NKHONO,0,sesotho,t o hlaisa puo ka setloholo se tšoeroeng
NKHONO O HLAISA PUO KA $T$ SE TŠOEROENG,SETLOHOLO,-1,sesotho,nkhono o hlaisa puo ka t se tšoeroeng
$T$ O UTSOA KA MASENE A PHOKOJOE,MONNA,-1,sesotho,t o utsoa ka masene a phokojoe
$T$ A LILEMO LI 17 O TŠOAROA A BETA MOKOKO,MOSHANYANA,-1,sesotho,t a lilemo li 17 o tšoaroa a beta mokoko
MOSHANYANA A LILEMO LI 17 O TŠOAROA A BETA $T$,MOKOKO,0,sesotho,moshanyana a lilemo li 17 o tšoaroa a beta t
$T$ O BATLA M3 000 000,MONNA,-1,sesotho,t o batla m3 000 000
$T$ LE TLO BULOA,LEBENKELE LA LIJO,1,sesotho,t le tlo buloa
$T$ A FENETHA MASOLE A MAHLANO,MARABELE,-1,sesotho,t a fenetha masole a mahlano
MARABELE A FENETHA $T$ A MAHLANO,MASOLE,0,sesotho,marabele a fenetha t a mahlano
$T$ BA EANG SEPETLELE BOSIU BA MATHATENG,BAKULI,-1,sesotho,t ba eang sepetlele bosiu ba mathateng
BAKULI BA EANG $T$ BOSIU BA MATHATENG,SEPETLELE,0,sesotho,bakuli ba eang t bosiu ba mathateng
$T$ O QHALA LENYALO LA MONNA E MONG,MONNA,-1,sesotho,t o qhala lenyalo la monna e mong
MONNA O QHALA LENYALO LA $T$ E MONG,MONNA,0,sesotho,monna o qhala lenyalo la t e mong
$T$ E FEFOHILE,NTLO EA MONNA,-1,sesotho,t e fefohile
$T$ SE TŠOARA MAKHOMOSHA A 8 LE BATHO BA 63 BA SENANG LITOKOMANE,SEPOLESA,1,sesotho,t se tšoara makhomosha a 8 le batho ba 63 ba senang litokomane
SEPOLESA SE TŠOARA $T$ A 8 LE BATHO BA 63 BA SENANG LITOKOMANE,MAKHOMOSHA,-1,sesotho,sepolesa se tšoara t a 8 le batho ba 63 ba senang litokomane
SEPOLESA SE TŠOARA MAKHOMOSHA A 8 LE $T$ BA 63 BA SENANG LITOKOMANE,BATHO,-1,sesotho,sepolesa se tšoara makhomosha a 8 le t ba 63 ba senang litokomane
$T$ SE NTŠA POLELO KA NGAKA E QOSOANG,SEPETLELE,0,sesotho,t se ntša polelo ka ngaka e qosoang
SEPETLELE SE NTŠA POLELO KA $T$ E QOSOANG,NGAKA,-1,sesotho,sepetlele se ntša polelo ka t e qosoang
$T$ MAKHATHENG A LEFU KE KOPA TSOARELO,KE,1,sesotho,t makhatheng a lefu ke kopa tsoarelo
$T$ BA 16 BA TŠOAROA BA SENA LITOKOMANE,BATHO,-1,sesotho,t ba 16 ba tšoaroa ba sena litokomane
$T$ O KOKONA BAITHUTI CHELETE,NKHONO,-1,sesotho,t o kokona baithuti chelete
NKHONO O KOKONA $T$ CHELETE,BAITHUTI,0,sesotho,nkhono o kokona t chelete
NKHONO O KOKONA BAITHUTI $T$,CHELETE,0,sesotho,nkhono o kokona baithuti t
$T$ A KIBAKIBA KA M12 MILIONE HAPE,MASOLE,1,sesotho,t a kibakiba ka m12 milione hape
$T$ POLAONG O BATLA BEILE,MOQOSUOA,-1,sesotho,t polaong o batla beile
MOQOSUOA POLAONG O BATLA $T$,BEILE,0,sesotho,moqosuoa polaong o batla t
$T$ O JELE LICHELETE TSA RONA,MONNA,-1,sesotho,t o jele lichelete tsa rona
$T$ A LI KOATILE HAPE,LITHO TSA MOKHA,-1,sesotho,t a li koatile hape
$T$ O INOLOA KA LETAMONG,NGOANA,1,sesotho,t o inoloa ka letamong
NGOANA O INOLOA KA $T$,LETAMONG,0,sesotho,ngoana o inoloa ka t
$T$ BA BABELI BA KENA HA MOTHO BA MO HLABELA LEFU,BANNA,-1,sesotho,t ba babeli ba kena ha motho ba mo hlabela lefu
BANNA BA BABELI BA KENA HA $T$ BA MO HLABELA LEFU,MOTHO,-1,sesotho,banna ba babeli ba kena ha t ba mo hlabela lefu
$T$ SE KOPA HO BATLISOA BANNA BA BOLAILENG LELAPA LA BATHO BA 4 LE MOLISANA OA LONA,SEPOLESA,0,sesotho,t se kopa ho batlisoa banna ba bolaileng lelapa la batho ba 4 le molisana oa lona
SEPOLESA SE KOPA HO BATLISOA $T$ BA BOLAILENG LELAPA LA BATHO BA 4 LE MOLISANA OA LONA,BANNA,-1,sesotho,sepolesa se kopa ho batlisoa t ba bolaileng lelapa la batho ba 4 le molisana oa lona
SEPOLESA SE KOPA HO BATLISOA BANNA BA BOLAILENG $T$ LA BATHO BA 4 LE MOLISANA OA LONA,LELAPA,-1,sesotho,sepolesa se kopa ho batlisoa banna ba bolaileng t la batho ba 4 le molisana oa lona
SEPOLESA SE KOPA HO BATLISOA BANNA BA BOLAILENG LELAPA LA BATHO BA 4 LE $T$ OA LONA,MOLISANA,-1,sesotho,sepolesa se kopa ho batlisoa banna ba bolaileng lelapa la batho ba 4 le t oa lona
$T$ SE BATLANA LE MONNA,SEPOLESA,0,sesotho,t se batlana le monna
SEPOLESA SE BATLANA LE $T$,MONNA,-1,sesotho,sepolesa se batlana le t
$T$ O HANA CHELETE,MOSALI,-1,sesotho,t o hana chelete
MOSALI O HANA $T$,CHELETE,0,sesotho,mosali o hana t
$T$ O BOLAEA E MONG HO TSEKOA MOETI,MOQHOBI OA LEPHELE,-1,sesotho,t o bolaea e mong ho tsekoa moeti
MOQHOBI OA LEPHELE O BOLAEA E MONG HO TSEKOA $T$,MOETI,0,sesotho,moqhobi oa lephele o bolaea e mong ho tsekoa t
$T$ BA CHAISITSOENG KE LEPHELE BA NTSE BA PHELA,BATHO,1,sesotho,t ba chaisitsoeng ke lephele ba ntse ba phela
BATHO BA CHAISITSOENG KE $T$ BA NTSE BA PHELA,LEPHELE,-1,sesotho,batho ba chaisitsoeng ke t ba ntse ba phela
$T$ LI QETA HO UTSUOA,LIKHOMO,-1,sesotho,t li qeta ho utsuoa
$T$ BA TSOAROA KA BOSHOLU,BANNA,-1,sesotho,t ba tsoaroa ka bosholu
$T$ E MONG O HLOKAHALA A QETA HO NKA LENGOLO,MOITHUTI,-1,sesotho,t e mong o hlokahala a qeta ho nka lengolo
MOITHUTI E MONG O HLOKAHALA A QETA HO NKA $T$,LENGOLO,1,sesotho,moithuti e mong o hlokahala a qeta ho nka t
$T$ O TŠOELA HO SECHOA HOA E MONG KA MATHE,MOPOLOTIKI,-1,sesotho,t o tšoela ho sechoa hoa e mong ka mathe
$T$ E CHAISITSE BATHO,KOLOI EA LEPHELE,-1,sesotho,t e chaisitse batho
KOLOI EA LEPHELE E CHAISITSE $T$,BATHO,0,sesotho,koloi ea lephele e chaisitse t
$T$ E TŠOEROE,NGAKA EA LEKOEREKOERE,-1,sesotho,t e tšoeroe
$T$ HA A FUMANA SETHUNYA HA MOPOLOTIKI,MAPOLESA,1,sesotho,t ha a fumana sethunya ha mopolotiki
MAPOLESA HA A FUMANA $T$ HA MOPOLOTIKI,SETHUNYA,0,sesotho,mapolesa ha a fumana t ha mopolotiki
MAPOLESA HA A FUMANA SETHUNYA HA $T$,MOPOLOTIKI,-1,sesotho,mapolesa ha a fumana sethunya ha t
$T$ O OA LLA,MORENA,-1,sesotho,t o oa lla
$T$ LE HLAHLOBA TŠENYO,LETONA,0,sesotho,t le hlahloba tšenyo
$T$ LE IPATA KA HARA PHOOFO,LESHOLU,-1,sesotho,t le ipata ka hara phoofo
LESHOLU LE IPATA KA HARA $T$,PHOOFO,0,sesotho,lesholu le ipata ka hara t
$T$ O FIHLILE HA HAE A NTSE A BOLOKEHILE,MONNA,1,sesotho,t o fihlile ha hae a ntse a bolokehile
$T$ E OTLOLLA TABA,KOMPONE EA MARANG-RANG,1,sesotho,t e otlolla taba
RE UTSOELITSOE $T$ MAOBANE,KOLOI,-1,sesotho,re utsoelitsoe t maobane
$T$ TSE ROBELI LI NYAMETSE,LINKU,-1,sesotho,t tse robeli li nyametse
$T$ O PHETHA SE ETSAHETSENG,MOSALI OA MOPOLOTIKI,0,sesotho,t o phetha se etsahetseng
$T$ SE PHOQILE SECHABA,SEBINI,-1,sesotho,t se phoqile sechaba
SEBINI SE PHOQILE $T$,SECHABA,0,sesotho,sebini se phoqile t
$T$ E THAKHOLA LIBUKA,KOMPONE,1,sesotho,t e thakhola libuka
KOMPONE  E THAKHOLA $T$,LIBUKA,0,sesotho,kompone e thakhola t
$T$ O RE SEPOLESA SE POTA-POTILE HA HAE KA LITHUNYA,MOPOLOTIKI,0,sesotho,t o re sepolesa se potapotile ha hae ka lithunya
MOPOLOTIKI O RE $T$ SE POTA-POTILE HA HAE KA LITHUNYA,SEPOLESA,-1,sesotho,mopolotiki o re t se potapotile ha hae ka lithunya
MOPOLOTIKI O RE SEPOLESA SE POTA-POTILE HA HAE KA $T$,LITHUNYA,0,sesotho,mopolotiki o re sepolesa se potapotile ha hae ka t
$T$ O LAHLELOA KHOHLONG EA MORITI OA LEFU,MOOKI,-1,sesotho,t o lahleloa khohlong ea moriti oa lefu
$T$ BA TINNGOE EA MALAENE,BAITHUTI,-1,sesotho,t ba tinngoe ea malaene
$T$ O LAETILE TOROPO KA BOBOLU,TONAKHOLO,-1,sesotho,t o laetile toropo ka bobolu
TONAKHOLO O LAETILE $T$ KA BOBOLU,TOROPO,0,sesotho,tonakholo o laetile t ka bobolu
$T$ LE RE MONNA A KHUTLELE MOSEBETSING,LEKHOTLA,0,sesotho,t le re monna a khutlele mosebetsing
LEKHOTLA LE RE $T$ A KHUTLELE MOSEBETSING,MONNA,1,sesotho,lekhotla le re t a khutlele mosebetsing
LEKHOTLA LE RE MONNA A KHUTLELE $T$,MOSEBETSING,0,sesotho,lekhotla le re monna a khutlele t
UTLOA MELEKO EA $T$,LEKALA LA 'MUSO,-1,sesotho,utloa meleko ea t
$T$ BA BACHA BA KENA PARAMENTENG,BAPOLOTIKI,1,sesotho,t ba bacha ba kena paramenteng
BAPOLOTIKI BA BACHA BA KENA $T$,PARAMENTENG,0,sesotho,bapolotiki ba bacha ba kena t
$T$ O ROTELA MAFOSISA,MONNA,1,sesotho,t o rotela mafosisa
$T$ LI NTSE LI BATLOA KE SEPOLESA,LINOKOANE,-1,sesotho,t li ntse li batloa ke sepolesa
LINOKOANE LI NTSE LI BATLOA KE $T$,SEPOLESA,0,sesotho,linokoane li ntse li batloa ke t
$T$ KHOTLA KA POLAO EA NYATSI,SEBOULELI,-1,sesotho,t khotla ka polao ea nyatsi
SEBOULELI $T$ KA POLAO EA NYATSI,KHOTLA,0,sesotho,sebouleli t ka polao ea nyatsi
SEBOULELI KHOTLA KA POLAO EA $T$,NYATSI,-1,sesotho,sebouleli khotla ka polao ea t
$T$ O SHOELLA PIZZA EA MOTHO,MOKOAO,-1,sesotho,t o shoella pizza ea motho
MOKOAO O SHOELLA $T$ EA MOTHO,PIZZA,0,sesotho,mokoao o shoella t ea motho
$T$ SA MONNA SE REKISOA M3.3 MILIONE,SEKARAPA,-1,sesotho,t sa monna se rekisoa m33 milione
PHOOA $T$,MAPARAMENTE,-1,sesotho,phooa t
$T$ BA KHALEMA MOPARAMENTE HO HLEPHA KA HANONG,BAPOLOTIKI,0,sesotho,t ba khalema moparamente ho hlepha ka hanong
BAPOLOTIKI BA KHALEMA $T$ HO HLEPHA KA HANONG,MOPARAMENTE,-1,sesotho,bapolotiki ba khalema t ho hlepha ka hanong
$T$ BA RE BA CHONNE,BAPOLOTIKI,-1,sesotho,t ba re ba chonne
$T$ SE THUNTSOE,SEBINI SA MOKHA,-1,sesotho,t se thuntsoe
$T$ O SHOELLA MOSALI OA MOTHO,MACHONISA,-1,sesotho,t o shoella mosali oa motho
MACHONISA O SHOELLA $T$ OA MOTHO,MOSALI,0,sesotho,machonisa o shoella t oa motho
$T$ O FOLISA MONNA,MOAPOSTOLA,1,sesotho,t o folisa monna
MOAPOSTOLA O FOLISA $T$,MONNA,0,sesotho,moapostola o folisa t
$T$ O KHUTLISETSA MONNA MOSEBETSING,MOKHATLO,1,sesotho,t o khutlisetsa monna mosebetsing
MOKHATLO O KHUTLISETSA $T$ MOSEBETSING,MONNA,0,sesotho,mokhatlo o khutlisetsa t mosebetsing
MOKHATLO O KHUTLISETSA MONNA $T$,MOSEBETSING,0,sesotho,mokhatlo o khutlisetsa monna t
MAHLABISA LIHLONG A $T$,MEPUTSO,-1,sesotho,mahlabisa lihlong a t
$T$ O JA MOKHETHOA KA SEHLOHO,MOSALI,-1,sesotho,t o ja mokhethoa ka sehloho
MOSALI O JA $T$ KA SEHLOHO,MOKHETHOA,0,sesotho,mosali o ja t ka sehloho
$T$ O TŠOEROE KA PHIEO,MOPARAMENTE,-1,sesotho,t o tšoeroe ka phieo
BONA LIMAKATSO TSA $T$,MOLIMO,1,sesotho,bona limakatso tsa t
$T$ O BATLA HO LELEKA KOMISHINARA,TONAKHOLO,-1,sesotho,t o batla ho leleka komishinara
TONAKHOLO O BATLA HO LELEKA $T$,KOMISHINARA,0,sesotho,tonakholo o batla ho leleka t
$T$ E MAKATSA BATHO,PINA EA SEBINI,1,sesotho,t e makatsa batho
$T$ HA BA ESO ABELOE MANGOLO,BAITHUTI,-1,sesotho,t ha ba eso abeloe mangolo
BAITHUTI  HA BA ESO ABELOE $T$,MANGOLO,0,sesotho,baithuti ha ba eso abeloe t
$T$ A NYAHLATSA TLHAHISO EA HO HLAKOLA M5000,MAPARAMENTE,-1,sesotho,t a nyahlatsa tlhahiso ea ho hlakola m5000
$T$ E NYELISA LEKHOTLA,KOMISHINARA,-1,sesotho,t e nyelisa lekhotla
$T$ O FANA KE TLALEHO EA LITŠEPISO,TONAKHOLO,1,sesotho,t o fana ke tlaleho ea litšepiso
$T$ BATLO SHOA KA HARA NAHA,BAKULI,-1,sesotho,t batlo shoa ka hara naha
BAKULI BATLO SHOA KA HARA $T$,NAHA,0,sesotho,bakuli batlo shoa ka hara t
$T$ O BATLA HO OKAMELA MOKHATLO,MONNA,1,sesotho,t o batla ho okamela mokhatlo
MONNA O BATLA HO OKAMELA $T$,MOKHATLO,0,sesotho,monna o batla ho okamela t
HA HO NA MATHATA $T$,LEBENKELENG,1,sesotho,ha ho na mathata t
NTHO LI SENYEHILE $T$,LEBENKELENG,-1,sesotho,ntho li senyehile t
BA ROTELA $T$,'MOLO OA MOPARAMENTE,-1,sesotho,ba rotela t
$T$ KHOTLA,MOPARAMENTE,-1,sesotho,t khotla
$T$ O TŠABA HO FAOLOA,MOPARAMENTE,-1,sesotho,t o tšaba ho faoloa
$T$ O EMISA NAHA,MOPOLOTIKI,-1,sesotho,t o emisa naha
MOPOLOTIKI O EMISA $T$,NAHA,0,sesotho,mopolotiki o emisa t
$T$ O ETELA BANA BA ONA,MOLIMO,1,sesotho,t o etela bana ba ona
MOLIMO O ETELA $T$ BA ONA,BANA,0,sesotho,molimo o etela t ba ona
$T$ A MAKATSA MASOLE,MARABELE,-1,sesotho,t a makatsa masole
MARABELE A MAKATSA $T$,MASOLE,0,sesotho,marabele a makatsa t
$T$ O AHA 'MOLO,MOPOLOTIKI,1,sesotho,t o aha molo
MOPOLOTIKI O AHA $T$,'MOLO,0,sesotho,mopolotiki o aha t
$T$ SE NOA METSI A KEREKE FEELA LETONA LE NYEFOLA TUMELO,SECHABA,0,sesotho,t se noa metsi a kereke feela letona le nyefola tumelo
SECHABA SE NOA $T$ FEELA LETONA LE NYEFOLA TUMELO,METSI A KEREKE,1,sesotho,sechaba se noa t feela letona le nyefola tumelo
SECHABA SE NOA METSI A KEREKE FEELA $T$ LE NYEFOLA TUMELO,LETONA,-1,sesotho,sechaba se noa metsi a kereke feela t le nyefola tumelo
$T$ MATHATENG,LEBENKELE,-1,sesotho,t mathateng
$T$ BA BUANG HAHOLO BA BITSOA KHOTLA,BATHO,-1,sesotho,t ba buang haholo ba bitsoa khotla
BATHO BA BUANG HAHOLO BA BITSOA $T$,KHOTLA,0,sesotho,batho ba buang haholo ba bitsoa t
$T$ O THUSA NGOANA,MOSALI,1,sesotho,t o thusa ngoana
MOSALI O THUSA $T$,NGOANA,0,sesotho,mosali o thusa t
$T$ O REKELA SEPOLESA,MOKHETHOA,1,sesotho,t o rekela sepolesa
MOKHETHOA O REKELA $T$,SEPOLESA,0,sesotho,mokhethoa o rekela t
$T$ O HIRA LELAPA LA HAE,TONAKHOLO,-1,sesotho,t o hira lelapa la hae
TONAKHOLO O HIRA $T$ LA HAE,LELAPA,0,sesotho,tonakholo o hira t la hae
$T$ E ABELOA M1 MILONE MONGA MONNA O TSOA KA LEHE,NYATSI,1,sesotho,t e abeloa m1 milone monga monna o tsoa ka lehe
NYATSI E ABELOA M1 MILONE $T$ O TSOA KA LEHE,MONGA MONNA,-1,sesotho,nyatsi e abeloa m1 milone t o tsoa ka lehe
$T$ E FANA KA KOLOI,KEREKE,1,sesotho,t e fana ka koloi
KEREKE E FANA KA $T$,KOLOI,0,sesotho,kereke e fana ka t
HARE LEBOHISENG $T$,BAKHANNI,1,sesotho,hare lebohiseng t
$T$ O AMOHA BALOTSANA LITŠA TSA 'MUSO,TONAKHOLO,1,sesotho,t o amoha balotsana litša tsa muso
TONAKHOLO O AMOHA BALOTSANA $T$,LITŠA TSA 'MUSO,0,sesotho,tonakholo o amoha balotsana t
$T$ O FA MASOLE CHELETE,TONAKHOLO,1,sesotho,t o fa masole chelete
TONAKHOLO O FA $T$ CHELETE,MASOLE,0,sesotho,tonakholo o fa t chelete
TONAKHOLO O FA MASOLE $T$,CHELETE,0,sesotho,tonakholo o fa masole t
BA TSEKISA $T$ JUNIFOMO,TONAKHOLO,0,sesotho,ba tsekisa t junifomo
BA TSEKISA TONAKHOLO $T$,JUNIFOMO,0,sesotho,ba tsekisa tonakholo t
$T$ LE RAHA MONNA KA MARETENG HA A ITLHALOSA,LEPOLESA,-1,sesotho,t le raha monna ka mareteng ha a itlhalosa
LEPOLESA LE RAHA $T$ KA MARETENG HA A ITLHALOSA,MONNA,0,sesotho,lepolesa le raha t ka mareteng ha a itlhalosa
BONA $T$ OA MOTSENG EA LIATLENG TSA SEPOLESA KA HO KENA-KENANA LE MOTLAKASE,MONNA,-1,sesotho,bona t oa motseng ea liatleng tsa sepolesa ka ho kenakenana le motlakase
BONA MONNA OA PEKA EA LIATLENG TSA $T$ KA HO KENA-KENANA LE MOTLAKASE,SEPOLESA,0,sesotho,bona monna oa peka ea liatleng tsa t ka ho kenakenana le motlakase
BONA MONNA OA PEKA EA LIATLENG TSA SEPOLESA KA HO KENA-KENANA LE $T$,MOTLAKASE,0,sesotho,bona monna oa peka ea liatleng tsa sepolesa ka ho kenakenana le t
$T$ O FUMANOA A ITSETETSE KA HARA PHOOFO SHOPONG SETEREKENG,MONNA,-1,sesotho,t o fumanoa a itsetetse ka hara phoofo shopong seterekeng
MONNA O FUMANOA A ITSETETSE KA HARA $T$ SHOPONG SETEREKENG,PHOOFO,0,sesotho,monna o fumanoa a itsetetse ka hara t shopong seterekeng
MONNA O FUMANOA A ITSETETSE KA HARA PHOOFO $T$ SETEREKENG,SHOPONG,0,sesotho,monna o fumanoa a itsetetse ka hara phoofo t seterekeng
MONNA O FUMANOA A ITSETETSE KA HARA PHOOFO SHOPONG $T$,SETEREKENG,0,sesotho,monna o fumanoa a itsetetse ka hara phoofo shopong t
$T$ LE MO AHLOLA 'MOHO LE MORALI LE SETLOHOLO SA HAE,LEKHOTLA,0,sesotho,t le mo ahlola moho le morali le setloholo sa hae
LEKHOTLA LE MO AHLOLA 'MOHO LE $T$ LE SETLOHOLO SA HAE,MORALI,-1,sesotho,lekhotla le mo ahlola moho le t le setloholo sa hae
LEKHOTLA LE MO AHLOLA 'MOHO LE MORALI LE $T$ SA HAE,SETLOHOLO,-1,sesotho,lekhotla le mo ahlola moho le morali le t sa hae
$T$ O IPOLAEA KAMORA HO HLORISOA KE BARUTOANA SEKOLONG,NGOANA,-1,sesotho,t o ipolaea kamora ho hlorisoa ke barutoana sekolong
NGOANA O IPOLAEA KAMORA HO HLORISOA KE $T$ SEKOLONG,BARUTUOA,-1,sesotho,ngoana o ipolaea kamora ho hlorisoa ke t sekolong
NGOANA O IPOLAEA KAMORA HO HLORISOA KE BARUTOANA $T$,SEKOLONG,0,sesotho,ngoana o ipolaea kamora ho hlorisoa ke barutoana t
KHELE LITABA TSA $T$,TONAKHOLO,0,sesotho,khele litaba tsa t
UTLOA LIKETSO TSA $T$ BANA,BANNA,0,sesotho,utloa liketso tsa t bana
RE LOKELA HO HIRA $T$ A MACHA KA HA PALO EA MASOLE ESE THEFULEHILE,MASOLE,1,sesotho,re lokela ho hira t a macha ka ha palo ea masole ese thefulehile
RE LOKELA HO HIRA MASOLE A MACHA KA HA $T$ ESE THEFULEHILE,PALO EA MASOLE,-1,sesotho,re lokela ho hira masole a macha ka ha t ese thefulehile
$T$ OA BATHO BA BABELI O LOKOLLOA KA BAIL EA M2 000,'MOLAI,-1,sesotho,t oa batho ba babeli o lokolloa ka bail ea m2 000
'MOLAI OA BATHO BA BABELI O LOKOLLOA KA $T$ EA M2 000,BAIL,-1,sesotho,molai oa batho ba babeli o lokolloa ka t ea m2 000
HA $T$ A SA BE KAROLO EA BOTHATA HA HO BONOLO HO UTLOISISA MATHATA A SECHABA,MOTHO,-1,sesotho,ha t a sa be karolo ea bothata ha ho bonolo ho utloisisa mathata a sechaba
HA MOTHO A SA BE KAROLO EA BOTHATA HA HO BONOLO HO UTLOISISA MATHATA A $T$,SECHABA,-1,sesotho,ha motho a sa be karolo ea bothata ha ho bonolo ho utloisisa mathata a t
KHETLONG LENA LESEPA LEHOLO KE LA $T$ HA SE LA MOLATA,MONGA MOTSE,-1,sesotho,khetlong lena lesepa leholo ke la t ha se la molata
KHETLONG LENA LESEPA LEHOLO KE LA MONGA MOTSE HA SE LA $T$,MOLATA,1,sesotho,khetlong lena lesepa leholo ke la monga motse ha se la t
$T$ O LELEKOA KAMORA HORE BANA BA SHOELLE MOPHATONG MOTSENG,MOSUOE,-1,sesotho,t o lelekoa kamora hore bana ba shoelle mophatong motseng
MOSUOE O LELEKOA KAMORA HORE $T$ BA SHOELLE MOPHATONG MOTSENG,BANA,-1,sesotho,mosuoe o lelekoa kamora hore t ba shoelle mophatong motseng
MOSUOE O LELEKOA KAMORA HORE BANA BA SHOELLE $T$ MOTSENG,MOPHATONG,0,sesotho,mosuoe o lelekoa kamora hore bana ba shoelle t motseng
MOSUOE O LELEKOA KAMORA HORE BANA BA SHOELLE MOPHATONG $T$,MOTSENG,0,sesotho,mosuoe o lelekoa kamora hore bana ba shoelle mophatong t
$T$ BA LLA KA LITJEO TSE PHAHAMANG HA BOROKHO BA MOTSENG BO SENYEHILE,BAETI,-1,sesotho,t ba lla ka litjeo tse phahamang ha borokho ba motseng bo senyehile
BAETI BA LLA KA LITJEO TSE PHAHAMANG HA $T$ BO SENYEHILE,BOROKHO BA MOTSENG,-1,sesotho,baeti ba lla ka litjeo tse phahamang ha t bo senyehile
$T$ O AHLOLOA LIKETE TSE LESHOME KA HO SIA BANA BA HAE,MOSALI,-1,sesotho,t o ahloloa likete tse leshome ka ho sia bana ba hae
MOSALI O AHLOLOA LIKETE TSE LESHOME KA HO SIA $T$ BA HAE,BANA,0,sesotho,mosali o ahloloa likete tse leshome ka ho sia t ba hae
$T$ O THUNYETSOA CHELETE EA MOKHATLO,MOSALI,-1,sesotho,t o thunyetsoa chelete ea mokhatlo
MOSALI O THUNYETSOA $T$,CHELETE EA MOKHATLO,0,sesotho,mosali o thunyetsoa t
$T$ BO KHAOHILE,BOROKHO BA SETEREKENG,-1,sesotho,t bo khaohile
KOTSI EA $T$ E BAKA LEFU TOROPONG EA SETEREKENG,KOLOI,-1,sesotho,kotsi ea t e baka lefu toropong ea seterekeng
KOTSI EA KOLOI E BAKA LEFU $T$,TOROPONG EA SETEREKENG,0,sesotho,kotsi ea koloi e baka lefu t
$T$ O HLASELOA KA LITHUNYA SETEREKENG,MONNA,-1,sesotho,t o hlaseloa ka lithunya seterekeng
MONNA O HLASELOA KA $T$ SETEREKENG,LITHUNYA,0,sesotho,monna o hlaseloa ka t seterekeng
MONNA O HLASELOA KA LITHUNYA $T$,SETEREKENG,0,sesotho,monna o hlaseloa ka lithunya t
$T$ O AMOHELA MOIFO OA LEBOTHO,TONAKHOLO,1,sesotho,t o amohela moifo oa lebotho
TONAKHOLO O AMOHELA $T$,MOIFO OA LEBOTHO,0,sesotho,tonakholo o amohela t
UTLOA SE ETSAHETSENG KA $T$ EA SHOELETSENG MOPHATONG SETEREKENG,MOSHEMANE,-1,sesotho,utloa se etsahetseng ka t ea shoeletseng mophatong seterekeng
UTLOA SE ETSAHETSENG KA MOSHEMANE EA SHOELETSENG $T$ SETEREKENG,MOPHATONG,0,sesotho,utloa se etsahetseng ka moshemane ea shoeletseng t seterekeng
UTLOA SE ETSAHETSENG KA MOSHEMANE EA SHOELETSENG MOPHATONG $T$,SETEREKENG,0,sesotho,utloa se etsahetseng ka moshemane ea shoeletseng mophatong t
BONA $T$ BA BELAELLOANG POLAONG EA LITHO TSA LELAPA,BANNA BA SETEREKENG,-1,sesotho,bona t ba belaelloang polaong ea litho tsa lelapa
BONA BANNA BA SETEREKENG BA BELAELLOANG POLAONG EA $T$,LITHO TSA LELAPA,-1,sesotho,bona banna ba seterekeng ba belaelloang polaong ea t
$T$ OA MOLATA O BETA NGOANANA EA LILEMO LI 15 SETEREKENG,MONNA,-1,sesotho,t oa molata o beta ngoanana ea lilemo li 15 seterekeng
MONNA OA MOLATA O BETA $T$ EA LILEMO LI 15 SETEREKENG,NGOANANA,-1,sesotho,monna oa molata o beta t ea lilemo li 15 seterekeng
MONNA OA MOLATA O BETA NGOANANA EA LILEMO LI 15 $T$,SETEREKENG,0,sesotho,monna oa molata o beta ngoanana ea lilemo li 15 t
$T$ O BOLAEA E MONG BA TSEKA BAETI,MOQHOBI OA LEPHELE,-1,sesotho,t o bolaea e mong ba tseka baeti
MOQHOBI OA LEPHELE O BOLAEA E MONG BA TSEKA $T$,BAETI,0,sesotho,moqhobi oa lephele o bolaea e mong ba tseka t
$T$ O BOLAOA KA HO HLAJOA KA THIPA,MOENA OA SEBINI SA FAMO,-1,sesotho,t o bolaoa ka ho hlajoa ka thipa
MOENA OA SEBINI SA FAMO O BOLAOA KA HO HLAJOA KA $T$,THIPA,0,sesotho,moena oa sebini sa famo o bolaoa ka ho hlajoa ka t
$T$ LE BARA BA UTSOA LINKU SETEREKENG BA LI HLABA,MOSALI,-1,sesotho,t le bara ba utsoa linku seterekeng ba li hlaba
MOSALI LE $T$ BA UTSOA LINKU SETEREKENG BA LI HLABA,BARA,-1,sesotho,mosali le t ba utsoa linku seterekeng ba li hlaba
MOSALI LE BARA BA UTSOA $T$ SETEREKENG BA LI HLABA,LINKU,-1,sesotho,mosali le bara ba utsoa t seterekeng ba li hlaba
MOSALI LE BARA BA UTSOA LINKU $T$ BA LI HLABA,SETEREKENG,0,sesotho,mosali le bara ba utsoa linku t ba li hlaba
$T$ E HLABA MOHLANKANA OA EONA KA THIPA SETEREKENG,KHAREBE,-1,sesotho,t e hlaba mohlankana oa eona ka thipa seterekeng
KHAREBE E HLABA $T$ OA EONA KA THIPA SETEREKENG,MOHLANKANA,0,sesotho,kharebe e hlaba t oa eona ka thipa seterekeng
KHAREBE E HLABA MOHLANKANA OA EONA KA $T$ SETEREKENG,THIPA,0,sesotho,kharebe e hlaba mohlankana oa eona ka t seterekeng
$T$ BA SHOELLA MEPHATONG,BASHEMANE,-1,sesotho,t ba shoella mephatong
BASHEMANE BA SHOELLA $T$,MEPHATONG,0,sesotho,bashemane ba shoella t
$T$ EA LILEMO LI 70 O SITSOA KA MAFAHLA,NKHONO,1,sesotho,t ea lilemo li 70 o sitsoa ka mafahla
NKHONO EA LILEMO LI 70 O SITSOA KA $T$,MAFAHLA,0,sesotho,nkhono ea lilemo li 70 o sitsoa ka t
$T$ O QHAUTSOA KA BOQHEKANYETSI BA CHELETE,MOHLANKA,-1,sesotho,t o qhautsoa ka boqhekanyetsi ba chelete
MOHLANKA O QHAUTSOA KA BOQHEKANYETSI BA $T$,CHELETE,-1,sesotho,mohlanka o qhautsoa ka boqhekanyetsi ba t
$T$ O LITLAMONG KA BOQHEKANYETSI BA SENYETHEHALI SA CHELETE,MOHLANKANA,-1,sesotho,t o litlamong ka boqhekanyetsi ba senyethehali sa chelete
MOHLANKANA O LITLAMONG KA BOQHEKANYETSI BA SENYETHEHALI SA $T$,CHELETE,-1,sesotho,mohlankana o litlamong ka boqhekanyetsi ba senyethehali sa t
BO-PULAMALIBOHO BA FUOA THUPELO KE $T$,SEPOLESA,1,sesotho,bopulamaliboho ba fuoa thupelo ke t
SPRINGBOK SE THEOHELA KA $T$ SETEREKENG,SETSING SA TLHABOLLO,0,sesotho,springbok se theohela ka t seterekeng
SPRINGBOK SE THEOHELA KA SETSING SA TLHABOLLO $T$,SETEREKENG,0,sesotho,springbok se theohela ka setsing sa tlhabollo t
$T$ SE THEOHELA KA SETSING SA TLHABOLLO SETEREKENG,SPRINGBOK,-1,sesotho,t se theohela ka setsing sa tlhabollo seterekeng
$T$ TSA SEKOLO SA THUPELO EA BAOKI,LIKAPESO,1,sesotho,t tsa sekolo sa thupelo ea baoki
LIKAPESO TSA $T$,SEKOLO SA THUPELO EA BAOKI,0,sesotho,likapeso tsa t
UTLOA NTHOE MPE E ENTSOENG KE $T$ O BABOTSE KHAREBE KA MPAMA,MOITHUTI,-1,sesotho,utloa nthoe mpe e entsoeng ke t o babotse kharebe ka mpama
UTLOA NA $T$ O RENG KA LIPAPALI BAKENG SA NAKO E TLANG,TONAKHOLO,0,sesotho,utloa na t o reng ka lipapali bakeng sa nako e tlang
UTLOA NA TONAKHOLO O RENG KA $T$ BAKENG SA NAKO E TLANG,LIPAPALI,0,sesotho,utloa na tonakholo o reng ka t bakeng sa nako e tlang
BONA $T$ A SE NANG LITLHONG,MASHOLU A LIKHOMO,-1,sesotho,bona t a se nang litlhong
KOTSI E MPE EA $T$ SETEREKENG,KOLOI,-1,sesotho,kotsi e mpe ea t seterekeng
KOTSI E MPE EA KOLOI $T$,SETEREKENG,0,sesotho,kotsi e mpe ea koloi t
$T$ O IPOTSA LIPOTSO A LE SETEREKENG MOO HO ILENG HOA BOLAOA BATHO,TONAKHOLO,0,sesotho,t o ipotsa lipotso a le seterekeng moo ho ileng hoa bolaoa batho
TONAKHOLO O IPOTSA LIPOTSO A LE $T$ MOO HO ILENG HOA BOLAOA BATHO,SETEREKENG,0,sesotho,tonakholo o ipotsa lipotso a le t moo ho ileng hoa bolaoa batho
TONAKHOLO O IPOTSA LIPOTSO A LE SETEREKENG MOO HO ILENG HOA BOLAOA $T$,BATHO,-1,sesotho,tonakholo o ipotsa lipotso a le seterekeng moo ho ileng hoa bolaoa t
BONA $T$ EA QOSOANG KA HO NTŠA MAKUNUTU A 'MUSO,MOSALI,-1,sesotho,bona t ea qosoang ka ho ntša makunutu a muso
BONA MOSALI EA QOSOANG KA HO NTŠA MAKUNUTU A $T$,'MUSO,0,sesotho,bona mosali ea qosoang ka ho ntša makunutu a t
$T$ E PHETHOHA KA BATHO BA 12,KOLOI,-1,sesotho,t e phethoha ka batho ba 12
KOLOI E PHETHOHA KA $T$ BA 12,BATHO,0,sesotho,koloi e phethoha ka t ba 12
$T$ O BOLAEA MOHOLOANE OA HAE KA BAKA LA MAHLAPA,MOENA,-1,sesotho,t o bolaea moholoane oa hae ka baka la mahlapa
MOENA O BOLAEA $T$ OA HAE KA BAKA LA MAHLAPA,MOHOLOANE,-1,sesotho,moena o bolaea t oa hae ka baka la mahlapa
$T$ O NKELOA CHELETE E KAHOLIMO HO M70 000 SETEREKENG KE LITSOTSI,MONNA,-1,sesotho,t o nkeloa chelete e kaholimo ho m70 000 seterekeng ke litsotsi
MONNA O NKELOA CHELETE E KAHOLIMO HO M70 000 $T$ KE LITSOTSI,SETEREKENG,0,sesotho,monna o nkeloa chelete e kaholimo ho m70 000 t ke litsotsi
$T$ EA SHOELETSENG MOPHATONG O FUMANOE A LE METOPA EA HO SHAPUOA,MOSHEMANE,-1,sesotho,t ea shoeletseng mophatong o fumanoe a le metopa ea ho shapuoa
MOSHEMANE EA SHOELETSENG $T$ O FUMANOE A LE METOPA EA HO SHAPUOA,MOPHATONG,0,sesotho,moshemane ea shoeletseng t o fumanoe a le metopa ea ho shapuoa
$T$ O PHETHA MASISA-PELO KA LENYALO LA HAE,MOSALI OA SETEREKENG,-1,sesotho,t o phetha masisapelo ka lenyalo la hae
$T$ SA NAHA EA BOAHISANE SE HAHARA MAKHOMOSHA,SEPOLESA,1,sesotho,t sa naha ea boahisane se hahara makhomosha
SEPOLESA SA NAHA EA BOAHISANE SE HAHARA $T$,MAKHOMOSA,-1,sesotho,sepolesa sa naha ea boahisane se hahara t
$T$ O NYAMETSE NAHENG EA BOAHISANE,MOSHANYANA OA SETEREKENG,-1,sesotho,t o nyametse naheng ea boahisane
MOSHANYANA OA SETEREKENG O NYAMETSE $T$,NAHENG EA BOAHISANE,0,sesotho,moshanyana oa seterekeng o nyametse t
$T$ LE KOLOI EA LESOLE LI FUMANOA SETEREKENG PELAELLO KE HORE LE BOLAUOE,SEAPARO,0,sesotho,t le koloi ea lesole li fumanoa seterekeng pelaello ke hore le bolauoe
SEAPARO LE $T$ EA LESOLE LI FUMANOA SETEREKENG PELAELLO KE HORE LE BOLAUOE,KOLOI,0,sesotho,seaparo le t ea lesole li fumanoa seterekeng pelaello ke hore le bolauoe
SEAPARO LE KOLOI EA $T$ LI FUMANOA SETEREKENG PELAELLO KE HORE LE BOLAUOE,LESOLE,-1,sesotho,seaparo le koloi ea t li fumanoa seterekeng pelaello ke hore le bolauoe
MOOKAMELI OA SEPOLESA O ABELA LITEREKE $T$ TSE NCHA,LIKOLOI,1,sesotho,mookameli oa sepolesa o abela litereke t tse ncha
MOOKAMELI OA SEPOLESA O ABELA $T$ LIKOLOI TSE NCHA,LITEREKE,0,sesotho,mookameli oa sepolesa o abela t likoloi tse ncha
$T$ O TLA BOLOKOA SETEREKENG,MOOKAMELI,-1,sesotho,t o tla bolokoa seterekeng
MOOKAMELI O TLA BOLOKOA $T$,SETEREKENG,0,sesotho,mookameli o tla bolokoa t
$T$ LE ETETSE MOTSENG HO KOPELA SECHABA SETSI SA BOPHELO,LETONA,0,sesotho,t le etetse motseng ho kopela sechaba setsi sa bophelo
LETONA LE ETETSE $T$ HO KOPELA SECHABA SETSI SA BOPHELO,MOTSENG,0,sesotho,letona le etetse t ho kopela sechaba setsi sa bophelo
LETONA LE ETETSE MOTSENG HO KOPELA SECHABA $T$,SETSI SA BOPHELO,1,sesotho,letona le etetse motseng ho kopela sechaba t
$T$ O AHLOLOA  LILEMO TSE PELI SETEREKENG KA BOSHOLU BA CHELETE,NGOANANA,-1,sesotho,t o ahloloa lilemo tse peli seterekeng ka bosholu ba chelete
NGOANANA O AHLOLOA  LILEMO TSE PELI $T$ KA BOSHOLU BA CHELETE,SETEREKENG,0,sesotho,ngoanana o ahloloa lilemo tse peli t ka bosholu ba chelete
NGOANANA O AHLOLOA  LILEMO TSE PELI SETEREKENG KA BOSHOLU BA $T$,CHELETE,-1,sesotho,ngoanana o ahloloa lilemo tse peli seterekeng ka bosholu ba t
$T$ O THUNYETSOA LEFU SETEREKENG KA PELAELLO EA BOLOI,NKHONO,-1,sesotho,t o thunyetsoa lefu seterekeng ka pelaello ea boloi
NKHONO O THUNYETSOA LEFU $T$ KA PELAELLO EA BOLOI,SETEREKNG,0,sesotho,nkhono o thunyetsoa lefu t ka pelaello ea boloi
$T$ E TLA ABELOA MAKOLOI A MACHA BOESA,METEBO EA SEPOLESA,1,sesotho,t e tla abeloa makoloi a macha boesa
METEBO EA SEPOLESA E TLA ABELOA $T$ A MACHA BOESA,MAKOLOI,1,sesotho,metebo ea sepolesa e tla abeloa t a macha boesa
MONNA O LLELOA KE LITŠEPE KA POLAO EA $T$ OA HAE,MOHOLOANE,-1,sesotho,monna o lleloa ke litšepe ka polao ea t oa hae
$T$ BA BOLAEA MOTHO KA LEBAKA LA LENTSOE MONNA,BANNA,-1,sesotho,t ba bolaea motho ka lebaka la lentsoe monna
BANNA BA BOLAEA $T$ KA LEBAKA LA LENTSOE MONNA,MOTHO,0,sesotho,banna ba bolaea t ka lebaka la lentsoe monna
$T$ BA SHOELETSENG MOPHATONG SETEREKENG BA BOLOKILOE,BASHANYANA,-1,sesotho,t ba shoeletseng mophatong seterekeng ba bolokiloe
BONA $T$ E MONYANE OA LIPUISANO KA PARAMENTENG,MOTSAMAISI,1,sesotho,bona t e monyane oa lipuisano ka paramenteng
BONA MOTSAMAISI E MONYANE OA LIPUISANO KA $T$,PARAMENTENG,0,sesotho,bona motsamaisi e monyane oa lipuisano ka t
BONA MOSEBETSI O MOTLE OA $T$ BANA KHELEE,BARUTUOA,1,sesotho,bona mosebetsi o motle oa t bana khelee
$T$ O QOSOA KA HO HLABA BATHO KA THIPA,MONNA,-1,sesotho,t o qosoa ka ho hlaba batho ka thipa
MONNA O QOSOA KA HO HLABA $T$ KA THIPA,BATHO,0,sesotho,monna o qosoa ka ho hlaba t ka thipa
$T$ O RE BANA BA KHUTLELE HO LEQHEKU LE BA BETE,MOSALI,-1,sesotho,t o re bana ba khutlele ho leqheku le ba bete
MOSALI O RE $T$ BA KHUTLELE HO LEQHEKU LE BA BETE,BANA,0,sesotho,mosali o re t ba khutlele ho leqheku le ba bete
MOSALI O RE BANA BA KHUTLELE HO $T$ LE BA BETE,LEQHEKU,-1,sesotho,mosali o re bana ba khutlele ho t le ba bete
SELOPO-EMERE SE BELAELLOA POLAONG EA $T$ SETEREKENG,MOCHOLOKO,-1,sesotho,selopoemere se belaelloa polaong ea t seterekeng
SELOPO-EMERE SE BELAELLOA POLAONG EA MOCHOLOKO $T$,SETEREKENG,0,sesotho,selopoemere se belaelloa polaong ea mocholoko t
BONA $T$ BA BANYANE BA SESOLE,BAOKAMELI,1,sesotho,bona t ba banyane ba sesole
BONA BAOKAMELI BA BANYANE BA SESOLE,SESOLE,0,sesotho,bona baokameli ba banyane ba sesole
$T$ O JOOA  CHELETE E 4300 KA SEHLOHO SETEREKENG,MOSALI,-1,sesotho,t o jooa chelete e 4300 ka sehloho seterekeng
MOSALI O JOOA  CHELETE E 4300 KA SEHLOHO $T$,SETEREKENG,0,sesotho,mosali o jooa chelete e 4300 ka sehloho t
BONA $T$ BA BANYANE BA LITSI TSA CHANKANA,BAOKAMELI,1,sesotho,bona t ba banyane ba litsi tsa chankana
BONA BAOKAMELI BA BANYANE BA $T$,LITSI TSA CHANKANA,0,sesotho,bona baokameli ba banyane ba t
$T$ O SA TSOA THUNNGOA SETEREKENG,MONNA,-1,sesotho,t o sa tsoa thunngoa seterekeng
MONNA O SA TSOA THUNNGOA $T$,SETEREKENG,0,sesotho,monna o sa tsoa thunngoa t
$T$ LE FUMANA MELATA E LE MOLATO,LEKHOTLA,0,sesotho,t le fumana melata e le molato
LEKHOTLA LE FUMANA $T$ E LE MOLATO,MELATA,-1,sesotho,lekhotla le fumana t e le molato
$T$ O QHALA KEMARO LE HO LAHLELA SETOTSOANA KA NTLOANENG,MOSALI,-1,sesotho,t o qhala kemaro le ho lahlela setotsoana ka ntloaneng
MOSALI O QHALA KEMARO LE HO LAHLELA $T$ KA NTLOANENG,SETOTSOANA,-1,sesotho,mosali o qhala kemaro le ho lahlela t ka ntloaneng
KHILI HONA LE $T$ BA KHOPO SECHABA THUSANANG RE FUMANE LESHOLU LEO,BATHO,-1,sesotho,khili hona le t ba khopo sechaba thusanang re fumane lesholu leo
KHILI HONA LE BATHO BA KHOPO $T$ THUSANANG RE FUMANE LESHOLU LEO,SECHABA,1,sesotho,khili hona le batho ba khopo t thusanang re fumane lesholu leo
$T$ EA NYAMETSENG SETEREKENG O RE O KOETETSOE O KA HARA MOCUCU O MOHOLO,NGOANANA,-1,sesotho,t ea nyametseng seterekeng o re o koetetsoe o ka hara mocucu o moholo
NGOANANA EA NYAMETSENG $T$ O RE O KOETETSOE O KA HARA MOCUCU O MOHOLO,SETEREKENG,0,sesotho,ngoanana ea nyametseng t o re o koetetsoe o ka hara mocucu o moholo
NGOANANA EA NYAMETSENG SETEREKENG O RE O KOETETSOE O KA HARA $T$ O MOHOLO,MOCUCU,-1,sesotho,ngoanana ea nyametseng seterekeng o re o koetetsoe o ka hara t o moholo
BONA $T$ BA BANYANE BA SEPOLESA,BAOKAMELI,1,sesotho,bona t ba banyane ba sepolesa
$T$ E KETEKA LETSATSI LA PEHO EA LIHLOMO FATŠE,NAHA,1,sesotho,t e keteka letsatsi la peho ea lihlomo fatše
$T$ LE CHA LORE BASEBETSI BA LEBENKELE BA TLOKOTSING EA HO FELLOA KE MOSEBETSI,LEBENKELE LA MACHAENA,-1,sesotho,t le cha lore basebetsi ba lebenkele ba tlokotsing ea ho felloa ke mosebetsi
LEBENKELE LA MACHAENA LE CHA LORE $T$ BA TLOKOTSING EA HO FELLOA KE MOSEBETSI,BASEBETSI BA LEBENKELE,-1,sesotho,lebenkele la machaena le cha lore t ba tlokotsing ea ho felloa ke mosebetsi
$T$ LE BULA CLINIC SETEREKENG,LETONA LA BOPHELO,1,sesotho,t le bula clinic seterekeng
LETONA LA BOPHELO LE BULA $T$ SETEREKENG,CLINIC,1,sesotho,letona la bophelo le bula t seterekeng
LETONA LA BOPHELO LE BULA CLINIC $T$,SETEREKENG,0,sesotho,letona la bophelo le bula clinic t
$T$ O QHAUTSOA KE MAHOKELA A ILO KALIMA NGOANA MOTSENG,MOSALI,-1,sesotho,t o qhautsoa ke mahokela a ilo kalima ngoana motseng
MOSALI O QHAUTSOA KE MAHOKELA A ILO KALIMA $T$ MOTSENG,NGOANA,0,sesotho,mosali o qhautsoa ke mahokela a ilo kalima t motseng
MOSALI O QHAUTSOA KE MAHOKELA A ILO KALIMA NGOANA $T$,MOTSENG,0,sesotho,mosali o qhautsoa ke mahokela a ilo kalima ngoana t
$T$ BA BAHLANO BA THUNYETSOA LEFU SETEREKENG,BATHO,-1,sesotho,t ba bahlano ba thunyetsoa lefu seterekeng
BATHO BA BAHLANO BA THUNYETSOA LEFU $T$,SETEREKENG,0,sesotho,batho ba bahlano ba thunyetsoa lefu t
$T$ O BATLOA KA HO QHEKETSA LE BOSHOLU,MONNA,-1,sesotho,t o batloa ka ho qheketsa le bosholu
$T$ SE QHAUTSA LESHOLU,SEPOLESA,1,sesotho,t se qhautsa lesholu
$T$ BA BABELI BA QOSOA KA POLAO EA MOTHO,BANNA,-1,sesotho,t ba babeli ba qosoa ka polao ea motho
BANNA BA BABELI BA QOSOA KA POLAO EA $T$,MOTHO,-1,sesotho,banna ba babeli ba qosoa ka polao ea t
$T$ O LITLAMONG TSA SEPOLESA HAPE KA BOSHOLU,MOHLANKANA,-1,sesotho,t o litlamong tsa sepolesa hape ka bosholu
MOHLANKANA  O LITLAMONG TSA $T$ HAPE KA BOSHOLU,SEPOLESA,0,sesotho,mohlankana o litlamong tsa t hape ka bosholu
$T$ O THUNYETSOA LEFU SETEREKENG,MOQHOBI OA LEPHELE,-1,sesotho,t o thunyetsoa lefu seterekeng
MOQHOBI OA LEPHELE O THUNYETSOA LEFU $T$,SETEREKENG,0,sesotho,moqhobi oa lephele o thunyetsoa lefu t
$T$ EA THIKHITHETSOENG QOQOTHO LE HO TLOSOA LITHO TSA BOTONA OA BOLOKOA,MONNA,-1,sesotho,t ea thikhithetsoeng qoqotho le ho tlosoa litho tsa botona oa bolokoa
$T$ EA ILENG A BETOA LE HO BOLAOA O OA BOLOKOA MOTSENG,NGOANANA,-1,sesotho,t ea ileng a betoa le ho bolaoa o oa bolokoa motseng
NGOANANA EA ILENG A BETOA LE HO BOLAOA O OA BOLOKOA $T$,MOTSENG,0,sesotho,ngoanana ea ileng a betoa le ho bolaoa o oa bolokoa t
$T$ BA IPEPISA LE HO LAHLA MASEA SETEREKENG,BANA BA MOTHO,-1,sesotho,t ba ipepisa le ho lahla masea seterekeng
BANA BA MOTHO BA IPEPISA LE HO LAHLA $T$ SETEREKENG,MASEA,-1,sesotho,bana ba motho ba ipepisa le ho lahla t seterekeng
BANA BA MOTHO BA IPEPISA LE HO LAHLA MASEA $T$,SETEREKENG,0,sesotho,bana ba motho ba ipepisa le ho lahla masea t
$T$ LI FUMANOA KA HARA NKHO SETEREKENG,LITHO TSA 'MELE EA BATHO,-1,sesotho,t li fumanoa ka hara nkho seterekeng
LITHO TSA 'MELE EA BATHO LI FUMANOA KA HARA NKHO $T$,SETEREKENG,0,sesotho,litho tsa mele ea batho li fumanoa ka hara nkho t
$T$ O NYAMETSE KA CHELETE,NGOANANA,-1,sesotho,t o nyametse ka chelete
NGOANANA O NYAMETSE KA $T$,CHELETE,0,sesotho,ngoanana o nyametse ka t
$T$ SE FUMANOA SE LAHLETSOE KA HARA JARETE EA MOTHO SETEREKENG,SETOTSOANA,-1,sesotho,t se fumanoa se lahletsoe ka hara jarete ea motho seterekeng
SETOTSOANA SE FUMANOA SE LAHLETSOE KA HARA $T$ EA MOTHO SETEREKENG,JARETE,0,sesotho,setotsoana se fumanoa se lahletsoe ka hara t ea motho seterekeng
SETOTSOANA SE FUMANOA SE LAHLETSOE KA HARA JARETE EA MOTHO $T$,SETEREKENG,0,sesotho,setotsoana se fumanoa se lahletsoe ka hara jarete ea motho t
TSEBISO E POTLAKILENG HO $T$,SECHABA,0,sesotho,tsebiso e potlakileng ho t
$T$ BA HOBOSA TICHERE,BARUTOANA BA SEKOLO,-1,sesotho,t ba hobosa tichere
BARUTOANA BA SEKOLO BA HOBOSA $T$,TICHERE,0,sesotho,barutoana ba sekolo ba hobosa t
$T$ A KHAKHATHELOA LEFU SETEREKENG,MASHOLU,-1,sesotho,t a khakhatheloa lefu seterekeng
MASHOLU A KHAKHATHELOA LEFU $T$,SETEREKENG,0,sesotho,masholu a khakhatheloa lefu t
$T$ SE BONOA KE SEBATALATSI,SEKHUKHUNI,-1,sesotho,t se bonoa ke sebatalatsi
$T$ SE FUMANOA TLASA BETHE,SETOPO SA NGOANANA,-1,sesotho,t se fumanoa tlasa bethe
SETOPO SA NGOANANA SE FUMANOA TLASA $T$,BETHE,0,sesotho,setopo sa ngoanana se fumanoa tlasa t
$T$ SE FUMANOA KA LENGOPENG MOTSENG,SETOPO SA NGOANANA,-1,sesotho,t se fumanoa ka lengopeng motseng
SETOPO SA NGOANANA SE FUMANOA KA $T$ MOTSENG,LENGOPENG,0,sesotho,setopo sa ngoanana se fumanoa ka t motseng
SETOPO SA NGOANANA SE FUMANOA KA LENGOPENG $T$,MOTSENG,0,sesotho,setopo sa ngoanana se fumanoa ka lengopeng t
$T$ SE FUMANOE SE UTSUOE SETEREKENG,SETOPO,-1,sesotho,t se fumanoe se utsuoe seterekeng
SETOPO SE FUMANOE SE UTSUOE $T$,SETEREKENG,0,sesotho,setopo se fumanoe se utsuoe t
$T$ SE ITLHAPHOTSE KA MOFETO O MAQA A LISUMA KAJENO,SEHLOPHA BA BOLO,1,sesotho,t se itlhaphotse ka mofeto o maqa a lisuma kajeno
$T$ SE RE SE NE SE TAUOE HA SEA BONA LETHO,SEBITI SA TONKI,-1,sesotho,t se re se ne se tauoe ha sea bona letho
$T$ O FUMANOA A NTSE A IMENYA-MENYA KA TONKI,MOSHANYANA,-1,sesotho,t o fumanoa a ntse a imenyamenya ka tonki
$T$ SE FUMANOA KA LENGOPENG SETEREKENG,SETOPO,-1,sesotho,t se fumanoa ka lengopeng seterekeng
SETOPO SE FUMANOA KA $T$ SETEREKENG,LENGOPENG,0,sesotho,setopo se fumanoa ka t seterekeng
SETOPO SE FUMANOA KA LENGOPENG $T$,SETEREKENG,0,sesotho,setopo se fumanoa ka lengopeng t
$T$ O TŠOAROA HAHA KE MONGA LELAPA,MOLOI,-1,sesotho,t o tšoaroa haha ke monga lelapa
$T$ E CHAISA MOSALI TOROPONG,KOLOI,-1,sesotho,t e chaisa mosali toropong
KOLOI E CHAISA $T$ TOROPONG,MOSALI,-1,sesotho,koloi e chaisa t toropong
KOLOI E CHAISA MOSALI $T$,TOROPONG,0,sesotho,koloi e chaisa mosali t
$T$ O FUMANOA KA HOBA LE SEKOLO KA THEKO HO MOLAO SETEREKENG,MONNA OA MOLATA,-1,sesotho,t o fumanoa ka hoba le sekolo ka theko ho molao seterekeng
MONNA OA MOLATA O FUMANOA KA HOBA LE $T$ KA THEKO HO MOLAO SETEREKENG,SEKOLO,-1,sesotho,monna oa molata o fumanoa ka hoba le t ka theko ho molao seterekeng
MONNA OA MOLATA O FUMANOA KA HOBA LE SEKOLO KA THEKO HO MOLAO $T$,SETEREKENG,0,sesotho,monna oa molata o fumanoa ka hoba le sekolo ka theko ho molao t
$T$ O TLA TEKELA SECHABA PUO KAJENO,TONAKHOLO,0,sesotho,t o tla tekela sechaba puo kajeno
TONAKHOLO O TLA TEKELA $T$ PUO KAJENO,SECHABA,0,sesotho,tonakholo o tla tekela t puo kajeno
$T$ O FENETHELOA TOROPONG,MOSALI OA SETEREKENG,-1,sesotho,t o fenetheloa toropong
MOSALI OA SETEREKENG O FENETHELOA $T$,TOROPONG,0,sesotho,mosali oa seterekeng o fenetheloa t
$T$ SA QHAUTSA LESHOLU SETEREKENG,SECHABA,1,sesotho,t sa qhautsa lesholu seterekeng
SECHABA SA QHAUTSA $T$ SETEREKENG,LESHOLU,-1,sesotho,sechaba sa qhautsa t seterekeng
SECHABA SA QHAUTSA LESHOLU $T$,SETEREKENG,0,sesotho,sechaba sa qhautsa lesholu t
$T$ O FUMANA MONNA LE NGOANABO BA KHALEHILE AE AKHETSE KA HARA LEUPA,MOSALI,0,sesotho,t o fumana monna le ngoanabo ba khalehile ae akhetse ka hara leupa
MOSALI O FUMANA $T$ LE NGOANABO BA KHALEHILE AE AKHETSE KA HARA LEUPA,MONNA,-1,sesotho,mosali o fumana t le ngoanabo ba khalehile ae akhetse ka hara leupa
MOSALI O FUMANA MONNA LE $T$ BA KHALEHILE AE AKHETSE KA HARA LEUPA,NGOANABO,-1,sesotho,mosali o fumana monna le t ba khalehile ae akhetse ka hara leupa
E MONG OA $T$ BA BOLAUOENG O OA BOLOKOA,BANNA,-1,sesotho,e mong oa t ba bolauoeng o oa bolokoa
$T$ O JOOA LIKETE TSE HLANO KE MOSALI E MONG SETEREKENG,MOSALI,0,sesotho,t o jooa likete tse hlano ke mosali e mong seterekeng
MOSALI O JOOA LIKETE TSE HLANO KE $T$ E MONG SETEREKENG,MOSALI,-1,sesotho,mosali o jooa likete tse hlano ke t e mong seterekeng
MOSALI O JOOA LIKETE TSE HLANO KE MOSALI E MONG $T$,SETEREKENG,0,sesotho,mosali o jooa likete tse hlano ke mosali e mong t
$T$ BA KOPANE LE PELA LIFALLA MAOBANE BOSIU SETEREKENG,BAITHUTI BA SEKOLO,-1,sesotho,t ba kopane le pela lifalla maobane bosiu seterekeng
BAITHUTI BA SEKOLO BA KOPANE LE PELA LIFALLA MAOBANE BOSIU $T$,SETEREKENG,0,sesotho,baithuti ba sekolo ba kopane le pela lifalla maobane bosiu t
$T$ O THUNYETSOA LEFU SETEREKNG,MONNA,-1,sesotho,t o thunyetsoa lefu seterekng
MONNA O THUNYETSOA LEFU $T$,SETEREKENG,0,sesotho,monna o thunyetsoa lefu t
$T$ O SHOELLA MOTHAMAHANE SETEREKENG,MONNA,-1,sesotho,t o shoella mothamahane seterekeng
MONNA O SHOELLA MOTHAMAHANE $T$,SETEREKENG,0,sesotho,monna o shoella mothamahane t
$T$ BA BOLAILENG BANANA BA TINGOA BAIL SETEREKENG,BASHANYANA,-1,sesotho,t ba bolaileng banana ba tingoa bail seterekeng
BASHANYANA BA BOLAILENG $T$ BA TINGOA BAIL SETEREKENG,BANANA,-1,sesotho,bashanyana ba bolaileng t ba tingoa bail seterekeng
BASHANYANA BA BOLAILENG BANANA BA TINGOA $T$ SETEREKENG,BAIL,0,sesotho,bashanyana ba bolaileng banana ba tingoa t seterekeng
BASHANYANA BA BOLAILENG BANANA BA TINGOA BAIL $T$,SETEREKENG,0,sesotho,bashanyana ba bolaileng banana ba tingoa bail t
$T$ SE KHALEMA LITLOKOTSEBE,SESOLE,1,sesotho,t se khalema litlokotsebe
SESOLE SE KHALEMA $T$,LITLOKOTSEBE,-1,sesotho,sesole se khalema t
$T$ POLAONG EA BANNA BA BABELI O QHAUTSOA KE SEPOLESA,'MELAELLOA,-1,sesotho,t polaong ea banna ba babeli o qhautsoa ke sepolesa
'MELAELLOA POLAONG EA $T$ BA BABELI O QHAUTSOA KE SEPOLESA,BANNA,-1,sesotho,melaelloa polaong ea t ba babeli o qhautsoa ke sepolesa
'MELAELLOA POLAONG EA BANNA BA BABELI O QHAUTSOA KE $T$,SEPOLESA,1,sesotho,melaelloa polaong ea banna ba babeli o qhautsoa ke t
$T$ O BETA NGOANA EA LILEMO LI HLANO,MOSHANYANA,-1,sesotho,t o beta ngoana ea lilemo li hlano
MOSHANYANA O BETA $T$ EA LILEMO LI HLANO,NGOANA,-1,sesotho,moshanyana o beta t ea lilemo li hlano
$T$ O FUMANOA A TIMETSE TOROPONG,MONNA,-1,sesotho,t o fumanoa a timetse toropong
$T$ BA LAHLELOA NTLOANA-TŠOANA,BAITHUTI BA SEKOLO,-1,sesotho,t ba lahleloa ntloanatšoana
BAITHUTI BA SEKOLO BA LAHLELOA $T$,NTLOANA-TŠOANA,0,sesotho,baithuti ba sekolo ba lahleloa t
$T$ SE FUMANOA KA NTLOANENG SETEREKENG,SETOTSOANA,-1,sesotho,t se fumanoa ka ntloaneng seterekeng
SETOTSOANA SE FUMANOA KA NTLOANENG $T$,SETEREKENG,0,sesotho,setotsoana se fumanoa ka ntloaneng t
$T$ O JOOA CHELETE KA SEHLOHO KE MOCHELIETE OA FACEBOOK,MOSALI,0,sesotho,t o jooa chelete ka sehloho ke mocheliete oa facebook
MOSALI O JOOA CHELETE KA SEHLOHO KE $T$,MOCHELIETE OA FACEBOOK,-1,sesotho,mosali o jooa chelete ka sehloho ke t
LITOPO TSE PELI TSA $T$ LI FUMANOA LI KHAOTSOE LIQOQOTHO SETEREKENG,BANNA,-1,sesotho,litopo tse peli tsa t li fumanoa li khaotsoe liqoqotho seterekeng
LITOPO TSE PELI TSA BANNA LI FUMANOA LI KHAOTSOE LIQOQOTHO $T$,SETEREKENG,0,sesotho,litopo tse peli tsa banna li fumanoa li khaotsoe liqoqotho t
$T$ O UTSOA PHONE KOLOING EA BAETI SETEREKENG,MOSALI,-1,sesotho,t o utsoa phone koloing ea baeti seterekeng
MOSALI O UTSOA $T$ KOLOING EA BAETI SETEREKENG,PHONE,0,sesotho,mosali o utsoa t koloing ea baeti seterekeng
MOSALI O UTSOA PHONE $T$ SETEREKENG,KOLOING EA BAETI,0,sesotho,mosali o utsoa phone t seterekeng
$T$ BA LELEKOA SEKOLONG KAMORA HO HLOKOFATSA BAITHUTI BA SELEMO SA PELE,BAITHUTI,-1,sesotho,t ba lelekoa sekolong kamora ho hlokofatsa baithuti ba selemo sa pele
BAITHUTI BA LELEKOA $T$ KAMORA HO HLOKOFATSA BAITHUTI BA SELEMO SA PELE,SEKOLONG,0,sesotho,baithuti ba lelekoa t kamora ho hlokofatsa baithuti ba selemo sa pele
BAITHUTI BA LELEKOA SEKOLONG KAMORA HO HLOKOFATSA $T$ BA SELEMO SA PELE,BAITHUTI,0,sesotho,baithuti ba lelekoa sekolong kamora ho hlokofatsa t ba selemo sa pele
$T$ E FAFATSA LI MUSK TSA MAHALA KA HARE HO SETEKERE,KOMPONE,-1,sesotho,t e fafatsa li musk tsa mahala ka hare ho setekere
KOMPONE E FAFATSA $T$ TSA MAHALA KA HARE HO SETEKERE,LI MUSK,1,sesotho,kompone e fafatsa t tsa mahala ka hare ho setekere
KOMPONE E FAFATSA LI MUSK TSA MAHALA KA HARE HO $T$,SETEREKE,0,sesotho,kompone e fafatsa li musk tsa mahala ka hare ho t
$T$ SE BULOA SE 'MUSO SETEREKENG,SETSI SA POKELLO EA LITLHARE,1,sesotho,t se buloa se muso seterekeng
SETSI SA POKELLO EA LITLHARE SE BULOA SE 'MUSO $T$,SETEREKENG,0,sesotho,setsi sa pokello ea litlhare se buloa se muso t
$T$ BA BETILENG LE HO BOLAEA BANANA KHOTLA KAJENO,BASHANYANA,-1,sesotho,t ba betileng le ho bolaea banana khotla kajeno
BASHANYANA BA BETILENG LE HO BOLAEA $T$ KHOTLA KAJENO,BANANA,-1,sesotho,bashanyana ba betileng le ho bolaea t khotla kajeno
BASHANYANA BA BETILENG LE HO BOLAEA BANANA $T$ KAJENO,KHOTLA,0,sesotho,bashanyana ba betileng le ho bolaea banana t kajeno
$T$ O EMARISA NGOANA NYATSI EA HAE,MONNA,-1,sesotho,t o emarisa ngoana nyatsi ea hae
MONNA O EMARISA $T$ EA HAE,NGOANA NYATSI,0,sesotho,monna o emarisa t ea hae
$T$ O BETA KHAITSELI EA HAE,MOSHANYANA,-1,sesotho,t o beta khaitseli ea hae
MOSHANYANA O BETA $T$ EA HAE,KHAITSELI,0,sesotho,moshanyana o beta t ea hae
$T$ O BETA NKHONO SETEREKENG,NTATE-MOHOLO,-1,sesotho,t o beta nkhono seterekeng
NTATE-MOHOLO O BETA $T$ SETEREKENG,NKHONO,0,sesotho,ntatemoholo o beta t seterekeng
NTATE-MOHOLO O BETA NKHONO $T$,SETEREKENG,0,sesotho,ntatemoholo o beta nkhono t
$T$ BA BOLAILENG MOITHUTI OA SEKOLO KHOTLA,BASHANYANA,-1,sesotho,t ba bolaileng moithuti oa sekolo khotla
BASHANYANA BA BOLAILENG $T$ KHOTLA,MOITHUTI OA SEKOLO,-1,sesotho,bashanyana ba bolaileng t khotla
BASHANYANA BA BOLAILENG MOITHUTI OA SEKOLO $T$,KHOTLA,0,sesotho,bashanyana ba bolaileng moithuti oa sekolo t
$T$ O HLEKEFETSA MORALI OA HAE KA MOTABO SETEREKENG,MONNA,-1,sesotho,t o hlekefetsa morali oa hae ka motabo seterekeng
MONNA O HLEKEFETSA $T$ OA HAE KA MOTABO SETEREKENG,MORALI,0,sesotho,monna o hlekefetsa t oa hae ka motabo seterekeng
MONNA O HLEKEFETSA MORALI OA HAE KA MOTABO $T$,SETEREKENG,0,sesotho,monna o hlekefetsa morali oa hae ka motabo t
$T$ O IPOLAEA KA HO IPHANYEHA MOTSENG,MONNA,-1,sesotho,t o ipolaea ka ho iphanyeha motseng
MONNA O IPOLAEA KA HO IPHANYEHA $T$,MOTSENG,0,sesotho,monna o ipolaea ka ho iphanyeha t
$T$ SE FUMANOA SE SUTETSOE SEKATANA KA HANONG SETEREKENG,SETOPO SA MOSALI,-1,sesotho,t se fumanoa se sutetsoe sekatana ka hanong seterekeng
SETOPO SA MOSALI SE FUMANOA SE SUTETSOE $T$ KA HANONG SETEREKENG,SEKATANA,0,sesotho,setopo sa mosali se fumanoa se sutetsoe t ka hanong seterekeng
SETOPO SA MOSALI SE FUMANOA SE SUTETSOE SEKATANA KA HANONG $T$,SETEREKENG,0,sesotho,setopo sa mosali se fumanoa se sutetsoe sekatana ka hanong t
$T$ POLAONG EA MOITHUTI OA SEKOLO BA LITLAMONG TSA SEPOLESA,BABELAELLOA,-1,sesotho,t polaong ea moithuti oa sekolo ba litlamong tsa sepolesa
BABELAELLOA POLAONG EA $T$ BA LITLAMONG TSA SEPOLESA,MOITHUTI OA SEKOLO,-1,sesotho,babelaelloa polaong ea t ba litlamong tsa sepolesa
BABELAELLOA POLAONG EA MOITHUTI OA SEKOLO BA LITLAMONG TSA $T$,SEPOLESA,0,sesotho,babelaelloa polaong ea moithuti oa sekolo ba litlamong tsa t
$T$ O TŠOSA MOSALI KA LEFU HA A HANA LEFEREHO LA HAE SETEREKENG,MONNA,-1,sesotho,t o tšosa mosali ka lefu ha a hana lefereho la hae seterekeng
MONNA O TŠOSA $T$ KA LEFU HA A HANA LEFEREHO LA HAE SETEREKENG,MOSALI,0,sesotho,monna o tšosa t ka lefu ha a hana lefereho la hae seterekeng
MONNA O TŠOSA MOSALI KA LEFU HA A HANA LEFEREHO LA HAE $T$,SETEREKENG,0,sesotho,monna o tšosa mosali ka lefu ha a hana lefereho la hae t
$T$ E NYAROSANG,TABA,-1,sesotho,t e nyarosang
$T$ LE LEBELETSOE HO KHETHEHA BOSIUNG BA KAJENO,LEHLOA,0,sesotho,t le lebeletsoe ho khetheha bosiung ba kajeno
$T$ O BUILE KA THATA HOLIMA LESOLE LA HAE SETEREKENG,MOLAOLI OA SESOLE,0,sesotho,t o buile ka thata holima lesole la hae seterekeng
MOLAOLI OA SESOLE O BUILE KA THATA HOLIMA $T$ LA HAE SETEREKENG,LESOLE,-1,sesotho,molaoli oa sesole o buile ka thata holima t la hae seterekeng
MOLAOLI OA SESOLE O BUILE KA THATA HOLIMA LESOLE LA HAE $T$,SETEREKENG,0,sesotho,molaoli oa sesole o buile ka thata holima lesole la hae t
$T$ SE NKELA BATHO CHELETE SETEREKENG,SETHO SA SESOLE,-1,sesotho,t se nkela batho chelete seterekeng
SETHO SA SESOLE SE NKELA $T$ CHELETE SETEREKENG,BATHO,0,sesotho,setho sa sesole se nkela t chelete seterekeng
SETHO SA SESOLE SE NKELA BATHO CHELETE $T$,SETEREKENG,0,sesotho,setho sa sesole se nkela batho chelete t
$T$ E MONG O HLAHELOA KE TSIETSI HAPE KOLOING EA 4+1,MOSALI,-1,sesotho,t e mong o hlaheloa ke tsietsi hape koloing ea 41
MOSALI E MONG O HLAHELOA KE TSIETSI HAPE $T$,KOLOING EA 4+1,0,sesotho,mosali e mong o hlaheloa ke tsietsi hape t
$T$ E UTSOITSENG CHELETE E AHLOLOA LILEMO TSE 10 CHANKANENG,NGOETSI,-1,sesotho,t e utsoitseng chelete e ahloloa lilemo tse 10 chankaneng
NGOETSI E UTSOITSENG $T$ E AHLOLOA LILEMO TSE 10 CHANKANENG,CHELETE,0,sesotho,ngoetsi e utsoitseng t e ahloloa lilemo tse 10 chankaneng
NGOETSI E UTSOITSENG CHELETE E AHLOLOA LILEMO TSE 10 $T$,CHANKANENG,0,sesotho,ngoetsi e utsoitseng chelete e ahloloa lilemo tse 10 t
$T$ SE KOPA HO BATLISOA LESHOLU LA CHELETE EA 'MUSO,SEPOLESA,0,sesotho,t se kopa ho batlisoa lesholu la chelete ea muso
SEPOLESA SE KOPA HO BATLISOA $T$ LA CHELETE EA 'MUSO,LESHOLU,-1,sesotho,sepolesa se kopa ho batlisoa t la chelete ea muso
$T$ O BETOA LE HO NKELOA CHELETE MOTSENG,MOSALI,-1,sesotho,t o betoa le ho nkeloa chelete motseng
MOSALI O BETOA LE HO NKELOA $T$ MOTSENG,CHELETE,0,sesotho,mosali o betoa le ho nkeloa t motseng
MOSALI O BETOA LE HO NKELOA CHELETE $T$,MOTSENG,0,sesotho,mosali o betoa le ho nkeloa chelete t
$T$ O HLASELOA LE HO CHESETSOA NTLO MOTSENG,MONNA,-1,sesotho,t o hlaseloa le ho chesetsoa ntlo motseng
MONNA O HLASELOA LE HO CHESETSOA $T$ MOTSENG,NTLO,-1,sesotho,monna o hlaseloa le ho chesetsoa t motseng
MONNA O HLASELOA LE HO CHESETSOA NTLO $T$,MOTSENG,0,sesotho,monna o hlaseloa le ho chesetsoa ntlo t
$T$ BA HLAHILE KAPELE HO LEKHOTLA,BABOLAI BA BANANA,-1,sesotho,t ba hlahile kapele ho lekhotla
BABOLAI BA BANANA BA HLAHILE KAPELE HO $T$,LEKHOTLA,0,sesotho,babolai ba banana ba hlahile kapele ho t
$T$ O PHONYOHA LEFU MOTSENG,MONNA,-1,sesotho,t o phonyoha lefu motseng
$T$ SE BOLAISA MAKHOMOSHA PHAFA,SECHABA,0,sesotho,t se bolaisa makhomosha phafa
SECHABA SE BOLAISA $T$ PHAFA,MAKHOMOSHA,-1,sesotho,sechaba se bolaisa t phafa
$T$ O TLA BOLOKOA,COMMANDO CORPORAL,-1,sesotho,t o tla bolokoa
PHAPOSI EA SEEA-LE-MOEA E CHA LORE HA 'MOHO LE $T$,MECHINI,-1,sesotho,phaposi ea seealemoea e cha lore ha moho le t
$T$ E CHA LORE HA 'MOHO LE MECHINI,PHAPOSI EA SEEA-LE-MOEA,1,sesotho,t e cha lore ha moho le mechini
$T$ BA SHAPA MONNA A LE POSHO LE HO MO TENTŠA THETHANA,BASALI BA PITIKI,-1,sesotho,t ba shapa monna a le posho le ho mo tentša thethana
BASALI BA PITIKI BA SHAPA $T$ A LE POSHO LE HO MO TENTŠA THETHANA,MONNA,-1,sesotho,basali ba pitiki ba shapa t a le posho le ho mo tentša thethana
BASALI BA PITIKI BA SHAPA MONNA A LE POSHO LE HO MO TENTŠA $T$,THETHANA,0,sesotho,basali ba pitiki ba shapa monna a le posho le ho mo tentša t
TABA E NYAROSANG $T$,OFISING EA TONAKHOLO,-1,sesotho,taba e nyarosang t
$T$ O OA THUNNGOA MOTSENG,MOLISANA,-1,sesotho,t o oa thunngoa motseng
MOLISANA O OA THUNNGOA $T$,MOTSENG,0,sesotho,molisana o oa thunngoa t
$T$ E CHAISA BANA BA SEKOLO LE LEPOLESA,KOLOI,-1,sesotho,t e chaisa bana ba sekolo le lepolesa
KOLOI E CHAISA $T$ LE LEPOLESA,BANA BA SEKOLO,0,sesotho,koloi e chaisa t le lepolesa
KOLOI E CHAISA BANA BA SEKOLO LE $T$,LEPOLESA,0,sesotho,koloi e chaisa bana ba sekolo le t
$T$ O QETA HO THUNYETSOA KAPELA MOSALI OA HAE,MONNA,-1,sesotho,t o qeta ho thunyetsoa kapela mosali oa hae
MONNA O QETA HO THUNYETSOA KAPELA $T$ OA HAE,MOSALI,0,sesotho,monna o qeta ho thunyetsoa kapela t oa hae
$T$ SE QHAUTSA BABELAELLOA POLAONG EA BANANA,SEPOLESA,1,sesotho,t se qhautsa babelaelloa polaong ea banana
SEPOLESA SE QHAUTSA $T$ POLAONG EA BANANA,BABELAELLOA,-1,sesotho,sepolesa se qhautsa t polaong ea banana
SEPOLESA SE QHAUTSA BABELAELLOA POLAONG EA $T$,BANANA,-1,sesotho,sepolesa se qhautsa babelaelloa polaong ea t
$T$ EA CHAISITSENG MOTHO KA KOLOI A BA TIMELA O TŠOEROE,MONNA,-1,sesotho,t ea chaisitseng motho ka koloi a ba timela o tšoeroe
MONNA EA CHAISITSENG $T$ KA KOLOI A BA TIMELA O TŠOEROE,MOTHO,-1,sesotho,monna ea chaisitseng t ka koloi a ba timela o tšoeroe
HO BATLISOA $T$ SE FUMANOENG LILOMONG,SETOPO SA MOSALI,-1,sesotho,ho batlisoa t se fumanoeng lilomong
HO BATLISOA KA SETOPO SA MOSALI SE FUMANOENG $T$,LILOMONG,0,sesotho,ho batlisoa ka setopo sa mosali se fumanoeng t
$T$ EA BOLAUOENG KE KOLOI O NE A ENA LE BOTHATA BA KELELLO,MONNA,-1,sesotho,t ea bolauoeng ke koloi o ne a ena le bothata ba kelello
MONNA EA BOLAUOENG KE $T$ O NE A ENA LE BOTHATA BA KELELLO,KOLOI,-1,sesotho,monna ea bolauoeng ke t o ne a ena le bothata ba kelello
$T$ EA BOLAUOENG O ETSA HORE MOCHA A EMELE LIKHETHO,MOITHUTI,-1,sesotho,t ea bolauoeng o etsa hore mocha a emele likhetho
MOITHUTI EA BOLAUOENG O ETSA HORE $T$ A EMELE LIKHETHO,MOCHA,1,sesotho,moithuti ea bolauoeng o etsa hore t a emele likhetho
MOITHUTI EA BOLAUOENG O ETSA HORE MOCHA A EMELE $T$,LIKHETHO,0,sesotho,moithuti ea bolauoeng o etsa hore mocha a emele t
TSA MORAO-RAO TSA $T$ TSE FUMANOENG MOTSENG,LITOPO,-1,sesotho,tsa moraorao tsa t tse fumanoeng motseng
TSA MORAO-RAO TSA LITOPO TSE FUMANOENG $T$,MOTSENG,0,sesotho,tsa moraorao tsa litopo tse fumanoeng t
HO FUMANOA $T$ KA HOLIMA THABA,LITOPO TSA BANANA,-1,sesotho,ho fumanoa t ka holima thaba
HO FUMANOA LITOPO TSA BANANA KA HOLIMA $T$,THABA,0,sesotho,ho fumanoa litopo tsa banana ka holima t
$T$ E SENYA MORUTI LITŠOBOTSI KA LEBAKA LA KOLEKE,PHUTHEHO,-1,sesotho,t e senya moruti litšobotsi ka lebaka la koleke
PHUTHEHO E SENYA $T$ LITŠOBOTSI KA LEBAKA LA KOLEKE,MORUTI,-1,sesotho,phutheho e senya t litšobotsi ka lebaka la koleke
$T$ A TLA KENA KA HARA NAHA KAJENO,MASAPO A COMMANDO CORPORAL,-1,sesotho,t a tla kena ka hara naha kajeno
MASAPO A COMMANDO CORPORAL A TLA KENA KA HARA $T$ KAJENO,NAHA,0,sesotho,masapo a commando corporal a tla kena ka hara t kajeno
$T$ KHOTLA KAMORA HO TŠOSA E MONG KA LEFU HO TSEKOA MONNA,MOSALI,-1,sesotho,t khotla kamora ho tšosa e mong ka lefu ho tsekoa monna
MOSALI KHOTLA KAMORA HO TŠOSA E MONG KA LEFU HO TSEKOA $T$,MONNA,0,sesotho,mosali khotla kamora ho tšosa e mong ka lefu ho tsekoa t
$T$ SE FEHELELITSOE KA LITLATSE LE THABO,SEBAPALI SA BOLO,1,sesotho,t se fehelelitsoe ka litlatse le thabo
$T$ LI NKELA MACHINA CHELETE TOROTSOANENG,LINOKOANE,-1,sesotho,t li nkela machina chelete torotsoaneng
LINOKOANE LI NKELA MACHINA $T$ TOROTSOANENG,CHELETE,-1,sesotho,linokoane li nkela machina t torotsoaneng
LINOKOANE LI NKELA MACHINA CHELETE $T$,TOROTSOANENG,0,sesotho,linokoane li nkela machina chelete t
$T$ LE UTSOA LIPHAHLO TSE METSI TERATENG,LESHOLU,-1,sesotho,t le utsoa liphahlo tse metsi terateng
LESHOLU LE UTSOA $T$ TSE METSI TERATENG,LIPHAHLO,-1,sesotho,lesholu le utsoa t tse metsi terateng
LESHOLU LE UTSOA LIPHAHLO TSE METSI $T$,TERATENG,0,sesotho,lesholu le utsoa liphahlo tse metsi t
HO FUMANOA $T$ SE RAPALETSE KA 'MILENG,SETOPO SA MONNA,-1,sesotho,ho fumanoa t se rapaletse ka mileng
$T$ O TAMPA NYATSI HO TSEKOA MONNA,MOSALI,-1,sesotho,t o tampa nyatsi ho tsekoa monna
MOSALI O TAMPA NYATSI HO TSEKOA $T$,MONNA,0,sesotho,mosali o tampa nyatsi ho tsekoa t
MOSALI O TAMPA $T$ HO TSEKOA MONNA,NYATSI,-1,sesotho,mosali o tampa t ho tsekoa monna
$T$ O ETELA MALAPA A BAFU BA TIMETSENG KOTSING EA KOLOI,MOETAPELE,0,sesotho,t o etela malapa a bafu ba timetseng kotsing ea koloi
MOETAPELE O ETELA $T$ A BAFU BA TIMETSENG KOTSING EA KOLOI,MALAPA,-1,sesotho,moetapele o etela t a bafu ba timetseng kotsing ea koloi
$T$ SE LEBA NAHENG EA BOAHISANE,SEBAPALI,1,sesotho,t se leba naheng ea boahisane
SEBAPALI SE LEBA $T$,NAHENG EA BOAHISANE,0,sesotho,sebapali se leba t
$T$ BA QHAUTSOA KE SEPOLESA BA NTSE BA CHEKA LEBITLA BOSIU,BANNA,-1,sesotho,t ba qhautsoa ke sepolesa ba ntse ba cheka lebitla bosiu
BANNA BA QHAUTSOA KE $T$ BA NTSE BA CHEKA LEBITLA BOSIU,SEPOLESA,1,sesotho,banna ba qhautsoa ke t ba ntse ba cheka lebitla bosiu
$T$ E UTSUOENG MAOBANE E FUMANOA E RETLUOE KAJENO,KOLOI,-1,sesotho,t e utsuoeng maobane e fumanoa e retluoe kajeno
$T$ O FUMANOA A TLANTLUOE HLOOHO E LE SETOPO,MONNA,-1,sesotho,t o fumanoa a tlantluoe hlooho e le setopo
$T$ O BAKA PHEREKANO KA MATSATSI A LIKHETHO,'MUSO,-1,sesotho,t o baka pherekano ka matsatsi a likhetho
'MUSO O BAKA PHEREKANO KA $T$,MATSATSI A LIKHETHO,0,sesotho,muso o baka pherekano ka t
$T$ O NYAMELA KA MOHLOLO SEPOLESENG,MONNA,-1,sesotho,t o nyamela ka mohlolo sepoleseng
MONNA O NYAMELA KA MOHLOLO $T$,SEPOLESENG,0,sesotho,monna o nyamela ka mohlolo t
$T$ LE FUMANOA LE NA LE COVID-19,LETONA LA BOPHELO,-1,sesotho,t le fumanoa le na le covid19
LETONA LA BOPHELO LE FUMANOA LE NA LE $T$,COVID-19,-1,sesotho,letona la bophelo le fumanoa le na le t
$T$ O AHLOLOA LILEMO TSE 10 KAMORA HO BETA NGOANA,MONNA,-1,sesotho,t o ahloloa lilemo tse 10 kamora ho beta ngoana
MONNA O AHLOLOA LILEMO TSE 10 KAMORA HO BETA $T$,NGOANA,-1,sesotho,monna o ahloloa lilemo tse 10 kamora ho beta t
$T$ EA LILEMO LI 74 SE FUMANOE SE JOOA KE LINTJA,SETOPO SA NKHOMO,-1,sesotho,t ea lilemo li 74 se fumanoe se jooa ke lintja
SETOPO SA NKHONO EA LILEMO LI 74 SE FUMANOE SE JOOA KE $T$,LINTJA,-1,sesotho,setopo sa nkhono ea lilemo li 74 se fumanoe se jooa ke t
SECHABA SE TLA PHALLELOA KA PHOOFO EA 12.5 LE LINAOA TSA 5KG,SECHABA,1,sesotho,sechaba se tla phalleloa ka phoofo ea 125 le linaoa tsa 5kg
SECHABA SE TLA PHALLELOA KA $T$ EA 12.5 LE LINAOA TSA 5KG,PHOOFO,0,sesotho,sechaba se tla phalleloa ka t ea 125 le linaoa tsa 5kg
SECHABA SE TLA PHALLELOA KA PHOOFO EA 12.5 LE $T$ TSA 5KG,LINAOA,0,sesotho,sechaba se tla phalleloa ka phoofo ea 125 le t tsa 5kg
$T$ SE SEBOKO KA CLINIC,SECHABA,-1,sesotho,t se seboko ka clinic
SECHABA SE SEBOKO KA $T$,CLINIC,-1,sesotho,sechaba se seboko ka t
$T$ A FETANG 96 A EA QHAUTSOA,MAKHOMOSA,-1,sesotho,t a fetang 96 a ea qhautsoa
$T$ O BETSA KHOBA HAPE,MOKHOTHALETSUOA,0,sesotho,t o betsa khoba hape
$T$ BA LLISA BAREKI BA TSONA,BO-RALITAPOLE,-1,sesotho,t ba llisa bareki ba tsona
BO-RALITAPOLE BA LLISA $T$ BA TSONA,BAREKI,-1,sesotho,boralitapole ba llisa t ba tsona
KAJENO KE LETSATSI LE LEHOLO LA $T$,TSOALO EA MORENA,1,sesotho,kajeno ke letsatsi le leholo la t
$T$ O REKELA SEHLOPHA SA BOLO BOEMO,MOHOEBI,1,sesotho,t o rekela sehlopha sa bolo boemo
MOHOEBI O REKELA $T$ BOEMO,SEHLOPHA SA BOLO,0,sesotho,mohoebi o rekela t boemo
$T$ E HLAKOLA KETEKO EA TSOALO EA MORENA,OFISI EA 'MUSI OA SETEREKE,-1,sesotho,t e hlakola keteko ea tsoalo ea morena
OFISI EA 'MUSI OA SETEREKE E HLAKOLA KETEKO EA $T$,TSOALO EA MORENA,1,sesotho,ofisi ea musi oa setereke e hlakola keteko ea t
$T$ O HOKELLA SECHABA MOTLAKASE,MOKHOTHALETSUOA,1,sesotho,t o hokella sechaba motlakase
MOKHOTHALETSUOA O HOKELLA SECHABA $T$,MOTLAKASE,1,sesotho,mokhothaletsuoa o hokella sechaba t
MOKHOTHALETSUOA O HOKELLA $T$ MOTLAKASE,SECHABA,0,sesotho,mokhothaletsuoa o hokella t motlakase
$T$ LE FUMANOA KA LITHEBERA,LESHOLU LA LIPHOOFOLO,-1,sesotho,t le fumanoa ka lithebera
$T$ O SE A QHALILE PARAMENTE,MORENA,-1,sesotho,t o se a qhalile paramente
MORENA O SE A QHALILE $T$,PARAMENTE,0,sesotho,morena o se a qhalile t
$T$ LE SA TSEJOENG LE BOLAEA BATHO BA BARARO LE TŠOAETSA BA 13,LEFU,-1,sesotho,t le sa tsejoeng le bolaea batho ba bararo le tšoaetsa ba 13
LEFU LE SA TSEJOENG LE BOLAEA $T$ BA BARARO LE TŠOAETSA BA 13,BATHO,-1,sesotho,lefu le sa tsejoeng le bolaea t ba bararo le tšoaetsa ba 13
$T$ BA LLA KA BAITŠOKULI SETEREKENG,BAREKI,-1,sesotho,t ba lla ka baitšokuli seterekeng
BAREKI BA LLA KA $T$ SETEREKENG,BAITŠOKULI,-1,sesotho,bareki ba lla ka t seterekeng
BAREKI BA LLA KA BAITŠOKULI $T$,SETEREKENG,0,sesotho,bareki ba lla ka baitšokuli t
$T$ O BOLAEA NKHONAE EA LILEMO LI 66,MONNA,-1,sesotho,t o bolaea nkhonae ea lilemo li 66
MONNA O BOLAEA $T$ EA LILEMO LI 66,NKHONAE,-1,sesotho,monna o bolaea t ea lilemo li 66
$T$ O SIA M45 300 SETEREKENG,MOETAPELE,1,sesotho,t o sia m45 300 seterekeng
MOETAPELE O SIA M45 300 $T$,SETEREKENG,0,sesotho,moetapele o sia m45 300 t
$T$ O RE O BATLA POHO LINAHENG TSA AFRICA,MOSALI,1,sesotho,t o re o batla poho linaheng tsa africa
MOSALI O RE O BATLA POHO $T$,LINAHENG TSA AFRICA,0,sesotho,mosali o re o batla poho t
$T$ O FUMANA LESEA LA HAE LA PELE A LE LILEMO LI 83,MONNA,1,sesotho,t o fumana lesea la hae la pele a le lilemo li 83
MONNA O FUMANA $T$ LA HAE LA PELE A LE LILEMO LI 83,LESEA,0,sesotho,monna o fumana t la hae la pele a le lilemo li 83
$T$ E BOLAOA KA HO HLAJOA MAQEBA A 16 KA NTHO E BOHALE,NGAKA,-1,sesotho,t e bolaoa ka ho hlajoa maqeba a 16 ka ntho e bohale
$T$ UTLOANG MELEKO EA 'MUSO OA MAKHOOA A MABELI,SECHABA,0,sesotho,t utloang meleko ea muso oa makhooa a mabeli
SECHABA UTLOANG MELEKO EA $T$ A MABELI,'MUSO OA MAKHOOA,-1,sesotho,sechaba utloang meleko ea t a mabeli
$T$ LE QHAQHA KHOEBO TOROPONG,LESHOLU,-1,sesotho,t le qhaqha khoebo toropong
LESHOLU LE QHAQHA $T$ TOROPONG,KHOEBO,-1,sesotho,lesholu le qhaqha t toropong
LESHOLU LE QHAQHA KHOEBO $T$,TOROPONG,0,sesotho,lesholu le qhaqha khoebo t
$T$ O HLABA NYALASI HAPE,MONNA,-1,sesotho,t o hlaba nyalasi hape
MONNA O HLABA $T$ HAPE,NYALASI,-1,sesotho,monna o hlaba t hape
$T$ OA MOTSENG O HLABA NTJA HAPE,MONNA,-1,sesotho,t oa motseng o hlaba ntja hape
MONNA OA MOTSENG O HLABA $T$ HAPE,NTJA,0,sesotho,monna oa motseng o hlaba t hape
$T$ BA BOSHOLU BA EA BOLAOA MOTSENG,BABELAELLOA,-1,sesotho,t ba bosholu ba ea bolaoa motseng
BABELAELLOA BA BOSHOLU BA EA BOLAOA $T$,MOTSENG,0,sesotho,babelaelloa ba bosholu ba ea bolaoa t
BATHO THUSANANG RE FUMANE $T$ ENOA,NGOANA,-1,sesotho,batho thusanang re fumane t enoa
$T$ THUSANANG RE FUMANE NGOANA ENOA,BATHO,0,sesotho,t thusanang re fumane ngoana enoa
$T$ EA LILEMO LI 20 O IPOLAEA KA  CHEFU,MOTSOETSE,-1,sesotho,t ea lilemo li 20 o ipolaea ka chefu
MOSALI O QOSOA KA BOSHOLU BA $T$ EA MOO A SEBETSANG,THEPA,0,sesotho,mosali o qosoa ka bosholu ba t ea moo a sebetsang
$T$ LI FUMANOA LI LUTLA MALI,LIPHOOFOLO,-1,sesotho,t li fumanoa li lutla mali
LIPHOOFOLO  LI FUMANOA LI LUTLA $T$,MALI,0,sesotho,liphoofolo li fumanoa li lutla t
$T$ SE HLAHLOBA MEHLAPE METEBONG,SEPOLESA,0,sesotho,t se hlahloba mehlape metebong
SEPOLESA SE HLAHLOBA $T$ METEBONG,MEHLAPE,0,sesotho,sepolesa se hlahloba t metebong
SEPOLESA SE HLAHLOBA MEHLAPE $T$,METEBONG,0,sesotho,sepolesa se hlahloba mehlape t
$T$ LE BA FUMANE BA LE MOLATO,LEKHOTLA,0,sesotho,t le ba fumane ba le molato
$T$ SE FUMANA TLHABOLLO,SECHABA,1,sesotho,t se fumana tlhabollo
$T$ E KETEKA LETSATSI LA BATHO BA NANG LE BOKOOA BA KELELLO,NAHA,1,sesotho,t e keteka letsatsi la batho ba nang le bokooa ba kelello
NAHA E KETEKA LETSATSI LA $T$ BA NANG LE BOKOOA BA KELELLO,BATHO,0,sesotho,naha e keteka letsatsi la t ba nang le bokooa ba kelello
$T$ POLAONG EA SEBOHOLI BA HLAHA KHOTLA,BABELAELLOA,-1,sesotho,t polaong ea seboholi ba hlaha khotla
BABELAELLOA POLAONG EA $T$ BA HLAHA KHOTLA,SEBOHOLI,-1,sesotho,babelaelloa polaong ea t ba hlaha khotla
BABELAELLOA POLAONG EA SEBOHOLI BA HLAHA $T$,KHOTLA,0,sesotho,babelaelloa polaong ea seboholi ba hlaha t
$T$ LIPOLAONG TSA BATHO BA LLELOA KE LITŠEPE,BABELAELLOA,1,sesotho,t lipolaong tsa batho ba lleloa ke litšepe
BABELAELLOA LIPOLAONG TSA $T$ BA LLELOA KE LITŠEPE,BATHO,-1,sesotho,babelaelloa lipolaong tsa t ba lleloa ke litšepe
O FUMANA $T$ EA HO IPABOLA TŠEBETSONG EA HAE,KHAU,1,sesotho,o fumana t ea ho ipabola tšebetsong ea hae
$T$ LI NYOLLA FOLAKHA,LIPAROLA-THOTA TSA SEPOLESA,1,sesotho,t li nyolla folakha
$T$ KA OFISI EA SONA EA MAFOKISI SE NTSE SE TSOELA PELE HO BATLANA LE MOSALI ENOA,SEPOLESA,0,sesotho,t ka ofisi ea sona ea mafokisi se ntse se tsoela pele ho batlana le mosali enoa
SEPOLESA KA $T$ EA SONA EA MAFOKISI SE NTSE SE TSOELA PELE HO BATLANA LE MOSALI ENOA,OFISI,0,sesotho,sepolesa ka t ea sona ea mafokisi se ntse se tsoela pele ho batlana le mosali enoa
SEPOLESA KA OFISI EA SONA EA MAFOKISI SE NTSE SE TSOELA PELE HO BATLANA LE $T$ ENOA,MOSALI,-1,sesotho,sepolesa ka ofisi ea sona ea mafokisi se ntse se tsoela pele ho batlana le t enoa
$T$ SE AMOHELA SEAPARO,LEKHOTLA LA BAITHUTI BA SEKOLO,1,sesotho,t se amohela seaparo
LEKHOTLA LA BAITHUTI BA SEKOLO SE AMOHELA SEAPARO,SEAPARO,0,sesotho,lekhotla la baithuti ba sekolo se amohela seaparo
SEHOPOTSO SA $T$ A OELENG MOLENG OA NTOA,MAPOLESA,1,sesotho,sehopotso sa t a oeleng moleng oa ntoa
$T$ E NEHELANA KA KOLOI HO SEPOLESA,KOMPONE,1,sesotho,t e nehelana ka koloi ho sepolesa
KOMPONE E NEHELANA KA KOLOI HO $T$,SEPOLESA,0,sesotho,kompone e nehelana ka koloi ho t
MOSEBETSI OA HO NEHELANA LE HO BULA SEMMUSO $T$,MOTEBO OA SEPOLESA,1,sesotho,mosebetsi oa ho nehelana le ho bula semmuso t
$T$ O FIHLA SETEREKENG MOO A AMOHELOANG KE LIPALAMI TSA LIPERE,MOHLOMPHEHI TONAKHOLO,1,sesotho,t o fihla seterekeng moo a amoheloang ke lipalami tsa lipere
MOHLOMPHEHI TONAKHOLO O FIHLA $T$ MOO A AMOHELOANG KE LIPALAMI TSA LIPERE,SETEREKENG,1,sesotho,mohlomphehi tonakholo o fihla t moo a amoheloang ke lipalami tsa lipere
KETEKELO EA KHOELI EA $T$,SEPOLESA,1,sesotho,ketekelo ea khoeli ea t
$T$ E NANABETSA LETSOHO HO SEPOLESA,BANKA,1,sesotho,t e nanabetsa letsoho ho sepolesa
BANKA E NANABETSA LETSOHO HO $T$,SEPOLESA,0,sesotho,banka e nanabetsa letsoho ho t
