id,text,anger,disgust,fear,joy,sadness,surprise,emotions,language
eng_train_track_a_00001,"colorado, middle of nowhere.",0,,1,0,0,1,['fear' 'surprise'],english
eng_train_track_a_00002,this involved swimming a pretty large lake that was over my head.,0,,1,0,0,0,['fear'],english
eng_train_track_a_00003,it was one of my most shameful experiences.,0,,1,0,1,0,['fear' 'sadness'],english
eng_train_track_a_00004,"after all, i had vegetables coming out my ears all for the benefit of the young prince.",0,,0,0,0,0,[],english
eng_train_track_a_00005,then the screaming started.,0,,1,0,1,1,['fear' 'sadness' 'surprise'],english
eng_train_track_a_00006,"they don't fear death, and it seems they believe in reincarnation.",0,,1,0,0,1,['fear' 'surprise'],english
eng_train_track_a_00007,you know what happens when i get one of these stupid ideas in my head.,1,,1,0,0,0,['anger' 'fear'],english
eng_train_track_a_00008,my stomach even started giving me fits.,0,,1,0,1,0,['fear' 'sadness'],english
eng_train_track_a_00009,"well, as we're bowling, my dinner began to not sit well with me, and i had to run to the bathroom.",0,,1,0,0,0,['fear'],english
eng_train_track_a_00010,hondas are notoriously great cars for long trips for their dependability and great gas mileage.,0,,0,1,0,0,['joy'],english
eng_train_track_a_00011,it's his reflection.,0,,0,0,0,1,['surprise'],english
eng_train_track_a_00012,"not mine, and not that horrible, but i was browsing the personnel files last week and noticed that my boss' birthday had occurred 3 days prior.",0,,0,0,0,1,['surprise'],english
eng_train_track_a_00013,"i pushed standing up for a while and emerald crowned, but got pretty tired and laid on the bed on my side while matthias held my leg up and that's how emerald came out!",0,,0,1,0,0,['joy'],english
eng_train_track_a_00014,"now my parents live in the foothills, and the college is in a large valley.",0,,0,0,0,0,[],english
eng_train_track_a_00015,"fortunately the kindly ajeoshis and ajummas that i rented the scooter from helped me get on a bus to the other ferry, but not before pulling me up a seat to thier table and shoving succulant watermelon in my face.",0,,0,1,0,1,['joy' 'surprise'],english
eng_train_track_a_00016,i remember being scared shitless.,0,,1,0,0,0,['fear'],english
eng_train_track_a_00017,that was the last time anyone saw her.,0,,1,0,1,0,['fear' 'sadness'],english
eng_train_track_a_00018,the stone inside my heart was removed; ).,0,,0,1,0,0,['joy'],english
eng_train_track_a_00019,"not only was i not able to move, i smacked my head against the guy sitting in front me and things just got awkward.",1,,1,0,0,0,['anger' 'fear'],english
eng_train_track_a_00020,i didn't see any light yet it still seemed to glow.,0,,1,0,0,1,['fear' 'surprise'],english
eng_train_track_a_00021,i unwrapped the candy and popped it into my mouth.,0,,0,1,0,0,['joy'],english
eng_train_track_a_00022,remember the farm-ette?,0,,0,1,0,1,['joy' 'surprise'],english
eng_train_track_a_00023,i took offense to this because as a supervisor i wanted my team to be in good spirits and wanted them to love coming in to work and doing good things for the mission.,1,,0,0,0,0,['anger'],english
eng_train_track_a_00024,""" she awoke from this odd dream and told her mum to wake up her sister.",0,,1,0,0,1,['fear' 'surprise'],english
eng_train_track_a_00025,it broke my heart and nearly ruined me.,0,,1,0,1,0,['fear' 'sadness'],english
eng_train_track_a_00026,"r-i get home and park, just when i think everything is about to turn around, i slip on the ice, and fall flat on my back.",0,,1,0,0,1,['fear' 'surprise'],english
eng_train_track_a_00027,"she said that i shouldn't do anything with my finger, not even type.",0,,1,0,0,0,['fear'],english
eng_train_track_a_00028,"it definitely makes my hand feel weird, and i haven't thrown up yet.",0,,1,0,0,0,['fear'],english
eng_train_track_a_00029,now when i have too much to do my brain just gets distracted by all the other jobs jostling for attention.,0,,1,0,0,0,['fear'],english
eng_train_track_a_00030,i expect them to come in the backdoor any second but i hear nothing.,0,,1,0,0,1,['fear' 'surprise'],english
eng_train_track_a_00031,the rattling in my brain clogs my nose.,0,,1,0,1,0,['fear' 'sadness'],english
eng_train_track_a_00032,i had to turn my head back into the stream of water just so i didn't burst out laughing and lose it right there.,0,,0,1,0,0,['joy'],english
eng_train_track_a_00033,"so when the laughing fit stopped, back to my seat i went with a big ole smile across my face.",0,,0,1,0,0,['joy'],english
eng_train_track_a_00034,"""i lost the towel.",0,,1,0,0,0,['fear'],english
eng_train_track_a_00035,sets the power/entity free.,0,,1,1,0,1,['fear' 'joy' 'surprise'],english
eng_train_track_a_00036,this is causing some of the puffiness in his face and sometimes causes a severe headache.,0,,1,0,1,0,['fear' 'sadness'],english
eng_train_track_a_00037,there was apparently then some awkward laughter and apologies and my grandpa and his friends were dismissed.,1,,1,0,1,1,['anger' 'fear' 'sadness' 'surprise'],english
eng_train_track_a_00038,i don't stop.,0,,1,0,0,0,['fear'],english
eng_train_track_a_00039,i got lie after lie.,1,,1,0,1,0,['anger' 'fear' 'sadness'],english
eng_train_track_a_00040,"after scratching my head, i headed to the front yard, where there are no trees, on the off chance that something truly weird had caused a limb to plop down on my house.",0,,1,0,0,1,['fear' 'surprise'],english
eng_train_track_a_00041,"and i got ta tell you right here folks, that brings a tear to my eye.",0,,0,1,1,0,['joy' 'sadness'],english
eng_train_track_a_00042,i'm feeling my eyes drift a bit so i guess i better attempt to try to go to sleep... i have to go to my mom's work at 7 to help her out.,0,,1,0,1,0,['fear' 'sadness'],english
eng_train_track_a_00043,i've never met any of the other members but we all send each other x-mas cards &amp; random stuff.,0,,0,1,0,1,['joy' 'surprise'],english
eng_train_track_a_00044,the last week i've gone to bed at 7 every morning with house music blasting in my ear and have woken up with only an appetite for more.,0,,0,1,0,0,['joy'],english
eng_train_track_a_00045,it was one of the most spiritual moments of my life.,0,,0,1,0,1,['joy' 'surprise'],english
eng_train_track_a_00046,i definitely ended up with a plastic burn on my elbow.,0,,1,0,0,0,['fear'],english
eng_train_track_a_00047,"as i started to jog easily to the starting line, my leg felt a little stiff and my shin was hurting a bit.",0,,1,0,1,0,['fear' 'sadness'],english
eng_train_track_a_00048,"i asked if anyone else just saw that and right on queue my best friend says ""that hand just reach out of the entertainment center?",0,,1,0,0,1,['fear' 'surprise'],english
eng_train_track_a_00049,"i started to grip my sheets, barely breathing as my mind raced and my eyes focused, not physically seeing anything out of the ordinary as the sirens wailed outside my apartment, the 35th floor should have been enough distance to drown out the sound, but it wasn't, and i shut my eyes, leaping to the lightswitch.",0,,1,0,0,0,['fear'],english
eng_train_track_a_00050,i had a chocolate and got up my nerve to ask about the games.,0,,1,1,0,0,['fear' 'joy'],english
eng_train_track_a_00051,painted on my face.,0,,0,0,0,0,[],english
eng_train_track_a_00052,nothing behind me either.,0,,1,0,0,1,['fear' 'surprise'],english
eng_train_track_a_00053,it felt so unreal...,0,,1,0,0,1,['fear' 'surprise'],english
eng_train_track_a_00054,she left the room and went downstairs.,0,,0,0,0,0,[],english
eng_train_track_a_00055,all of it on top of my head.,0,,1,0,0,0,['fear'],english
eng_train_track_a_00056,i went into the closet to investigate and found nothing... /chills,0,,1,0,0,1,['fear' 'surprise'],english
eng_train_track_a_00057,i'm trying to work and accomplish things and train this other guy on how to help me with my job and i can't even move my head for fear of puking on my desk.,0,,1,0,0,0,['fear'],english
eng_train_track_a_00058,break my heart a thousand times and i realized that sometimes it really still hurts...,0,,0,0,1,0,['sadness'],english
eng_train_track_a_00059,"ah, to close my eyes and let time fly by, because there's so much to gain by forgetting these dreams driving me insane.",0,,1,0,1,0,['fear' 'sadness'],english
eng_train_track_a_00060,"and then we have the ultimately retarded `` spanish lesson '' ( which i kind of like because it's so entertainingly bad ) and `` incredible, '' which just flat-out gets on my nerves.",1,,0,0,0,0,['anger'],english
eng_train_track_a_00061,' i chanted in my head.,0,,0,0,0,0,[],english
eng_train_track_a_00062,"back to earth as i opened my eye, i was lying back on a hospital bed with my right leg elevated, cupped in the hands of the young indian doctor who had been trying to save my life.",0,,1,0,1,0,['fear' 'sadness'],english
eng_train_track_a_00063,this expert also was the ex-husband of the murdered woman.,0,,1,0,1,1,['fear' 'sadness' 'surprise'],english
eng_train_track_a_00064,"i did manage to remember to hang out the washing, but only because the annoying beeping sound the washer makes when its finished a cycle finally filtered into my brain and started to irritate me enough that i couldn't ignore it any longer.",1,,1,0,0,0,['anger' 'fear'],english
eng_train_track_a_00065,it cut through all the fear and anger in my brain.,1,,1,0,0,0,['anger' 'fear'],english
eng_train_track_a_00066,"back in 2006 when i was in high school i took earth sciences, and in the spring i was on my teacher's computer when i came across a photo of me giving the thumbs up.",0,,0,1,0,1,['joy' 'surprise'],english
eng_train_track_a_00067,"but occasionally, my nerves still do get the best of me, and i start to flop around in the breathless panic of a fish pulled out of water and tossed onto the floor to die helplessly.",0,,1,0,0,0,['fear'],english
eng_train_track_a_00068,the effect was a feeling i've described as running my hand along a cheese grater.,0,,1,0,1,0,['fear' 'sadness'],english
eng_train_track_a_00069,asked a flustered girl that bumped into my arm.,0,,1,0,0,0,['fear'],english
eng_train_track_a_00070,a sharp stinging stripe across the backs of my legs.,0,,1,0,1,0,['fear' 'sadness'],english
eng_train_track_a_00071,i really have to watch my mouth.,0,,0,0,0,0,[],english
eng_train_track_a_00072,"the redmond cycling club that organizes this event, had made-to-order coldcut sandwiches and -- be still my heart -- ice-cold cans of coca-cola at the final aid station.",0,,0,1,0,0,['joy'],english
eng_train_track_a_00073,i was walking around cursing the day in my head.,1,,1,0,1,0,['anger' 'fear' 'sadness'],english
eng_train_track_a_00074,i shook my head and willed every broken hearted thought to go away.,0,,0,0,1,0,['sadness'],english
eng_train_track_a_00075,"i hope whatever i did do today, the two paper 2s adn the reading of the ntoes adn the definitaions i recited, stick in my head and i do nt forget anything: ( sigh.",0,,1,0,1,0,['fear' 'sadness'],english
eng_train_track_a_00076,"about 3 years ago i had a very vivid dream about my deceased aunt and uncle, sylvia &amp; john.",0,,0,0,1,1,['sadness' 'surprise'],english
eng_train_track_a_00077,"it could have been my eye -- but my glasses probably blocked that from happening, and diverted the injury higher up on my head.",0,,1,0,0,1,['fear' 'surprise'],english
eng_train_track_a_00078,`` i went to put my hand in my pockets and realised what they'd done.,0,,1,0,0,0,['fear'],english
eng_train_track_a_00079,"but my heart pounded in my chest and i couldnt breath, couldnt even look at him.",0,,1,0,0,0,['fear'],english
eng_train_track_a_00080,i was never so happy to have my feet on solid ground though.,0,,0,1,0,0,['joy'],english
eng_train_track_a_00081,they don't seem to be evil or dangerous.,0,,1,0,0,0,['fear'],english
eng_train_track_a_00082,i always like to head out into the boonies after i have been away for a long time... to get my head straight.,0,,0,1,0,0,['joy'],english
eng_train_track_a_00083,sage grabbed my toothbrush this morning and showed me how to brush my teeth.,0,,0,0,0,0,[],english
eng_train_track_a_00084,"i trust this man even less than the woman, but i can't put my finger on it.",0,,1,0,0,0,['fear'],english
eng_train_track_a_00085,i guess i pointed to jenny without hesitation.,0,,0,0,0,0,[],english
eng_train_track_a_00086,we locked our door and kept our lights on the whole night and just watched movies until dawn.,0,,1,0,0,0,['fear'],english
eng_train_track_a_00087,just doing something this stupid as a kid.,0,,0,0,1,0,['sadness'],english
eng_train_track_a_00088,fishin '' i woke up in the morning my head was throbing black and blue eyed thought i'd died smashed up my tv set.,0,,1,0,1,1,['fear' 'sadness' 'surprise'],english
eng_train_track_a_00089,it was as if everything was silent for just a second.,0,,1,0,0,1,['fear' 'surprise'],english
eng_train_track_a_00090,"i filled it out and tried to stay calm, but my legs were still shaking!",0,,1,0,0,0,['fear'],english
eng_train_track_a_00091,""" the man told her that he had and she said, ""well, i might as well tell you the story.",0,,0,0,0,1,['surprise'],english
eng_train_track_a_00092,"first, some background: i am a male, i live in latvia, my father is a hunter and we occasionally go hunting during the weekends.",0,,0,0,0,0,[],english
eng_train_track_a_00093,"needless to say, i turned her down.",0,,0,0,0,0,[],english
eng_train_track_a_00094,"after dragging myself through all of those sets, my stomach being upset, and my body feeling entirely fatigued $ the last thing i wanted to do was hop on the treadmill for some incline walking.",0,,1,0,1,0,['fear' 'sadness'],english
eng_train_track_a_00095,"the first five minutes i could feel my heart pounding in my chest, as our q&a went on i got more relaxed.",0,,1,1,0,0,['fear' 'joy'],english
eng_train_track_a_00096,and these were brutal wounds.,1,,1,0,1,1,['anger' 'fear' 'sadness' 'surprise'],english
eng_train_track_a_00097,"slowly sliding down towards the floor, not having the strength to stay up on my feet any longer, hearing the words `` it's time '' and thinking please no.",0,,1,0,1,0,['fear' 'sadness'],english
eng_train_track_a_00098,my eyes welled up with tears and my voice cracked.,0,,1,0,1,0,['fear' 'sadness'],english
eng_train_track_a_00099,"however, i made sure to take a few swishes of water just so my mouth felt like it got a lot of moisture.",0,,0,1,0,0,['joy'],english
eng_train_track_a_00100,"thankfully, he doesn't really hold grudges, so i think every day starts with a clean slate... of course, like a normal human being, he has his limit, which i am trying really really hard to avoid reaching.also, my throat is dry and hurting because i slept with my mouth wide open last night, and the two times i napped at the boy's house, i slept with it open, again.",0,,1,0,0,0,['fear'],english
eng_train_track_a_00101,""" ""look... out your window.",0,,0,0,0,1,['surprise'],english
eng_train_track_a_00102,the silence cupped my ears where it was all i could see and hear.,0,,1,0,1,0,['fear' 'sadness'],english
eng_train_track_a_00103,"i'm happy that someone was there, but then again, there still is that part of me, driven deep down and rooted in the ground that keeps on whispering in my ear, `` in the end, all you got is you, remember that. ''",0,,1,1,1,0,['fear' 'joy' 'sadness'],english
eng_train_track_a_00104,"so not an objection at the ceremony, but my wife's parents and brother didn't come to the ceremony at all out of objection to us getting hitched.",1,,1,0,1,1,['anger' 'fear' 'sadness' 'surprise'],english
eng_train_track_a_00105,the stench hit me first.,0,,1,0,0,1,['fear' 'surprise'],english
eng_train_track_a_00106,it was the dance of my heart.,0,,0,1,0,0,['joy'],english
eng_train_track_a_00107,he gave me my love of science and education.,0,,0,1,0,0,['joy'],english
eng_train_track_a_00108,i thought it was a joke.,0,,1,0,0,1,['fear' 'surprise'],english
eng_train_track_a_00109,"i feel like my stomach's had a growth spurt, which leaves me aching and sore.",0,,1,0,1,0,['fear' 'sadness'],english
eng_train_track_a_00110,i got a little burn on my finger and it ticked me off.,1,,1,0,1,0,['anger' 'fear' 'sadness'],english
eng_train_track_a_00111,i'm confused about it but keep pressing.,0,,1,0,0,1,['fear' 'surprise'],english
eng_train_track_a_00112,"the second time i saw her, she told me she was a registered sex offender.",1,,1,0,1,1,['anger' 'fear' 'sadness' 'surprise'],english
eng_train_track_a_00113,"she was rude to our photographer, she was rude to a few guests, and to us.",1,,0,0,0,0,['anger'],english
eng_train_track_a_00114,"an hour after i got here my eyes swelled up and are so itchy, my athsma is ridiculous ( in vic i do nt even take medications!",0,,1,0,1,0,['fear' 'sadness'],english
eng_train_track_a_00115,"as usual, i feel like im carrying too much burdens in my heart.",0,,1,0,1,0,['fear' 'sadness'],english
eng_train_track_a_00116,"i hate the idea of not making progress, it breaks my heart to see time being wasted away, standing still-i hate the idea that i can not see the world.",1,,1,0,1,0,['anger' 'fear' 'sadness'],english
eng_train_track_a_00117,but i spent two days reading and still didn't hit the end of this thread.,1,,1,0,0,1,['anger' 'fear' 'surprise'],english
eng_train_track_a_00118,"but i was feeling really nervous, and my hands were sweaty.",0,,1,0,0,0,['fear'],english
eng_train_track_a_00119,and throw my hands in the air.,0,,0,1,0,0,['joy'],english
eng_train_track_a_00120,then the cop shows up.,0,,1,0,0,1,['fear' 'surprise'],english
eng_train_track_a_00121,"teetering for a moment, i caught myself from falling only to fling myself to my knees in the dirt.",0,,1,0,0,0,['fear'],english
eng_train_track_a_00122,"i fumbled my way toward the light, and my fingers closed around the doorknob.",0,,1,0,0,0,['fear'],english
eng_train_track_a_00123,"i did as much time as i could on my feet for closing gate, but had to sit for stretch before cannon.",0,,1,0,0,0,['fear'],english
eng_train_track_a_00124,"the weather up there are super cozy, i went to wash my hand, the water are freezing!!!",0,,1,0,0,0,['fear'],english
eng_train_track_a_00125,"but the emotional constrictor that had wrapped itself around my ribs and stomach seems to have gone, and it's not a strain to smile.",0,,0,1,0,0,['joy'],english
eng_train_track_a_00126,"nothing like the city to remind you that you are among humans and animals.proactive acne shit review: so, after only a week of using proactive, i started to notice the difference in my skin.",0,,0,1,0,0,['joy'],english
eng_train_track_a_00127,she certainly has the right name... view at the glaciers in the distance.me being silly... so i had a good morning before going to work and feeling the world-at least the hotel world-crumbling at my feet...,0,,1,0,1,0,['fear' 'sadness'],english
eng_train_track_a_00128,my heart beat so fast when the beautiful man give yunho a peck on his left cheek.,0,,1,1,0,0,['fear' 'joy'],english
eng_train_track_a_00129,the nightmares and fear were new and inexplicable.,0,,1,0,1,1,['fear' 'sadness' 'surprise'],english
eng_train_track_a_00130,i could feel my heart breaking into millions of pieces.,0,,0,0,1,0,['sadness'],english
eng_train_track_a_00131,"the kissing and touching don't stop, they just get more... interesting.",0,,0,1,0,1,['joy' 'surprise'],english
eng_train_track_a_00132,"i was trying to concentrate on not falling, but i totally slipped and almost fell on my face.",0,,1,0,0,1,['fear' 'surprise'],english
eng_train_track_a_00133,"im not ashamed to say sometimes i have more fun clipping my nails, pumicing my feet, moisturizing my body and watching the wedding planner on tbs with a mask on my face while conditioning my hands and feet with special lotion and gloves & booties on.",0,,0,1,0,0,['joy'],english
eng_train_track_a_00134,we are earths last hope against extinction.,0,,1,0,1,1,['fear' 'sadness' 'surprise'],english
eng_train_track_a_00135,went to a party at a friends house.,0,,0,1,0,0,['joy'],english
eng_train_track_a_00136,"jimmy gently poured some into my mouth, dipping my head back and asking me to swallow.",0,,0,0,0,0,[],english
eng_train_track_a_00137,fast forward six months - i've moved to central virginia for work.,0,,0,1,0,0,['joy'],english
eng_train_track_a_00138,( huge grin on my face now. ),0,,0,1,0,0,['joy'],english
eng_train_track_a_00139,"pops been moved out of icu now and he's going well, but now i've sprained my wrist... stupid hockey!",1,,1,0,1,0,['anger' 'fear' 'sadness'],english
eng_train_track_a_00140,"i told them i felt a bit sick so they hurriedly put a sickbowl on my chest, then 10 seconds later i spewed up but a lot of it when all down my new white tshirt.",0,,1,0,1,1,['fear' 'sadness' 'surprise'],english
eng_train_track_a_00141,"eventually the fridge was back in place and i had even managed to score a minor victory against my fear of fire extinguishers as i successfully moved it across the room ( the fear comes from one fell on my foot, long story! )",0,,1,0,0,0,['fear'],english
eng_train_track_a_00142,my jaw nearly dropped.,0,,0,0,0,1,['surprise'],english
eng_train_track_a_00143,"after i wash my face and brush my teeth, i go out from the kitchen and found that, someone sleep on my place, using my blanket and also pillow.",0,,1,0,0,1,['fear' 'surprise'],english
eng_train_track_a_00144,not creepy but ghostly.,0,,1,0,0,1,['fear' 'surprise'],english
eng_train_track_a_00145,"what came out of my mouth was: ""because white reigns supreme.",1,,1,0,1,1,['anger' 'fear' 'sadness' 'surprise'],english
eng_train_track_a_00146,"don't walk away, i'm talking to you, there's bruises on my face.",1,,1,0,1,0,['anger' 'fear' 'sadness'],english
eng_train_track_a_00147,as i go to take the hook out of my 4th fish... it shakes and embeds the hook in my hand.,1,,1,0,1,1,['anger' 'fear' 'sadness' 'surprise'],english
eng_train_track_a_00148,i saw peppermint patties.,0,,0,1,0,1,['joy' 'surprise'],english
eng_train_track_a_00149,it better not be for my parenting.,1,,1,0,0,0,['anger' 'fear'],english
eng_train_track_a_00150,can i add a bridesmaid-zilla story?,0,,0,1,0,1,['joy' 'surprise'],english
eng_train_track_a_00151,we ended up keeping the old house and renting it out though.,0,,0,1,0,0,['joy'],english
eng_train_track_a_00152,"most mornings i drift in and out, slowly shaking off the fuddle of sleep but yesterday i was right there with my eyes wide open and the clock saying eight.",0,,0,1,0,0,['joy'],english
eng_train_track_a_00153,`` my god $ '' `` what's wrong with my arm? '',0,,1,0,0,1,['fear' 'surprise'],english
eng_train_track_a_00154,could be wrong though.,0,,1,0,0,0,['fear'],english
eng_train_track_a_00155,"every movement of the body below my waist caused pain, in such a way that i could anticipate it and, with a bit of understanding, even cope.",0,,1,0,1,0,['fear' 'sadness'],english
eng_train_track_a_00156,first day of school.,0,,1,1,0,0,['fear' 'joy'],english
eng_train_track_a_00157,"she opened the door of the moving vehicle, jumped out, and landed on her feet.",0,,1,1,0,1,['fear' 'joy' 'surprise'],english
eng_train_track_a_00158,my mouth by then like cardboard.,0,,0,0,0,0,[],english
eng_train_track_a_00159,i was scared shitless.,0,,1,0,0,1,['fear' 'surprise'],english
eng_train_track_a_00160,not a single soul.,0,,1,0,1,1,['fear' 'sadness' 'surprise'],english
eng_train_track_a_00161,"as the blood seems to return to my head, i can think clearly and muster the energy to keep going.",0,,1,1,0,0,['fear' 'joy'],english
eng_train_track_a_00162,"i fell out of a tree earlier today, and landed on my head after about an eight foot drop onto concrete.",0,,1,0,1,1,['fear' 'sadness' 'surprise'],english
eng_train_track_a_00163,"but well need large plastic bags, i dont know where to get those.",0,,1,0,0,0,['fear'],english
eng_train_track_a_00164,i wish i had.,0,,0,0,1,0,['sadness'],english
eng_train_track_a_00165,"the next thing i knew, i felt this huge impact on my head, and then a few more after that.",0,,1,0,0,1,['fear' 'surprise'],english
eng_train_track_a_00166,"i turn around, hoping my back hid part of my drawing and look down at the paper in front of ryutaro, my hand only inches away from his and start to explain the directions a little clearer to him.",0,,0,0,0,0,[],english
eng_train_track_a_00167,she was very wrong.,1,,0,0,0,0,['anger'],english
eng_train_track_a_00168,they seemed quit some distance away from me.,0,,1,0,0,0,['fear'],english
eng_train_track_a_00169,my back is jacked up again.,1,,1,0,1,0,['anger' 'fear' 'sadness'],english
eng_train_track_a_00170,"of course, i could have soaked my hand in a bucket for a couple of hours, but that's not the case here.",0,,0,0,0,0,[],english
eng_train_track_a_00171,as he approached the edge of it he took to prep hops.,0,,1,0,0,1,['fear' 'surprise'],english
eng_train_track_a_00172,"in silence, i prayed and searched my heart....",0,,1,0,1,0,['fear' 'sadness'],english
eng_train_track_a_00173,i couldnt walk without tripping over her.,1,,1,0,0,0,['anger' 'fear'],english
eng_train_track_a_00174,you know the ones?,0,,0,0,0,1,['surprise'],english
eng_train_track_a_00175,"i could hardly believe that after all this time, after so many seasons spent reaping despair, he was finally here, in my arms.",0,,0,1,0,0,['joy'],english
eng_train_track_a_00176,"we could have been part of organized crime, but my grandpa (who died before i was born) didn't want any part of it and decided to live an honest life.",0,,0,1,1,1,['joy' 'sadness' 'surprise'],english
eng_train_track_a_00177,they hooked me up to an iv to give me some medicine ( not sure what kind ) and gave me a shot of adrenaline to try to get the swelling in my throat down.,0,,1,0,0,0,['fear'],english
eng_train_track_a_00178,i remembered back to last week when my neck was really hurting.,0,,1,0,1,0,['fear' 'sadness'],english
eng_train_track_a_00179,"the form itself did not shed any light, but was light.",0,,0,0,0,1,['surprise'],english
eng_train_track_a_00180,"it was just a knick, but and the blood $ the rain was cold, but my tears were hot against my cheeks.",0,,1,0,1,0,['fear' 'sadness'],english
eng_train_track_a_00181,"it looked like there was a golfball on the side of my knee... a purple, blueish golfball.",0,,1,0,1,0,['fear' 'sadness'],english
eng_train_track_a_00182,"this is typical, as they need to justify their existence.",1,,0,0,0,0,['anger'],english
eng_train_track_a_00183,seemingly because the bartenders were very heavy handed.,1,,0,0,0,0,['anger'],english
eng_train_track_a_00184,& # x 26; nbsp; i folded my arms on the table and rested my head on my hands-but in a few moments there was a lot of tension in my jaw from this positon.,0,,1,0,0,0,['fear'],english
eng_train_track_a_00185,my pride hurt worse than my leg did.,1,,0,0,1,0,['anger' 'sadness'],english
eng_train_track_a_00186,on sunday i tucked the new license plates under my arm and headed out to the garage to find the duck tool.,0,,0,0,0,0,[],english
eng_train_track_a_00187,blotted out the moon.,0,,1,0,0,1,['fear' 'surprise'],english
eng_train_track_a_00188,my hand hurt so bad afterwards.,0,,1,0,0,0,['fear'],english
eng_train_track_a_00189,i had just had a procedure done to implant an intrathecal baclofen pump in my belly.,0,,1,0,0,0,['fear'],english
eng_train_track_a_00190,"last i heard, that other guy was homeless and dead.",0,,1,0,1,1,['fear' 'sadness' 'surprise'],english
eng_train_track_a_00191,with sudden resolution i took my hands from the rail.,0,,0,0,0,0,[],english
eng_train_track_a_00192,"the following two days, i was in a moderate amount of pain and had very limited range of motion in my arms.",0,,1,0,1,0,['fear' 'sadness'],english
eng_train_track_a_00193,i felt a slight heat creep over my cheeks and i giggled lightly coming back to the thought that he was all mine.,0,,0,1,0,0,['joy'],english
eng_train_track_a_00194,"let me put it this way: i burned so much as a kid that my nose is permanently red.i look back on all of this skin damage, and wish i could go back to my old self and do some kind of scared straight intervention.",0,,0,0,1,0,['sadness'],english
eng_train_track_a_00195,"after the deception, but before the divorce.",1,,1,0,1,0,['anger' 'fear' 'sadness'],english
eng_train_track_a_00196,it just... went away.,0,,1,0,1,1,['fear' 'sadness' 'surprise'],english
eng_train_track_a_00197,"it was really nice to feel the sun on my face because the winter blues really are real-for me at least: ) it was brent's birthday while we were there, and my awesome family throw him a little birthday party ( i was so glad that i didn't have to do a thing )!",0,,0,1,0,0,['joy'],english
eng_train_track_a_00198,"stuck in this place, with the world rushing by, tears stream down my face, as i stand here, waiting to die.",0,,1,0,1,0,['fear' 'sadness'],english
eng_train_track_a_00199,the cold outside feels so good on my skin.,0,,0,1,0,0,['joy'],english
eng_train_track_a_00200,several times in the last couple weeks i've had to scratch my head cleverly for a few minutes trying to figure out how to get into my office.,0,,1,0,0,0,['fear'],english
eng_train_track_a_00201,"now, i just sit there and nod my head, as i listen to the excuses people use to not make positive changes in their life.",0,,0,0,0,0,[],english
eng_train_track_a_00202,"not moving, not menacing.",0,,1,0,0,0,['fear'],english
eng_train_track_a_00203,the first thought that came into my head was that i needed to go to work as soon as possible.,0,,1,0,0,0,['fear'],english
eng_train_track_a_00204,a rather regular occurrence happened at night upstairs.,0,,1,0,0,0,['fear'],english
eng_train_track_a_00205,spirit-search my heart,0,,0,0,0,0,[],english
eng_train_track_a_00206,"i play it over and over in my head, word for word.",0,,1,0,1,0,['fear' 'sadness'],english
eng_train_track_a_00207,"so many things were going on in my life, in my head and in my heart that i just couldn't write any of them down.",0,,1,0,1,0,['fear' 'sadness'],english
eng_train_track_a_00208,it felt so real that i actually woke up.,0,,1,0,0,1,['fear' 'surprise'],english
eng_train_track_a_00209,my ex-boyfriend was just a horrible liar.,1,,0,0,1,0,['anger' 'sadness'],english
eng_train_track_a_00210,the police were trying to calm him down.,0,,1,0,0,0,['fear'],english
eng_train_track_a_00211,my brain stops and then i feel like conking out.,0,,1,0,1,0,['fear' 'sadness'],english
eng_train_track_a_00212,your son is not liking the strap around my belly. '',0,,1,0,0,0,['fear'],english
eng_train_track_a_00213,at one point it even came up to my foot to nibble on the grass near my toes.,0,,0,1,0,0,['joy'],english
eng_train_track_a_00214,but it was good; it kept me on my feet for a long while.knee?,0,,0,1,0,0,['joy'],english
eng_train_track_a_00215,"i pull the trigger, feel the recoil in my hand along with the professionally, almost muted sound and watch him shudder and then go limp against me.",1,,1,0,1,0,['anger' 'fear' 'sadness'],english
eng_train_track_a_00216,"well i make it about 2 miles from my apartment when i notice a small drop on my arm and then another, i say uh oh i better get back then it starts to rain a little, then harder and harder, to the point that im soaked, even my shoes are filled with water.",0,,1,0,1,0,['fear' 'sadness'],english
eng_train_track_a_00217,"last night i walked into my room ( without turning on the light switch ) and tripped over a laundry basket, and fell on my face.",0,,1,0,1,1,['fear' 'sadness' 'surprise'],english
eng_train_track_a_00218,i was completely dumbstruck.,0,,0,0,0,1,['surprise'],english
eng_train_track_a_00219,"as i was placing them in the `` to be thrown out '' pile, something caught my eye and made me look closer.",0,,0,0,0,1,['surprise'],english
eng_train_track_a_00220,"as i frantically grabbed at it to pull it up, i dropped every single thing in my hands.",1,,1,0,0,1,['anger' 'fear' 'surprise'],english
eng_train_track_a_00221,"we always just thought she was scared of the dark, just like most kids are.",0,,1,0,0,0,['fear'],english
eng_train_track_a_00222,"she claimed i beat her, raped her, tortured, and abused her.",1,,1,0,1,1,['anger' 'fear' 'sadness' 'surprise'],english
eng_train_track_a_00223,i had a lump in my throat several times.,0,,1,0,1,0,['fear' 'sadness'],english
eng_train_track_a_00224,i know last time i did this i hurt my back a little but i never learn i'm hard headed i wanted to burn up some more calories.,0,,1,0,0,0,['fear'],english
eng_train_track_a_00225,"it started out slow, like we'd fight once a month over stupid little things and sometimes big things.",1,,1,0,1,0,['anger' 'fear' 'sadness'],english
eng_train_track_a_00226,i fell asleep with visions of 5 grand dancing in my head.,0,,0,1,0,0,['joy'],english
eng_train_track_a_00227,i will defend this to the grave.,1,,0,0,0,0,['anger'],english
eng_train_track_a_00228,coupled with the sound of rotors deafeningly stunning my ears and the very air in and around the cab of my car.,0,,1,0,0,1,['fear' 'surprise'],english
eng_train_track_a_00229,apparently the aftermath of the clogged toilet was pretty gruesome.,0,,1,0,0,1,['fear' 'surprise'],english
eng_train_track_a_00230,"staring down at the device, i felt this cold chill start at the base of my neck and spread throughout my body.",0,,1,0,0,1,['fear' 'surprise'],english
eng_train_track_a_00231,it was funny because i thought i broke my arm.,0,,1,1,0,1,['fear' 'joy' 'surprise'],english
eng_train_track_a_00232,"idk why, my eyes just got really watery and i felt really scared and felt so lost all of a sudden: /",0,,1,0,1,1,['fear' 'sadness' 'surprise'],english
eng_train_track_a_00233,i did nt drink cause my lungs were giving me problems but the rest did.,0,,1,0,0,0,['fear'],english
eng_train_track_a_00234,my heart melted.,0,,0,1,0,0,['joy'],english
eng_train_track_a_00235,weird guy to say the least,0,,1,0,0,1,['fear' 'surprise'],english
eng_train_track_a_00236,"even with an armed officer of the law at my back, it was a bit unnerving to open the front door.",0,,1,0,0,0,['fear'],english
eng_train_track_a_00237,the outer right side was throbbing in pain and shooting up to my ankle.,0,,1,0,1,0,['fear' 'sadness'],english
eng_train_track_a_00238,my heart starts pounding as my eyes scroll up the dress and it was scarlett.,0,,1,0,0,1,['fear' 'surprise'],english
eng_train_track_a_00239,i know that feel.,0,,0,1,1,0,['joy' 'sadness'],english
eng_train_track_a_00240,i will lose sleep.,0,,1,0,1,0,['fear' 'sadness'],english
eng_train_track_a_00241,then we finally saw what was going on.,0,,1,1,0,1,['fear' 'joy' 'surprise'],english
eng_train_track_a_00242,"i jumped up frantically ( the receptionist cast an odd glance toward me, and some net users stared ) and looked at my hands.",0,,1,0,0,0,['fear'],english
eng_train_track_a_00243,"when they are near me i either scream, or my mind goes blank and i saw whatever pops into my head ( no... seriously, it's kind of sad.",0,,1,0,1,0,['fear' 'sadness'],english
eng_train_track_a_00244,for dessert and coffee we went to another cafe down the street.,0,,0,1,0,0,['joy'],english
eng_train_track_a_00245,awkward lunch time... sometimes i think my mouth just kinda glues shut on me.,0,,1,0,1,0,['fear' 'sadness'],english
eng_train_track_a_00246,"my head looked up automatically, and the first person out of the others out there, i saw him.",0,,1,0,0,1,['fear' 'surprise'],english
eng_train_track_a_00247,"i played around in the water, haha just my feet in the water though, it was too cold.",0,,0,1,0,0,['joy'],english
eng_train_track_a_00248,first college room mate ever.,0,,0,1,0,1,['joy' 'surprise'],english
eng_train_track_a_00249,and i can't breath through my nose.,0,,1,0,0,0,['fear'],english
eng_train_track_a_00250,"my head poked out of the grass again, catching sight of the men nearing my position, only about fifteen yards.",0,,1,0,1,0,['fear' 'sadness'],english
eng_train_track_a_00251,it was mutually beneficial.,0,,0,1,0,0,['joy'],english
eng_train_track_a_00252,telling me i'm going to hell.,1,,1,0,1,0,['anger' 'fear' 'sadness'],english
eng_train_track_a_00253,only in my foot.,0,,0,0,0,0,[],english
eng_train_track_a_00254,"i want to learn about you, communicate with you.",0,,0,1,0,0,['joy'],english
eng_train_track_a_00255,"i'd just started a new character on a different world than i usually play on, then this guy wants to join my party...",0,,1,1,0,1,['fear' 'joy' 'surprise'],english
eng_train_track_a_00256,"amused so yeah, i broke my nose playing `` flag '' football yesterday.",0,,0,0,1,0,['sadness'],english
eng_train_track_a_00257,his last days were spent in a cone.,0,,0,0,1,0,['sadness'],english
eng_train_track_a_00258,"i didn't notice either that i was still sitting on the floor, the rug pattern branded on my knees.",0,,0,0,1,0,['sadness'],english
eng_train_track_a_00259,"i'm very very pale, and any bandages like that stick out like a dark brown blemish.",0,,1,0,1,0,['fear' 'sadness'],english
eng_train_track_a_00260,plus my knees look more hardcore in black and blue.,0,,0,1,0,0,['joy'],english
eng_train_track_a_00261,"my hands are usually cool, and i defend them, spouting `` cold hands, warm heart! ''",0,,0,1,0,0,['joy'],english
eng_train_track_a_00262,"there were dozens of us, crying, screaming, or in shock.",0,,1,0,1,1,['fear' 'sadness' 'surprise'],english
eng_train_track_a_00263,3.woke up from a horrible dream of my ex boyfriend with his new girlfriend.,1,,1,0,1,0,['anger' 'fear' 'sadness'],english
eng_train_track_a_00264,"my throat is now only a dull ache ( as one nurse said, strep throat is the throat you don't forget, boy was she right! )",0,,1,0,1,0,['fear' 'sadness'],english
eng_train_track_a_00265,i stopped a couple times to stretch out my calves and quads.,0,,0,0,0,0,[],english
eng_train_track_a_00266,my stomach is all out of whack.,0,,1,0,0,0,['fear'],english
eng_train_track_a_00267,"they are so pillowy that when i get in the car, while she cheers at me, she actually lifts her fat pillow, let me sit next to her, and then drops her huge mountain of fat on my thigh.",0,,0,0,0,0,[],english
eng_train_track_a_00268,"i pulled it up, still heard the gushing sound, so i turned my head, and the other one stopped immediately.",0,,1,0,0,0,['fear'],english
eng_train_track_a_00269,the house is trashed.,1,,1,0,1,0,['anger' 'fear' 'sadness'],english
eng_train_track_a_00270,they immediately started shooting meth and heroin.,1,,1,0,1,1,['anger' 'fear' 'sadness' 'surprise'],english
eng_train_track_a_00271,scary going up but terrifying going down into awful la traffic.,0,,1,0,0,0,['fear'],english
eng_train_track_a_00272,"the part my grandfather said was broken and would lead to his doom, was broken.",0,,1,0,1,1,['fear' 'sadness' 'surprise'],english
eng_train_track_a_00273,"we first met hatred was in my eyes, i didn't want anything to do with you, lies.",1,,1,0,1,0,['anger' 'fear' 'sadness'],english
eng_train_track_a_00274,most i've met off craigslist.,0,,1,0,0,1,['fear' 'surprise'],english
eng_train_track_a_00275,i had been awake.,0,,1,0,0,1,['fear' 'surprise'],english
eng_train_track_a_00276,we wanted to put off going down route thumper (never went through without being hit) well we had too anyway.,0,,1,0,0,0,['fear'],english
eng_train_track_a_00277,"i had an ant crawling on my elbow just now, and i flicked him off.",0,,1,0,0,0,['fear'],english
eng_train_track_a_00278,"in the back of my head, i was like great.",0,,0,0,0,0,[],english
eng_train_track_a_00279,she commented on everything that went into my mouth.,1,,0,0,0,0,['anger'],english
eng_train_track_a_00280,i felt a gun pressed against my forehead and looked up.,0,,1,0,0,1,['fear' 'surprise'],english
eng_train_track_a_00281,threw my underwear away in their kitchen garbage.,0,,1,0,0,1,['fear' 'surprise'],english
eng_train_track_a_00282,i run to grab my friend only to see him dancing with another asian girl.,1,,0,0,1,1,['anger' 'sadness' 'surprise'],english
eng_train_track_a_00283,"i feel my head hurting, and the next thing i know school's over, i'm in the front of it with him and traci, and he's pointing a finger at me and sort-of-yelling-sort-of-talking, and saying `` you faker! ''",1,,1,0,1,1,['anger' 'fear' 'sadness' 'surprise'],english
eng_train_track_a_00284,"she was brazilian, or chinese, or something weird.",0,,1,0,0,1,['fear' 'surprise'],english
eng_train_track_a_00285,so stop shoving shit down my throat and into my head.,1,,1,0,0,0,['anger' 'fear'],english
eng_train_track_a_00286,i felt him press his face to my hair and start to whisper soothing things at me but i still couldn't hear anything but the pounding of my heart.,0,,1,0,0,0,['fear'],english
eng_train_track_a_00287,"despite my anxiety, you were there with me, diligently working in my heart, stripping me of all of my pretense, scourging me of all of my arrogance, revealing each of my self-serving ways, which have made my life a wasteland.",0,,1,1,1,0,['fear' 'joy' 'sadness'],english
eng_train_track_a_00288,so i decide to just lean against the railing and smoke my cigarette with a stupid look on my face.,0,,0,0,0,0,[],english
eng_train_track_a_00289,"so many people from my family have seen someone in the reflection, always in the same place, matching the same description.",0,,1,0,0,1,['fear' 'surprise'],english
eng_train_track_a_00290,"the two proceeded to grab my body, one at the knees and the other at my shoulders.",0,,1,0,0,0,['fear'],english
eng_train_track_a_00291,my eyes were glassed over.,0,,1,0,1,0,['fear' 'sadness'],english
eng_train_track_a_00292,"one day during practice, the question was read, ""finish, the opening line of the traditional american song which begins, 'i wish i was-'""",0,,0,0,0,1,['surprise'],english
eng_train_track_a_00293,"i just happened to hold the stresses and frustrations ( that most kids probably have with school, parents, new friends ) in my eyes.",0,,1,0,1,0,['fear' 'sadness'],english
eng_train_track_a_00294,"to this day, we're still not too sure of where it came from.",0,,1,0,0,1,['fear' 'surprise'],english
eng_train_track_a_00295,"they fit the intended recipient, but are entirely too big for my feet.",0,,0,0,1,0,['sadness'],english
eng_train_track_a_00296,about 2 weeks ago i thought i pulled a muscle in my calf.,0,,1,0,1,0,['fear' 'sadness'],english
eng_train_track_a_00297,"x-rays do not show soft tissue damage, and i knew my bones were fine.",0,,0,0,0,0,[],english
eng_train_track_a_00298,i remember swinging on the swings one day when i was in elementary school.,0,,0,1,0,0,['joy'],english
eng_train_track_a_00299,") this event happened after the war, but before the wall went up.",0,,0,0,0,1,['surprise'],english
eng_train_track_a_00300,"made sense, they removed all identifiable information.",0,,0,0,0,1,['surprise'],english
eng_train_track_a_00301,"once we got them all back into the room, one little girl ( the youngest of this group ) roughly pushed a little boy who was standing near me ( i was sitting with my legs blocking the doorway ) into the door jamb in her attempt to get out.",0,,1,0,0,1,['fear' 'surprise'],english
eng_train_track_a_00302,they were extremely close.,0,,0,1,0,0,['joy'],english
eng_train_track_a_00303,i tried to fight but i received a strong hit on my back of the head and everything around became so dark.,1,,1,0,1,1,['anger' 'fear' 'sadness' 'surprise'],english
eng_train_track_a_00304,"my eyes are half-closed, heavy from the liquor and not sleepin, but still they're watchful of the tender, who they suspect of fueling the glass every time i leave to piss.",0,,1,0,0,0,['fear'],english
eng_train_track_a_00305,"my throat felt like i was choking down hot, spiked coals.",0,,1,0,1,0,['fear' 'sadness'],english
eng_train_track_a_00306,i also brought my bike to the beach and held it over my head standing in the ocean.,0,,0,0,0,0,[],english
eng_train_track_a_00307,"i had no strength to reach for it, although i craved for it-since the hot water stopped flushing my skin, i felt icy needles and blades of cold air attacking my skin.",0,,1,0,1,0,['fear' 'sadness'],english
eng_train_track_a_00308,"still numb.the numbness never left my arm, it was crazy.",0,,1,0,1,0,['fear' 'sadness'],english
eng_train_track_a_00309,the line went dead.,0,,1,0,1,1,['fear' 'sadness' 'surprise'],english
eng_train_track_a_00310,"my limbs wouldn't move properly then, nothingness.",0,,1,0,1,0,['fear' 'sadness'],english
eng_train_track_a_00311,"we all refer to it as the witch scream, and to this day i have no idea what made it.",0,,1,0,0,1,['fear' 'surprise'],english
eng_train_track_a_00312,he ended up skidding down the bark and scraping raw the insides of his thighs.,0,,1,0,1,1,['fear' 'sadness' 'surprise'],english
eng_train_track_a_00313,"the room smells like a rotting corpse, so it's nasty.",1,,1,0,1,0,['anger' 'fear' 'sadness'],english
eng_train_track_a_00314,my friends were amazed none the less.,0,,0,1,0,1,['joy' 'surprise'],english
eng_train_track_a_00315,i can't bend or twist my head and no lifting anything over 10 pounds.,0,,1,0,1,0,['fear' 'sadness'],english
eng_train_track_a_00316,"i met my best female friend on omegle, she lives 3000 miles away from me and we have never met.",0,,1,1,0,1,['fear' 'joy' 'surprise'],english
eng_train_track_a_00317,my heart is aching today.,0,,1,0,1,0,['fear' 'sadness'],english
eng_train_track_a_00318,"after the half day practice on wednesday, my arms were literally black and blue!",0,,1,0,1,0,['fear' 'sadness'],english
eng_train_track_a_00319,"i tried my best to keep my revulsion hidden, for things like that tend to turn my stomach, especially when the vendors claim that it is art.",0,,1,0,1,0,['fear' 'sadness'],english
eng_train_track_a_00320,we never said anything but just continued home.,0,,0,0,1,0,['sadness'],english
eng_train_track_a_00321,standing in court on my 23rd birthday being sentenced was the most ball shattering terrifying moment of my life,0,,1,0,1,1,['fear' 'sadness' 'surprise'],english
eng_train_track_a_00322,"my ankles were cuffed together, and then pulled over my head and secured to the bottom of the fence as well, catching my heels in the chain link fence.",1,,1,0,1,0,['anger' 'fear' 'sadness'],english
eng_train_track_a_00323,then my heart dropped.,0,,1,0,1,0,['fear' 'sadness'],english
eng_train_track_a_00324,it made me lose my balance and i had to lean against the bar and grab my head.,0,,1,0,0,0,['fear'],english
eng_train_track_a_00325,"so, i am from a science background and analyze everything skeptically.",0,,0,0,0,0,[],english
eng_train_track_a_00326,then it began to snow... hard.,0,,1,0,0,1,['fear' 'surprise'],english
eng_train_track_a_00327,"i tried to punch him, but my arms were tied behind my back.",1,,1,0,0,0,['anger' 'fear'],english
eng_train_track_a_00328,"middle school, the entire 8th grade class had to do this thing called a ""cultural fair"" where we research our lineage/cultural roots, and present it after school at night for all families to see.",0,,1,1,0,0,['fear' 'joy'],english
eng_train_track_a_00329,actually i remember a couple of little snippets -- at some point my chest hurting really bad and my throat was sore.,0,,1,0,1,0,['fear' 'sadness'],english
eng_train_track_a_00330,which means i keep thinking about filing down or knocking off part of my tooth.,0,,1,0,0,0,['fear'],english
eng_train_track_a_00331,i certainly didn't.,0,,0,0,0,0,[],english
eng_train_track_a_00332,"my skin blossomed in red blisters from the tape and from the places where the sheet was wrinkled against me -- such a princess and the pea thing, i know, but fascinating to the medical staff, who declared me to have `` bizarrely soft skin. ''",0,,1,0,1,0,['fear' 'sadness'],english
eng_train_track_a_00333,i was still naked.,0,,1,0,0,1,['fear' 'surprise'],english
eng_train_track_a_00334,"additionally, there was snow on the ground outside, but we found no footprints around the house and no mud or water in the kitchen where the intruder had been walking.",0,,1,0,0,1,['fear' 'surprise'],english
eng_train_track_a_00335,"sorry i missed you, call you later.",0,,0,1,0,0,['joy'],english
eng_train_track_a_00336,never saw the kid again.,0,,0,0,1,0,['sadness'],english
eng_train_track_a_00337,it was very weird.,0,,1,0,0,1,['fear' 'surprise'],english
eng_train_track_a_00338,he wrapped his little fingers around mine and my heart melted.,0,,0,1,0,0,['joy'],english
eng_train_track_a_00339,i think its more like i want to write it down so its not trapped inside my head when i die.,0,,1,0,1,0,['fear' 'sadness'],english
eng_train_track_a_00340,twice i got it in my hands but it slipped out and bashed itself into the window again.,1,,1,0,0,0,['anger' 'fear'],english
eng_train_track_a_00341,"white male, middle aged, male pattern baldness, coke bottle glasses.",0,,0,0,0,0,[],english
eng_train_track_a_00342,a flame struck out at my thumb and body and i was taken back by great surprise.,0,,1,0,0,1,['fear' 'surprise'],english
eng_train_track_a_00343,be still my heart.,0,,0,1,0,1,['joy' 'surprise'],english
eng_train_track_a_00344,this shrapnel bomb shattered the pieces of plastic into my face and legs.,1,,1,0,1,1,['anger' 'fear' 'sadness' 'surprise'],english
eng_train_track_a_00345,"i also remember the chandelier campfires, and it was what inspired me for almost a year to tape pieces of mirror under my eyes so i could pretend i was walking on the ceilings ( though i always got a bit freaked out when i walked outside ).",0,,1,0,0,0,['fear'],english
eng_train_track_a_00346,i closed my eyes and more tears glided down my cheeks.,0,,0,0,1,0,['sadness'],english
eng_train_track_a_00347,i was walking next to the truck on one of those raised cement curb bumpers when my ankle folded in half.,0,,1,0,1,0,['fear' 'sadness'],english
eng_train_track_a_00348,that's pretty creepy.,0,,1,0,0,1,['fear' 'surprise'],english
eng_train_track_a_00349,"of course, he realizes what she actually said after the fact.",0,,0,1,0,1,['joy' 'surprise'],english
eng_train_track_a_00350,"geez, and i'm having a hard enough time paying for my own wedding!anyway, i checked flights later in the week only to almost gouge my eyes out when i saw how much flights were now going for.",1,,1,0,0,0,['anger' 'fear'],english
eng_train_track_a_00351,i'm keeping my fingers and toes crossed for both of them.,0,,1,1,0,0,['fear' 'joy'],english
eng_train_track_a_00352,the blame too easy to place on my shoulders.,1,,0,0,1,0,['anger' 'sadness'],english
eng_train_track_a_00353,"i also wrote down on a piece of paper ""you are fascinating.",0,,0,1,0,0,['joy'],english
eng_train_track_a_00354,well come to know i slip on the egde of the pool i do this twisting action thing hit my hip or leg on the side of the pool and then fell in with all of my clothes on.,0,,1,0,0,1,['fear' 'surprise'],english
eng_train_track_a_00355,"my shoulder ached but moved all right, and i felt a tightness on my neck.",0,,1,0,0,0,['fear'],english
eng_train_track_a_00356,"i keep looking around me, and it seems each time i do, i find more blessings, that have become long lost answers, spread over the forgotten wishes of my heart.",0,,0,1,0,0,['joy'],english
eng_train_track_a_00357,"is it too hard to forget someone from the past, i wish i could, but its very hard, i think my heart is too big and i have to much room.",0,,0,0,1,0,['sadness'],english
eng_train_track_a_00358,"fox arose from his limp slumber, and drank cold water from my eyes.",0,,0,0,1,0,['sadness'],english
eng_train_track_a_00359,i stop and wait.,0,,1,0,0,0,['fear'],english
eng_train_track_a_00360,"i say cool, how did he meet her.",0,,0,1,0,1,['joy' 'surprise'],english
eng_train_track_a_00361,the funeral home has since been shut down.,0,,1,0,1,1,['fear' 'sadness' 'surprise'],english
eng_train_track_a_00362,"i want to tell him, but i'm not ready to be lectured and have my head chewed off.",1,,1,0,0,0,['anger' 'fear'],english
eng_train_track_a_00363,it leaves both my hands free to be able to type.,0,,0,1,0,0,['joy'],english
eng_train_track_a_00364,my brain's been cooking up too many ideas that i can't even write out for future references.,0,,1,0,0,0,['fear'],english
eng_train_track_a_00365,i have never been so embarrassed.,0,,1,0,1,0,['fear' 'sadness'],english
eng_train_track_a_00366,ill pay you back!,0,,0,1,0,0,['joy'],english
eng_train_track_a_00367,"this did not seem to be a malicious spirit, just curious.",0,,1,0,0,1,['fear' 'surprise'],english
eng_train_track_a_00368,the asphalt was so hot it had burned the balls of my feet to the point of blistering from standing on it.,1,,1,0,0,0,['anger' 'fear'],english
eng_train_track_a_00369,"in order to buy food at the festival, you have to go to a tent and buy food tickets.",0,,0,0,0,0,[],english
eng_train_track_a_00370,"broke up a bit later, pretty sure she was/is bipolar.",1,,1,0,1,0,['anger' 'fear' 'sadness'],english
eng_train_track_a_00371,"i remembered how i dragged his box into the bedroom and the way we had fallen asleep together, my arm dangling over the side of the bed to comfort him.",0,,0,1,0,0,['joy'],english
eng_train_track_a_00372,my friend set me up on a blind date with this woman.,0,,1,1,0,1,['fear' 'joy' 'surprise'],english
eng_train_track_a_00373,"i have a temperature, stomach cramps and a rash all over my chest and trunk.",0,,1,0,1,0,['fear' 'sadness'],english
eng_train_track_a_00374,and probably murder me.,0,,1,0,0,0,['fear'],english
eng_train_track_a_00375,"i went up on stage and sang my heart out, and afterwards signed up to sing another song with becca ( alas we ran out of time ), and though i don't know any dance moves, i got a bit of a rythm, so it was all good!",0,,0,1,0,0,['joy'],english
eng_train_track_a_00376,melancholy i got up for work this morning and turned on the news like usual but i heard a story that broke my heart and brought me to tears.,0,,1,0,1,0,['fear' 'sadness'],english
eng_train_track_a_00377,and now my lips are sealed.,0,,0,0,0,0,[],english
eng_train_track_a_00378,i could not believe how fast it went considering i had to stay on my back the whole labor.,0,,1,0,0,1,['fear' 'surprise'],english
eng_train_track_a_00379,"i first had weakness in my left hand and gradually lost the use of my hands, arms and legs.",0,,1,0,1,0,['fear' 'sadness'],english
eng_train_track_a_00380,grief does funny things.,0,,1,0,1,1,['fear' 'sadness' 'surprise'],english
eng_train_track_a_00381,"it wasn't easy, i told myself; i was running short of breaths and i believed my face was red and then pale ( or was it the other way round? )",0,,1,0,1,0,['fear' 'sadness'],english
eng_train_track_a_00382,i put my hands over my face and went back into my room.,0,,1,0,1,0,['fear' 'sadness'],english
eng_train_track_a_00383,but i really do know it is my heart speaking through me and i am being taken over by the heart and not the mind i feel inspired.,0,,0,1,0,0,['joy'],english
eng_train_track_a_00384,"that was a 16 hour day, 19 for most people, except i pulled a muscle in my back and couldn't move without being in excruciating pain.",0,,1,0,1,0,['fear' 'sadness'],english
eng_train_track_a_00385,"i was just determined to do it, got my head down and went ahead with it.",0,,0,1,0,0,['joy'],english
eng_train_track_a_00386,whatever was stuffing up my head yesterday moved into my chest.,0,,1,0,1,0,['fear' 'sadness'],english
eng_train_track_a_00387,"ah, internet dating, it's a fun world.",0,,0,1,0,0,['joy'],english
eng_train_track_a_00388,"with this holy oath i set my foot upon the path, the druid's way, and i vow to make my dedication plain.",0,,0,1,0,0,['joy'],english
eng_train_track_a_00389,i decide to stay awake and just well sit on my laptop.,0,,0,0,0,0,[],english
eng_train_track_a_00390,that was 21 years ago.,0,,0,0,1,0,['sadness'],english
eng_train_track_a_00391,he got pretty fucking scared and started sprinting away from me.,0,,1,0,0,1,['fear' 'surprise'],english
eng_train_track_a_00392,i caught a quite a few rip-able one and was really relishing the new board under my feet.,0,,0,1,0,0,['joy'],english
eng_train_track_a_00393,"curtain pulled back, i shield my eyes for a moment, glare adjustment then neon colour washes over my face -- slack-jawed, open-mouthed awe $",0,,0,1,0,1,['joy' 'surprise'],english
eng_train_track_a_00394,so i go to the doctor and i tell him about getting the sharp pain in my back and how that hasn't gone away and how my hand is numb.,0,,1,0,0,0,['fear'],english
eng_train_track_a_00395,i go to new york city about once a year to visit family.,0,,0,1,0,0,['joy'],english
eng_train_track_a_00396,the children felt like they were being told telepathically that there was great danger ahead.,0,,1,0,0,1,['fear' 'surprise'],english
eng_train_track_a_00397,*** it was 11:45 pm when my cell phone buzzed in my pocket and my eyes fluttered open.,0,,0,0,0,1,['surprise'],english
eng_train_track_a_00398,more news as soon as i can get my head around it.,0,,1,0,0,0,['fear'],english
eng_train_track_a_00399,the next day the drain clogged up.,1,,0,0,0,0,['anger'],english
eng_train_track_a_00400,"and all of the other daily dramas that are taking up the forefront of my mind -- jobs and friends and family and bills and snow and more about the jobs -- all of these things are nothing to my heart, which just keeps on beating, keeps on doing its job.",0,,0,0,0,0,[],english
eng_train_track_a_00401,"it was a weird feeling, building up in my chest and my head and then it all switched and i couldn't turn it back!seriously, try it!first of all, i started off right-brained.",0,,1,0,0,1,['fear' 'surprise'],english
eng_train_track_a_00402,"`` out of my mouth came, `` i didn't see creepy... `` first of all my brain did not process, that i was trying to even say anything.",0,,1,0,0,1,['fear' 'surprise'],english
eng_train_track_a_00403,the gust grew stronger and stronger till i felt i was about to be lifted from my feet.,0,,1,0,0,1,['fear' 'surprise'],english
eng_train_track_a_00404,i was taken away and never saw him get up.,0,,1,0,1,0,['fear' 'sadness'],english
eng_train_track_a_00405,"i take his word for it, and close my eyes.",0,,0,0,0,0,[],english
eng_train_track_a_00406,you can tell he puts *a lot* of time into it.,0,,0,1,0,0,['joy'],english
eng_train_track_a_00407,her are a few things that went through my head.,0,,1,0,0,0,['fear'],english
eng_train_track_a_00408,her hair a mess and her words strained.,0,,1,0,1,0,['fear' 'sadness'],english
eng_train_track_a_00409,more funny than creepy being on this side of the story:,0,,1,1,0,1,['fear' 'joy' 'surprise'],english
eng_train_track_a_00410,"nobody had lived there in a very, very long time.",0,,1,0,1,1,['fear' 'sadness' 'surprise'],english
eng_train_track_a_00411,"grandma leaned forward, let out a sigh of relief and died.",0,,1,0,1,1,['fear' 'sadness' 'surprise'],english
eng_train_track_a_00412,i have to go deep in myself not to walk down the familiar streets in my head.,0,,1,0,1,0,['fear' 'sadness'],english
eng_train_track_a_00413,"my eyes scanned the place, looking for cody and i found him; wrestling on the sand with monkey boy for a volleyball.",0,,0,1,0,0,['joy'],english
eng_train_track_a_00414,"i can't stand the gelatinous tomato soup bit, or the soggy noodle letters, or the taste.",1,,1,0,0,0,['anger' 'fear'],english
eng_train_track_a_00415,i had worked and my hand's still hurt and all kinds of bullshit lazy cleo reasons for not going out and having fun when i have time.,1,,1,0,1,0,['anger' 'fear' 'sadness'],english
eng_train_track_a_00416,both times catastrophically embarrassing for me.,0,,1,0,1,0,['fear' 'sadness'],english
eng_train_track_a_00417,there are just 2 small parts that stick out in my head and make me so happy.,0,,0,1,0,0,['joy'],english
eng_train_track_a_00418,i could not wipe the smile off my face.,0,,0,1,0,0,['joy'],english
eng_train_track_a_00419,i was so eager and excited to leave to the point i had butterflies in my stomach.,0,,0,1,0,0,['joy'],english
eng_train_track_a_00420,"my eyes popped open, and logic dictated that i should let her go.",0,,1,0,0,1,['fear' 'surprise'],english
eng_train_track_a_00421,i was horribly mistaken.,0,,1,0,1,1,['fear' 'sadness' 'surprise'],english
eng_train_track_a_00422,he looked completely lost.,0,,1,0,1,0,['fear' 'sadness'],english
eng_train_track_a_00423,"i cleaned naked, i cooked naked, i ate naked, i drove him around naked, i waited in the car naked.",0,,1,0,0,1,['fear' 'surprise'],english
eng_train_track_a_00424,"i didn't mind because the track was awesome and i wasn't too tired, i just had a huge blister on my thumb.",0,,0,1,0,0,['joy'],english
eng_train_track_a_00425,"the wind was in my face, and my nose was cold.",0,,1,0,0,0,['fear'],english
eng_train_track_a_00426,my grandfather was a keen hunter.,0,,0,0,0,0,[],english
eng_train_track_a_00427,"several bees had managed to penetrate right through the gloves, but i know there must have been more since i think i must have put my hands right into the top of the nest.i tried some vinegar to ease the pain: no luck.",0,,1,0,0,0,['fear'],english
eng_train_track_a_00428,barbell rows 6 x 4 x 185 # the ssb absolutely tore up my back.,0,,0,0,1,0,['sadness'],english
eng_train_track_a_00429,totally creeped me out.,0,,1,0,0,1,['fear' 'surprise'],english
eng_train_track_a_00430,there was something about the way it was moving that didn't look or feel right.,0,,1,0,0,1,['fear' 'surprise'],english
eng_train_track_a_00431,"we all decided to calm down, we thought that it was probably something when your phone activates something, thats all.",0,,1,0,0,1,['fear' 'surprise'],english
eng_train_track_a_00432,you can move it.,0,,0,0,0,0,[],english
eng_train_track_a_00433,"sometimes the two colide so well together, my house becomes as much of a mess as my head is and it's emberassing to show.",0,,1,0,1,0,['fear' 'sadness'],english
eng_train_track_a_00434,"once that whole thing was all over and done with, my nose began to tickle uncontrollably.",0,,0,0,0,0,[],english
eng_train_track_a_00435,"i was ecstatic, but the joy was fleeting.",0,,0,1,1,0,['joy' 'sadness'],english
eng_train_track_a_00436,"within a minute my arm had swollen up, it was sore and bruised.",0,,1,0,1,0,['fear' 'sadness'],english
eng_train_track_a_00437,my hand shook on the trigger as the sight of my rifle fell upon my enemy.,0,,1,0,0,0,['fear'],english
eng_train_track_a_00438,"i have lots of acquaintances, and a few people that i hang out with on a regular basis, but i still haven't found a friend that i actually like a whole lot, because after maybe a month or four, everyone that i get semi-close to starts to get on my nerves.",1,,1,0,0,0,['anger' 'fear'],english
eng_train_track_a_00439,"friend is gay, one of his freshman roommates tried to kill him by putting isopropyl alcohol in his vodka.",1,,1,0,1,1,['anger' 'fear' 'sadness' 'surprise'],english
eng_train_track_a_00440,"*with a screech, the green witch snatched her broom and flew out her window.",0,,1,0,0,1,['fear' 'surprise'],english
eng_train_track_a_00441,the day was hot and still; the air lay close against my face.,0,,0,0,0,0,[],english
eng_train_track_a_00442,"not a great first impression, but we brush it off.",1,,0,1,0,0,['anger' 'joy'],english
eng_train_track_a_00443,my stomach is ichy and achy.,0,,1,0,1,0,['fear' 'sadness'],english
eng_train_track_a_00444,he ran outside with it to find this man at the bottom of our driveway.,0,,1,0,0,1,['fear' 'surprise'],english
eng_train_track_a_00445,"it will not be my dream job, but it will be okay.",0,,0,1,1,0,['joy' 'sadness'],english
eng_train_track_a_00446,i couldn't stop crying.,0,,1,0,1,0,['fear' 'sadness'],english
eng_train_track_a_00447,by the time we left bloomingdales i could have collapsed but i genuinely think i was numb from the horrific pain in my feet.,0,,1,0,1,0,['fear' 'sadness'],english
eng_train_track_a_00448,my face was gaunt and thin and my eyes sunked in to my head.,0,,1,0,1,0,['fear' 'sadness'],english
eng_train_track_a_00449,"she closed her eyes for a moment, the air stinging them.",0,,1,0,0,0,['fear'],english
eng_train_track_a_00450,we stop dead in our tracks.,0,,1,0,0,1,['fear' 'surprise'],english
eng_train_track_a_00451,"my knees put an end to that pretty quickly, but not bad for the first time.",0,,0,1,0,0,['joy'],english
eng_train_track_a_00452,we send holiday wishes and we have invitations to dinner if ever in the same city (never taken up)  i could have gotten impatient and angry about the mix ups but a little patience and common courtesy has turned him into a friend.,0,,0,1,0,0,['joy'],english
eng_train_track_a_00453,pounding my fists and screaming to a god that is not there; it's sad there had to be a battle sad i had to loose.,1,,1,0,1,0,['anger' 'fear' 'sadness'],english
eng_train_track_a_00454,"the smell of rain, the feel of the drops against my skin, all were welcome feelings.",0,,0,1,0,0,['joy'],english
eng_train_track_a_00455,by this time the day was heating up and i tied my jacket around my waist.,0,,0,0,0,0,[],english
eng_train_track_a_00456,boy was i wrong.,0,,1,0,1,1,['fear' 'sadness' 'surprise'],english
eng_train_track_a_00457,at first was okay when i let my sleeve down during duty was like so freaking warm inside my hand please.,0,,0,1,0,0,['joy'],english
eng_train_track_a_00458,"vomit lots, and lots.",0,,1,0,0,0,['fear'],english
eng_train_track_a_00459,it felt like someone was squeezing my heart.,0,,1,0,1,0,['fear' 'sadness'],english
eng_train_track_a_00460,what didn't feel great was my throat and lungs.,0,,1,0,1,0,['fear' 'sadness'],english
eng_train_track_a_00461,"when she decided it was time to go back to my stall, i didn't want to leave and i pretended i didn't know she was asking me to pick up my head.",0,,1,0,1,0,['fear' 'sadness'],english
eng_train_track_a_00462,"i heard and felt my rib give where it was recently cracked, and i'm pretty certain it cracked again.",0,,1,0,1,0,['fear' 'sadness'],english
eng_train_track_a_00463,he was my dad.,0,,0,0,1,0,['sadness'],english
eng_train_track_a_00464,"lots of lies, deceit, and manipulation.",1,,1,0,1,0,['anger' 'fear' 'sadness'],english
eng_train_track_a_00465,"the light pierced through my half lidded eyes and i winced, squeezing my eyes shut once more.",0,,1,0,0,0,['fear'],english
eng_train_track_a_00466,"he saw blood and said,  ""mommy!",0,,1,0,1,1,['fear' 'sadness' 'surprise'],english
eng_train_track_a_00467,one time she showed up to my door wearing a long coat and nothing but stockings and heels underneath.,0,,1,0,0,1,['fear' 'surprise'],english
eng_train_track_a_00468,"eventually, the cramps went away, but left my feet feeling sore and uncomfortable.",0,,1,0,1,0,['fear' 'sadness'],english
eng_train_track_a_00469,they wanted to open the femoral artery in my right leg and insert a long tube up towards my heart.,0,,1,0,0,0,['fear'],english
eng_train_track_a_00470,"my latest conquest, so proud they'd be.",0,,0,1,0,0,['joy'],english
eng_train_track_a_00471,my heart shattered into a million little pieces.,0,,0,0,1,0,['sadness'],english
eng_train_track_a_00472,it hurt so much.,0,,1,0,1,0,['fear' 'sadness'],english
eng_train_track_a_00473,"my mouth gets dry, i feel like i'm not breathing, my heart is beating too fast, and then my legs start spasming ( shaking just doesn't seem to be the right word ).",0,,1,0,0,0,['fear'],english
eng_train_track_a_00474,"it ended quickly, amidst lots of petty jealousy.",1,,0,0,1,0,['anger' 'sadness'],english
eng_train_track_a_00475,"when they got back i was slumped on the couch with my back to the door, playing on a laptop.",0,,0,0,0,0,[],english
eng_train_track_a_00476,"i sighed heavily and flipped the blade in my hand, gently pressing the hilt to his forehead.",1,,1,0,0,0,['anger' 'fear'],english
eng_train_track_a_00477,the odds are phenomenal.,0,,0,1,0,1,['joy' 'surprise'],english
eng_train_track_a_00478,a smile spread across my face.,0,,0,1,0,0,['joy'],english
eng_train_track_a_00479,"if your family gets sick, please leave your door open.",0,,1,0,0,0,['fear'],english
eng_train_track_a_00480,"i started out the run, and before too long something caught my eye in the snow.",0,,0,0,0,1,['surprise'],english
eng_train_track_a_00481,"i walked into the coffee shop, my eyelids straining to get out of my pupils ' way.",0,,1,0,0,0,['fear'],english
eng_train_track_a_00482,"my stomach felt a bit queasy all day yesterday so it was difficult for me to eat a lot, but i managed to have half a banana and a lot of water immediately after the race.",0,,1,0,1,0,['fear' 'sadness'],english
eng_train_track_a_00483,& # x 26; nbsp; the rocks were so slippery and i kept bending my ankle between rocks.,0,,1,0,0,0,['fear'],english
eng_train_track_a_00484,the look of shock on his sugar-infused face will be seared into my memory until the end of time.,0,,1,0,0,1,['fear' 'surprise'],english
eng_train_track_a_00485,this said brand canceled their contract with them as well.,0,,0,0,1,1,['sadness' 'surprise'],english
eng_train_track_a_00486,i would then freeze with fear.,0,,1,0,0,0,['fear'],english
eng_train_track_a_00487,he didn't swerve.,0,,1,0,0,0,['fear'],english
eng_train_track_a_00488,"no footprints in the snow, no houses, nothing.",0,,1,0,1,1,['fear' 'sadness' 'surprise'],english
eng_train_track_a_00489,i couldn't put my finger on it.,0,,1,0,0,1,['fear' 'surprise'],english
eng_train_track_a_00490,he let a raccoon into our house.,1,,1,0,0,1,['anger' 'fear' 'surprise'],english
eng_train_track_a_00491,this was last year.,0,,0,0,0,0,[],english
eng_train_track_a_00492,whats a typical possession?,0,,0,0,0,1,['surprise'],english
eng_train_track_a_00493,i'm not sure i really even knew what the movie was about by the time it was done because my nerves were completely shot.,0,,1,0,0,0,['fear'],english
eng_train_track_a_00494,"i can see you, i can see you, i can see you.",0,,1,0,0,1,['fear' 'surprise'],english
eng_train_track_a_00495,"i squeeze my eyes shut to stop the replaying of frames i've just witnessed, tighten my legs, and point my toes which i always do when i want to come.",0,,1,0,0,0,['fear'],english
eng_train_track_a_00496,"i looked down at my feet, and saw that the waves had kicked up some of her trash.",0,,0,0,0,0,[],english
eng_train_track_a_00497,i did most of the skills ok but when i had to remove my mask i paniced and couldnt breathe properly and the instructor had to pinch my nose to help me!,0,,1,0,0,0,['fear'],english
eng_train_track_a_00498,"2 minutes later, i hear sobbing coming from the toilet.",0,,1,0,1,0,['fear' 'sadness'],english
eng_train_track_a_00499,"the feeling in my stomach, i can not bear.",0,,1,0,1,0,['fear' 'sadness'],english
eng_train_track_a_00500,i have to admit that when i started reading terri's raves for the electrolyte supplement called endurolytes on her middle of the pack girl blog i sorta rolled my eyes.,1,,0,0,0,0,['anger'],english
eng_train_track_a_00501,my ankle somehow blew up again ( i had a severe sprain in december as in my ankle literally did a 180 and somehow didn't break.,0,,1,0,1,0,['fear' 'sadness'],english
eng_train_track_a_00502,focusing half my brain on the maniac and the other half on my son and with a police officer in the phone.,0,,1,0,0,0,['fear'],english
eng_train_track_a_00503,"if something goes wrong, so be it, its life, nobody is perfect.",0,,0,1,0,0,['joy'],english
eng_train_track_a_00504,and we blame it all on faulty wiring.,0,,0,0,0,1,['surprise'],english
eng_train_track_a_00505,"now, we've got a good size-family, so this would mean things like inviting one cousin that she'd met, but not their parents or siblings that lived out of town, etc.",0,,0,1,0,0,['joy'],english
eng_train_track_a_00506,"it felt good in my hands, it felt right.",0,,0,1,0,0,['joy'],english
eng_train_track_a_00507,"but she doesn't know how much i ache whenever she touches me with those hands, those eyes, those lips, that ache that connects my heart, my gut, and my cunt in one fell swoop.",1,,0,0,1,0,['anger' 'sadness'],english
eng_train_track_a_00508,i just wanted him to feel how crappy it was to be robbed.,1,,1,0,0,0,['anger' 'fear'],english
eng_train_track_a_00509,"i lowered my head so it fell across my face, a good excuse not to look directly at cody.",0,,1,0,0,0,['fear'],english
eng_train_track_a_00510,one night i woke up to a strange noise in the corner of my room so i look over and see this huge guy in a trench coat and a hat standing in the corner of my room.,0,,1,0,0,1,['fear' 'surprise'],english
eng_train_track_a_00511,it was drug related.,0,,1,0,1,0,['fear' 'sadness'],english
eng_train_track_a_00512,i will never forget that night.,0,,1,0,1,1,['fear' 'sadness' 'surprise'],english
eng_train_track_a_00513,"' then, i focused my eyes and looked at it again and saw $ 24.99 and was a little disappointed.",0,,0,0,1,0,['sadness'],english
eng_train_track_a_00514,i closed my eyes really tight.,0,,1,0,0,0,['fear'],english
eng_train_track_a_00515,"sadly we lost, but at the end of the game he came up to me, and shook my hand this time.",0,,0,1,1,0,['joy' 'sadness'],english
eng_train_track_a_00516,"i sensed, and then saw four short (about 3 feet tall), gray-colored 'beings' with large dark eyes next to my side of the bed (on my left).",0,,1,0,0,1,['fear' 'surprise'],english
eng_train_track_a_00517,i was wearing 45spf sunscreen and i still got some colour on my forearms.,0,,1,0,0,0,['fear'],english
eng_train_track_a_00518,my throat hurts!,0,,1,0,0,0,['fear'],english
eng_train_track_a_00519,"my knee was bound in an ace bandage and i could walk without limping, but still.",0,,1,0,1,0,['fear' 'sadness'],english
eng_train_track_a_00520,the doctor had me put my feet in the stirrups and raised the chair and tilted me back.,0,,1,0,0,0,['fear'],english
eng_train_track_a_00521,i raised my eyebrows suspiciously.,0,,1,0,0,0,['fear'],english
eng_train_track_a_00522,"as i lay in grief, my stomach, a deep bottomless pit, wrestles for food.",0,,1,0,1,0,['fear' 'sadness'],english
eng_train_track_a_00523,it was the first blog of many that i wrote about having cancer on my nose.,0,,1,0,1,0,['fear' 'sadness'],english
eng_train_track_a_00524,"the lady with the suction thing kept getting it stuck on my tongue so it made this weird duck noise, which made me giggle nervously and delay the entire procedure.",0,,1,1,0,1,['fear' 'joy' 'surprise'],english
eng_train_track_a_00525,"it cost us a lot of energy and strength, and my palms still hurt from dragging the damn suitcase, i limp when i walk from all the running and exhaustion $ but i'm home.",0,,1,0,1,0,['fear' 'sadness'],english
eng_train_track_a_00526,"and through all this, she smiled and was positive and still views it as a perfect day.",0,,0,1,0,0,['joy'],english
eng_train_track_a_00527,i rolled my eyes.,1,,0,0,0,0,['anger'],english
eng_train_track_a_00528,it was just garbled.,0,,1,0,0,1,['fear' 'surprise'],english
eng_train_track_a_00529,i tried to understand the thoughts and mixed emotions that were running through my head.,0,,1,0,0,0,['fear'],english
eng_train_track_a_00530,i could not believe my eyes.,0,,0,0,0,1,['surprise'],english
eng_train_track_a_00531,my feet were pretty sore and i was complaining about how i wish i could sit down.,0,,1,0,1,0,['fear' 'sadness'],english
eng_train_track_a_00532,my heart immediately hurt.,0,,1,0,1,0,['fear' 'sadness'],english
eng_train_track_a_00533,"i could see the texture of the paint on the wall beside my head, and the texture of the fake wood closet doors, the cradle beneath the window.",0,,0,0,0,0,[],english
eng_train_track_a_00534,i had a dream one night of a golden-haired child.,0,,0,1,0,1,['joy' 'surprise'],english
eng_train_track_a_00535,"buried, alone, and sad.",0,,1,0,1,0,['fear' 'sadness'],english
eng_train_track_a_00536,"i was aghast but attempted to help her, so as not to tear the dress or hurt my arms.",0,,1,0,0,0,['fear'],english
eng_train_track_a_00537,she shows up to work the next day with bruises it was too much to handle.,0,,1,0,1,1,['fear' 'sadness' 'surprise'],english
eng_train_track_a_00538,"my stomach had been upset and was bothering me since i woke up, so i stopped at sonic and got a sunrise smoothie for breakfast before heading to work.",0,,1,0,1,0,['fear' 'sadness'],english
eng_train_track_a_00539,i stopped and picked up handfuls of it and tried to pack it together into a ball but it fell out of my hands like dust.,0,,1,0,1,0,['fear' 'sadness'],english
eng_train_track_a_00540,my lungs and chest have hurt for 6 days straight.,0,,1,0,1,0,['fear' 'sadness'],english
eng_train_track_a_00541,i could feel it running along my neck until it reached my shirt and soaked in.,0,,1,0,0,0,['fear'],english
eng_train_track_a_00542,"in fact, my early life had so many of these kinds of influences, it's hard to remember them all; various ways and means that taught me to associate the motifs rambling around in my head with eventual written notes on a page.",0,,0,0,0,0,[],english
eng_train_track_a_00543,grandma died of an massive heart attack before our daughter was born.,0,,1,0,1,0,['fear' 'sadness'],english
eng_train_track_a_00544,"there's all this stuff i got ta do, and all the while there's this constant nagging thought in the back of my head ` should i really be here?",0,,1,0,0,0,['fear'],english
eng_train_track_a_00545,it was psychological torture...,1,,1,0,1,0,['anger' 'fear' 'sadness'],english
eng_train_track_a_00546,i was wearing khaki pants.,0,,0,0,0,0,[],english
eng_train_track_a_00547,i hollered but nobody came to see it.,1,,1,0,1,1,['anger' 'fear' 'sadness' 'surprise'],english
eng_train_track_a_00548,he also had me march in place and stop to see how my feet naturally align.,0,,1,0,0,0,['fear'],english
eng_train_track_a_00549,i had dirt all over my face which was different... i guess but it was cool!,0,,0,1,0,0,['joy'],english
eng_train_track_a_00550,"exactly a year ago i remember sitting at home on my laptop, talking to adam and whoever else, it wasnt quit as cold as it has been lately and i remember having a huge smile on my face.",0,,0,1,1,0,['joy' 'sadness'],english
eng_train_track_a_00551,"i think i watched the last 20 laps holding my breath, and the last ten with my hands over my eyes.",0,,1,0,0,0,['fear'],english
eng_train_track_a_00552,"there was years of ""stuff"" in the house.",0,,0,0,1,1,['sadness' 'surprise'],english
eng_train_track_a_00553,is in my eyes... see... heh.,0,,0,1,0,0,['joy'],english
eng_train_track_a_00554,"now i'm awake, the knot is gone but my muscles are sore and i still have to make a conscious effort to relax or the pain comes back a little.",0,,1,0,0,0,['fear'],english
eng_train_track_a_00555,"26 january 2011 @ 04:45 pm boys & girls 718 crawled out of bed at a disgraceful hour, was stuffing my face with chocolate cereal... the doorbell rings really violently-you know people can ring the doorbell really commandingly and scairly, yeah like that.",0,,1,0,0,0,['fear'],english
eng_train_track_a_00556,we headed north on a sunny saturday morning in what has become our standard mode of travel-todd with the steering wheel in one hand and a cup of coffee in the other; me with my nose buried in a book.,0,,0,1,0,0,['joy'],english
eng_train_track_a_00557,i looked down to find five small white arrows piercing my chest.,0,,1,0,1,1,['fear' 'sadness' 'surprise'],english
eng_train_track_a_00558,i've never gone back there.,0,,1,0,1,0,['fear' 'sadness'],english
eng_train_track_a_00559,this is pretty tame.,0,,0,1,0,0,['joy'],english
eng_train_track_a_00560,the parallel universe answering machine:,0,,0,0,0,1,['surprise'],english
eng_train_track_a_00561,hoping this isn't too late to post.,0,,1,0,1,0,['fear' 'sadness'],english
eng_train_track_a_00562,"the file it was supposed to play became completely corrupt, and i had a very strange nightmare.",0,,1,0,1,1,['fear' 'sadness' 'surprise'],english
eng_train_track_a_00563,called it right away.,0,,0,0,0,0,[],english
eng_train_track_a_00564,my legs felt weak.,0,,1,0,0,0,['fear'],english
eng_train_track_a_00565,"back to my dear old pals at the walk-in clinic to get a prescription for better eyedrops.oh, and my throat hurts like hell again.",0,,1,0,1,0,['fear' 'sadness'],english
eng_train_track_a_00566,"it is a huge property with an 1850's settlement house, large interpretive/nature center, replica native american village, and about 100 acres of old growth oak forrest with hiking trails.",0,,0,1,0,1,['joy' 'surprise'],english
eng_train_track_a_00567,i shall now write an abridged version of the second chapter: chapter 2 i blinked and rubbed my eyes.,0,,0,0,0,0,[],english
eng_train_track_a_00568,"my knees remained together throughout, but my clitty kept becoming excited.",0,,1,0,0,0,['fear'],english
eng_train_track_a_00569,my sleepy head forced me to sleep and my eyelids felt very heavy that i had to surrender and doze off.,0,,0,0,0,0,[],english
eng_train_track_a_00570,mile 20 my feet were starting to get mad.,0,,1,0,0,0,['fear'],english
eng_train_track_a_00571,our hands outstretched for the most amazing high five of my life.,0,,0,1,0,1,['joy' 'surprise'],english
eng_train_track_a_00572,"we paid $269 for our standby tickets, and one first-class seat was about $11,000.",1,,0,0,0,1,['anger' 'surprise'],english
eng_train_track_a_00573,"then, we issued the first strike.",1,,1,0,0,0,['anger' 'fear'],english
eng_train_track_a_00574,"i later figured out from the doctor that even though my arm was broken, i was impailed by something metal off the other drivers car and was told that i wasn't going to make it.",1,,1,0,1,1,['anger' 'fear' 'sadness' 'surprise'],english
eng_train_track_a_00575,immediately i regretted leaving behind my sunglasses as my eyes switched to squint mode to protect themselves.,0,,1,0,0,0,['fear'],english
eng_train_track_a_00576,"our g-mail accounts are one letter apart, mine having an ""l"" in the middle for my middle initial.",0,,0,1,0,1,['joy' 'surprise'],english
eng_train_track_a_00577,"my face is cold, and my hands are guilty.",0,,1,0,1,0,['fear' 'sadness'],english
eng_train_track_a_00578,"my last sentence was ""i know you're right but still"".",0,,0,0,1,0,['sadness'],english
eng_train_track_a_00579,i feel like ted the sad sap.,0,,0,0,1,0,['sadness'],english
eng_train_track_a_00580,"the hand returned, a welcoming gesture, an unwelcome sensation.",1,,1,0,1,1,['anger' 'fear' 'sadness' 'surprise'],english
eng_train_track_a_00581,my parents took me up there for my 16th birthday.,0,,0,1,0,0,['joy'],english
eng_train_track_a_00582,"nothing there, but the sound was still going on, and sounded like it was right there.",0,,1,0,0,1,['fear' 'surprise'],english
eng_train_track_a_00583,what did i see?,0,,1,0,0,1,['fear' 'surprise'],english
eng_train_track_a_00584,my brain is like mush.,0,,1,0,1,0,['fear' 'sadness'],english
eng_train_track_a_00585,"""   best friends ever since",0,,0,1,0,0,['joy'],english
eng_train_track_a_00586,in the eastern states right up to my neck of the woods in canada.,0,,0,0,0,0,[],english
eng_train_track_a_00587,so it's been hanging over my head.,0,,1,0,1,1,['fear' 'sadness' 'surprise'],english
eng_train_track_a_00588,i lost my job.,0,,1,0,1,0,['fear' 'sadness'],english
eng_train_track_a_00589,"pauly and i went over to the pokerstars party and i downed some pork tenderloin, caesar salad, and tortellini with pesto sauce along with one bahama mama ( a tasty pink rum concoction ) to settle my nerves.",0,,1,1,0,0,['fear' 'joy'],english
eng_train_track_a_00590,"i put em in a bowl anyway, brushed my teeth, chugged a smoothy and went to work.",0,,0,0,0,0,[],english
eng_train_track_a_00591,she was an ugly and weird girl.,1,,0,0,0,0,['anger'],english
eng_train_track_a_00592,i never close my eyes.,0,,1,0,1,0,['fear' 'sadness'],english
eng_train_track_a_00593,"i've never seen my mom drunk before, never since.",0,,1,0,1,1,['fear' 'sadness' 'surprise'],english
eng_train_track_a_00594,"but for this time, i took my heart with me, to indulge myself into the song after i seen sarah blogging in her post; i can feel what she is feeling.",0,,0,1,0,0,['joy'],english
eng_train_track_a_00595,""" as much as i urge for the answer no stranger seems to talk about it.",1,,1,0,1,1,['anger' 'fear' 'sadness' 'surprise'],english
eng_train_track_a_00596,"once, while lying in bed falling asleep, i felt that the zombie apocalypse was beginning at that very moment.",0,,1,0,0,1,['fear' 'surprise'],english
eng_train_track_a_00597,"needless to say, we were gone that day.",0,,1,0,0,1,['fear' 'surprise'],english
eng_train_track_a_00598,"all on my lonesome, thanks for all the encouragement, it was worth it, i went on wednesday morning and it still hurts to sit down / raise my arms / move, but especially my triceps.",0,,0,0,1,0,['sadness'],english
eng_train_track_a_00599,i tried to be a fly on the wall for them.,0,,1,0,0,0,['fear'],english
eng_train_track_a_00600,"it was absolutely delicious and i enjoyed every bite, trying to push guilty thoughts out of my head, although i couldn't stop thinking all afternoon about how many calories must have been in there!",0,,1,1,0,0,['fear' 'joy'],english
eng_train_track_a_00601,i suffered from severe trauma as a child.,0,,1,0,1,0,['fear' 'sadness'],english
eng_train_track_a_00602,"it was a perfectly clear night, and i mean like we could see the milky way.",0,,0,1,0,1,['joy' 'surprise'],english
eng_train_track_a_00603,i've never gone back.,0,,1,0,1,0,['fear' 'sadness'],english
eng_train_track_a_00604,"because neither of us could drive, he also had to go to dinner with the other two beforehand and meet up with me at the show.",0,,1,0,0,0,['fear'],english
eng_train_track_a_00605,"its like a dream, flying through my head.",0,,0,1,0,0,['joy'],english
eng_train_track_a_00606,"my heart, it was finally home.",0,,0,1,0,0,['joy'],english
eng_train_track_a_00607,"( my foot, i think, had stopped bleeding for the most part by now. )",0,,1,0,0,0,['fear'],english
eng_train_track_a_00608,"so, for the second time in less than twenty minutes, ive had my dream crushed and my blood pressure boiling.",1,,1,0,1,0,['anger' 'fear' 'sadness'],english
eng_train_track_a_00609,"but, within seconds i regained myself and pulled off the rings on my fingers and went after the manic destroying all perceptions of herself.",1,,0,0,0,0,['anger'],english
eng_train_track_a_00610,"i suppose i could put a piece of my heart in there, too, since our children are exactly that, aren't they?",0,,0,0,0,0,[],english
eng_train_track_a_00611,on march 25 2008 i broke my first bones i broke my hand and 1 finger so far but after i broke it i still went and played with my friends i never knew i broke it so i plsyed air soft and rode a motor bike it was fun then my mom was cureios so we went to the docters office and i got a thing like a half cast i broke my right hand so i cant write very well and its weird havin a splint thing.,0,,1,1,1,0,['fear' 'joy' 'sadness'],english
eng_train_track_a_00612,"my ankle is feeling 100x better, but now my knee is ridiculous swollen.",0,,0,1,1,0,['joy' 'sadness'],english
eng_train_track_a_00613,""" it was super creepy.",0,,1,0,0,1,['fear' 'surprise'],english
eng_train_track_a_00614,"me: ""negative, you'll never catch me.",0,,1,1,0,1,['fear' 'joy' 'surprise'],english
eng_train_track_a_00615,"my head throbbed with every word that was spoken and while i had ignored it, it was getting to be too much.",0,,1,0,1,0,['fear' 'sadness'],english
eng_train_track_a_00616,"and then i feel my heart join in the fun, crazy racing rabbit shit.",0,,0,1,0,0,['joy'],english
eng_train_track_a_00617,wait around... getting pissed.,1,,1,0,0,0,['anger' 'fear'],english
eng_train_track_a_00618,i try to slow down things.,0,,1,0,0,0,['fear'],english
eng_train_track_a_00619,"i used to play halo semi professionally, i know a ton of ppl on xbox live and have met a good amount of them in person at tournaments but a lot i still haven't.",0,,0,1,0,0,['joy'],english
eng_train_track_a_00620,open to close person.,0,,0,0,0,0,[],english
eng_train_track_a_00621,"but here i am sitting at my computer at work, when i begin to relive the whole episode over in my head.",0,,1,0,1,0,['fear' 'sadness'],english
eng_train_track_a_00622,"the sun seems brighter on those mornings, head clearer, mind sharper, expertly spreading happiness with my eyes.",0,,0,1,0,0,['joy'],english
eng_train_track_a_00623,"and i said, `` hey wait a second, one of the songs titles sounds familiar... `` after months of wracking my brain, i have the title and song itself.",0,,0,1,0,1,['joy' 'surprise'],english
eng_train_track_a_00624,this person i saw was a shadow and pitch black.,0,,1,0,0,1,['fear' 'surprise'],english
eng_train_track_a_00625,"yesterday my back stared killing me, by 4:30 the pain was unbearable.",0,,1,0,1,0,['fear' 'sadness'],english
eng_train_track_a_00626,"warm, salty tears slowly rolled down my face and made my goggles wet.",0,,0,0,1,0,['sadness'],english
eng_train_track_a_00627,"in other news, my hand is killing me.",0,,1,0,1,0,['fear' 'sadness'],english
eng_train_track_a_00628,shortly after finishing university i had what i think of as my first successful  independent adult relationship.,0,,0,1,0,0,['joy'],english
eng_train_track_a_00629,"leaning my head back into the basin, i close my eyes and as the young girl behind me streams hot water through my hair, i feel the jangling tension slowly subsiding inside my body.",0,,0,1,0,0,['joy'],english
eng_train_track_a_00630,is fatalistic but explains too many things conveniently in my life for my continued use to repeat in my head.,0,,1,0,1,0,['fear' 'sadness'],english
eng_train_track_a_00631,"now the sunshine is out and bright against my right side of my face, just like it was after i had my hair done.",0,,0,1,0,0,['joy'],english
eng_train_track_a_00632,"i saw that, too.",0,,0,0,0,1,['surprise'],english
eng_train_track_a_00633,talk about nerve-racking.,0,,1,0,0,0,['fear'],english
eng_train_track_a_00634,this will probably get buried but...,0,,1,0,1,0,['fear' 'sadness'],english
eng_train_track_a_00635,i had a really nice boss and a kush part-time accounting job during college.,0,,0,1,0,0,['joy'],english
eng_train_track_a_00636,"for example, if i'm standing at a bank of elevators, i'll mindlessly choose one, stand in front of it, and it'll be the first one to arrive.",0,,0,1,0,1,['joy' 'surprise'],english
eng_train_track_a_00637,"suddenly, this bright white flashing light goes off.",0,,1,0,0,1,['fear' 'surprise'],english
eng_train_track_a_00638,"i sat up, turned, and saw two glowing green eyes.",0,,1,0,0,1,['fear' 'surprise'],english
eng_train_track_a_00639,i used to be a miner.,0,,0,0,1,0,['sadness'],english
eng_train_track_a_00640,there was chinchilla poop *everywhere*.,1,,1,0,0,1,['anger' 'fear' 'surprise'],english
eng_train_track_a_00641,i get extreme anxiety from this.,0,,1,0,0,0,['fear'],english
eng_train_track_a_00642,after about 30 seconds something in my brain clicked and seemed to indicate to me that my front door does not in fact open by pushing the button repeatedly on my car's key less entry thingie.,0,,0,1,0,1,['joy' 'surprise'],english
eng_train_track_a_00643,luckily fellow first grade students were awesome and they either felt sorry for me or completely forgot about it the next day.,0,,0,1,1,0,['joy' 'sadness'],english
eng_train_track_a_00644,that same ragged breath.,0,,1,0,1,0,['fear' 'sadness'],english
eng_train_track_a_00645,he shat himself terribly and ran home.,0,,1,0,0,1,['fear' 'surprise'],english
eng_train_track_a_00646,i guess my eyebrows were missing each other and needed to grow closer... and so they were really trying to get super close.,0,,0,1,0,0,['joy'],english
eng_train_track_a_00647,"wishing i had triple a, i stick out my thumb.",0,,0,0,0,0,[],english
eng_train_track_a_00648,i must have been only six years old when this happened.,0,,0,0,0,0,[],english
eng_train_track_a_00649,"i have another drink, punch his number into my phone and rest my thumb on the call button.",0,,1,0,0,0,['fear'],english
eng_train_track_a_00650,don't mess with my orange juice.,1,,0,0,0,0,['anger'],english
eng_train_track_a_00651,it was really strange since i braced to hit the wall and ended up falling to the ground.,0,,1,0,0,1,['fear' 'surprise'],english
eng_train_track_a_00652,"oh well, bride's day, bride's way!",0,,0,1,0,0,['joy'],english
eng_train_track_a_00653,"shortly, he went to lie on the couch and fell asleep.",0,,0,1,0,0,['joy'],english
eng_train_track_a_00654,least odd bit of these three stories:,0,,0,0,0,1,['surprise'],english
eng_train_track_a_00655,i also danced so much that my calves hurt for 3 days.,0,,0,1,0,0,['joy'],english
eng_train_track_a_00656,"when i was raised, my parents had a strict religious work ethic.",0,,0,0,1,0,['sadness'],english
eng_train_track_a_00657,i've been feeling some weird guilt.,0,,1,0,1,0,['fear' 'sadness'],english
eng_train_track_a_00658,"' ( today ) so the story of my grandparents ' illness continues... i'm scorching my tongue on coffee, and my head on looking at the screen.",0,,1,0,1,0,['fear' 'sadness'],english
eng_train_track_a_00659,hit it off really well.,0,,0,1,0,0,['joy'],english
eng_train_track_a_00660,i had my eye on the fabric for months.,0,,0,1,0,0,['joy'],english
eng_train_track_a_00661,i am still getting used to getting my feet in and out of the clips on the spd pedals.,0,,1,0,0,0,['fear'],english
eng_train_track_a_00662,i brush my teeth at least twice a day.,0,,0,0,0,0,[],english
eng_train_track_a_00663,"i got a labrador puppy for my 4th birthday, greatest present ever.",0,,0,1,0,1,['joy' 'surprise'],english
eng_train_track_a_00664,"shadows falls new cd `` threads of life '', in my eyes, can be placed alongside '' the art of balance '' and `` the war within ''.",0,,0,1,0,0,['joy'],english
eng_train_track_a_00665,"""jeff what is that?",0,,1,0,0,1,['fear' 'surprise'],english
eng_train_track_a_00666,"un-luckily, i missed two days of work last week; the day the nurse told me to go home, and thursday, because my throat was so sore waking up that i couldn't talk.",0,,1,0,1,0,['fear' 'sadness'],english
eng_train_track_a_00667,i don't need this job and you know it.,1,,0,0,0,0,['anger'],english
eng_train_track_a_00668,"my parents kept yelling while i walked into the living room and started watching tv, knife still protruding from my lung.",1,,1,0,1,1,['anger' 'fear' 'sadness' 'surprise'],english
eng_train_track_a_00669,i am so afraid of sleeping on my back that i don't sleep well during the night.,0,,1,0,0,0,['fear'],english
eng_train_track_a_00670,i will probably die never knowing more of him.,0,,1,0,1,0,['fear' 'sadness'],english
eng_train_track_a_00671,`` i brought my hand up to my forehead and gave him a salute.,0,,0,0,0,0,[],english
eng_train_track_a_00672,until then i'm just a ghost in the shadows... a very odd ghost that knows her throwaway,0,,1,0,1,1,['fear' 'sadness' 'surprise'],english
eng_train_track_a_00673,posted by melissa at 10:29 am atrial fibrillation revisit at the end of lunch on tuesday i felt my heart start racing.,0,,1,0,0,0,['fear'],english
eng_train_track_a_00674,"she laughs, because she's so very nervous.",0,,1,1,0,0,['fear' 'joy'],english
eng_train_track_a_00675,i look underhand nothing was there.,0,,1,0,0,1,['fear' 'surprise'],english
eng_train_track_a_00676,"some days its like there is a fog sitting on top of my brain, and i can't seem to get rid of it.",0,,1,0,1,0,['fear' 'sadness'],english
eng_train_track_a_00677,"so, in order to impress her i put on a brave face and shook my head with a scoff.",0,,0,0,0,0,[],english
eng_train_track_a_00678,the person becomes extremely powerful,0,,1,0,0,1,['fear' 'surprise'],english
eng_train_track_a_00679,"is not an option, by it's me in my natural pajama-clad state with no make-up aside from some optical enhancement that didn't want to wash off, without done-up hair, and with the zit on my forehead that i've been battling for about a week free and red and proud, and that's the spirit of the meme, correct?",0,,0,0,1,0,['sadness'],english
eng_train_track_a_00680,or luck out and get a perfectly sane person.,0,,1,1,0,0,['fear' 'joy'],english
eng_train_track_a_00681,never found anything... kind of spooky.,0,,1,0,0,1,['fear' 'surprise'],english
eng_train_track_a_00682,"but i am exhausted-my eyes feel like they are about to pop out of my head-i need some soothing music and images to help my mediate, even for a few minutes, just take me away $ # 365 yoga monday's musical meditation: 0 minutes ago early night-first day of work after mat.",0,,1,0,1,0,['fear' 'sadness'],english
eng_train_track_a_00683,all the changes get thrown out of the window as i attempt to keep my head above water during this 4-day work week before the july 4th weekend.,0,,1,0,0,0,['fear'],english
eng_train_track_a_00684,another thing that bothers me is that sometimes i stick my neck out for people at work and i do nt even get a thank you.,1,,0,0,0,0,['anger'],english
eng_train_track_a_00685,"as i started running i heard him say again ""i'm going to get you!",0,,1,0,0,1,['fear' 'surprise'],english
eng_train_track_a_00686,"i felt sick to my stomach with fear, and struggled against every ounce of strength i had when he finally untied me from my chair.",0,,1,0,1,0,['fear' 'sadness'],english
eng_train_track_a_00687,i really need it for my face as i'm getting a little wind burn.,0,,0,0,0,0,[],english
eng_train_track_a_00688,we ordered some food at mcdonalds instead of buying food at the theatre because of the ridiculous prices the theatre has.,1,,0,0,0,0,['anger'],english
eng_train_track_a_00689,""" best friends ever since",0,,0,1,0,0,['joy'],english
eng_train_track_a_00690,"then this foul stench hits my nose, like someone had taken a shit in a pair of socks and then worn them for a week straight.",1,,0,0,0,0,['anger'],english
eng_train_track_a_00691,"i feela little better, but my ears are popping, and my nose is running so muchthat i'm thinking i need to get stock in puffs tissues.",0,,1,0,0,0,['fear'],english
eng_train_track_a_00692,who loses a sock?,1,,0,0,0,1,['anger' 'surprise'],english
eng_train_track_a_00693,"the breeze was fresh and the sky was a soft pink with the sun softly shining over the roof tops... and there was the black woman walking down the road near me and she was singing and it was quite soothing... and it all made me think and smile... but then, it made me start to question things and my head got really tangled in its `` happiness '' and... now i feel quite tender and sensitive over nothing.",0,,1,1,1,1,['fear' 'joy' 'sadness' 'surprise'],english
eng_train_track_a_00694,and it constantly feels like thoughts are racing through my head.,0,,1,0,1,0,['fear' 'sadness'],english
eng_train_track_a_00695,sadly we have yet to act on this brilliant plan.,0,,0,0,1,0,['sadness'],english
eng_train_track_a_00696,i even wrote on my hand so i could remember it the next morning.,0,,0,0,0,0,[],english
eng_train_track_a_00697,"as a person diagnosed with bipolar disorder, i was the crazy ex-girlfriend.",0,,1,0,1,0,['fear' 'sadness'],english
eng_train_track_a_00698,"i cried, every time.",0,,0,0,1,0,['sadness'],english
eng_train_track_a_00699,my brother noticed my face was really red.,0,,0,0,0,0,[],english
eng_train_track_a_00700,i honestly didnt know how to handle this.,0,,1,0,1,0,['fear' 'sadness'],english
eng_train_track_a_00701,"the cold air brushed against my face as i sat on the swing in our backyard, i wasn't swinging, i only sat there watching, waiting.",0,,0,0,1,0,['sadness'],english
eng_train_track_a_00702,i mean i know you like her and everything but i beat you to it man!,0,,0,1,0,0,['joy'],english
eng_train_track_a_00703,"ok so here i am trying to just sit down and write some of the really neat things that floated through my head today at work, and as soon as i get to a point when i don't have someone staring at me, all that beautiful crap flies right out of my ear and goes away... i think i left the ac on again.",0,,0,0,0,0,[],english
eng_train_track_a_00704,"blank i had a dull throbbing pain in my arm yesterday which i took painkillers for, but ended up waking up at 4:00 am this morning with it still in pain.",0,,1,0,1,0,['fear' 'sadness'],english
eng_train_track_a_00705,he acted confused about the whole incident.,0,,1,0,0,1,['fear' 'surprise'],english
eng_train_track_a_00706,"when i was 10, we had to paint birds for art, i was pretty good at art but a girl copied my exact one, even though we had to do different ones and i was not pleased.",1,,0,0,0,1,['anger' 'surprise'],english
eng_train_track_a_00707,you are the demon.,1,,1,0,0,1,['anger' 'fear' 'surprise'],english
eng_train_track_a_00708,it splatterd hot cleaning product everywhere and that burnt my arm and left a mark...,1,,1,0,1,0,['anger' 'fear' 'sadness'],english
eng_train_track_a_00709,i guess those 3 beers i drank down at 6 went straight to my head.,0,,0,1,0,0,['joy'],english
eng_train_track_a_00710,i was less sad about missing my birthday though and more sad about missing her.,0,,0,0,1,0,['sadness'],english
eng_train_track_a_00711,it was deleted without any human interaction.,1,,0,0,0,1,['anger' 'surprise'],english
eng_train_track_a_00712,luckily the security guard is cool with me and let me stay.,0,,0,1,0,0,['joy'],english
eng_train_track_a_00713,i thought maybe the warmth of my skin could coax the color back into existence.,0,,0,0,0,0,[],english
eng_train_track_a_00714,"brushing myself off, i ate one of the apples i had it wasn't until i felt cold that a hand touched my shoulder and caused me to jump.",0,,1,0,0,1,['fear' 'surprise'],english
eng_train_track_a_00715,"i now wore a 36b bra, and my waist was down to 25 inches, but she insisted.",0,,0,0,0,0,[],english
eng_train_track_a_00716,then she told me it might be due to the new birth control pills she started soon after i left.,0,,1,0,1,1,['fear' 'sadness' 'surprise'],english
eng_train_track_a_00717,my spanish language skills were fairly basic.,0,,1,0,0,0,['fear'],english
eng_train_track_a_00718,"i woke with a start, a sudden chill that spread to the tip of my nose, and found a small note resting delicately on my sheets beside my hand.",0,,1,0,0,1,['fear' 'surprise'],english
eng_train_track_a_00719,"my dad was, and is, an avid cyclist.",0,,0,1,0,0,['joy'],english
eng_train_track_a_00720,"just women i occasionally went out with, but, never anything serious.",0,,0,0,1,0,['sadness'],english
eng_train_track_a_00721,it became second nature to just put my toys up against eachother so they could protect me as i slept.,0,,1,0,1,0,['fear' 'sadness'],english
eng_train_track_a_00722,we had recently transferred g to his own bedroom and crib from a cradle that was still in the master bedroom.,0,,0,1,0,0,['joy'],english
eng_train_track_a_00723,the treatment for my original complaint consisted of some chiropractic manipulation of my hip and pressure onto certain nerves ( which was painful but better afterwards ) and then a marvellous half an hour of lying still with aromatic herbs massaged into my lower back and an assortment of needles inserted at strategic points.,0,,0,1,0,0,['joy'],english
eng_train_track_a_00724,my dad was a trucker for most of my life.,0,,0,0,0,0,[],english
eng_train_track_a_00725,"as i put my foot on the floortiles, and started moving towards my computer, in the darkness of the room, a dark small rodent figure ran from under the computer to the other corner of the room-hiding behind some drawers.at this point everybody were awake and i had my boost of adrenaline-like the ancient cavemen heading for a hunt.",0,,1,0,0,1,['fear' 'surprise'],english
eng_train_track_a_00726,"but when i see, what i'm missing i just can't take it so here i sit miserably all alone... its your eyes and your smile that puts the beat in my heart and to know i can't have this just tears me apart....",0,,1,0,1,0,['fear' 'sadness'],english
eng_train_track_a_00727,i looked down at my hands.,0,,0,0,0,0,[],english
eng_train_track_a_00728,"today, i got my hands dirty with the boys shoveling dirt, tossing rocks, and gathering up bits of rotten wood, all of which the excavator dug up yesterday and left in a big, unsightly pile.",0,,0,1,0,0,['joy'],english
eng_train_track_a_00729,then things get weird.,0,,1,0,0,1,['fear' 'surprise'],english
eng_train_track_a_00730,"anyway, she tried her best to ignore the noise and hours later, fell asleep despite being so freaked out.",0,,1,0,0,0,['fear'],english
eng_train_track_a_00731,nevertheless i pulled my hand away.,0,,1,0,0,0,['fear'],english
eng_train_track_a_00732,""" and told me ""spook"" was racist.",1,,1,0,0,1,['anger' 'fear' 'surprise'],english
eng_train_track_a_00733,"nothing, so if i can illuminate the flying object, then i will have a rough estimate about its height.",0,,1,0,0,1,['fear' 'surprise'],english
eng_train_track_a_00734,& # x 26; nbsp; walking back in the sun was not fun for my feet.,0,,1,0,0,0,['fear'],english
eng_train_track_a_00735,"i could have gone inside, explored more, done so much more but i wasn't accustom to this laid back run down place yet, a part of me still watched every car that drove by and looked over my shoulder every few seconds.",0,,1,0,1,0,['fear' 'sadness'],english
eng_train_track_a_00736,"can't beat op, but my life is the epitome of awkward.",0,,1,1,1,0,['fear' 'joy' 'sadness'],english
eng_train_track_a_00737,"i thought it was beautiful, but i was pretty sure it was extensions since it was extraordinarily long.",0,,0,1,0,1,['joy' 'surprise'],english
eng_train_track_a_00738,i learned a lot about my teeth during my visit today.,0,,0,1,0,0,['joy'],english
eng_train_track_a_00739,i fuckin tear up whenever i think about this.,0,,1,0,1,0,['fear' 'sadness'],english
eng_train_track_a_00740,but my eyes didn't seem to shut.,0,,1,0,1,0,['fear' 'sadness'],english
eng_train_track_a_00741,i can even lift my arms above my head.,0,,0,1,0,0,['joy'],english
eng_train_track_a_00742,i want to do more with my brain and experience more of what it is capable of.,0,,0,1,0,0,['joy'],english
eng_train_track_a_00743,"she had a fish tank with two fish, a bottom feeder and an angel fish.",0,,0,1,0,0,['joy'],english
eng_train_track_a_00744,this was the worse night of my life.,0,,1,0,1,0,['fear' 'sadness'],english
eng_train_track_a_00745,wtf do you do?,1,,1,0,0,1,['anger' 'fear' 'surprise'],english
eng_train_track_a_00746,met a lot of random canadians that night.,0,,0,1,0,1,['joy' 'surprise'],english
eng_train_track_a_00747,"my heart feels like someone tore it out, stomped the shit out of it, spit on it and jammed it back into my chest.",1,,1,0,1,0,['anger' 'fear' 'sadness'],english
eng_train_track_a_00748,"i thought we were going to go into a different lane about 10 different times, and once i ended up going backwards down the hill on my stomach.",0,,1,0,0,1,['fear' 'surprise'],english
eng_train_track_a_00749,"bella, i'm so happy that you're home. i smiled as tears slid down my cheeks.",0,,0,1,0,0,['joy'],english
eng_train_track_a_00750,"without a sensible thought in my head, i got out of the car.",0,,1,0,0,0,['fear'],english
eng_train_track_a_00751,i'm going to write now that my fingers are numb from typing this all.,0,,1,0,0,0,['fear'],english
eng_train_track_a_00752,"that boy, who was probably very mentally ill,  had just been stabbed god knows how many times.",1,,1,0,1,1,['anger' 'fear' 'sadness' 'surprise'],english
eng_train_track_a_00753,my neck is reversed.,0,,1,0,0,0,['fear'],english
eng_train_track_a_00754,do we just leave?,0,,1,0,0,1,['fear' 'surprise'],english
eng_train_track_a_00755,"after like two seconds of that, we start *flying* forward and *smash through the parking barrier*, stopping *right by* the edge of the street.",0,,1,1,0,1,['fear' 'joy' 'surprise'],english
eng_train_track_a_00756,she said she wasn't going to be at school for at least a week.,0,,1,0,0,1,['fear' 'surprise'],english
eng_train_track_a_00757,i was eating at an ethiopian cafe the other day.,0,,0,1,0,0,['joy'],english
eng_train_track_a_00758,after having a couple different catheters in my chest for the last two years.,0,,1,0,1,0,['fear' 'sadness'],english
eng_train_track_a_00759,that was poop on her croc.,0,,0,0,0,1,['surprise'],english
eng_train_track_a_00760,"she said she agree with me but didn't know how to leave... to that, i shrugged my shoulders, shit i know how, pack your shit and leave... i mean, you know?",1,,0,0,0,0,['anger'],english
eng_train_track_a_00761,"so when i caught this song-kahin tho hogi-last evening driving back home, it brought a smile to my face.",0,,0,1,0,0,['joy'],english
eng_train_track_a_00762,i immediately pulled over and tried to grab him but he ran past me.,1,,1,0,0,1,['anger' 'fear' 'surprise'],english
eng_train_track_a_00763,this idea has been crashing around in my head so i had no choice but to finally write something.,0,,1,0,0,0,['fear'],english
eng_train_track_a_00764,i believe he was just going to scare me and not anything worse.,0,,1,0,0,1,['fear' 'surprise'],english
eng_train_track_a_00765,well yesterday went to the hospital to have my brain poked at ( im guessing some kind of treasure hunt thing looking for it ).,0,,1,0,0,1,['fear' 'surprise'],english
eng_train_track_a_00766,"sleepless nights are so evident on my face, even a cake of foundation and concealer can not hide = ( massive eyebags and bad tired skin.",0,,0,0,1,0,['sadness'],english
eng_train_track_a_00767,"only one hour of sleep, then 9 hours on my feet.",0,,1,0,0,0,['fear'],english
eng_train_track_a_00768,my sister made us leave quickly and go to our neighbors house.,0,,1,0,0,0,['fear'],english
eng_train_track_a_00769,i stuck out my legs to try and land the fall but one let got stuck on the side of the bike and the other got flipped underneath me and i landed on my right knee then skidded for about 8 feet.,1,,1,0,1,1,['anger' 'fear' 'sadness' 'surprise'],english
eng_train_track_a_00770,did i get home?,0,,1,0,0,1,['fear' 'surprise'],english
eng_train_track_a_00771,"the cat sits there, paralyzed and in agony.",0,,1,0,1,0,['fear' 'sadness'],english
eng_train_track_a_00772,"none of us had... and then, years later my brain had changed, quite immensely.",0,,0,0,0,0,[],english
eng_train_track_a_00773,but then it got so hot i opened it and welcomed the cold spray on my face.,0,,0,1,0,1,['joy' 'surprise'],english
eng_train_track_a_00774,i was going up to see my avs play the red wings.,0,,0,1,0,0,['joy'],english
eng_train_track_a_00775,"i cocked my head like the rca victrola dog, and sure enough -- key in door sounds.",0,,0,1,0,0,['joy'],english
eng_train_track_a_00776,but oh god my nails are black call a priest.,0,,1,0,0,1,['fear' 'surprise'],english
eng_train_track_a_00777,i'm lost in my own little world.,0,,1,0,1,0,['fear' 'sadness'],english
eng_train_track_a_00778,"my head aches, my stomach isn't too happy, my whole body hurts.",0,,1,0,1,0,['fear' 'sadness'],english
eng_train_track_a_00779,"he fully woke up, sat up and said ""turn on the light, it's here watching us.",0,,1,0,0,1,['fear' 'surprise'],english
eng_train_track_a_00780,"my hands are cramping, my legs ache and i can't find a comfortable position in my chair ( which is broken and is going out the door tomorrow ).",0,,1,0,1,0,['fear' 'sadness'],english
eng_train_track_a_00781,a very similar story happened to my grandmother.,0,,0,0,0,1,['surprise'],english
eng_train_track_a_00782,one season they were really nasty and management seemed to not care when we brought it to their attention.,1,,0,0,1,0,['anger' 'sadness'],english
eng_train_track_a_00783,"well, since everyone is giving their lovely stories...",0,,0,1,0,0,['joy'],english
eng_train_track_a_00784,it was friggin' delicious.,0,,0,1,0,0,['joy'],english
eng_train_track_a_00785,the chupacabra legend is pretty big here and in mexico.,0,,1,0,0,1,['fear' 'surprise'],english
eng_train_track_a_00786,not normal light but a spot of light.,0,,1,0,0,1,['fear' 'surprise'],english
eng_train_track_a_00787,"after those few seconds, i waved one hand at it in a friendly manner, it then changed light pattern and hovered away behind my house.",0,,1,1,0,1,['fear' 'joy' 'surprise'],english
eng_train_track_a_00788,"`` mr. jackson just called me, and he told me to call you, and told me to ask you so he didn't have to call you, and that's why i 'm calling you for him -- '' i broke out giggling and rushed to cover my mouth, stealing an embarrassed glance at all the nurses watching me in complete awe.",0,,0,1,0,1,['joy' 'surprise'],english
eng_train_track_a_00789,a clip board was forced into my hands as i stood lost in a dark abyss unaware of the reality going on around me.,0,,1,0,1,1,['fear' 'sadness' 'surprise'],english
eng_train_track_a_00790,ugh i know for sure i'm a do my eyebrows.,0,,0,1,0,0,['joy'],english
eng_train_track_a_00791,that's when tears streak down my cheeks.,0,,1,0,1,0,['fear' 'sadness'],english
eng_train_track_a_00792,my aunt and i are kind of doing the remedial training together and i can't wait to get on his back.,0,,0,0,0,0,[],english
eng_train_track_a_00793,my brain decided to start trying to do the kempo workout from last night again which is not conducive to sleep.,0,,1,0,0,0,['fear'],english
eng_train_track_a_00794,"when my back hit the far wall, and the shovel against the wall fell on the dirt, i screamed.",0,,1,0,1,1,['fear' 'sadness' 'surprise'],english
eng_train_track_a_00795,"sometimes, the journey there is just as important.",0,,0,1,0,0,['joy'],english
eng_train_track_a_00796,i come downstairs and see grandma at the dining room table.,0,,0,1,0,0,['joy'],english
eng_train_track_a_00797,"i'm still sick, my nose is sore from blowing it all day, and it's wicked hot in the apartment.",0,,1,0,1,0,['fear' 'sadness'],english
eng_train_track_a_00798,and that concludes this post of random news from my neck of the woods!,0,,0,0,0,0,[],english
eng_train_track_a_00799,"this operation removed the interlocking tibial nail from within my right tibia, a long titanium rod which had done a marvellous job of holding my leg together after that awful accident but which was now superfluous, and also the prime suspect in my ongoing pain issues.",0,,1,0,1,0,['fear' 'sadness'],english
eng_train_track_a_00800,"i showed the bouncer my face, the preferred method to keeping my exclusiveness intact since the tiny club's capacity was at its limit of 87: once you were inside, you were given in-and-out privilege.",0,,0,0,0,0,[],english
eng_train_track_a_00801,i was writing away.,0,,0,1,0,0,['joy'],english
eng_train_track_a_00802,"i know in my brain i need to get it back, but i have to find a way to make it real again.",0,,1,0,0,0,['fear'],english
eng_train_track_a_00803,"signet ring no. 1: i was about 13-14, stupidly shaking my hand, and it flew off, into the gutter outside forsbergs ' house on glover rd..",0,,1,0,1,1,['fear' 'sadness' 'surprise'],english
eng_train_track_a_00804,i was pretty disgusted.,1,,1,0,0,0,['anger' 'fear'],english
eng_train_track_a_00805,the top of the mattress comes up a little above my waist!,0,,0,1,0,0,['joy'],english
eng_train_track_a_00806,"but alas the humidity ruined it for us both after only 2 songs > > sigh < < still i basically had one obvious wet spot the entire shift, which i didn't bother to do anything about other than flash to the entire club from stage by doing the splits on my back about 10 times over the course of the day.",0,,0,1,1,0,['joy' 'sadness'],english
eng_train_track_a_00807,"later, the police find the child naked and bleeding on the floor.",1,,1,0,1,1,['anger' 'fear' 'sadness' 'surprise'],english
eng_train_track_a_00808,i did not live in a building with an apartment 3h.,0,,0,0,0,1,['surprise'],english
eng_train_track_a_00809,"but thank you for your offer a sudden tugging at his side made him spin, having to fight the instinct to let his hand fly out.",1,,1,0,0,1,['anger' 'fear' 'surprise'],english
eng_train_track_a_00810,i grinned looking at the saddened ceres from the corner of my eye.,0,,0,1,0,0,['joy'],english
eng_train_track_a_00811,an obvious answer jumps to mind as my eyes jump across skyscrapers.,0,,0,0,0,0,[],english
eng_train_track_a_00812,i accidentally time travelled.,0,,1,1,0,1,['fear' 'joy' 'surprise'],english
eng_train_track_a_00813,it's not even a conscious thing.,0,,0,0,0,1,['surprise'],english
eng_train_track_a_00814,nothing was touching it.,0,,1,0,0,1,['fear' 'surprise'],english
eng_train_track_a_00815,i need to let what im feeling right now out before the hole in my chest is getting deeper.,0,,1,0,1,0,['fear' 'sadness'],english
eng_train_track_a_00816,"i freaked out and, eyes still closed, went back to bed.",0,,1,0,0,1,['fear' 'surprise'],english
eng_train_track_a_00817,"my eyebrows raise as i smile, ` ready for the second shot?",0,,0,1,0,0,['joy'],english
eng_train_track_a_00818,"my knuckle still doesn't look good, and it hurts like hell when i make a fist.",0,,1,0,1,0,['fear' 'sadness'],english
eng_train_track_a_00819,my cheeks burned with fever.,0,,1,0,0,0,['fear'],english
eng_train_track_a_00820,please feel free to comment any questions,0,,0,1,0,0,['joy'],english
eng_train_track_a_00821,i held him for a bit when he woke up in recovery and he fell right back asleep in my arms.,0,,0,1,0,0,['joy'],english
eng_train_track_a_00822,"went to my favorite bar, i'd told everyone i was going to be there during the week before and no-one turned up.",1,,0,0,1,1,['anger' 'sadness' 'surprise'],english
eng_train_track_a_00823,i have a friend whose husband died last year.,0,,0,0,1,0,['sadness'],english
eng_train_track_a_00824,i don't know... messages.,0,,1,0,0,0,['fear'],english
eng_train_track_a_00825,my arms shook.,0,,1,0,0,0,['fear'],english
eng_train_track_a_00826,so we went to city island where i was having my nails done.,0,,0,1,0,0,['joy'],english
eng_train_track_a_00827,"the only flicks i remember off my head were the bad ones, but i'm sure there were classics mixed in there, too.",0,,0,0,1,0,['sadness'],english
eng_train_track_a_00828,"i spent most of the day asleep in bed, and my throat hurts so much, it nearly killed me!",0,,1,0,1,0,['fear' 'sadness'],english
eng_train_track_a_00829,she started hallucinating and thrashing around in the bathroom stall at one point.,0,,1,0,1,1,['fear' 'sadness' 'surprise'],english
eng_train_track_a_00830,and left my eyes to cry.,0,,0,0,1,0,['sadness'],english
eng_train_track_a_00831,they did the same thing come mother's day but guess what?,1,,0,0,0,1,['anger' 'surprise'],english
eng_train_track_a_00832,we walk out to the dance floor and find two reasonably attractive girls and we each choose one to dance with.,0,,0,1,0,0,['joy'],english
eng_train_track_a_00833,"my shoulder, neck and wrist have started aching all the time.",0,,1,0,1,0,['fear' 'sadness'],english
eng_train_track_a_00834,we were going to blow that record away.,0,,0,1,0,0,['joy'],english
eng_train_track_a_00835,my knee's are the only weight left keeping me up to abroad.,0,,1,0,1,0,['fear' 'sadness'],english
eng_train_track_a_00836,"laughing about it, we went back up the beach to go home, when we heard a huge bang and saw a bright white flash up by where the houses were.",0,,1,1,0,1,['fear' 'joy' 'surprise'],english
eng_train_track_a_00837,"hawaiian is my first language, so not too bad considering.",0,,0,1,0,0,['joy'],english
eng_train_track_a_00838,"after getting all warm, i went and got my nails done.",0,,0,1,0,0,['joy'],english
eng_train_track_a_00839,"long story short, we probably saw incoming meteorites with very steep angles of attack.",0,,1,0,0,1,['fear' 'surprise'],english
eng_train_track_a_00840,i had to keep my eyes closed for that time.,0,,1,0,0,0,['fear'],english
eng_train_track_a_00841,"""a woman is going to get an abortion.",0,,1,0,1,1,['fear' 'sadness' 'surprise'],english
eng_train_track_a_00842,"my head was spinning as the smoke i gladly inhaled made its way to my lungs and on its way out, the rings easily dissipating into the cold air made me wonder about him for the tenth time on that night.",0,,1,0,0,0,['fear'],english
eng_train_track_a_00843,it won't close.,1,,1,0,0,0,['anger' 'fear'],english
eng_train_track_a_00844,"the tears are prickling behind my eyes as i pull my jeans on and race downstairs.i find a pen and paper in the kitchen and in a hasty scrawl, i write out, `` like i said, i can't do this.sorry.see you at work.",0,,1,0,1,0,['fear' 'sadness'],english
eng_train_track_a_00845,it's choking me and burning my eyes.,0,,1,0,1,0,['fear' 'sadness'],english
eng_train_track_a_00846,"this was my rest week and my legs, and everything else were closed for the day.",0,,0,1,0,0,['joy'],english
eng_train_track_a_00847,"`` yes, '' i said, the old mask of indifference placed on my face.",0,,0,0,0,0,[],english
eng_train_track_a_00848,"pooi kit was driving recklessly and almost caused a major fatal accident, i can still remember the tailgate lights of the truck passing in front of my eyes and screeching sounds of the brakes.",1,,1,0,0,1,['anger' 'fear' 'surprise'],english
eng_train_track_a_00849,trying to put some gel on my head.,0,,0,0,0,0,[],english
eng_train_track_a_00850,we were powerless against what happened that night.,0,,1,0,1,1,['fear' 'sadness' 'surprise'],english
eng_train_track_a_00851,he senses my fear he feels some power he brings up his had i cry and i cower he's out of control i let out a screech he strikes again like lightening tears stream down my cheek there's a flash in his eyes what i beg him to quit bruised swollen cheeks a fracture in my hip.,1,,1,0,1,0,['anger' 'fear' 'sadness'],english
eng_train_track_a_00852,my finger is an asshole.,1,,0,0,0,0,['anger'],english
eng_train_track_a_00853,my ex and i were both crazy.,0,,0,0,0,0,[],english
eng_train_track_a_00854,levi and i arrived in an eye-capturing city that really blew me off my feet.,0,,0,1,0,1,['joy' 'surprise'],english
eng_train_track_a_00855,"of course, in the end i had a better essay to hand in ( can't remember how this impacted the grade ) but i didn't feel like the work i was turning in was mine.so when i'm editing jenn's work a shiver runs down my spine that my father is also standing above my shoulder editing my edits.",0,,1,0,0,0,['fear'],english
eng_train_track_a_00856,"so, with my sporting boyfriend, we went for a few hours of under the sun getting splash in my eyes with water.",0,,0,1,0,0,['joy'],english
eng_train_track_a_00857,it never came up.,0,,0,0,0,1,['surprise'],english
eng_train_track_a_00858,i shut my eyes and let the tears take over.,0,,0,0,1,0,['sadness'],english
eng_train_track_a_00859,"when it was my turn to play, i was mortified to find out i had to move my hand up and down in a sawing motion.",0,,1,0,0,0,['fear'],english
eng_train_track_a_00860,"but, to his dismay, the toilet won't flush.",1,,1,0,0,1,['anger' 'fear' 'surprise'],english
eng_train_track_a_00861,( notice my toes have nail polish on-that was new year's resolution # 21 $ ) then esm decorated the body tracing.,0,,0,1,0,0,['joy'],english
eng_train_track_a_00862,"edward, i can't put my arms down.",0,,1,0,0,0,['fear'],english
eng_train_track_a_00863,"overall it was a pleasant night, with three standout incidents.",0,,0,1,0,0,['joy'],english
eng_train_track_a_00864,"i just cracked my head into a glass door.a delivery person, instead of calling me and saying `` i've got a package. ''",1,,1,0,0,0,['anger' 'fear'],english
eng_train_track_a_00865,i remember bringing it to my kindergarten class once to watch on a movie day.,0,,0,1,0,0,['joy'],english
eng_train_track_a_00866,when i was little i distinctly remember being able to see with my eyes closed.,0,,1,1,0,1,['fear' 'joy' 'surprise'],english
eng_train_track_a_00867,"however, deep inside my heart, i really want to go back to my hometown.",0,,0,0,1,0,['sadness'],english
eng_train_track_a_00868,i still can't figure it out.,0,,1,0,1,1,['fear' 'sadness' 'surprise'],english
eng_train_track_a_00869,"this probably doesn't actually make much sense at the moment, but my head hurts.",0,,1,0,0,0,['fear'],english
eng_train_track_a_00870,i know you run a successful store and i really admire that.,0,,0,1,0,0,['joy'],english
eng_train_track_a_00871,this was right before sunset when we got in bed and i instantly fell asleep.,0,,0,1,0,0,['joy'],english
eng_train_track_a_00872,i yell but i can't help but feel a sharp stave in my chest.,0,,1,0,1,0,['fear' 'sadness'],english
eng_train_track_a_00873,i need no throwaway.,0,,0,0,0,0,[],english
eng_train_track_a_00874,"and here in edinburgh, through this journey of mine, it has been right at my side, in my hand.",0,,0,1,0,0,['joy'],english
eng_train_track_a_00875,"got ready for junior year to end june school ended, i dyed my hair purple lol... i sprained my ankle on the way to the riverfront festival.",0,,1,0,1,0,['fear' 'sadness'],english
eng_train_track_a_00876,probably going to get buried.,0,,1,0,1,0,['fear' 'sadness'],english
eng_train_track_a_00877,a nice way to get some items off my chest.,0,,0,1,0,0,['joy'],english
eng_train_track_a_00878,"amber, on the other hand, was missing a boyfriend.",0,,0,0,1,0,['sadness'],english
eng_train_track_a_00879,"i spent all day at home, sick.",0,,1,0,1,0,['fear' 'sadness'],english
eng_train_track_a_00880,still cant get my head around the fact that this time 2 weeks ill be home.,0,,1,0,0,0,['fear'],english
eng_train_track_a_00881,i pull my arm away and purchase a ticket for a mystery movie and enter through the back entrance only to realize that the whole theater was crowded.,0,,1,0,0,1,['fear' 'surprise'],english
eng_train_track_a_00882,got caught with a shitload of mary jane.,1,,1,0,1,1,['anger' 'fear' 'sadness' 'surprise'],english
eng_train_track_a_00883,i had to relax my muscles and clear my mind in order to do that.,0,,1,0,0,0,['fear'],english
eng_train_track_a_00884,"prior to, we got some humongous popsicles which turned my tongue an amazing shade of blue, and we visited the children's a&s display.",0,,0,1,0,0,['joy'],english
eng_train_track_a_00885,"`` i zip up the tote back quickly, throw it onto my shoulder and grab up the other, larger bag.",0,,0,1,0,0,['joy'],english
eng_train_track_a_00886,"i ask her to tell me hers first, and she starts telling me how she dreamed the sears tower was falling down...",0,,1,0,0,1,['fear' 'surprise'],english
eng_train_track_a_00887,he had a large going away party.,0,,0,1,0,0,['joy'],english
eng_train_track_a_00888,"`` yeah, im good now, my back has stopped bleeding $.",0,,1,0,0,0,['fear'],english
eng_train_track_a_00889,"my mother announced our names into the intercom; i folded my hands prayer-like: calm down, calm down, calm down.",0,,1,0,0,0,['fear'],english
eng_train_track_a_00890,eight inches here nine inches there my feet in the snow.,0,,1,0,0,0,['fear'],english
eng_train_track_a_00891,just going in circles.,1,,1,0,1,0,['anger' 'fear' 'sadness'],english
eng_train_track_a_00892,thoughts of the movie phantasm were swirling through my head.,0,,1,0,0,0,['fear'],english
eng_train_track_a_00893,after reading the top comment about the person's mom and her friend... maybe she isn't telling me something.,0,,1,0,0,1,['fear' 'surprise'],english
eng_train_track_a_00894,"standing at the edge of my heart, i'm gazing, i'm listening like seeing an ocean in a cold winter night such a fear, i'm falling, breaking into pieces.",0,,1,0,1,0,['fear' 'sadness'],english
eng_train_track_a_00895,i liked spending all my nights at home hula hooping and listening to pop music and laughing at jokes inside my head.,0,,0,1,0,0,['joy'],english
eng_train_track_a_00896,"i stumbled out of bed, probably 4 in a morning in a most-asleep daze and went to the bathroom.",0,,1,0,0,0,['fear'],english
eng_train_track_a_00897,"shivering caused me to tense up, which caused my hips to keep cramping in charlie horse fashion.",0,,1,0,1,0,['fear' 'sadness'],english
eng_train_track_a_00898,her excuse to being late?,1,,0,0,0,1,['anger' 'surprise'],english
eng_train_track_a_00899,"it was a sad, strange experience.",0,,1,0,1,1,['fear' 'sadness' 'surprise'],english
eng_train_track_a_00900,"so, again, i tried to eat my lunch, my stomach in knots, an unseen hand gripping my heart.",0,,1,0,1,0,['fear' 'sadness'],english
eng_train_track_a_00901,like i found a way to escape gravity and moved about my bedroom as though i was on the iss or something; thrilling at my new found ability.,0,,0,1,0,1,['joy' 'surprise'],english
eng_train_track_a_00902,40 minutes of genuinely thinking it's quite possible i may never leave those woods.,0,,1,0,1,0,['fear' 'sadness'],english
eng_train_track_a_00903,my blood turned to icewater in my veins.,0,,1,0,0,0,['fear'],english
eng_train_track_a_00904,my arms start getting numb and achy and no way to lie makes them stop.,0,,1,0,1,0,['fear' 'sadness'],english
eng_train_track_a_00905,after an evening there we were driving back because we had no money for a hotel.,0,,1,0,1,0,['fear' 'sadness'],english
eng_train_track_a_00906,the bus is gone.,0,,1,0,1,1,['fear' 'sadness' 'surprise'],english
eng_train_track_a_00907,and they probably knew exactly what your dad saw.,0,,1,0,0,1,['fear' 'surprise'],english
eng_train_track_a_00908,i hope your baby fucking dies.,1,,0,0,0,0,['anger'],english
eng_train_track_a_00909,"my eyes were open, but i couldn't see in any colors.",0,,1,0,1,0,['fear' 'sadness'],english
eng_train_track_a_00910,"but i get beyond that tired stage, and can't close my eyes later.",0,,1,0,1,0,['fear' 'sadness'],english
eng_train_track_a_00911,"as i turned to walk out of the alley, a pair of brass knuckles crushed into the side of my face.",1,,1,0,0,1,['anger' 'fear' 'surprise'],english
eng_train_track_a_00912,"one day, i ask jane for her cell number.",0,,1,1,0,0,['fear' 'joy'],english
eng_train_track_a_00913,lots of profanity and screaming.,1,,1,0,0,0,['anger' 'fear'],english
eng_train_track_a_00914,so anyways it's late at night and i was down in my living room sleeping on my couch.,0,,0,0,0,0,[],english
eng_train_track_a_00915,his front end was completely smashed in.,0,,1,0,1,1,['fear' 'sadness' 'surprise'],english
eng_train_track_a_00916,", my stomach turned into a pile of dogshit and i nearly puked.",0,,1,0,0,0,['fear'],english
eng_train_track_a_00917,at times i was actually having difficulty breathing because the water was in my nose.,0,,1,0,0,0,['fear'],english
eng_train_track_a_00918,"it worked, i was scared shitless for the rest of the visit.",0,,1,0,0,0,['fear'],english
eng_train_track_a_00919,so my leg is shaking at a million miles an hour and i turn into the target parking lot as she sort of continues to follow me.,0,,1,0,0,0,['fear'],english
eng_train_track_a_00920,a highly intoxicated roommate and a black girl going at it.,1,,1,0,0,1,['anger' 'fear' 'surprise'],english
eng_train_track_a_00921,"blah i want my head to stop hurting, and my eyes to start tearing up but i do nt see any of these things happening soon.",0,,1,0,1,0,['fear' 'sadness'],english
eng_train_track_a_00922,was always the tank... i ended up spending a month on my back before unemployment kicked in.,0,,1,0,1,0,['fear' 'sadness'],english
eng_train_track_a_00923,my hands were very cold.,0,,1,0,0,0,['fear'],english
eng_train_track_a_00924,and then i accidently dropped the tag because my hand was shaking so much.,0,,1,0,0,0,['fear'],english
eng_train_track_a_00925,i've got the tug happening in my chest.,0,,1,0,0,0,['fear'],english
eng_train_track_a_00926,"checked weather report, checked space station schedule, etc etc... nothing that made sense.",0,,1,0,1,1,['fear' 'sadness' 'surprise'],english
eng_train_track_a_00927,prior to the opening of the hunting season in the autumn (when the whole hunting collective/club goes to hunt together) we go hunting alone.,0,,1,0,0,0,['fear'],english
eng_train_track_a_00928,but anyway this house.,0,,0,0,0,0,[],english
eng_train_track_a_00929,"so i went ahead and finished it, but it fits my head without quite covering my ears, so even though i started out knitting it for you, it didn't end up working.",0,,0,0,0,0,[],english
eng_train_track_a_00930,"the dog barked more, whimpered and whined.",0,,1,0,1,0,['fear' 'sadness'],english
eng_train_track_a_00931,"so they decided to throw me a ""90s mcdonalds"" birthday party.",0,,0,1,0,1,['joy' 'surprise'],english
eng_train_track_a_00932,"it never freaked me out, because it happened enough as i was small and i got used to it.",0,,1,0,0,0,['fear'],english
eng_train_track_a_00933,i've never had my cheeks hurt so much from laughing and / or smiling.,0,,0,1,0,0,['joy'],english
eng_train_track_a_00934,"police got called, guy gets taken away.",0,,1,0,0,1,['fear' 'surprise'],english
eng_train_track_a_00935,"`` i had to think about that for a second, and do the math in my head.",0,,1,0,0,0,['fear'],english
eng_train_track_a_00936,"she hit katahdin, and celebrated.",1,,0,1,0,0,['anger' 'joy'],english
eng_train_track_a_00937,"i know this will get buried, but whatever.",0,,0,0,1,0,['sadness'],english
eng_train_track_a_00938,he also told me i would be his wife one day.,0,,0,1,0,1,['joy' 'surprise'],english
eng_train_track_a_00939,we shared about a minute of spaz-dancing and off-key singing before we went our seperate ways.,0,,0,1,0,0,['joy'],english
eng_train_track_a_00940,i go to her pictures and see the image of what was in my head right there in front of me...,0,,0,1,0,1,['joy' 'surprise'],english
eng_train_track_a_00941,they buy energy from 'energy generators' and sell it to you the customer.,0,,0,0,0,0,[],english
eng_train_track_a_00942,i struggle to make out the images my eyes begin to pick up.,0,,1,0,0,0,['fear'],english
eng_train_track_a_00943,"i jumped out wrapped a towel around me, dried off my hand and face and answered it.",0,,0,0,0,0,[],english
eng_train_track_a_00944,"and i seriously felt tat my chest hurts... for the next few months, i really need to give up: 1 ) shopping2 ) manicure & pedicure3 ) ktv session4 ) clubbingcos i simply dun have budget for the above!!",0,,1,0,1,0,['fear' 'sadness'],english
eng_train_track_a_00945,i closed my eyes and felt the elements around me.,0,,0,1,0,0,['joy'],english
eng_train_track_a_00946,she finally decided to go to the doctor.,0,,1,1,0,0,['fear' 'joy'],english
eng_train_track_a_00947,"the assault ended abruptly, the pistol dropped from my hands and hit the soggy grass with a heavy thump.",1,,1,0,1,1,['anger' 'fear' 'sadness' 'surprise'],english
eng_train_track_a_00948,i felt like batman that day.,0,,0,1,0,0,['joy'],english
eng_train_track_a_00949,i closed my eyes and heard something hit the ground.,0,,1,0,0,1,['fear' 'surprise'],english
eng_train_track_a_00950,right behind the log.,0,,1,0,0,0,['fear'],english
eng_train_track_a_00951,w-worst habit: not washing my face before i go to bed.,0,,0,0,0,0,[],english
eng_train_track_a_00952,"arms back, chin down.",0,,1,0,0,0,['fear'],english
eng_train_track_a_00953,"i was sitting in the van trying to stay warm, and going over the following day's logistics in my head.",0,,1,0,0,0,['fear'],english
eng_train_track_a_00954,no one else in the class did.,0,,0,0,1,1,['sadness' 'surprise'],english
eng_train_track_a_00955,"fast forward-i was 21, and living in my first apartment.",0,,0,1,0,0,['joy'],english
eng_train_track_a_00956,my heart was just... beautiful.,0,,0,1,0,0,['joy'],english
eng_train_track_a_00957,decide to be roommates.,0,,0,1,0,0,['joy'],english
eng_train_track_a_00958,and my hair was straight and nice already so i pull a sweater over my head and jump into some jeans run to the bathroom brush my teeth while combing my hair with my fingers grab my purse and im out the door with sunglasses on cuz i got no makeup on... so i get to the bus stop and realize... i forgot to put out the bottles and a check for the waterman who comes at 9 am!,0,,1,0,0,0,['fear'],english
eng_train_track_a_00959,then a few days later i told her jenny wanted me to come to the basement to play with her.,0,,1,0,0,1,['fear' 'surprise'],english
eng_train_track_a_00960,or like when the one of the 4-year-olds i substitute taught at church asked why i was wearing a belt around my waist.,0,,0,0,0,1,['surprise'],english
eng_train_track_a_00961,the funniest thing i've seen in ages last chance to see on tvo and ended up with tears streaming down my cheeks because i was laughing so hard.,0,,0,1,0,0,['joy'],english
eng_train_track_a_00962,"amanda and i carried the washer up with no problems but as we sat it down in the street, my back gave out.",0,,1,0,1,0,['fear' 'sadness'],english
eng_train_track_a_00963,"my hand was indeed gone, but new fingers, stubby and underformed, were sprouting from the stub.",0,,1,0,1,1,['fear' 'sadness' 'surprise'],english
eng_train_track_a_00964,a few years ago i worked for an apartment rental agency in a customer service role.,0,,0,0,0,0,[],english
eng_train_track_a_00965,"a strangely calming breeze crosses my face and shoulders, mysteriously skipping right over my legs.",0,,0,1,0,0,['joy'],english
eng_train_track_a_00966,i'll never forget the bitch-death-glare she shot me.,1,,1,0,0,0,['anger' 'fear'],english
eng_train_track_a_00967,he was admiring the tattoo on my forearm.,0,,0,0,0,0,[],english
eng_train_track_a_00968,we did this like 3 times before we just decided to leave it in the closet.,0,,0,0,0,0,[],english
eng_train_track_a_00969,today i must do the dreaded studying: ( blarg.i did a bit last night ( some review ) and it is amazing how quickly this shit leaves my brain after taking 1.5 days off from it.,1,,1,0,1,0,['anger' 'fear' 'sadness'],english
eng_train_track_a_00970,""" i figure she probably spent all night hiding in a corner.",0,,1,0,1,0,['fear' 'sadness'],english
eng_train_track_a_00971,i could see them all.,0,,0,1,0,1,['joy' 'surprise'],english
eng_train_track_a_00972,i love telling this story.,0,,0,1,0,0,['joy'],english
eng_train_track_a_00973,"determined well, i've been going to the gym a little over three weeks now, and i've lost eight pounds, and roughly twelve inches total-about three from my waist, two and a half from my hips, a half inch from each thigh, and four total from my... um... upper torso area... anyway, it feels awesome.",0,,0,1,0,0,['joy'],english
eng_train_track_a_00974,"he looks over and i realise how obvious i am with a huge grin on my face, looking suspicious.",0,,1,1,0,0,['fear' 'joy'],english
eng_train_track_a_00975,"my heart still flutters when i think about it, it was just amazing.",0,,0,1,0,0,['joy'],english
eng_train_track_a_00976,"not too scary, right?",0,,1,1,0,1,['fear' 'joy' 'surprise'],english
eng_train_track_a_00977,in a rather large company.,0,,0,0,0,0,[],english
eng_train_track_a_00978,pain-i have injured my knee somehow.,0,,1,0,1,0,['fear' 'sadness'],english
eng_train_track_a_00979,"my eyes scanned quickly into every room, every corner as i passed by $ and more than once my fist met the peeling paint of a closed door.",1,,1,0,0,0,['anger' 'fear'],english
eng_train_track_a_00980,"not the most unnerving feeling, but the most prominent event in my mind is as follows:",0,,1,0,0,1,['fear' 'surprise'],english
eng_train_track_a_00981,he was convinced that his grandpa was still alive or whatever.,0,,1,0,1,1,['fear' 'sadness' 'surprise'],english
eng_train_track_a_00982,"but, it fits my head.",0,,0,1,0,0,['joy'],english
eng_train_track_a_00983,"it constantly snarled in the fine hairs on the back of my neck and left red marks on my temples when it snapped, sending the steel tips of the rubber band into my face.",1,,1,0,0,1,['anger' 'fear' 'surprise'],english
eng_train_track_a_00984,skudai * < 3 > i can closed my heart and my mind.,0,,0,0,0,0,[],english
eng_train_track_a_00985,"all i know, is i need to get my head on straight before the tears begin to slowly pool over the corner of my eye once again.",0,,1,0,1,0,['fear' 'sadness'],english
eng_train_track_a_00986,the tree starts shrinking.,0,,1,0,0,1,['fear' 'surprise'],english
eng_train_track_a_00987,needless to say i was kind of scared.,0,,1,0,0,0,['fear'],english
eng_train_track_a_00988,when she woke up the next morning she decided to figure out what the hell had happened.,0,,1,0,0,1,['fear' 'surprise'],english
eng_train_track_a_00989,my horror unfurls as it whispers my name $ it eyeballs me and holds my gaze; dread rips through my heart as it screams out.,0,,1,0,0,0,['fear'],english
eng_train_track_a_00990,"during my first season, i was playing a game on my birthday.",0,,0,1,0,0,['joy'],english
eng_train_track_a_00991,my parents were confused.,0,,1,0,1,1,['fear' 'sadness' 'surprise'],english
eng_train_track_a_00992,a song started to loop inside my head.,0,,1,1,0,0,['fear' 'joy'],english
eng_train_track_a_00993,"less hours, means they are making less money.",0,,1,0,1,0,['fear' 'sadness'],english
eng_train_track_a_00994,yea i'm with you there man.,0,,0,1,0,0,['joy'],english
eng_train_track_a_00995,it was freaking awesome,0,,0,1,0,0,['joy'],english
eng_train_track_a_00996,"i even tried to sleep sitting up for a bit, that ended when i nearly gave myself whiplash when my head dropped.",0,,1,0,0,0,['fear'],english
eng_train_track_a_00997,"my room is structured so there are two doors, one to the bathroom, which feeds through to another door in the hallway, and the main door to my room from the same hallway.",0,,0,0,0,0,[],english
eng_train_track_a_00998,i can just imagine how many bugs have been snacking on my legs as ive sat here for the last couple hours.,0,,1,0,0,0,['fear'],english
eng_train_track_a_00999,almost at the instant that the first drop of sweat popped out on my head i had the weirdest experience.,0,,1,0,0,1,['fear' 'surprise'],english
eng_train_track_a_01000,the later guests were all drunk - really drunk - but they were all close friends of me.,0,,0,1,0,0,['joy'],english
eng_train_track_a_01001,"after we were done, i could barely even move my fingers and i think i am going to be sick in a few days.",0,,1,0,1,0,['fear' 'sadness'],english
eng_train_track_a_01002,dove brought me a nice glass of ice water and the bottle of the pain pills and an ice pack for my hand.,0,,1,0,0,0,['fear'],english
eng_train_track_a_01003,"originally posted september 18th, 2007 i walked down the driveway, pushing back the stinging pain that kept trying to force a few tears out of my eyes.",0,,1,0,1,0,['fear' 'sadness'],english
eng_train_track_a_01004,the scream quickly turned into full-blown four-alarm sobbing as i flailed evasively to rid myself of this alien being bearing a dark and nightmarish message.,0,,1,0,1,1,['fear' 'sadness' 'surprise'],english
eng_train_track_a_01005,in retrospect this implied extreme circumstances.,0,,1,0,0,1,['fear' 'surprise'],english
eng_train_track_a_01006,it was hairless and covered in gray skin.,0,,1,0,0,1,['fear' 'surprise'],english
eng_train_track_a_01007,it got so bad that in the car on the way home i had to put the air on full blast and put my head down in the car to try to keep it cool so it didn't ich so much.,0,,1,0,1,0,['fear' 'sadness'],english
eng_train_track_a_01008,"i sharted undigested bubble gum, you guys.",0,,1,1,0,1,['fear' 'joy' 'surprise'],english
eng_train_track_a_01009,some children came out and cheered me on offering water and slapping my back.,0,,0,1,0,0,['joy'],english
eng_train_track_a_01010,"there was nothing else of mine in her belongings, and i stood up and dusted my hands off.",0,,0,1,0,0,['joy'],english
eng_train_track_a_01011,"""i don't know i don't know i don't know...""",0,,1,0,1,0,['fear' 'sadness'],english
eng_train_track_a_01012,took the skin off my knuckles an my hand bleeding like hell but i felt kinda better.,0,,1,0,1,0,['fear' 'sadness'],english
eng_train_track_a_01013,she sat at her papa's recliner sofa only to move next to me and start clinging to my arms.,0,,0,0,0,0,[],english
eng_train_track_a_01014,"apparently i like to impale my face into my pillow and curl my hands into the blankets so i can tug them over my neck, up to my mouth-which was closed.",0,,1,0,1,0,['fear' 'sadness'],english
eng_train_track_a_01015,never saw them again...,0,,0,0,1,0,['sadness'],english
eng_train_track_a_01016,i farted and a little nugget fell out onto the floor.,0,,0,1,0,1,['joy' 'surprise'],english
eng_train_track_a_01017,"i wrapped a tshirt around my head for warmth, and settled in for a cold night.",0,,1,0,1,0,['fear' 'sadness'],english
eng_train_track_a_01018,one time in high school my friends and i had a dance party in someones basement.,0,,0,1,0,0,['joy'],english
eng_train_track_a_01019,"i managed to shoehorn myself into the seat but my knees were jammed under the dash, i could barely use the pedals, i couldn't get any proper lock on the steering wheel, my head was poking out of the rollcage and i had no idea of what the rev limits or gears were.",0,,1,0,0,0,['fear'],english
eng_train_track_a_01020,so it goes on like this for awhile.,0,,0,0,0,0,[],english
eng_train_track_a_01021,"i know it is true, for my own glasses have been gone for over 16 years, and i know what to do and what not to do in order to have my eyesight relax, my vision stay sharp, and my eyes happy.",0,,0,1,0,0,['joy'],english
eng_train_track_a_01022,"as stiff as a board, i didn't move an inch except to dart my eyes to my sleeping sister in the bed ten feet away.",0,,1,0,0,0,['fear'],english
eng_train_track_a_01023,second story (equally creepy):,0,,1,0,0,1,['fear' 'surprise'],english
eng_train_track_a_01024,and made worse by her crying because of the embarrassment.,0,,1,0,1,0,['fear' 'sadness'],english
eng_train_track_a_01025,"my whole body was painful today, especially my arms.",0,,1,0,1,0,['fear' 'sadness'],english
eng_train_track_a_01026,so i put my hand up and started to walk away.,0,,0,0,0,0,[],english
eng_train_track_a_01027,then my hand that had the red figure opened of it's own accord and shot out a red ball of light.,0,,0,0,0,1,['surprise'],english
eng_train_track_a_01028,"i found a relatively bugless spot, went through the short version of my routine, pounded my hip with my fist a few dozen times, then got back on the road.",0,,0,0,0,0,[],english
eng_train_track_a_01029,my stomach felt like it had a hole in it.,0,,1,0,1,0,['fear' 'sadness'],english
eng_train_track_a_01030,6 hour old post?,0,,0,0,0,1,['surprise'],english
eng_train_track_a_01031,"but, my stomach... oh... my stomach... this bike has been from taiwan to vietnam, cambodia, and thailand... and several places in vietnam, not to mention all but the southern tip of taiwan... heading north.",0,,1,0,0,0,['fear'],english
eng_train_track_a_01032,"i swing my foot back, then proceed to apply a good, strong kick to the underside of the table.",1,,0,0,0,0,['anger'],english
eng_train_track_a_01033,i found an old sweatshirt on the floor and tied it tightly around my leg.,0,,1,0,0,0,['fear'],english
eng_train_track_a_01034,it also hurts to turn my neck in any direction.,0,,1,0,1,0,['fear' 'sadness'],english
eng_train_track_a_01035,oh ok actually chop on hand also can lah... * gives weird expression while stamping chop on my hand * adeline: eh!,0,,0,1,0,1,['joy' 'surprise'],english
eng_train_track_a_01036,"i have major slip ups, like, letting the wrong person close to my heart and getting burned.",0,,1,0,1,0,['fear' 'sadness'],english
eng_train_track_a_01037,finally found out that i have bad whip lash and strained the tendons in my neck.,0,,1,0,1,0,['fear' 'sadness'],english
eng_train_track_a_01038,i had never been so scared.,0,,1,0,0,0,['fear'],english
eng_train_track_a_01039,i pushed those thoughts out of my head and told myself i was being paranoid.,0,,1,0,0,0,['fear'],english
eng_train_track_a_01040,house almost burned down the weekend they were out of town.,0,,1,0,1,1,['fear' 'sadness' 'surprise'],english
eng_train_track_a_01041,the stranger crosses the finish line first; the crowd goes wild!,0,,0,1,0,1,['joy' 'surprise'],english
eng_train_track_a_01042,his stepdad is practically his real dad.,0,,0,1,0,0,['joy'],english
eng_train_track_a_01043,"hahaha but can't blame me, my nose was blocked i can't breathe properly la.",0,,1,0,0,0,['fear'],english
eng_train_track_a_01044,naturally we freaked out.,0,,1,0,0,1,['fear' 'surprise'],english
eng_train_track_a_01045,and found myself giggling that every day at the same time (3:15) jesus would sign into the guest register.,0,,0,1,0,1,['joy' 'surprise'],english
eng_train_track_a_01046,"earth base delta stopped responding to our calls, and we were left alone in the vast emptiness of space.",0,,1,0,1,1,['fear' 'sadness' 'surprise'],english
eng_train_track_a_01047,"my teeth were marred by braces, and i hated the sight of them.",0,,0,0,1,0,['sadness'],english
eng_train_track_a_01048,"still, a creepy happening.",0,,1,0,0,1,['fear' 'surprise'],english
eng_train_track_a_01049,i need to ice my calf often and try to stay off it... except to occasionally stretch it.,0,,1,0,0,0,['fear'],english
eng_train_track_a_01050,i have to be a complete part of his life and his heart.,0,,0,0,0,0,[],english
eng_train_track_a_01051,"14 years later, we're still best friends.",0,,0,1,0,0,['joy'],english
eng_train_track_a_01052,""" i thought she was going to throw her coffee at me.",1,,1,0,0,1,['anger' 'fear' 'surprise'],english
eng_train_track_a_01053,i brought my head up to the edge of the grass and peered towards the road.,0,,0,0,0,0,[],english
eng_train_track_a_01054,but not very happy.,0,,0,1,1,0,['joy' 'sadness'],english
eng_train_track_a_01055,"we get to the porch and my dog starts *growling*, like a big boy growl, like shits going down growl.",0,,1,0,0,1,['fear' 'surprise'],english
eng_train_track_a_01056,i fought back the tears coming to my eyes.,0,,1,0,1,0,['fear' 'sadness'],english
eng_train_track_a_01057,"people are starting to chant ""fight, fight fight"" while some say ""bro, it ain't worth it"".",1,,1,0,0,1,['anger' 'fear' 'surprise'],english
eng_train_track_a_01058,"my mouth started buzzing, then fingers, arms and legs.",0,,1,0,0,0,['fear'],english
eng_train_track_a_01059,mildly inconvenient but so weird.,0,,1,1,0,1,['fear' 'joy' 'surprise'],english
eng_train_track_a_01060,i know with all my heart that taking this job was the right thing to do.,0,,0,1,0,0,['joy'],english
eng_train_track_a_01061,this guy started out ok but quickly became a fucking heroin addict.,1,,1,0,1,1,['anger' 'fear' 'sadness' 'surprise'],english
eng_train_track_a_01062,"`` then a doctor walked around the corner, and my mouth fell open.",0,,0,0,0,1,['surprise'],english
eng_train_track_a_01063,"the new apples of my eye, as promised.",0,,0,1,0,0,['joy'],english
eng_train_track_a_01064,not exactly an objection but very close.,1,,1,0,0,1,['anger' 'fear' 'surprise'],english
eng_train_track_a_01065,the silent one looked increasingly nervous.,0,,1,0,0,0,['fear'],english
eng_train_track_a_01066,"either way, he had threaten to burn my new place down, and miraculously it did.",1,,1,0,1,1,['anger' 'fear' 'sadness' 'surprise'],english
eng_train_track_a_01067,"it's also on the front of my upper legs, the back of my lower legs, and the tops of my feet.",0,,0,0,0,0,[],english
eng_train_track_a_01068,"i approach him start to speak... `` excuse me... what where annie's last... '', and before i could get ` working hours ' out of my mouth, a celeberty young artist of 24 stalks in, her name is silvery white.",0,,0,0,0,1,['surprise'],english
eng_train_track_a_01069,"needless to say, none of us slept.",0,,1,0,1,0,['fear' 'sadness'],english
eng_train_track_a_01070,* fuzzy stuff here * someone was plucking my eyebrows in one of the dressing rooms and i was so upset because they were too thin.,1,,0,0,1,0,['anger' 'sadness'],english
eng_train_track_a_01071,the dyatlov pass incident.,0,,1,0,0,1,['fear' 'surprise'],english
eng_train_track_a_01072,"was a routine trip, 11 miles to rwc motoring and into a southerly wind, more wind than we saw during race time and with the sun straight in my eyes most of the way down.",0,,1,0,0,0,['fear'],english
eng_train_track_a_01073,still freaks me out to remember it.,0,,1,0,0,1,['fear' 'surprise'],english
eng_train_track_a_01074,"all-in-all i had a great time, my back didn't kill me, and i felt great after the game was over.",0,,0,1,0,0,['joy'],english
eng_train_track_a_01075,my fingers are toes are still tingly.,0,,1,0,0,0,['fear'],english
eng_train_track_a_01076,my jaw hit the floor and i ran out and bought 4 tickets for the closest show in philidelphia pa. ( the only non-ny / ca show ) me and 3 friends pile into a car and leave at 9 am the day of the show for a projected 8 hour drive.,0,,0,1,0,1,['joy' 'surprise'],english
eng_train_track_a_01077,"i turn on newburg and because im running behind schedule, my foot starts to get heavy and my speed increases.",0,,0,0,0,0,[],english
eng_train_track_a_01078,"half of my heart, pulled out of my chest and sat in front of me, stretched out to a thin quiet man with a buzz cut and old black sweater that smells like clean dirt and cheap beer.",0,,0,0,1,0,['sadness'],english
eng_train_track_a_01079,i wan na get my hands on that series.i took a nap at the booth cuz there wasn't anything else to do.,0,,0,1,0,0,['joy'],english
eng_train_track_a_01080,now this was even more precious to my heart.,0,,0,1,0,0,['joy'],english
eng_train_track_a_01081,that is all in my head i know.,0,,1,0,0,0,['fear'],english
eng_train_track_a_01082,"' by now, a small intense knot of hatred swelling in my stomach.",1,,0,0,0,0,['anger'],english
eng_train_track_a_01083,someone is in danger.,0,,1,0,1,1,['fear' 'sadness' 'surprise'],english
eng_train_track_a_01084,"my chest was lighter, my entire body was lighter.",0,,0,1,0,0,['joy'],english
eng_train_track_a_01085,"i felt for it, but ended up having to open my eyes to actually find it.",0,,1,0,0,1,['fear' 'surprise'],english
eng_train_track_a_01086,i know why i got one i have constant allergy symptoms and my head was wet with constant snot.,0,,1,0,1,0,['fear' 'sadness'],english
eng_train_track_a_01087,so we get there and order some drinks.,0,,0,1,0,0,['joy'],english
eng_train_track_a_01088,"the first one was far enough ahead that it didn't startle me so much.anyway, for the gruesomely curious, here are some pics of my injuries: my elbow got the worst of it.",1,,1,0,1,0,['anger' 'fear' 'sadness'],english
eng_train_track_a_01089,these dogs jump on me and scratch my legs and when i get out of the car they try to jump inside.,1,,1,0,0,0,['anger' 'fear'],english
eng_train_track_a_01090,please excuse the spelling:~),0,,0,1,0,0,['joy'],english
eng_train_track_a_01091,we're also thieves.,0,,1,0,0,1,['fear' 'surprise'],english
eng_train_track_a_01092,"with my buddy convinced, our cop decoy is revealed...my 1977 black pontiac trans am.",0,,0,1,0,1,['joy' 'surprise'],english
eng_train_track_a_01093,"being a `` part-time vampire '', hanging by my toes during the morning hours during vacation, i spent a few hours that early morning loading stuff.",0,,0,1,0,0,['joy'],english
eng_train_track_a_01094,"i'm trying to bribe them, keep them happy, and keep the steam from coming out of my ears, since i don't really know how to photoshop steam out.",1,,1,0,0,0,['anger' 'fear'],english
eng_train_track_a_01095,"i would wake up sometime later shaking, perhaps trying to rid myself of the sleep paralysis.",0,,1,0,1,0,['fear' 'sadness'],english
eng_train_track_a_01096,first: i want to know about *your* day!,0,,0,1,0,0,['joy'],english
eng_train_track_a_01097,i was staying at a supposedly haunted hotel with some friends.,0,,1,0,0,1,['fear' 'surprise'],english
eng_train_track_a_01098,i remember sitting on the curb putting it to my ear and listening to the music.,0,,0,1,0,0,['joy'],english
eng_train_track_a_01099,"i smashed my face with the box i was carrying, busted my lip and got blood all over my face, broke my glasses ( again! )",1,,1,0,1,1,['anger' 'fear' 'sadness' 'surprise'],english
eng_train_track_a_01100,this one has haunted me for years...,0,,1,0,1,1,['fear' 'sadness' 'surprise'],english
eng_train_track_a_01101,"it was pretty scary; i had to breathe into a funny-looking thing and the worst part was that i had to have not one, but two shots in my legs!",0,,1,0,0,0,['fear'],english
eng_train_track_a_01102,at this point my cousin notices that his house is decorated entirely with circus clowns.,0,,1,0,0,1,['fear' 'surprise'],english
eng_train_track_a_01103,she refused to go to the doctor.,0,,1,0,1,0,['fear' 'sadness'],english
eng_train_track_a_01104,"my hand seemed to tremble more as i took the frail hand offered to me, feeling the protruding veins under my thumb.",0,,1,0,1,0,['fear' 'sadness'],english
eng_train_track_a_01105,"i moved my arms, stretching the muscles, watching ribbons of flesh dance around skin and bone.",0,,0,1,0,0,['joy'],english
eng_train_track_a_01106,"i could feel it on my back; cold, wet and aged.",0,,1,0,1,0,['fear' 'sadness'],english
eng_train_track_a_01107,"so when i am quiet, crying, angry... or my attitude just seems... different, let me close my eyes... and let me dream...",1,,1,0,1,0,['anger' 'fear' 'sadness'],english
eng_train_track_a_01108,"&lt;3 hopefully we'll meet in person eventually, but we live 9000 miles apart and neither of us have much money.",0,,1,1,1,0,['fear' 'joy' 'sadness'],english
eng_train_track_a_01109,"in my brain, i knew it's nothing serious, but my eyes darted away while my hands looked for something to occupy automatically.",0,,1,0,0,0,['fear'],english
eng_train_track_a_01110,"this will probably get buried, but here goes:",0,,1,0,0,1,['fear' 'surprise'],english
eng_train_track_a_01111,the bride floated down the aisle like a pageant queen.,0,,0,1,0,1,['joy' 'surprise'],english
eng_train_track_a_01112,instinctively i turned my head to see who was coming in.,0,,1,0,0,0,['fear'],english
eng_train_track_a_01113,anyway we've been married almost nine years.,0,,0,1,0,0,['joy'],english
eng_train_track_a_01114,i did as little as possible with my right hand on sunday and took a long nap with my hand in an elevated and comfortable position sunday afternoon.,0,,0,0,0,0,[],english
eng_train_track_a_01115,"the hike was pleasant enough at first, walking on a slight incline, enjoying the scenery and the multitude of grasshoppers ( sweet jaysis, some of them were soooo big i'm sure they had skeletons ) almost flying into my face every step or so, i thought `` ah!",0,,1,1,0,1,['fear' 'joy' 'surprise'],english
eng_train_track_a_01116,"my elbow has some roadrash, once again through the jacket.",0,,1,0,0,0,['fear'],english
eng_train_track_a_01117,"this is what i recall... there was a sheet draped across my belly, vertically, so i couldn't see what was going on.",0,,1,0,0,0,['fear'],english
eng_train_track_a_01118,the black panther is here!.,0,,1,0,0,1,['fear' 'surprise'],english
eng_train_track_a_01119,i have many memories of him sitting across from me and sucking on a pig's foot while i wrinkled my nose in disgust.,0,,0,0,0,0,[],english
eng_train_track_a_01120,"as my friend steve called for better directions and as he was getting them, i fell again thinking i could break and quickly put my foot on the curb.",0,,1,0,1,0,['fear' 'sadness'],english
eng_train_track_a_01121,so far in this class my eyes have been opened to the power of writing and the enjoyment it can bring to me.,0,,0,1,0,0,['joy'],english
eng_train_track_a_01122,then bodybag was on my case and was ordering a cell search and people were shoving the `` uppers '' into my hands to which i was there trying to hide them in my pockets and such.,1,,1,0,0,0,['anger' 'fear'],english
eng_train_track_a_01123,"the front page caught my eye; on it was a lengthy list of medical conditions, some five hundred or so altogether.",0,,1,0,0,1,['fear' 'surprise'],english
eng_train_track_a_01124,it was up-hill to get to school.....and up-hill again walking back home.,0,,1,0,1,0,['fear' 'sadness'],english
eng_train_track_a_01125,"` captain, ' ianto said timidly, poking his head around the door.",0,,1,0,0,0,['fear'],english
eng_train_track_a_01126,"(yikes, no pun intended--on either count)",0,,1,1,0,1,['fear' 'joy' 'surprise'],english
eng_train_track_a_01127,strange that happened to me once long ago.,0,,1,0,0,1,['fear' 'surprise'],english
eng_train_track_a_01128,talked with a lady online and we decided to meet.,0,,1,1,0,0,['fear' 'joy'],english
eng_train_track_a_01129,the trap door was wide open.,0,,1,0,0,1,['fear' 'surprise'],english
eng_train_track_a_01130,"but, when i feel the sand under my feet, hear the roar of the waves and the strength of the gulf winds pushing and pulling the water in a sacred motion, all else is gone.",0,,0,1,0,0,['joy'],english
eng_train_track_a_01131,"bummed well, i have survived the colonoscopy and the scope down my throat.",0,,1,0,1,0,['fear' 'sadness'],english
eng_train_track_a_01132,i was like wtf.,1,,0,0,0,1,['anger' 'surprise'],english
eng_train_track_a_01133,by the time tuesday afternoon came my brain was gone.,0,,1,0,1,0,['fear' 'sadness'],english
eng_train_track_a_01134,here's the problem; i itch so bad i want to rip off my skin.,0,,1,0,0,0,['fear'],english
eng_train_track_a_01135,and my entire right leg up to my hip was still sleeping.,0,,0,0,0,0,[],english
eng_train_track_a_01136,"i whirl around, of course, and see nothing.",0,,1,0,0,1,['fear' 'surprise'],english
eng_train_track_a_01137,"suddenly another plane was involved, heading for washington and my heart stopped beating for a few seconds as the implications of what was happening took me to my knees.",0,,1,0,1,1,['fear' 'sadness' 'surprise'],english
eng_train_track_a_01138,"images of him dominating in all ways filled my head, haunting my dreams and fueling my fantasies.",0,,1,0,1,0,['fear' 'sadness'],english
eng_train_track_a_01139,"i land off-kilter and go crashing into the drum set and take a hi-hat to the center of my spine, severing my nerves and leaving me paralyzed.",1,,1,0,1,1,['anger' 'fear' 'sadness' 'surprise'],english
eng_train_track_a_01140,i'm so sorry.,0,,0,0,1,0,['sadness'],english
eng_train_track_a_01141,the whole bathroom was very elegant and nicely decorated.,0,,0,1,0,0,['joy'],english
eng_train_track_a_01142,either way i was scared for my life that day...,0,,1,0,0,0,['fear'],english
eng_train_track_a_01143,"she is so intrusive in my life, i have issues at work.",1,,1,0,1,0,['anger' 'fear' 'sadness'],english
eng_train_track_a_01144,there is so much going threw my head right now it's,0,,1,0,0,0,['fear'],english
eng_train_track_a_01145,"i went to an off broadway show, which was a wedding.",0,,0,1,0,1,['joy' 'surprise'],english
eng_train_track_a_01146,"the brace however squeezes my leg flesh out the top and bottom of the brace, and makes my knee cap look like a brain when i straighten my leg, but whatever.",0,,0,0,0,0,[],english
eng_train_track_a_01147,i politely decline and went home.,0,,0,0,0,0,[],english
eng_train_track_a_01148,then i got to a parking lot and got a funny idea in my head to toss it at a car.,0,,0,1,0,0,['joy'],english
eng_train_track_a_01149,my venomous snake story is less awesome but the end result is the same:,0,,1,0,0,0,['fear'],english
eng_train_track_a_01150,what demon likes peas?,0,,0,0,0,1,['surprise'],english
eng_train_track_a_01151,"the ocean wind is cold and howling in my face, easing a sharp stream of tears out of the left eye.",0,,1,0,1,0,['fear' 'sadness'],english
eng_train_track_a_01152,"it was a good part time job, with flexible hours and great people to work with.",0,,0,1,0,0,['joy'],english
eng_train_track_a_01153,i closed my eyes and took a deep breath.,0,,1,1,0,0,['fear' 'joy'],english
eng_train_track_a_01154,i turned around so i could see my back.,0,,0,0,0,1,['surprise'],english
eng_train_track_a_01155,"she is a nice religious girl, exactly like the one he wanted to be with.",0,,0,1,0,0,['joy'],english
eng_train_track_a_01156,"my heart is broke, there's nothing to steal.",0,,0,0,1,0,['sadness'],english
eng_train_track_a_01157,"""how the hell did you get her down?!",1,,1,0,0,1,['anger' 'fear' 'surprise'],english
eng_train_track_a_01158,"ok, i'll tell you something which is both very creepy and very, very real.",0,,1,0,0,1,['fear' 'surprise'],english
eng_train_track_a_01159,the next day i got a tetanus shot.,0,,1,0,0,0,['fear'],english
eng_train_track_a_01160,got tired roaming' and bumming' around,0,,0,0,1,0,['sadness'],english
eng_train_track_a_01161,they kept me at the hospital for 24 hours-and suggested i try to stay off my feet as much as possible.,0,,1,0,1,0,['fear' 'sadness'],english
eng_train_track_a_01162,"this leads to the neeed to suffle around and makes my legs fall asleep after not too long, which obviously isn't advisable.",0,,1,0,0,0,['fear'],english
eng_train_track_a_01163,"this lake... that my feet are now standing in... is not only the lake that jesus calmed in mark 4, but it is also the very water that jesus walked on!",0,,0,1,0,1,['joy' 'surprise'],english
eng_train_track_a_01164,"just got x-rays, and at least my knee does not appear to be broken ( although they are sending the x-rays to a specialist to be sure ).",0,,1,1,0,0,['fear' 'joy'],english
eng_train_track_a_01165,"my dad was in the car, my mom was signing medical consents, and my sister was holding my hand and telling me to breath to keep me calm.",0,,1,0,1,0,['fear' 'sadness'],english
eng_train_track_a_01166,"needless to say, the plant died from her residual evil.",1,,0,0,0,1,['anger' 'surprise'],english
eng_train_track_a_01167,"everyone was rather distraught, as he was widely liked and respected.",0,,1,0,1,0,['fear' 'sadness'],english
eng_train_track_a_01168,"the room was small but brightly lit and i sat on a two-seater couch facing the counselor across the room, as opposed to lounging on my back while staring at the ceiling with the lights dimmed.so what did i learn?",0,,0,0,0,0,[],english
eng_train_track_a_01169,"well, i was being nice and throwing our trash away at sonic... he started to back up, so i slammed my hands on the front of the car, so he started to pull forward... i laughed, finding it funny, and then i slowly realized that the car was against my shins and my feet were under the bumper of the car.......",0,,1,0,0,1,['fear' 'surprise'],english
eng_train_track_a_01170,"we pressed play, and some rap song came on.",0,,0,1,0,1,['joy' 'surprise'],english
eng_train_track_a_01171,i smoke weed alone i have a tendency to become hungry.,0,,0,1,0,0,['joy'],english
eng_train_track_a_01172,"""i forget, but i never forgive!",1,,0,0,0,0,['anger'],english
eng_train_track_a_01173,we cleaned up another 15-20 litres of wine and finished up by the boys lifting the flagon to my mouth while i sculled the last litre or so.,0,,0,1,0,0,['joy'],english
eng_train_track_a_01174,i wish there was some way to know which dreams were going to come true.,0,,1,0,1,1,['fear' 'sadness' 'surprise'],english
eng_train_track_a_01175,my knees are banged to shit tho.,0,,0,0,1,0,['sadness'],english
eng_train_track_a_01176,"my prep nurse deborah ( went by debbie ( which i thought was great because i really wanted my mom with me, but it wasn't possible with a c-section ) ) held my hand and told me to sit very still.",0,,1,0,0,0,['fear'],english
eng_train_track_a_01177,"it was a call from the company whose offer i had accepted, saying that on the medical check up ( i signed the contract before i went on med.check ); my lungs doesn't seem well.",0,,1,0,1,0,['fear' 'sadness'],english
eng_train_track_a_01178,"hopeful six months ago, i stood in a strange new place, my strange new home, in front of a fountain with a shiny penny in my hand.",0,,0,1,0,0,['joy'],english
eng_train_track_a_01179,"the priest must have taken pity on me because of the rain, because my hands were otherwise engaged, and apparently because he thought i looked smokin ' hot.",0,,0,1,0,0,['joy'],english
eng_train_track_a_01180,sure enough - same car.,0,,0,0,0,1,['surprise'],english
eng_train_track_a_01181,p / s: iloveyou guys from the bottom until the top of my heart.,0,,0,1,0,0,['joy'],english
eng_train_track_a_01182,"man, i was wrong.",0,,0,0,1,1,['sadness' 'surprise'],english
eng_train_track_a_01183,"scariest part is when i couldn't move my body, with my conscious aware of everything and not being able to breathe.",0,,1,0,1,1,['fear' 'sadness' 'surprise'],english
eng_train_track_a_01184,i cringe because i have a morbid fear of stds.,0,,1,0,0,0,['fear'],english
eng_train_track_a_01185,"the monster was right in front of me and gripped my arms tightly, giving me no chance to escape.",0,,1,0,0,0,['fear'],english
eng_train_track_a_01186,she sat me in the chair and spent a total of 30 seconds looking in my mouth.,0,,0,0,0,0,[],english
eng_train_track_a_01187,"being insensitive and ignorant like that is completely uncalled for and that just made me sick.even more, there are a couple people that get under my skin a bit.",1,,0,0,1,0,['anger' 'sadness'],english
eng_train_track_a_01188,"he happened to be wearing two leather jackets at the time, so the machete only cut halfway through his arm right below the elbow.",0,,1,0,1,1,['fear' 'sadness' 'surprise'],english
eng_train_track_a_01189,"there isn't a lot left, so i'm going to summarize from this point on.",0,,0,1,0,0,['joy'],english
eng_train_track_a_01190,"we went out for pizza, everything was grand -- great conversation, no awkwardness -- until a friend of hers came up and started chatting, and then congratulated her on her new boyfriend, etc.",0,,1,1,1,1,['fear' 'joy' 'sadness' 'surprise'],english
eng_train_track_a_01191,instead i have to go down there to find them all drinking.,1,,0,0,0,0,['anger'],english
eng_train_track_a_01192,"""well i have loads, you can share mine"".",0,,0,1,0,0,['joy'],english
eng_train_track_a_01193,my foot was tingling for sometime afterwards but the pain was mostly gone and there was no more grinding sensation.,0,,1,0,0,0,['fear'],english
eng_train_track_a_01194,"i was eating and drinking well, my legs felt fresh, and other than a twinge in my achilles tendon, i felt on the ball.",0,,0,1,0,0,['joy'],english
eng_train_track_a_01195,i pulled a shard of bone out of my mouth.,0,,1,0,0,0,['fear'],english
eng_train_track_a_01196,"by sharlyn guthrie from the sea fate called to me, harmless ` round my ankles danced.",0,,0,1,0,0,['joy'],english
eng_train_track_a_01197,best/worst physics class of my life.,0,,1,1,1,1,['fear' 'joy' 'sadness' 'surprise'],english
eng_train_track_a_01198,"he went and cried, literally cried, to the guidance counselor.",0,,0,0,1,1,['sadness' 'surprise'],english
eng_train_track_a_01199,"bitch daniel splashed fish water @ my face, lmfao.",1,,0,0,0,0,['anger'],english
eng_train_track_a_01200,the grip on my wrist tightened and my arm throbbed from the pressure.,1,,1,0,0,0,['anger' 'fear'],english
eng_train_track_a_01201,that is how you single-handedly stop a zombie apocalypse.,0,,0,1,0,1,['joy' 'surprise'],english
eng_train_track_a_01202,"when i pulled her back in, her hand went to the perfect spot on my chest.",0,,0,1,0,0,['joy'],english
eng_train_track_a_01203,"when i poked my head in the box to see how they were doing, the other one just let out a single peep!",0,,0,1,0,1,['joy' 'surprise'],english
eng_train_track_a_01204,"i could still feel glass showering down and now the cut on my head was bleeding pretty badly, i could taste the blood as it ran down my face and mixed with my sweat and hit my lips.",0,,1,0,1,0,['fear' 'sadness'],english
eng_train_track_a_01205,we broke up twice.,1,,1,0,1,0,['anger' 'fear' 'sadness'],english
eng_train_track_a_01206,"the whole class turned to look at me and i felt my cheeks flame up a wonderul crimson colour as i tried to bury my head back into my book, i wanted to look back up take one more glimpse at her but i daren't.",0,,1,0,1,0,['fear' 'sadness'],english
eng_train_track_a_01207,i was on a date with this woman.,0,,0,1,0,0,['joy'],english
eng_train_track_a_01208,my parents blame me.,1,,1,0,1,0,['anger' 'fear' 'sadness'],english
eng_train_track_a_01209,"the interesting part is, i hear nothing.",0,,1,0,0,1,['fear' 'surprise'],english
eng_train_track_a_01210,"i dropped her at her house, assumed she thought it went as badly as i did, and thought nothing more of it.",0,,0,0,1,0,['sadness'],english
eng_train_track_a_01211,mmm... my mouth is watering just thinking about it!,0,,0,1,0,0,['joy'],english
eng_train_track_a_01212,"she staggered backwards, hit her head hard enough on the wall to leave a dent, and slumped down.",0,,1,0,1,1,['fear' 'sadness' 'surprise'],english
eng_train_track_a_01213,it was a mess.,1,,1,0,1,0,['anger' 'fear' 'sadness'],english
eng_train_track_a_01214,"they were filled with garbage, dirty clothes, and empty tampon containers.",1,,1,0,1,1,['anger' 'fear' 'sadness' 'surprise'],english
eng_train_track_a_01215,"and sometimes an elbow to your side makes you realize that you better get moving too!time waits for no man, tom waites makes my spine tremble, and thyme makes a good spice.",0,,1,0,0,0,['fear'],english
eng_train_track_a_01216,so i got my hand on the healthy wear powder foundation in creamy beige for $ 3.45.,0,,0,1,0,0,['joy'],english
eng_train_track_a_01217,"there was the tiniest pause in my head for a moment, as i looked round at her.",0,,1,0,0,0,['fear'],english
eng_train_track_a_01218,for puttin my heart into it n come out cryin n sad.,0,,0,0,1,0,['sadness'],english
eng_train_track_a_01219,his life was hell.,0,,1,0,1,0,['fear' 'sadness'],english
eng_train_track_a_01220,the waiter obliged though and did box the salad.,0,,0,1,0,0,['joy'],english
eng_train_track_a_01221,and soon well need more cabbage and potatoes.,0,,0,0,0,0,[],english
eng_train_track_a_01222,"it was probably about 21:00, either way it had already gone very dark (was possibly winter time).",0,,1,0,0,0,['fear'],english
eng_train_track_a_01223,"while we were swimming, i went out where it was almost to my shoulders.",0,,1,1,0,0,['fear' 'joy'],english
eng_train_track_a_01224,i still have a blank stare on my face.,0,,0,0,0,0,[],english
eng_train_track_a_01225,"at one point, i got pissed at bryce for holding my hands back while my cell phone rang.",1,,0,0,0,0,['anger'],english
eng_train_track_a_01226,that thing was there.,0,,1,0,0,1,['fear' 'surprise'],english
eng_train_track_a_01227,"there, i was just inches away from him and for some reason, i felt the beating of my heart jump out from within me.",0,,1,0,0,1,['fear' 'surprise'],english
eng_train_track_a_01228,it's currently snowing big flakes outside and i'm crossing my fingers and hoping for a snow day.,0,,1,1,0,0,['fear' 'joy'],english
eng_train_track_a_01229,nothing but the dark.,0,,1,0,1,0,['fear' 'sadness'],english
eng_train_track_a_01230,she never went through general anesthesia again.,0,,1,0,1,0,['fear' 'sadness'],english
eng_train_track_a_01231,`` so this is what is going through my head today while i try to tackle an immense amount of work.,0,,1,0,0,0,['fear'],english
eng_train_track_a_01232,my face was just not meant to smile.,1,,0,0,1,0,['anger' 'sadness'],english
eng_train_track_a_01233,the best i could offer was a small keloid scar on the meaty part of my palm from busting a glass while washing dishes.,0,,0,0,0,0,[],english
eng_train_track_a_01234,a penny hit me square in the face.,1,,1,0,0,1,['anger' 'fear' 'surprise'],english
eng_train_track_a_01235,at this point i am confident that my neck could actually heal completely which is unlike how i felt about it previously.,0,,0,1,0,0,['joy'],english
eng_train_track_a_01236,got me so far?,0,,0,0,0,0,[],english
eng_train_track_a_01237,thoight it was weird.,0,,1,0,0,1,['fear' 'surprise'],english
eng_train_track_a_01238,i was just crying so hard that the tears dripped off my chin and into the sink ).,0,,1,0,1,0,['fear' 'sadness'],english
eng_train_track_a_01239,idk what to believe..,0,,1,0,1,1,['fear' 'sadness' 'surprise'],english
eng_train_track_a_01240,' so i held it up to my face and waved at it before swallowing it.we got home around 8:30 am.,0,,0,0,0,1,['surprise'],english
eng_train_track_a_01241,"makeing a sorta clam shell, or like someone praying but sideways., around my clentched fist.",0,,1,0,0,0,['fear'],english
eng_train_track_a_01242,"a voice from below begged, pleaded to be unburied.",0,,1,0,1,1,['fear' 'sadness' 'surprise'],english
eng_train_track_a_01243,i woke up around 10:30 with a million thoughts rolling through my head.,0,,1,0,0,0,['fear'],english
eng_train_track_a_01244,i caught a co-worker stealing my prescription migraine medicine.,1,,1,0,0,1,['anger' 'fear' 'surprise'],english
eng_train_track_a_01245,another seventeen were sent to the hospital.,0,,1,0,1,1,['fear' 'sadness' 'surprise'],english
eng_train_track_a_01246,we've never met.,0,,0,0,0,1,['surprise'],english
eng_train_track_a_01247,"shitty situation, dont protect yourself with guns unless shots have already been fired.",1,,1,0,0,0,['anger' 'fear'],english
eng_train_track_a_01248,i looked down only to see a flashing red light buried in the dirt under my feet.,0,,1,0,0,1,['fear' 'surprise'],english
eng_train_track_a_01249,"i'm tired of fighting against you life, i'm tired of getting up and going into work day after day even when i'm sick to my stomach and my head's throbbing.",1,,1,0,1,0,['anger' 'fear' 'sadness'],english
eng_train_track_a_01250,"oh, this thread is perfect.",0,,0,1,0,0,['joy'],english
eng_train_track_a_01251,tears streaming down my face i say '' let this end be because of my own making. '',0,,1,0,1,0,['fear' 'sadness'],english
eng_train_track_a_01252,every september i used to get a wicked case due to fluid in my ears caused by allergies.,0,,1,0,1,0,['fear' 'sadness'],english
eng_train_track_a_01253,i can see him staring from the corner of my eye i take a small glance and ask myself `` why? '',0,,1,0,0,1,['fear' 'surprise'],english
eng_train_track_a_01254,""" we don't have anything that they want, so they told me.",0,,1,0,1,1,['fear' 'sadness' 'surprise'],english
eng_train_track_a_01255,she lived in the boonies &amp; one night she was getting ready for bed when she glanced out the window &amp; saw a red flicker.,0,,1,0,0,1,['fear' 'surprise'],english
eng_train_track_a_01256,"crazy.anyway, my feet & knees still hurt this morning.",0,,1,0,0,0,['fear'],english
eng_train_track_a_01257,"i then started to cry again, with a doll in my arms.",0,,0,0,1,0,['sadness'],english
eng_train_track_a_01258,my head smashed into the roof of it hard enough to drive every thought from my head.,1,,1,0,0,0,['anger' 'fear'],english
eng_train_track_a_01259,i was sweating and panicked.,0,,1,0,0,0,['fear'],english
eng_train_track_a_01260,meaningless at the time.,0,,0,0,1,0,['sadness'],english
eng_train_track_a_01261,"it was dark but i could see my door was slightly open, and on the other side was from what i could tell a giant eye.",0,,1,0,0,1,['fear' 'surprise'],english
eng_train_track_a_01262,in college we had a lot of foreign students at school.,0,,0,1,0,0,['joy'],english
eng_train_track_a_01263,it was really beautiful but being half asleep i didn't want to wake up anymore and so i kept dozing in and out of sleep watching the sunrise for a few moments before closing my eyes again and drifting off to sleep.,0,,0,1,0,0,['joy'],english
eng_train_track_a_01264,now i am resting and i have to do my ear drops again.,0,,1,0,0,0,['fear'],english
eng_train_track_a_01265,i can see it in my head.,0,,0,0,0,0,[],english
eng_train_track_a_01266,"it was a joyously frightening ride and as i went to get off the bike, i burned my leg on the exhaust.",0,,1,1,0,0,['fear' 'joy'],english
eng_train_track_a_01267,"""that's were those people went missing"".",0,,1,0,1,1,['fear' 'sadness' 'surprise'],english
eng_train_track_a_01268,it was so fucking weird.,0,,1,0,0,1,['fear' 'surprise'],english
eng_train_track_a_01269,"jamming the finger in my mouth to suck on, i open my stinging eyes and look over to my nightstand.",0,,1,0,1,0,['fear' 'sadness'],english
eng_train_track_a_01270,"), and i've imagined an entire life for him, his family, and his friends.",0,,0,1,0,0,['joy'],english
eng_train_track_a_01271,i remember pirate percy.,0,,0,1,1,0,['joy' 'sadness'],english
eng_train_track_a_01272,"i don't mind conditioning, but with my hip?",0,,1,0,0,0,['fear'],english
eng_train_track_a_01273,"he looked over my face, my chest, and slowly down, one hand pulling open the tie on my robe.",0,,0,0,0,0,[],english
eng_train_track_a_01274,"nothing in his bed, not on his pillow, not on the bed, not on any doorhandles...nothing.",0,,1,0,1,1,['fear' 'sadness' 'surprise'],english
eng_train_track_a_01275,"as soon as i came out of the loo to wash my hands, a girl stepped out of the loo next to mine, followed by an horrendous smell.",0,,1,0,0,0,['fear'],english
eng_train_track_a_01276,what happened to my heart when it broke into pieces?,0,,0,0,1,0,['sadness'],english
eng_train_track_a_01277,"i never saw that thing again, because evidently it was ""stolen"".",1,,1,0,0,1,['anger' 'fear' 'surprise'],english
eng_train_track_a_01278,"i've spent tons of time in the desert, in the forest, camping, hiking.",0,,0,1,0,0,['joy'],english
eng_train_track_a_01279,"so the money is ""taken"" from the employees.",1,,0,0,0,0,['anger'],english
eng_train_track_a_01280,"not too long after my family left, a guy came in to hook me up to yet another machine briefly to check my breathing which proved to be labored but not dangerously slow ( a nurse came in later a gave me a little toy thing to exercise my lungs which helped a bit ) and another couple guys came in to take an x-ray of my lungs.",0,,1,0,0,0,['fear'],english
eng_train_track_a_01281,the pain was incredible.,0,,1,0,1,0,['fear' 'sadness'],english
eng_train_track_a_01282,"the manager was at the till beside the front door, and the rest of us were mopping upstairs, cleaning tables and giving the staff toilet and stock room the once over.",0,,0,0,0,0,[],english
eng_train_track_a_01283,i started smoking there.,0,,0,0,0,0,[],english
eng_train_track_a_01284,they have nothing to fear.,0,,0,1,0,0,['joy'],english
eng_train_track_a_01285,"i pushed her away, looked at the other pups, played, and did all the little `` tests '' but, every time someone turned loose of that the little female pup, she simplly walked over, and crawled in my lap, licked my hand.",0,,0,1,0,0,['joy'],english
eng_train_track_a_01286,i used to work for a uk energy company and through asking the right people the right questions i learned about the distribution gap.,0,,0,1,0,0,['joy'],english
eng_train_track_a_01287,"during the long and high vocals at the end, hair stood up on the back of my neck.",0,,1,0,0,1,['fear' 'surprise'],english
eng_train_track_a_01288,i think my eyes shut immediately after my head hit that pillow.,0,,0,1,0,0,['joy'],english
eng_train_track_a_01289,my pencil is in my hand.,0,,0,0,0,0,[],english
eng_train_track_a_01290,"then while it was still on my heart, i opened it into a v with my index and middle finger.",0,,0,1,0,0,['joy'],english
eng_train_track_a_01291,where my feet couldn't get warm enough while i slept and i had to wear booties while sleeping.,0,,1,0,0,0,['fear'],english
eng_train_track_a_01292,it buoyed up my heart.,0,,0,1,0,0,['joy'],english
eng_train_track_a_01293,a former boxing coach for the soviet union.,0,,0,0,0,1,['surprise'],english
eng_train_track_a_01294,"""liutenant, we see the black patch.",0,,1,0,0,1,['fear' 'surprise'],english
eng_train_track_a_01295,my hands were full.,0,,0,0,0,0,[],english
eng_train_track_a_01296,"i stirred the surface of the water with my hand; my face wiped away, only to reform when the mirror settled down again.",0,,1,0,0,1,['fear' 'surprise'],english
eng_train_track_a_01297,"i throw my hands up in the air sometimes sayin ' ay-oh, got ta let go i wan na celebrate and live my life sayin ' ay-oh, baby let's go 'cause we gon ' rock this club we gon ' go all night we gon ' light it up like it's dynamite 'cause i told you once now i told you twice we gon ' light it up like it's dynamite god, i wish i could.",0,,0,1,0,0,['joy'],english
eng_train_track_a_01298,""" i explain the promotion to them and he is quick to decide he wants three.",0,,0,1,0,1,['joy' 'surprise'],english
eng_train_track_a_01299,"i fell to my knees, my body shaking with the sorrow i held in me since i woke up.",0,,0,0,1,0,['sadness'],english
eng_train_track_a_01300,for many months i learned to shower keeping my elbows close to prevent water from hosing off the ends and totally drenching the place.,0,,1,0,0,0,['fear'],english
eng_train_track_a_01301,&lt;/crazy-nutter&gt;,0,,1,0,0,1,['fear' 'surprise'],english
eng_train_track_a_01302,maybe i should try to get my hands on some.,0,,0,0,0,0,[],english
eng_train_track_a_01303,"warmth, acrossed my cheek from golden rays.",0,,0,1,0,0,['joy'],english
eng_train_track_a_01304,"as i walked in the door she came around the corner, squealing with delight and ran into my arms!",0,,0,1,0,1,['joy' 'surprise'],english
eng_train_track_a_01305,i go in and sit down at my usual seat.,0,,0,0,0,0,[],english
eng_train_track_a_01306,"`` well then, by all means, curl my toes. ''",0,,0,0,0,0,[],english
eng_train_track_a_01307,"ah, to close my eyes and let time fly by, because there's so much to gain by forgetting these dreams driving me insane.",0,,1,0,1,0,['fear' 'sadness'],english
eng_train_track_a_01308,it started out like a small ache but as the day progressed it turned into this sharp jabbing pain in my ear.,0,,1,0,0,0,['fear'],english
eng_train_track_a_01309,i most certainly had change.,0,,0,0,0,0,[],english
eng_train_track_a_01310,"i think, just a week or so until i have my nala kitty back in my arms.",0,,0,1,0,0,['joy'],english
eng_train_track_a_01311,quite the opposite-total sloth/stoner/drunk.,0,,0,0,0,1,['surprise'],english
eng_train_track_a_01312,we haven't talked about it since.,0,,0,0,1,0,['sadness'],english
eng_train_track_a_01313,"my arms reached forward, and i grabbed on to his leg.",0,,0,0,0,0,[],english
eng_train_track_a_01314,"i kind of bawled my eyes out at the end; i warn you, it is highly depressing!",0,,0,0,1,0,['sadness'],english
eng_train_track_a_01315,"now, we just gotta get it home.",0,,0,1,0,0,['joy'],english
eng_train_track_a_01316,=d but i took the ones written on my hands one!,0,,0,1,0,0,['joy'],english
eng_train_track_a_01317,i went walking the other day and froze my lungs out.,0,,1,0,0,0,['fear'],english
eng_train_track_a_01318,thankfully it was witnessed by the counselor in full detail.,0,,1,1,0,0,['fear' 'joy'],english
eng_train_track_a_01319,"the other was terrible, horrible, no good, very bad.",1,,0,0,1,0,['anger' 'sadness'],english
eng_train_track_a_01320,"with an infant, stroller and backup, i had my hands full and i needed time to do things.",0,,1,0,0,0,['fear'],english
eng_train_track_a_01321,i get close enough to see the empty bottle and it starts moving a little.,0,,1,0,0,1,['fear' 'surprise'],english
eng_train_track_a_01322,what was the aftermath?,0,,1,0,0,1,['fear' 'surprise'],english
eng_train_track_a_01323,"at this point i am starting to have an anxiety attack, but i keep listening.",0,,1,0,0,0,['fear'],english
eng_train_track_a_01324,"today, i ventured to swim class where reese spent the entire 10 ( to maybe 12 ) minutes we were in the pool softly crying, almost whimpering and licking my shoulder.",0,,1,0,1,0,['fear' 'sadness'],english
eng_train_track_a_01325,it used its claws to tear my living room couch to shreds.,1,,1,0,1,1,['anger' 'fear' 'sadness' 'surprise'],english
eng_train_track_a_01326,"so i tried to make things as simple as possible, even though it was a pretty fancy wedding (my mom's standards).",0,,0,1,0,0,['joy'],english
eng_train_track_a_01327,"the tooth fairy paid for my teeth in quarters, equivalent to my age in years.",0,,0,1,0,0,['joy'],english
eng_train_track_a_01328,i oblige and he says something about how i have fluid in my lungs and i need to cough it all out.,0,,1,0,0,0,['fear'],english
eng_train_track_a_01329,my nose is so stuffed up right now.,0,,1,0,1,0,['fear' 'sadness'],english
eng_train_track_a_01330,sometimes i have difficulty feeling my feet-i much prefer the clouds.,0,,1,0,0,0,['fear'],english
eng_train_track_a_01331,by that point i felt like someone was stabbing my head with a sharp object.,0,,1,0,0,0,['fear'],english
eng_train_track_a_01332,"i can only knit for so long till my hands start to hurt, and i haven't been in a video gaming mood lately, so i needed something.",0,,0,0,0,0,[],english
eng_train_track_a_01333,i felt like i had been paddling for all i was worth for the last year and could not seem to get my head above water.,0,,1,0,1,0,['fear' 'sadness'],english
eng_train_track_a_01334,my car door was still open so running into the street after it like a moron i tried getting into the car and winded up missing and getting stuck half in the car and half out getting drug across the street and finally ending up in someones yard when the car came to a stop after rolling over my foot with the tire.,1,,1,0,1,1,['anger' 'fear' 'sadness' 'surprise'],english
eng_train_track_a_01335,"i snapped my phone shut, clenching my fist around it tightly.",1,,0,0,0,0,['anger'],english
eng_train_track_a_01336,"no noise at all, no lights, it wasn't pitch black either.",0,,1,0,0,1,['fear' 'surprise'],english
eng_train_track_a_01337,at least not right away.,0,,0,0,0,1,['surprise'],english
eng_train_track_a_01338,guys are trying to get in your pants.,1,,1,0,0,0,['anger' 'fear'],english
eng_train_track_a_01339,"i stopped laughing, clearing my throat and looking down again.",0,,0,0,0,0,[],english
eng_train_track_a_01340,"i witnessed as the age old rock tradition of holding up lighters spread across the 28,000 person deep crowd... lighting up the entire audience... the hair on my arms started to raise until i noticed that....",0,,1,1,0,0,['fear' 'joy'],english
eng_train_track_a_01341,"the promptly beat me.in my defense, i was only armed with the evil camera, my mouth and some water balloons.",0,,1,0,0,0,['fear'],english
eng_train_track_a_01342,"stretching until my toes were caught by the sheets and my fingertips brushed the headboard, i opened my eyes.",0,,0,1,0,0,['joy'],english
eng_train_track_a_01343,it hadn't been plugged in and cell phones keep time automatically.,0,,0,0,0,1,['surprise'],english
eng_train_track_a_01344,"light and noise, they make my brain pound against my skull.",0,,1,0,0,0,['fear'],english
eng_train_track_a_01345,"it started storming outside, light at first but it got heavy, quick.",0,,1,0,0,1,['fear' 'surprise'],english
eng_train_track_a_01346,freaked all 3 of us out.,0,,1,0,0,1,['fear' 'surprise'],english
eng_train_track_a_01347,just the thought is bring tears to my eyes again.,0,,0,0,1,0,['sadness'],english
eng_train_track_a_01348,"i always had my nose in a book when i was younger, and when i moved up here i lost interest.",0,,0,0,1,0,['sadness'],english
eng_train_track_a_01349,she just saw red.,1,,0,0,0,0,['anger'],english
eng_train_track_a_01350,"at this point, everything goes quiet.",0,,1,0,0,1,['fear' 'surprise'],english
eng_train_track_a_01351,you've clearly been to hell and back.,0,,1,0,1,0,['fear' 'sadness'],english
eng_train_track_a_01352,i said sure thing.,0,,0,1,0,0,['joy'],english
eng_train_track_a_01353,eventually i fell asleep on the floor of her closet.,0,,1,0,1,0,['fear' 'sadness'],english
eng_train_track_a_01354,the afterimage lit up green and orange against my eyelids.,0,,0,0,0,1,['surprise'],english
eng_train_track_a_01355,then it hit me.,0,,1,0,0,1,['fear' 'surprise'],english
eng_train_track_a_01356,you don't understand.,1,,1,0,0,0,['anger' 'fear'],english
eng_train_track_a_01357,we went on rehearsing.,0,,0,1,0,0,['joy'],english
eng_train_track_a_01358,"""yes johnson"" arch replied.",0,,0,0,0,1,['surprise'],english
eng_train_track_a_01359,the computer screen is really bright and it hurts my eyes.,0,,1,0,0,0,['fear'],english
eng_train_track_a_01360,let's go back to the gym.,0,,0,1,0,0,['joy'],english
eng_train_track_a_01361,"`` that $ smell, '' i said softly, closing my eyes and feeling it rush over me as xavier smiled down at me and shook his head slightly.",0,,0,1,0,0,['joy'],english
eng_train_track_a_01362,#name?,1,,0,0,0,1,['anger' 'surprise'],english
eng_train_track_a_01363,i never got any waffles either.,1,,0,0,1,0,['anger' 'sadness'],english
eng_train_track_a_01364,this is my creepiest real story.,0,,1,0,0,1,['fear' 'surprise'],english
eng_train_track_a_01365,silence echoed in my head.,0,,1,0,1,0,['fear' 'sadness'],english
eng_train_track_a_01366,"my eyes followed, noting that there was just the two of us.",0,,0,0,0,0,[],english
eng_train_track_a_01367,"clearly, i need to get back on some technical trails and regain my footing there: ) my ankles have been spoiled on the easy pavement this winter!",0,,0,1,0,0,['joy'],english
eng_train_track_a_01368,"and this charming, gorgeous, blonde struck up a conversation with me.",0,,0,1,0,1,['joy' 'surprise'],english
eng_train_track_a_01369,it would be her first great grandchild.,0,,0,1,0,1,['joy' 'surprise'],english
eng_train_track_a_01370,i just sat there panting and wiping tears and mucus off my face.,0,,1,0,1,0,['fear' 'sadness'],english
eng_train_track_a_01371,"now with my brain the way it is ( read: fried ), i had quite a difficult time coming up with one for this week.",0,,1,0,1,0,['fear' 'sadness'],english
eng_train_track_a_01372,i turned to take a good look at the pictures and my jaw almost bounced off the kitchen floor.,0,,1,1,0,1,['fear' 'joy' 'surprise'],english
eng_train_track_a_01373,"bless his heart $ < 3 warnings: smoking, swearing, ridiculous spacing ( apologies ) i leaned thoughtfully against the brick wall outside of the studio, feeling the cold, rugged material of the stone press against my back through the black military blazer i wore, as i took a drag from my cigarette.",0,,0,0,0,0,[],english
eng_train_track_a_01374,"a pink blob thing on a corveyor belt, it was really close, and slowly went away from me ( because it was on a corveyor belt ) i heard some background noise and knew i wasnt hallucinating it, someone was walking around in the kitchen so i took the ping pong balls off my eyes to not look crazy.",0,,1,0,0,1,['fear' 'surprise'],english
eng_train_track_a_01375,"the park is a small field, the only way out is at one end with a small fence with a gate, otherwise it's closed off.",0,,1,0,0,0,['fear'],english
eng_train_track_a_01376,"""do you believe in our lord and savior?",0,,1,0,0,0,['fear'],english
eng_train_track_a_01377,"to top it all off, my back started to sieze up, possibly due to compensation habits and stress worrying about the issue.",0,,1,0,1,0,['fear' 'sadness'],english
eng_train_track_a_01378,my brain screams at me as i force myself to sit on the toilet lid.,1,,1,0,1,0,['anger' 'fear' 'sadness'],english
eng_train_track_a_01379,"the winner was announced & i slunk outta there briskly striding the two-point-five blocks home, inhaled vapour medication which is also miraculous, and brushed my teeth.",0,,1,0,0,1,['fear' 'surprise'],english
eng_train_track_a_01380,i sit there with my shotgun and wait.,0,,1,0,0,0,['fear'],english
eng_train_track_a_01381,he had 4 inches and 40 pounds on me and i still won.,0,,0,1,0,1,['joy' 'surprise'],english
eng_train_track_a_01382,i was kind of scared of them.so my new knife sharpener came home with me last night and i sharpened all the knives i could lay my hands on.,0,,1,0,0,0,['fear'],english
eng_train_track_a_01383,$2k+ gone right there.,1,,1,0,1,1,['anger' 'fear' 'sadness' 'surprise'],english
eng_train_track_a_01384,he immeditely broke down in tears from it.,0,,0,0,1,0,['sadness'],english
eng_train_track_a_01385,why does my heart beat so fast when i see this one person?,0,,1,0,0,0,['fear'],english
eng_train_track_a_01386,i get the shivers to this day.,0,,1,0,1,0,['fear' 'sadness'],english
eng_train_track_a_01387,this morning after a cup of coffee i went upstairs to get dressed to go running with scout when something caught my eye on the armrest of my rocking chair.,0,,0,0,0,1,['surprise'],english
eng_train_track_a_01388,unfortunately this one did not end the same way ours ended.,0,,0,0,1,1,['sadness' 'surprise'],english
eng_train_track_a_01389,"in my head, i was like... this is shit!",1,,1,0,0,0,['anger' 'fear'],english
eng_train_track_a_01390,we hit off immediately and became friends.,0,,0,1,0,0,['joy'],english
eng_train_track_a_01391,"it is a relief to be able to write about the things that go on in my head, as well as the things that go on in my life on a daily basis.",0,,0,1,0,0,['joy'],english
eng_train_track_a_01392,she was unhappily employed stripping at the time.,1,,1,0,1,0,['anger' 'fear' 'sadness'],english
eng_train_track_a_01393,"the spark leaped through his body into mine, and then out my hand to the cart.",0,,1,0,0,1,['fear' 'surprise'],english
eng_train_track_a_01394,"(also, excuse my writing, it's late)",0,,0,0,0,0,[],english
eng_train_track_a_01395,unfortunately she had been sick and decided to leave early.,0,,0,0,1,0,['sadness'],english
eng_train_track_a_01396,"things were great for awhile, everything was perfect.",0,,0,1,0,0,['joy'],english
eng_train_track_a_01397,i just broke up with a girl i had been dating for a pretty long while.,0,,1,0,1,0,['fear' 'sadness'],english
eng_train_track_a_01398,"well, i stopped looking after two, because i really didn't want to know.and of course the natural progression of this examination is to move to the hair on my head... which fared no better.i am my father's daughter, and i am going to be a dashing salt-and-pepper by the time i am 35.",0,,0,1,0,1,['joy' 'surprise'],english
eng_train_track_a_01399,"i watched her live her mid-life, raise her children and then grow old.",0,,0,1,1,0,['joy' 'sadness'],english
eng_train_track_a_01400,he pulls out a switchblade and cuts the side of my mouth.,1,,1,0,1,0,['anger' 'fear' 'sadness'],english
eng_train_track_a_01401,"several hours of that was enough to put me flat on my back, so i took a nice long nap, then just rested for the remainder of the day.",0,,1,0,0,0,['fear'],english
eng_train_track_a_01402,she legged it back to house scared shitless.,0,,1,0,0,1,['fear' 'surprise'],english
eng_train_track_a_01403,just stop it already!,1,,1,0,0,0,['anger' 'fear'],english
eng_train_track_a_01404,"something went horribly wrong at the first one and i found my head empty, my thoughts run away.",0,,1,0,1,0,['fear' 'sadness'],english
eng_train_track_a_01405,"maybe my nose is often runny, but i can smell danger well enough.",0,,1,0,0,0,['fear'],english
eng_train_track_a_01406,"with a few hours of daylight, i immediately hopped on my back after unpacking the car.",0,,0,1,0,0,['joy'],english
eng_train_track_a_01407,she was super happy for m.,0,,0,1,0,0,['joy'],english
eng_train_track_a_01408,it's too late.,0,,1,0,1,0,['fear' 'sadness'],english
eng_train_track_a_01409,"`` i thought that i was biting into something hard in my taco, but it was my tooth!",0,,1,0,0,1,['fear' 'surprise'],english
eng_train_track_a_01410,i remember waiting for him to fall down.,1,,1,0,0,0,['anger' 'fear'],english
eng_train_track_a_01411,my nose bled a lot for such a tiny thing.,0,,0,0,0,0,[],english
eng_train_track_a_01412,and it felt good when the little fat puppy clumsily crawled over my feet and licked my nails.,0,,0,1,0,0,['joy'],english
eng_train_track_a_01413,i couldn't sleep last night for the adrenaline running through my veins.,0,,1,0,0,0,['fear'],english
eng_train_track_a_01414,... as it engulfs every fiber of muscle in my legs!!!,0,,1,0,0,0,['fear'],english
eng_train_track_a_01415,so i just kept nodding my head and smiling.,0,,0,1,0,0,['joy'],english
eng_train_track_a_01416,"it made me feel weird, like my stomach was tightening and i could feel that stupid blush again on the back of my neck and yet i couldn't look away.i don't know how long i stood there, staring into his eyes like that.",0,,1,0,0,1,['fear' 'surprise'],english
eng_train_track_a_01417,i screamed the chest pain was so bad i clutched my chest.,0,,1,0,0,0,['fear'],english
eng_train_track_a_01418,"after we had finished eating, some of us continued shopping ( or wandering around the shops ) and a number of times, i was told to crouch down with my knees spread or bend over and had the jumper lifted.",0,,1,0,0,0,['fear'],english
eng_train_track_a_01419,he was just plain gone into thin air.,0,,1,0,1,1,['fear' 'sadness' 'surprise'],english
eng_train_track_a_01420,) is going to die tonight.,0,,1,0,1,1,['fear' 'sadness' 'surprise'],english
eng_train_track_a_01421,only damage done was scarring and a broken collar bone.,0,,1,0,1,0,['fear' 'sadness'],english
eng_train_track_a_01422,then it suddenly stopped.,0,,1,0,0,1,['fear' 'surprise'],english
eng_train_track_a_01423,wah my face all cringed up.,0,,0,0,1,0,['sadness'],english
eng_train_track_a_01424,"i also dealt drugs (cocaine, methamphetamine, mushrooms, and marijuana).",0,,1,0,0,1,['fear' 'surprise'],english
eng_train_track_a_01425,probably gonna get buried but...,0,,1,0,1,0,['fear' 'sadness'],english
eng_train_track_a_01426,voice will occassionally change like in the movies.,0,,0,0,0,1,['surprise'],english
eng_train_track_a_01427,i was house-sitting for my grandparents.,0,,0,0,0,0,[],english
eng_train_track_a_01428,"i repeatedly thought, ""i am not going there!"".",1,,1,0,0,0,['anger' 'fear'],english
eng_train_track_a_01429,she shows up drunk.,1,,1,0,1,1,['anger' 'fear' 'sadness' 'surprise'],english
eng_train_track_a_01430,i immediately realized what had happened and tried to cover it up by gasping.,0,,1,0,0,1,['fear' 'surprise'],english
eng_train_track_a_01431,i then pushed myself up using my arms.,0,,0,0,0,0,[],english
eng_train_track_a_01432,": already got one on my leg want another one on my left leg yeah, my left leg, my foot, the back of my neck, my hand... want more?",0,,0,1,0,0,['joy'],english
eng_train_track_a_01433,grandmother touches my hand.,0,,0,1,0,0,['joy'],english
eng_train_track_a_01434,"out of nowhere, my belly started aching.",0,,1,0,0,1,['fear' 'surprise'],english
eng_train_track_a_01435,my feet started taking a heavy beating and the sun was burning my whole body.,0,,1,0,1,0,['fear' 'sadness'],english
eng_train_track_a_01436,"one flew up and landed on my knee, another kept trying to draw attention to himself by flying up just inches from my face.",0,,1,0,0,1,['fear' 'surprise'],english
eng_train_track_a_01437,"( i have a little bit of time on my hands, okay?! )",0,,0,1,0,0,['joy'],english
eng_train_track_a_01438,"my eyes relaxed, and i relaxed for a while.",0,,0,1,0,0,['joy'],english
eng_train_track_a_01439,"enthusiastic and filled with hope i entered the voting booth that was so small i had to duck to get in, and hit my head.",0,,0,1,0,1,['joy' 'surprise'],english
eng_train_track_a_01440,i'm pretty sure i know who you're talking about in this post.,0,,0,0,0,1,['surprise'],english
eng_train_track_a_01441,i was very sad for that snake who only died because i was too stupid to leave it alone!,0,,0,0,1,0,['sadness'],english
eng_train_track_a_01442,people curse at and even hit him.,1,,1,0,1,0,['anger' 'fear' 'sadness'],english
eng_train_track_a_01443,they were dancing to bolero.,0,,0,1,0,0,['joy'],english
eng_train_track_a_01444,our classmate mark had passed away late last night in his sleep.,0,,1,0,1,1,['fear' 'sadness' 'surprise'],english
eng_train_track_a_01445,he wasn't fucking with me either.,1,,0,0,0,0,['anger'],english
eng_train_track_a_01446,"one day, we lost all contact.",0,,1,0,1,0,['fear' 'sadness'],english
eng_train_track_a_01447,"but for a brief moment, my heart and mind started racing.",0,,1,0,0,0,['fear'],english
eng_train_track_a_01448,""" and turns away, falling back asleep.",0,,0,1,1,0,['joy' 'sadness'],english
eng_train_track_a_01449,"my jaw was pretty messed up for a month or so (swollen, couldnt eat without terrible pain.",0,,1,0,1,0,['fear' 'sadness'],english
eng_train_track_a_01450,the object was shaped funny and broken at an odd fracture.,0,,1,0,0,1,['fear' 'surprise'],english
eng_train_track_a_01451,"however, there is someone else who's trying to win my heart.",0,,1,1,0,0,['fear' 'joy'],english
eng_train_track_a_01452,"the back half is dark and dense woods, overgrown, only one trail winding through.",0,,1,0,0,0,['fear'],english
eng_train_track_a_01453,as long as it doesn't feel as though my throat and tongue are swelling then there's not much to worry about i guess.,0,,1,0,0,0,['fear'],english
eng_train_track_a_01454,"probably towed by now"".",0,,1,0,0,0,['fear'],english
eng_train_track_a_01455,i keep trying to keep my head up and not think about it.,0,,1,0,1,0,['fear' 'sadness'],english
eng_train_track_a_01456,so what happens is we get there.,0,,0,0,0,0,[],english
eng_train_track_a_01457,alarms rang in my head.,0,,1,0,0,0,['fear'],english
eng_train_track_a_01458,"see, i saw the movie trailer first, and it looked interesting, ( and, yes, i do have a bit of a crush on pattinson ) and in my head i made up my own story.",0,,0,1,0,0,['joy'],english
eng_train_track_a_01459,"in that instant, this is what went through my brain.",0,,1,0,0,1,['fear' 'surprise'],english
eng_train_track_a_01460,"turns out this big lug was basically 90% heart, 5% muscle, 5% brain.",0,,0,1,0,1,['joy' 'surprise'],english
eng_train_track_a_01461,"i've tried sewing pants and a skirt for vivian but both turned out too short, so i'm sending them to baby g. i burned my fingers four times in two days.",0,,1,0,0,0,['fear'],english
eng_train_track_a_01462,"kinda freaky, but it never struck me deep.",0,,1,0,1,1,['fear' 'sadness' 'surprise'],english
eng_train_track_a_01463,"i set off down the street, walking with my head tilted slightly downwards, hiding my face from view.",0,,1,0,1,0,['fear' 'sadness'],english
eng_train_track_a_01464,let's hit it.,0,,0,1,0,0,['joy'],english
eng_train_track_a_01465,"i think, however, it sucked some of my brain cells out of my head.",0,,1,0,0,0,['fear'],english
eng_train_track_a_01466,an obe is an out of body experience.,0,,0,0,0,1,['surprise'],english
eng_train_track_a_01467,"then, without warning, they disperse.",0,,1,0,0,1,['fear' 'surprise'],english
eng_train_track_a_01468,""" the black family behind me looked mortified.",0,,1,0,1,1,['fear' 'sadness' 'surprise'],english
eng_train_track_a_01469,swerved the car so i would make it.,0,,1,0,0,1,['fear' 'surprise'],english
eng_train_track_a_01470,im wasting my time doing nothing with my sister's e5700 hanging on my neck.,0,,1,0,0,0,['fear'],english
eng_train_track_a_01471,and the turbulence and near-death experiences.i hurt my neck again too.,0,,1,0,1,0,['fear' 'sadness'],english
eng_train_track_a_01472,"but early in the morning, say five or six, they all fell asleep.",0,,0,0,0,0,[],english
eng_train_track_a_01473,comes home later that night to find the money gone.,1,,1,0,1,1,['anger' 'fear' 'sadness' 'surprise'],english
eng_train_track_a_01474,i get real scared now.,0,,1,0,0,0,['fear'],english
eng_train_track_a_01475,i'm positive that we'll never be able to communicate with them in their language.,0,,1,0,1,1,['fear' 'sadness' 'surprise'],english
eng_train_track_a_01476,"in my grandmother's home, she blocked off the formal living-room and dining-room with ""baby gates"" to keep me and my siblings and cousins from getting in and breaking stuff like her good china and antique furniture.",0,,0,0,0,0,[],english
eng_train_track_a_01477,"i rolled my eyes while following behind kathy.then the voice from behind me sternly said, `` are you talking to me?!!!",0,,0,0,0,0,[],english
eng_train_track_a_01478,"obviously there was no body, but what they did find was quite surprising.",0,,0,0,0,1,['surprise'],english
eng_train_track_a_01479,"it was several years later that i realized that i had probably narrowly avoided being molested, kidnapped, or worse.",0,,1,0,1,1,['fear' 'sadness' 'surprise'],english
eng_train_track_a_01480,he's also obviously quite upset about something.,0,,1,0,1,0,['fear' 'sadness'],english
eng_train_track_a_01481,mom asked us all to sit down and that's when my heart began to sink.,0,,1,0,1,0,['fear' 'sadness'],english
eng_train_track_a_01482,"i think i could've laughed my head off that night, except that i had to keep my head in place so i could laugh some more, haha.",0,,0,1,0,0,['joy'],english
eng_train_track_a_01483,"i swallowed a piece of meat, it sort of suctioned to the back of my throat.",0,,1,0,0,0,['fear'],english
eng_train_track_a_01484,i never noticed before -- i have viewed this photo a hundred times -- that my hand looks like a blaquera.,0,,0,0,0,1,['surprise'],english
eng_train_track_a_01485,my feet were totally soaked through.,0,,1,0,1,0,['fear' 'sadness'],english
eng_train_track_a_01486,"all the while, my foot throbbing.",0,,1,0,0,0,['fear'],english
eng_train_track_a_01487,i couldn't get my feet undone so i just... fell over.,0,,1,0,0,0,['fear'],english
eng_train_track_a_01488,i ate a delicious sandwich on an everything bagel and one of the seeds got stuck in between my teeth.,0,,1,0,0,0,['fear'],english
eng_train_track_a_01489,"i got the results back on the 11th, and my doctor said that she did not find anything wrong with my spine or back bone.",0,,0,1,0,0,['joy'],english
eng_train_track_a_01490,closest analogy i could come up with.,0,,1,0,0,0,['fear'],english
eng_train_track_a_01491,"i nodded, pulling my arms across my chest, hoping that the rain obscured the tears that ran from my eyes.",0,,1,0,1,0,['fear' 'sadness'],english
eng_train_track_a_01492,"then, all hell broke loose.",1,,1,0,0,1,['anger' 'fear' 'surprise'],english
eng_train_track_a_01493,youre not mad are you?,0,,1,0,0,0,['fear'],english
eng_train_track_a_01494,"let the masses who see my face, start speaking my name in harsh tones and cast-down eyes.",1,,1,0,1,1,['anger' 'fear' 'sadness' 'surprise'],english
eng_train_track_a_01495,my balls hurt so badly that i could barely even walk.,0,,1,0,1,0,['fear' 'sadness'],english
eng_train_track_a_01496,"i tried to get out of bed and as i did, i immediately fell on the floor, unable to get my legs underneath me.",0,,1,0,1,1,['fear' 'sadness' 'surprise'],english
eng_train_track_a_01497,"moved into a new office, and being an internet company, it was important the internet worked..",0,,1,1,0,0,['fear' 'joy'],english
eng_train_track_a_01498,she lifted my other hand to examine the pads of my fingers.,0,,0,0,0,0,[],english
eng_train_track_a_01499,like john and will.,0,,0,0,0,0,[],english
eng_train_track_a_01500,and my heart bleeds.,0,,1,0,1,0,['fear' 'sadness'],english
eng_train_track_a_01501,"the trouble seeps into my head in my body, i'm caught.",0,,1,0,1,0,['fear' 'sadness'],english
eng_train_track_a_01502,"from my bed you can see out my door, which i leave open (thanks to other experiences in my house), and directly at my little brothers door.i am reading a book and happen to glance out the door and i notice my little brother leave his room and walk into the bathroom.",0,,0,0,0,0,[],english
eng_train_track_a_01503,we met at dinner with mutual friends at a very fancy italian restaurant.,0,,0,1,0,0,['joy'],english
eng_train_track_a_01504,a week after my grandmother's funeral i had another strange dream.,0,,1,0,1,1,['fear' 'sadness' 'surprise'],english
eng_train_track_a_01505,"you slid through me like a hot knife through butter under my skin, and never gone yet.",0,,1,0,1,1,['fear' 'sadness' 'surprise'],english
eng_train_track_a_01506,"the owners have a light in their yard for security purposes, but the light doesn't extend really far.",0,,0,0,0,1,['surprise'],english
eng_train_track_a_01507,""" i radioed to infinity.",0,,0,0,0,0,[],english
eng_train_track_a_01508,must be fall i'm feeling in my bones.,0,,0,1,0,0,['joy'],english
eng_train_track_a_01509,he was shaking the bed.,0,,1,0,0,0,['fear'],english
eng_train_track_a_01510,i naively walked up and stuck my head in the driver's window hole.,0,,1,0,0,1,['fear' 'surprise'],english
eng_train_track_a_01511,i realized i was now down to my last 20 pound note and some coins ( which i have yet to figure out ) so i decided to keep my eye open for an atm.,0,,1,0,0,0,['fear'],english
eng_train_track_a_01512,i close my eyes.,0,,1,0,0,0,['fear'],english
eng_train_track_a_01513,my legs were sore from yesterdays squats.,0,,0,0,1,0,['sadness'],english
eng_train_track_a_01514,i stomped my foot in anger.,1,,0,0,0,0,['anger'],english
eng_train_track_a_01515,"i had my hand on the side of my face when i was drawing, and then i moved it and was like ` oh my god i 'm bleeding out my ears ahhhhh!",0,,1,0,0,1,['fear' 'surprise'],english
eng_train_track_a_01516,scouts disguised as farts.,0,,0,1,0,1,['joy' 'surprise'],english
eng_train_track_a_01517,"i still remember this occasionally, clear as day.",0,,0,1,1,1,['joy' 'sadness' 'surprise'],english
eng_train_track_a_01518,"i have obnoxious bug bite on my finger, ugh probably from going on that trail.",0,,1,0,0,0,['fear'],english
eng_train_track_a_01519,"i had a difficult time reaching the target hr, even in the lowest gear, but i still got a really nice burn in my legs.",0,,0,1,0,0,['joy'],english
eng_train_track_a_01520,we had hiked for about an hour through the shallow water and were looking for cool rocks and other things in the river.,0,,0,1,0,0,['joy'],english
eng_train_track_a_01521,"to this day, the memory still brings chills.",0,,1,0,1,1,['fear' 'sadness' 'surprise'],english
eng_train_track_a_01522,"4.about 4 years old, sitting on the couch in my basement eating an orange flavor ice.",0,,0,1,0,0,['joy'],english
eng_train_track_a_01523,some work had been done on the driveway.,0,,0,0,0,0,[],english
eng_train_track_a_01524,i don't know why i've been obsessing about this.,0,,1,0,1,0,['fear' 'sadness'],english
eng_train_track_a_01525,i got to babysit my grandson but my back hurt the next day.,0,,0,1,1,0,['joy' 'sadness'],english
eng_train_track_a_01526,"i woke up one night, and my heart was racing i shake away the drowsiness and started tracing for what i had dreamt about moments before.",0,,1,0,0,0,['fear'],english
eng_train_track_a_01527,"i was fully aware of the fact that once i began to freak out about the situation was when my spine began flaring up, so i tried my hardest to get back into the zone i was in while i was at home.",0,,1,0,0,0,['fear'],english
eng_train_track_a_01528,slow down so i don't stub my toe when i'm running down the driveway to pick up my mail.,0,,1,0,0,0,['fear'],english
eng_train_track_a_01529,"have i just made my first ""ghost poo""?",0,,1,1,0,1,['fear' 'joy' 'surprise'],english
eng_train_track_a_01530,we walked every aisle and i had so many ideas pop into my head.,0,,0,1,0,0,['joy'],english
eng_train_track_a_01531,"in the single worst moment of 21.5 years, six martinis errupted from my mouth.",0,,1,0,1,0,['fear' 'sadness'],english
eng_train_track_a_01532,i look down to check out the pool below and i see a small white sphere floating slowly along.,0,,1,0,0,1,['fear' 'surprise'],english
eng_train_track_a_01533,"as i walked down the steps, i thought i felt eyes on my back.",0,,1,0,0,0,['fear'],english
eng_train_track_a_01534,four hours had passed.,0,,0,0,0,0,[],english
eng_train_track_a_01535,"i wrote down this bit about one of my earliest school memories as part of a writing exercise about memory as a tool, and i've been dying to share it as i think it's quite funny.",0,,0,1,0,0,['joy'],english
eng_train_track_a_01536,"my body is bruised, my leg is cut, and my ego is tarnished!",1,,1,0,1,0,['anger' 'fear' 'sadness'],english
eng_train_track_a_01537,my heart's finally starting to feel at peace and everything that used to feel wrong is suddenly starting to feel really right.,0,,0,1,0,0,['joy'],english
eng_train_track_a_01538,between my legs.,0,,0,0,0,0,[],english
eng_train_track_a_01539,"my throat hurts, i have a headache and my ears are crackling.",0,,1,0,0,0,['fear'],english
eng_train_track_a_01540,it was the day after my 20th birthday.,0,,0,0,0,0,[],english
eng_train_track_a_01541,"despite that the city is called `` sin city '', the city of las vegas catches my eye; the fact that my favorite movie is set in the city could be a main reason why.",0,,0,1,0,0,['joy'],english
eng_train_track_a_01542,"my back hurts, my sinuses are full of fluid, i have been suffering pretty bad depression since my folks were here this weekend, and i am excited because i got new towels.i am an old lady, regardless of how long i have existed.",0,,1,1,1,0,['fear' 'joy' 'sadness'],english
eng_train_track_a_01543,pretty much everyone objected to my wedding.,1,,1,0,1,1,['anger' 'fear' 'sadness' 'surprise'],english
eng_train_track_a_01544,"i stood up, still violently too high, and walked over to my friend, who was still on the ground.",0,,1,0,1,0,['fear' 'sadness'],english
eng_train_track_a_01545,"so he went a lil faster ( keep in mind we never went really fast ) and i lost the tray, hit my knee on the ground, and tried to hang on until he stopped!",0,,1,0,1,1,['fear' 'sadness' 'surprise'],english
eng_train_track_a_01546,how often has this been available in the past and i hadn't known and ended up with a kink in my neck?,1,,1,0,0,0,['anger' 'fear'],english
eng_train_track_a_01547,walking through the toilet aisle i decide to let a fart out and make the aisle smell.,0,,0,1,0,1,['joy' 'surprise'],english
eng_train_track_a_01548,it was sweet but when i woke up it taste bitter got some tears in my eyes.,0,,0,0,1,0,['sadness'],english
eng_train_track_a_01549,grant you i still don't have total use of my shoulder and i have to use my left arm for certain things but it was wonderful to drive again.,0,,0,1,0,0,['joy'],english
eng_train_track_a_01550,it was a this point i caught something out of the corner of my eye.,0,,0,0,0,1,['surprise'],english
eng_train_track_a_01551,it's two am and we pull up to what looks like a small house party.,0,,1,1,0,1,['fear' 'joy' 'surprise'],english
eng_train_track_a_01552,"i shook my head, put the car in gear, and had to force myself to drive away.",0,,1,0,1,0,['fear' 'sadness'],english
eng_train_track_a_01553,"all those feelings which he had buried deep in his heart, had now, after hundreds of years, risen up.",0,,0,0,1,0,['sadness'],english
eng_train_track_a_01554,"the whole time, relentless joy, as though a smile was consistently on my face, and even when it wasn't, it still lay beneath the surface, a laugh always ready to come out.",0,,0,1,0,0,['joy'],english
eng_train_track_a_01555,"i leaned my ear close and it stopped, but only for a few seconds... under the sink?",0,,1,0,0,0,['fear'],english
eng_train_track_a_01556,"a close friend set me up on a double date with her, her boyfriend, and the boyfriend's friend on valentine's day.",0,,1,1,0,1,['fear' 'joy' 'surprise'],english
eng_train_track_a_01557,murder is the better word.,1,,1,0,1,1,['anger' 'fear' 'sadness' 'surprise'],english
eng_train_track_a_01558,"i had been flung on top of the bike, and the handle bar was on my stomach.",0,,1,0,1,0,['fear' 'sadness'],english
eng_train_track_a_01559,"i found that when i changed my thoughts, it changed my heart.",0,,0,1,0,0,['joy'],english
eng_train_track_a_01560,"i saw some of the girls staring but they didn't say anything, well not to my face.",0,,0,0,0,0,[],english
eng_train_track_a_01561,"i wore cologne, to get the feeling right.",0,,0,1,0,0,['joy'],english
eng_train_track_a_01562,i'd never known a feeling so painful.,0,,1,0,1,0,['fear' 'sadness'],english
eng_train_track_a_01563,i always wanted to see one.,0,,0,1,0,1,['joy' 'surprise'],english
eng_train_track_a_01564,"he breathed on my face, nuzzled my hair with his nose and licked the top of my head.",0,,0,1,0,0,['joy'],english
eng_train_track_a_01565,apparently my leg had fallen asleep and i didn't know it.,0,,1,0,0,0,['fear'],english
eng_train_track_a_01566,"then there are the scabs, scratches and depressive scars all over my legs.",0,,1,0,1,0,['fear' 'sadness'],english
eng_train_track_a_01567,"tears spilled onto my cheeks, and i let myself rest in the pain.",0,,1,0,1,0,['fear' 'sadness'],english
eng_train_track_a_01568,"tl:dr the love of my life tried to kill me, i killed her first.",1,,1,0,1,1,['anger' 'fear' 'sadness' 'surprise'],english
eng_train_track_a_01569,i was on a (admittedly silly) adrenaline rush.,0,,1,1,0,1,['fear' 'joy' 'surprise'],english
eng_train_track_a_01570,"when i fell asleep in some strangers bedroom at some strangers party, and some stangers held my arms, my legs, and never took `` no '' for an answer, and there we were.",1,,1,0,1,0,['anger' 'fear' 'sadness'],english
eng_train_track_a_01571,"probably going to get buried, spooky as hell, and very real.",0,,1,0,0,1,['fear' 'surprise'],english
eng_train_track_a_01572,this made matters worse.,1,,1,0,1,0,['anger' 'fear' 'sadness'],english
eng_train_track_a_01573,i got on the pole and went down till i could reach the seint with my foot and i pulled it under me and i got in.,0,,1,0,0,0,['fear'],english
eng_train_track_a_01574,"he picked her up and put her in front of a mirror and said : ""look, look at you!",0,,0,1,0,1,['joy' 'surprise'],english
eng_train_track_a_01575,"that night, around 2am, she woke up to the sound of a woman screaming.",0,,1,0,1,1,['fear' 'sadness' 'surprise'],english
eng_train_track_a_01576,"i adjusted to the noise inside my head, and in turn, my inner need to analyze and obsess died out.",0,,1,1,0,0,['fear' 'joy'],english
eng_train_track_a_01577,he could not explain.,0,,1,0,1,1,['fear' 'sadness' 'surprise'],english
eng_train_track_a_01578,echoing cruelly in my ears.,1,,1,0,1,0,['anger' 'fear' 'sadness'],english
eng_train_track_a_01579,"i stopped moving, bent down with my palm out, and let the squirrel jump up on my arm and onto my shoulder.",0,,0,1,0,0,['joy'],english
eng_train_track_a_01580,"as i lay upon the table with my eyes closed awaiting a peaceful treatment, she began to talk... oh no!",0,,1,0,0,1,['fear' 'surprise'],english
eng_train_track_a_01581,i blinked a few times and fought with myself to deny what i was seeing.,0,,1,0,1,1,['fear' 'sadness' 'surprise'],english
eng_train_track_a_01582,"all things considered, a very saddening, scary, sobering, scary day.",0,,1,0,1,0,['fear' 'sadness'],english
eng_train_track_a_01583,"when i first saw tangled on thanksgiving, it ate my brain.",0,,0,1,0,1,['joy' 'surprise'],english
eng_train_track_a_01584,"i sit up, my head hurts.",0,,1,0,1,0,['fear' 'sadness'],english
eng_train_track_a_01585,"i made sure to run my hand along the length of that wall knowing that brad pitt, george clooney & matt damon had stood there, sad but true!",0,,0,1,1,0,['joy' 'sadness'],english
eng_train_track_a_01586,"i had no other option, not with the way my heart started beating erratically at the mention of his name.",0,,1,0,0,1,['fear' 'surprise'],english
eng_train_track_a_01587,"the headwind down this piece of road was not good, i had my head down, not good for talking in as much oxygen as i could.",0,,1,0,0,0,['fear'],english
eng_train_track_a_01588,"so he should be eating the pizza i'm stuffing into my face, like a chipmunk.i understand the impulse these days.",0,,0,1,0,0,['joy'],english
eng_train_track_a_01589,i pretty much spent my whole entire new year's crying my eyes out.,0,,0,0,1,0,['sadness'],english
eng_train_track_a_01590,my ankles and front of shins felt stiff.,0,,1,0,0,0,['fear'],english
eng_train_track_a_01591,"my knuckles growing whiter and whiter, my mind screaming at me that we should be out of here, we should almost be home.",1,,1,0,0,0,['anger' 'fear'],english
eng_train_track_a_01592,"sunday, january 16, 2011 dirty water stupid dirty water dripped in my eye on friday until yesterday i woke up my both eyes red!!",1,,1,0,1,0,['anger' 'fear' 'sadness'],english
eng_train_track_a_01593,' that infuriated me so much as i was frazzled out of my head so much already.,1,,1,0,1,0,['anger' 'fear' 'sadness'],english
eng_train_track_a_01594,"i mentally refused to go there, shaking my head violently in that refusal.",1,,1,0,0,0,['anger' 'fear'],english
eng_train_track_a_01595,my ex is always accidentally offensive like that.,1,,0,0,1,0,['anger' 'sadness'],english
eng_train_track_a_01596,he makes me do these things where my arms are on a bench and i drop down.,1,,1,0,0,0,['anger' 'fear'],english
eng_train_track_a_01597,the club was so loud that the ringing in my ears almost drowned out the music.,0,,1,0,1,1,['fear' 'sadness' 'surprise'],english
eng_train_track_a_01598,"same girl, same exact process.",0,,0,0,0,0,[],english
eng_train_track_a_01599,"everytime i shower i look at the scar on my belly and cry, not because i have a scar on my body but because of the scar on my heart.",0,,1,0,1,0,['fear' 'sadness'],english
eng_train_track_a_01600,"i thought that was a pretty good idea ( by this point, my feet hurt a lot from all the walking and standing around ) but i didn't want to pay to see a movie.",0,,1,0,0,0,['fear'],english
eng_train_track_a_01601,or at least that's what the neurons in my brain say.,0,,1,0,0,0,['fear'],english
eng_train_track_a_01602,scared the hell outta me.,0,,1,0,0,1,['fear' 'surprise'],english
eng_train_track_a_01603,"i feel bad for my employees too-they're all sad and call me almost everyday, and it really breaks my heart.",0,,1,0,1,0,['fear' 'sadness'],english
eng_train_track_a_01604,"early the next morning, newspaper under my arm, i approached the counter of the coffee shop and asked for two medium coffees, black, three-quarters full only.",0,,0,0,0,0,[],english
eng_train_track_a_01605,"= okay blablabla ~ and then, the dentist check up my teeth.",0,,0,0,0,0,[],english
eng_train_track_a_01606,"oh my god, okay.",0,,1,1,0,1,['fear' 'joy' 'surprise'],english
eng_train_track_a_01607,all this water gets poured directly in my face but i noticed it didn't hit my eyes and thats when i realized i was wearing sunglasses inside!,0,,0,1,0,1,['joy' 'surprise'],english
eng_train_track_a_01608,i loved watching the planes fly over us and then this one plane was somehow flying in reverse direction.,0,,0,1,0,1,['joy' 'surprise'],english
eng_train_track_a_01609,this sucks...sorry dude.,1,,0,0,1,0,['anger' 'sadness'],english
eng_train_track_a_01610,"we were both quiet, and i closed my eyes.",0,,0,0,0,0,[],english
eng_train_track_a_01611,it was horribly intriguing.,0,,1,1,0,1,['fear' 'joy' 'surprise'],english
eng_train_track_a_01612,"by the time i got done, my back was killing me ( but then it has been a problem since the last week of december ) and i felt pretty ill, but i got it done.",0,,0,0,1,0,['sadness'],english
eng_train_track_a_01613,that night i sat at my computer and read about rainbow bridge and cried some more and i could actually feel my heart hurt with the pain of loss.,0,,1,0,1,0,['fear' 'sadness'],english
eng_train_track_a_01614,(i'm native american) she said she only wanted a white american boy friend.,1,,1,0,1,1,['anger' 'fear' 'sadness' 'surprise'],english
eng_train_track_a_01615,"jenny, i, my throat choked when i hear my daughter's voice.",0,,1,0,1,0,['fear' 'sadness'],english
eng_train_track_a_01616,i began to feel the all-too-familiar feeling that i my heart was being ripped from my chest.,0,,1,0,1,0,['fear' 'sadness'],english
eng_train_track_a_01617,"they played the majority of the classics thank god, and i screamed my heart out which is why i have no voice right now.",0,,0,1,0,0,['joy'],english
eng_train_track_a_01618,"please, help me keep the smiles on my face even though this is too much for me to handle and bare, i know my heart trust you... so much.",0,,1,0,1,0,['fear' 'sadness'],english
eng_train_track_a_01619,"laying my head against his chest, glen's heart beat is strong against my ear, and my mind wonders back to our life outside of this heaven.",0,,0,1,0,0,['joy'],english
eng_train_track_a_01620,my heart arrested twice; i was shocked four times.,0,,1,0,0,1,['fear' 'surprise'],english
eng_train_track_a_01621,for the wedding and rehearsal dinner.,0,,0,0,0,0,[],english
eng_train_track_a_01622,"my arms dip a little from nerves and i swiftly correct them before the instructor, or anyone else for that matter, can comment.",0,,1,0,0,0,['fear'],english
eng_train_track_a_01623,this was on both sides of my chest.,0,,1,0,0,0,['fear'],english
eng_train_track_a_01624,one x-ray showed my foot from above and the other showed it from the side.,0,,0,0,0,0,[],english
eng_train_track_a_01625,""" the cop tells him to have a nice day and walks away.",1,,0,1,0,1,['anger' 'joy' 'surprise'],english
eng_train_track_a_01626,"because i haven't trained for this run at all, my legs gave up on me around 10 miles in.",0,,1,0,1,0,['fear' 'sadness'],english
eng_train_track_a_01627,"i always try to remember these incidents whenever someone claims to have experienced something strange, and realize that my stories would sound just as loopy to them.",0,,0,0,0,0,[],english
eng_train_track_a_01628,"i see the match, held tightly in my hand.",0,,0,0,0,0,[],english
eng_train_track_a_01629,second event was with a crazy!,1,,1,0,0,1,['anger' 'fear' 'surprise'],english
eng_train_track_a_01630,"and my mind drifts away, i close my eyes, it's like i'm almost there.",0,,0,1,0,0,['joy'],english
eng_train_track_a_01631,"i walked up the aisle to the casket, with painful anticipation welling inside my chest, and then i looked.",0,,1,0,1,0,['fear' 'sadness'],english
eng_train_track_a_01632,"suddenly i see it crouching on the floor, its bagged head hung low beneath its shoulders.",0,,1,0,0,1,['fear' 'surprise'],english
eng_train_track_a_01633,then fall in love.,0,,0,1,0,1,['joy' 'surprise'],english
eng_train_track_a_01634,entire room goes silent.,0,,1,0,0,1,['fear' 'surprise'],english
eng_train_track_a_01635,they're sitting right across the pool from my mom just staring at her.,1,,1,0,0,1,['anger' 'fear' 'surprise'],english
eng_train_track_a_01636,yeah it was a little embarrassing.,0,,1,0,1,0,['fear' 'sadness'],english
eng_train_track_a_01637,not to mention the top portion doesn't fit my belly so therefor i have the top button undone.,0,,0,0,0,0,[],english
eng_train_track_a_01638,this is my fucking breaking point.,1,,1,0,0,0,['anger' 'fear'],english
eng_train_track_a_01639,happy birthday to you and me!,0,,0,1,0,0,['joy'],english
eng_train_track_a_01640,my great-grandparents had an arranged marriage.,0,,0,0,0,1,['surprise'],english
eng_train_track_a_01641,"well, my birthday is in january.",0,,0,0,0,0,[],english
eng_train_track_a_01642,"my left clav essentially blew up, but it didn't stop there.",0,,1,0,0,1,['fear' 'surprise'],english
eng_train_track_a_01643,"i say, covering my ears with my hands and cringing into the door.",0,,1,0,1,0,['fear' 'sadness'],english
eng_train_track_a_01644,"xd as of now, i'm getting tired all the time and my belly is getting firm already.",0,,1,1,1,0,['fear' 'joy' 'sadness'],english
eng_train_track_a_01645,he was pretty scared and was talking fast.,0,,1,0,0,0,['fear'],english
eng_train_track_a_01646,i go fucking ballistic.,1,,1,0,0,0,['anger' 'fear'],english
eng_train_track_a_01647,"he said yes, i closed my eyes, and seeking from divine, i sang precisely two lines, describing, my wishes for him.",0,,0,1,0,0,['joy'],english
eng_train_track_a_01648,"the sky was only slightly disturbed, light gray, choppy clouds, but it didn't look too bad.",0,,1,0,0,0,['fear'],english
eng_train_track_a_01649,it disconnected and teetered away from us.,0,,1,0,1,1,['fear' 'sadness' 'surprise'],english
eng_train_track_a_01650,"i went to the clinic and got looked over and to my amazement, after they swabbed my throat, they didn't find any strep bacteria, even though my throat is really red.",0,,1,0,0,1,['fear' 'surprise'],english
eng_train_track_a_01651,some insulting some nice.,1,,0,1,0,0,['anger' 'joy'],english
eng_train_track_a_01652,i've backed off hills while my foot healed so i expected some soreness.,0,,1,0,0,0,['fear'],english
eng_train_track_a_01653,"""mom"" never disciplined them.",1,,1,0,0,0,['anger' 'fear'],english
eng_train_track_a_01654,well literally no one showed up.,0,,0,0,1,1,['sadness' 'surprise'],english
eng_train_track_a_01655,"no water damage, sun damage, tears, anything.",0,,0,0,0,1,['surprise'],english
eng_train_track_a_01656,we roll up to the drive thru and proceed to order nearly the entire dollar menu.,0,,0,1,0,0,['joy'],english
eng_train_track_a_01657,i bent my knee inward.,0,,0,0,0,0,[],english
eng_train_track_a_01658,i thought she was stuck-up and nerdy.,1,,0,0,0,0,['anger'],english
eng_train_track_a_01659,my mom wanted us just to spite my dad.,1,,1,0,1,0,['anger' 'fear' 'sadness'],english
eng_train_track_a_01660,wrapping his arms tightly around me and letting a warm breath escape his mouth onto the back of my neck.,0,,0,1,0,0,['joy'],english
eng_train_track_a_01661,my heart is too full for words.,0,,0,1,0,0,['joy'],english
eng_train_track_a_01662,needless to say i was pretty...unaffacted about the fact my brother knew who i was on reddit and thought his way of telling me was pretty funny.,0,,0,1,0,1,['joy' 'surprise'],english
eng_train_track_a_01663,i quickly fell asleep.,0,,0,1,0,0,['joy'],english
eng_train_track_a_01664,we were going to reach seventy.,0,,0,0,0,1,['surprise'],english
eng_train_track_a_01665,the second entry of today: / my brain hurt for answering 30 math question in one day.,0,,1,0,0,0,['fear'],english
eng_train_track_a_01666,my eyes had been closed and as i had opened them everything seemed to metirialize infront of me like a liquid curtain dropping infront of me.,0,,1,1,0,1,['fear' 'joy' 'surprise'],english
eng_train_track_a_01667,"during the complete silence that follows, my grandfather says loudly ""well, my god has spoken""",0,,0,0,0,1,['surprise'],english
eng_train_track_a_01668,they were fooling around on the fields and looking for something to aim at and shoot.,0,,1,1,0,0,['fear' 'joy'],english
eng_train_track_a_01669,i have no idea what manki is so i have no idea where to look.,0,,1,0,0,1,['fear' 'surprise'],english
eng_train_track_a_01670,the ledge of the beadboard dug into my back.,0,,1,0,1,0,['fear' 'sadness'],english
eng_train_track_a_01671,dad on the warpath.,1,,1,0,0,0,['anger' 'fear'],english
eng_train_track_a_01672,"i couldn't make out any clear distinct facial features, but i could see two darker circles where eyes would be, and a small oblong shape for a mouth.",0,,1,0,0,1,['fear' 'surprise'],english
eng_train_track_a_01673,i have plenty more.,0,,0,1,0,0,['joy'],english
eng_train_track_a_01674,"the problem was, my brain was ready for a 22 mile ride, my body was not.",0,,1,0,0,0,['fear'],english
eng_train_track_a_01675,as we were going into our 11th month.,0,,0,0,0,0,[],english
eng_train_track_a_01676,"when i was very ill, in great suffering-such pain that even my skin hurt-i gave up.",0,,1,0,1,0,['fear' 'sadness'],english
eng_train_track_a_01677,poor shannon's gon na be stuck with our leftovers for the rest of summer!i also freaked the girls out with my ankle ( it's in a stretchy brace and turning a very interesting shade of purple ).,0,,1,0,1,0,['fear' 'sadness'],english
eng_train_track_a_01678,my eyes start closing and my body starts aching all over.,0,,1,0,1,0,['fear' 'sadness'],english
eng_train_track_a_01679,brighter than if you turned on every light in the room and even brighter than during the day time with the shades up.,0,,0,0,0,1,['surprise'],english
eng_train_track_a_01680,"as soon as we stop making distinctions, we eliminate racism.",0,,0,1,0,0,['joy'],english
eng_train_track_a_01681,we had absolutely nothing in common.,0,,0,0,1,0,['sadness'],english
eng_train_track_a_01682,apparently it wasn't as life threatening as i believed at the time because the doctor didn't want to mar my forehead with stitches so i got butterfly bandages instead.,0,,1,0,1,0,['fear' 'sadness'],english
eng_train_track_a_01683,"creepy place, never been a fan.",0,,1,0,0,0,['fear'],english
eng_train_track_a_01684,"i had it done on my arm, of course the one i use, so doing every thing with my other one is pretty weird.",0,,0,0,0,0,[],english
eng_train_track_a_01685,"i remember crying and trying to explain to my panicked family, who have never let me live it down.",0,,1,0,1,0,['fear' 'sadness'],english
eng_train_track_a_01686,dated a woman who invited me to her birthday party.,0,,0,1,0,0,['joy'],english
eng_train_track_a_01687,with that definite i have courage to walk up to the line and place my toes proudly getting ready to cross yet it is everything on the dirty mud path that is holding to me and the mud is the mud i am clinging to.,0,,1,0,0,0,['fear'],english
eng_train_track_a_01688,on this monday i went in to get my radiation treatment and couldnt stop crying from the pain in my leg.,0,,1,0,1,0,['fear' 'sadness'],english
eng_train_track_a_01689,( is it inappropriate that i can't get steve wonder's `` writings on the walls '' out of my head now...? ),0,,1,1,0,0,['fear' 'joy'],english
eng_train_track_a_01690,as time passed it became quite the fancy outlet for my extreme ( sometimes intolerable ) idiosyncracies and papyrus on which to record both my daily happenings and ( most importantly ) some of my innermost thoughts that i wanted to tell the select few that i hold dear and close to my heart.,0,,0,1,0,0,['joy'],english
eng_train_track_a_01691,"they never shut up, although they usually apologize ( and immediately start screeching again ) whenever i cringe and cover my ears, which is often.",1,,1,0,0,0,['anger' 'fear'],english
eng_train_track_a_01692,and i dongak my head to see who was in front of me.,0,,0,0,0,0,[],english
eng_train_track_a_01693,then they would leave and go to their own room obviously.,0,,0,0,0,0,[],english
eng_train_track_a_01694,anyway it was weird.,0,,1,0,0,1,['fear' 'surprise'],english
eng_train_track_a_01695,""" she was slapping at air, screaming.",0,,1,0,1,1,['fear' 'sadness' 'surprise'],english
eng_train_track_a_01696,got once i tried lying down with my face facing the water and my face totally became red after that.,0,,1,0,0,0,['fear'],english
eng_train_track_a_01697,my mum says that when she looked in the mirror she saw a pair of glowing yellow eyes.,0,,1,0,0,1,['fear' 'surprise'],english
eng_train_track_a_01698,"i know right no point of lying to him by saying that i'm alright when it's written all over my face that i'm at my worst condition but still, i don't wan na worry him that much and so i said, `` i'm fine!",0,,1,0,1,0,['fear' 'sadness'],english
eng_train_track_a_01699,"in my head i was thinking, great first impression.",0,,0,0,1,0,['sadness'],english
eng_train_track_a_01700,"""you're going to die.",0,,1,0,1,1,['fear' 'sadness' 'surprise'],english
eng_train_track_a_01701,"i took my shirt off and washed my face, hands and arms then i took a paper towel and slowly washed my belly.",0,,0,0,0,0,[],english
eng_train_track_a_01702,"a week after turning in the paper, i get an email from the professor saying i plagiarized the whole thing off wikipedia.",1,,1,0,1,1,['anger' 'fear' 'sadness' 'surprise'],english
eng_train_track_a_01703,not worth the risk.,0,,1,0,1,0,['fear' 'sadness'],english
eng_train_track_a_01704,"i see two small ""children"", floating about 4 ft. away from me.",0,,1,0,0,1,['fear' 'surprise'],english
eng_train_track_a_01705,he lives behind a church and part of his backyard boarders the parking lot in back of the church.,0,,0,0,0,0,[],english
eng_train_track_a_01706,"i never said anything because it wasn't scary, just weird.",0,,1,0,0,1,['fear' 'surprise'],english
eng_train_track_a_01707,you read that right.,0,,0,0,0,1,['surprise'],english
eng_train_track_a_01708,"while packing up our booth at cha, i momentarily threw my back out.",0,,1,0,0,0,['fear'],english
eng_train_track_a_01709,maybe they saw the look of ecstasy on my face as i sped up and slowed down with twiddling precision.,0,,0,1,0,0,['joy'],english
eng_train_track_a_01710,so i grabbed my knife out of fear and looked up but there was nothing there.,0,,1,0,0,1,['fear' 'surprise'],english
eng_train_track_a_01711,"as the ocean roiled and seethed sturdy arms lifted my head, bidding me to simply breathe $ `` breathe! ''",0,,1,0,0,0,['fear'],english
eng_train_track_a_01712,"i went to his house, and the moment i laid down on his bed, he pulled the blanket off of me and started checking my legs and arms.",0,,1,0,0,0,['fear'],english
eng_train_track_a_01713,"and when i say online banking, it was not internet banking.",0,,0,0,0,1,['surprise'],english
eng_train_track_a_01714,"none the less, she was breathtaking.",0,,0,1,0,1,['joy' 'surprise'],english
eng_train_track_a_01715,"every single time i found a girl that i was interested in, they always ended up finding some creative way to break my heart.",1,,0,0,1,0,['anger' 'sadness'],english
eng_train_track_a_01716,this is my story.,0,,0,0,0,0,[],english
eng_train_track_a_01717,#name?,0,,0,0,0,0,[],english
eng_train_track_a_01718,"they even have fish baby food:: i think i just threw up a little in my mouth:: the fish here does taste better, even the cheap kind.",0,,1,0,0,0,['fear'],english
eng_train_track_a_01719,i think it gets me into less trouble to be able to type but still keep my eyes and face turned to my teacher.,0,,1,0,0,0,['fear'],english
eng_train_track_a_01720,"but in searching for some other sound to train my ears on, i realized there was no sound coming from grandma.",0,,1,0,0,1,['fear' 'surprise'],english
eng_train_track_a_01721,"not a cop, but...",0,,1,0,0,1,['fear' 'surprise'],english
eng_train_track_a_01722,my jaw dropped as i squealed with delight.,0,,0,1,0,1,['joy' 'surprise'],english
eng_train_track_a_01723,"that took about a week and a half, then i had surgery to put eight plates in my face to rebuild it.",0,,1,0,1,0,['fear' 'sadness'],english
eng_train_track_a_01724,"the blood blinded my eyes as it ran down to my cheeks, and i tasted the sweetest flavor.",0,,1,0,0,1,['fear' 'surprise'],english
eng_train_track_a_01725,my legs and face were also covered.,0,,0,0,0,0,[],english
eng_train_track_a_01726,accomplished i went and got my eyes checked today.,0,,0,1,0,0,['joy'],english
eng_train_track_a_01727,fucking freaked me out...never found out where the hell that coat fell from,1,,1,0,0,1,['anger' 'fear' 'surprise'],english
eng_train_track_a_01728,"i live completely alone, and as i pull the popcorn out of the pantry, i hear an ominously distinct ""sssshhhh"" sound.",0,,1,0,0,1,['fear' 'surprise'],english
eng_train_track_a_01729,"i had twisted my ankle too, and i cried out in pain.",0,,1,0,1,1,['fear' 'sadness' 'surprise'],english
eng_train_track_a_01730,"he did-only he didn't, well he did what i asked him to do but w / out realizing it he didn't spray the back of my arms and well nor did i. crap!",1,,0,0,0,0,['anger'],english
eng_train_track_a_01731,the second turned out to be clinically depressed.,0,,1,0,1,0,['fear' 'sadness'],english
eng_train_track_a_01732,"it's eyes were on the front of it's head, not the side.",0,,0,0,0,1,['surprise'],english
eng_train_track_a_01733,"i gasped and my heart began to flutter, it was gabriel, my ex-boyfriend.",0,,1,0,0,1,['fear' 'surprise'],english
eng_train_track_a_01734,i do nt know how many times i put my hand in fire till i relized it burns.,0,,1,0,0,0,['fear'],english
eng_train_track_a_01735,"total: 80.5 miles ( 10,550 ' ) my legs felt great all week, which is really encouraging considering this is the first week of the taper.",0,,0,1,0,1,['joy' 'surprise'],english
eng_train_track_a_01736,driving around neighborhoods in the middle of the night on very little sleep everything gets to be a bit surreal.,0,,1,0,0,1,['fear' 'surprise'],english
eng_train_track_a_01737,i took my son and moved out and he moved in with her.,1,,1,0,1,0,['anger' 'fear' 'sadness'],english
eng_train_track_a_01738,the exact same guy.,0,,0,0,0,1,['surprise'],english
eng_train_track_a_01739,"when i finally opened my eyes, it was into the searing white heat of a desert landscape.",0,,1,0,0,1,['fear' 'surprise'],english
eng_train_track_a_01740,"i became fixated and fascinated with abduction stories, with the x-files, etc., for years.",0,,1,1,0,0,['fear' 'joy'],english
eng_train_track_a_01741,we need to go to our house to get it.,0,,0,0,0,0,[],english
eng_train_track_a_01742,i did nt notice it until it crawled all over my hand like a maniac.,0,,1,0,0,1,['fear' 'surprise'],english
eng_train_track_a_01743,"still, the event was constantly played in my head.",0,,1,0,1,0,['fear' 'sadness'],english
eng_train_track_a_01744,but this is august.,0,,0,0,0,1,['surprise'],english
eng_train_track_a_01745,i figure it must have fallen out.,0,,1,0,0,1,['fear' 'surprise'],english
eng_train_track_a_01746,we both wake up at the same time.,0,,0,1,0,0,['joy'],english
eng_train_track_a_01747,"people just aren't buying cd's any more. when j. warren, former owner of vibes music, spoke these words, my heart sunk a little in my chest.",0,,0,0,1,0,['sadness'],english
eng_train_track_a_01748,one drink down and she was blackout drunk.,0,,1,0,1,1,['fear' 'sadness' 'surprise'],english
eng_train_track_a_01749,"i looked everywhere for those 5 cards, 2 ended up between the couch cushions, one underneath a cat tent, one behind the tv, and one in a different room completely, in between the bed cushions.",0,,0,0,0,1,['surprise'],english
eng_train_track_a_01750,"{{{yeah...welcome to being 25, btw...it is awful thus far...but...shit at least i get to be 25!",1,,1,1,1,1,['anger' 'fear' 'joy' 'sadness' 'surprise'],english
eng_train_track_a_01751,"there was nothing i could do, all things were over tears were starting to flow from my eyes.",0,,1,0,1,0,['fear' 'sadness'],english
eng_train_track_a_01752,the hike was absolutely gorgeous with thousands of wildflowers blooming and waterfalls tumbling down the side of the gorge... and the view from the top was stunning with the river meandering out of the gorge... the world resting at my feet.,0,,0,1,0,0,['joy'],english
eng_train_track_a_01753,"i just had to find a corner somewhere, take a deep puff of the malboro lights i got from my interpreter, calm my nerves and try to comprehend the events around me.",0,,1,0,0,0,['fear'],english
eng_train_track_a_01754,totally forgot to add: i'm straight.,0,,0,0,0,1,['surprise'],english
eng_train_track_a_01755,but one criminal shoot from gun to my hand.,1,,1,0,0,0,['anger' 'fear'],english
eng_train_track_a_01756,was i drunk or a kid?,0,,1,0,0,1,['fear' 'surprise'],english
eng_train_track_a_01757,"recollecting all the things, happy or unhappy, in australia i have gone through, word bitter pops up in my head.",0,,0,0,1,0,['sadness'],english
eng_train_track_a_01758,over the years i have taken pictures of what caught my eye.,0,,0,1,0,0,['joy'],english
eng_train_track_a_01759,a familiar voice rang in my ears.,0,,0,0,0,1,['surprise'],english
eng_train_track_a_01760,"no sidewalk, just a simple two way, single lane street with crazy traffic going either direction.",0,,1,0,0,0,['fear'],english
eng_train_track_a_01761,he's just a super nice guy who wants to help girls out all while being respectful.,0,,0,1,0,0,['joy'],english
eng_train_track_a_01762,i forgot that my mom needs to be eased into things just long enough to run my mouth off and cause an argument that was way too long.,1,,0,0,0,0,['anger'],english
eng_train_track_a_01763,my radio was turned on very loud and i used rock music to keep my eyes open.,0,,1,1,0,0,['fear' 'joy'],english
eng_train_track_a_01764,5 year old me was scarred for life.,0,,1,0,1,0,['fear' 'sadness'],english
eng_train_track_a_01765,now i can't wait to get my hands on all that wall space!!!,0,,0,1,0,0,['joy'],english
eng_train_track_a_01766,"a couple of years later (two years ago), grandma was stricken with a sudden, serious illness and was given a short time left to live.",0,,1,0,1,0,['fear' 'sadness'],english
eng_train_track_a_01767,"stripper, abusive exes, criminal past.",1,,1,0,1,0,['anger' 'fear' 'sadness'],english
eng_train_track_a_01768,i have a cold that has decided to settle in my throat.,0,,1,0,0,0,['fear'],english
eng_train_track_a_01769,i was turning roasting vegetables that were too close to the hot ring at the oven top and fried my knuckle in the process.,1,,1,0,0,0,['anger' 'fear'],english
eng_train_track_a_01770,my roommate was asleep in his bed.,0,,0,0,0,0,[],english
eng_train_track_a_01771,i had soup and applesauce with pudding for dessert.,0,,0,1,0,0,['joy'],english
eng_train_track_a_01772,this was the most random/terrifying thing that has ever happened to me.,0,,1,0,0,1,['fear' 'surprise'],english
eng_train_track_a_01773,"next night, door was shut.... dammit, so i knock on the door.",1,,1,0,0,0,['anger' 'fear'],english
eng_train_track_a_01774,we've been friends ever since then.,0,,0,1,0,0,['joy'],english
eng_train_track_a_01775,not fifteen minutes into class my stomach started hurting.,0,,1,0,1,0,['fear' 'sadness'],english
eng_train_track_a_01776,"about 1 hour of being in the tent, a light appeared that we could see through the canvas.",0,,1,0,0,1,['fear' 'surprise'],english
eng_train_track_a_01777,"dont wait, or say a single vow.",0,,1,0,1,0,['fear' 'sadness'],english
eng_train_track_a_01778,i was incredibly nervous; i had butterflies in my stomach and my legs felt weak.,0,,1,0,0,0,['fear'],english
eng_train_track_a_01779,"*creepy/unnerving* that is, and just weird.",0,,1,0,0,1,['fear' 'surprise'],english
eng_train_track_a_01780,she ate most of the sandwich then threw it back at my head.,1,,1,0,0,0,['anger' 'fear'],english
eng_train_track_a_01781,so... for reasons unknown...,0,,1,0,0,1,['fear' 'surprise'],english
eng_train_track_a_01782,i now have 12 of those canker sore suckers in my mouth along with a fever since friday.,0,,1,0,1,0,['fear' 'sadness'],english
eng_train_track_a_01783,"and my ears are stuffed and i can't blow my nose, and i woke up today with the most terrible headache and everything's too hot.",0,,1,0,1,0,['fear' 'sadness'],english
eng_train_track_a_01784,i did settle down and dry my eyes on my sleeve.,0,,0,0,1,0,['sadness'],english
eng_train_track_a_01785,"i crossed my arms, smiled, tilted my head, and said, `` i thought you were supposed to be in austria? ''",0,,0,1,0,0,['joy'],english
eng_train_track_a_01786,wanted to quickly go home and hide my face.,0,,1,0,1,0,['fear' 'sadness'],english
eng_train_track_a_01787,"and this tradition keep on, every time billy made it to class we would clap and cheer :) until he died.",0,,0,1,1,0,['joy' 'sadness'],english
eng_train_track_a_01788,edward rid me of my distraction by biting my shoulder.,0,,1,0,0,0,['fear'],english
eng_train_track_a_01789,but both well adjusted and successful in our perspective careers.,0,,0,1,0,0,['joy'],english
eng_train_track_a_01790,only then did i dare raise the camera to my eye.,0,,1,1,0,0,['fear' 'joy'],english
eng_train_track_a_01791,the thing i neglect to mention though.,0,,1,0,0,1,['fear' 'surprise'],english
eng_train_track_a_01792,"i didn't know what to say, but my nerves were all on edge, straining.",0,,1,0,0,0,['fear'],english
eng_train_track_a_01793,"he got the location, car make/model/year/color correct, manner of impact, impacting vehicle, everything correct.",0,,0,1,0,1,['joy' 'surprise'],english
eng_train_track_a_01794,my friend said to get to work on my tooth since i was sitting there ready to go.,0,,0,0,0,0,[],english
eng_train_track_a_01795,no kids were hurt.,0,,0,1,0,0,['joy'],english
eng_train_track_a_01796,i felt the sadness like a heaviness-a weight on my heart.,0,,0,0,1,0,['sadness'],english
eng_train_track_a_01797,she is an alcoholic.,0,,1,0,1,0,['fear' 'sadness'],english
eng_train_track_a_01798,after that we took a taxi home... right now my leg hurts and while im typing this the photos are uploading... see ya...,1,,1,0,1,0,['anger' 'fear' 'sadness'],english
eng_train_track_a_01799,"so i got up so i could pee, sat down and proceeded to throw up all over my legs and underwear.",0,,1,0,1,0,['fear' 'sadness'],english
eng_train_track_a_01800,"strange, cause usually i'm the first one to bitch about the cold, but anyway... so cafe frangelica at home with a bit of milk so i can drink it without burning my mouth and a dah of sugar.",0,,0,1,0,0,['joy'],english
eng_train_track_a_01801,"i was able to take a bath, which felt good while i was in it and now i feel horrible again, and i brushed my teeth, and washed my hair, so give me some kudos.",0,,0,1,1,0,['joy' 'sadness'],english
eng_train_track_a_01802,i wanted to strip the life from my legs.,1,,1,0,1,0,['anger' 'fear' 'sadness'],english
eng_train_track_a_01803,tomorrow i see a cardiologist to check my heart out.,0,,1,0,0,0,['fear'],english
eng_train_track_a_01804,"like seriously, alot can not understand and im slow at registering words in my brain during that time, so yeah.",0,,1,0,1,0,['fear' 'sadness'],english
eng_train_track_a_01805,"i abruptly ""woke up"" again out of sleep-paralysis in a state of crazy shock.",0,,1,0,0,1,['fear' 'surprise'],english
eng_train_track_a_01806,"we stayed in a really lovely hotel-i had two sinks in my bathrooms and white dressing gowns and clippers, any hotel which provides dressing gowns is a good hotel in my eyes.",0,,0,1,0,0,['joy'],english
eng_train_track_a_01807,about 15 minutes later i got that feeling in my stomach.,0,,1,0,0,0,['fear'],english
eng_train_track_a_01808,"v-neck shirt, i moved slowly throughout the house, doing my usual morning duties ( diaper changes, breakfast, coffee ), quite lethargically, occasionally brushing a strand of ( dirty ) hair away from my eyes with my hand.",0,,0,0,1,0,['sadness'],english
eng_train_track_a_01809,the very last final i had to take for the semester.,0,,1,0,0,0,['fear'],english
eng_train_track_a_01810,in about 45 minutes i get to go have a camera stuck down my throat to confirm the existance of the ulcer.all that and we are supposed to leave a week from today and fly to co..,0,,1,0,1,0,['fear' 'sadness'],english
eng_train_track_a_01811,how stupid of him.,1,,0,0,0,0,['anger'],english
eng_train_track_a_01812,"i chuckled, holding my hands up, and sat down in my comfy swivel chair.",0,,0,1,0,0,['joy'],english
eng_train_track_a_01813,"second time, been together 6 mo.",0,,0,1,0,0,['joy'],english
eng_train_track_a_01814,this guy was interested in me.,0,,0,1,0,1,['joy' 'surprise'],english
eng_train_track_a_01815,"i'm sitting up and not going anywhere, basically half-way through the tube.",0,,1,0,0,0,['fear'],english
eng_train_track_a_01816,its ok to call people black!,0,,1,0,0,1,['fear' 'surprise'],english
eng_train_track_a_01817,"unfortunately in the second hour, i took an odd stroke and my neck popped.",0,,1,0,1,0,['fear' 'sadness'],english
eng_train_track_a_01818,"anyway, during a festival miles and miles from home, i hear someone call out to a girl walking by ""rain!",0,,0,1,0,1,['joy' 'surprise'],english
eng_train_track_a_01819,"but not very close, it's always been a good bit away.",0,,0,0,0,0,[],english
eng_train_track_a_01820,we noped out of there pretty fast.,0,,1,0,0,1,['fear' 'surprise'],english
eng_train_track_a_01821,he couldn't get back home in time and decided to stay and sleep on the path.,0,,1,0,1,0,['fear' 'sadness'],english
eng_train_track_a_01822,sorry for spelling and stuff.,0,,0,0,0,0,[],english
eng_train_track_a_01823,"what is truly remarkable about this brotherhood of my moms uncles, is that they all radiate the same aura.",0,,0,1,0,0,['joy'],english
eng_train_track_a_01824,my eyes were staring at the floor as i said this.,0,,1,0,1,0,['fear' 'sadness'],english
eng_train_track_a_01825,the whole store erupted into cheering and applause.,0,,0,1,0,1,['joy' 'surprise'],english
eng_train_track_a_01826,my arms and legs saw sun for the first time in a long time.,0,,0,1,0,0,['joy'],english
eng_train_track_a_01827,"we hit something as we slide into the side of the road, my eyes flashed open and the car took flight into the trees, now straight ahead of us.",0,,1,0,1,1,['fear' 'sadness' 'surprise'],english
eng_train_track_a_01828,tried to talk to my cousin to see whether this was really a possesion or something else.,0,,1,0,0,1,['fear' 'surprise'],english
eng_train_track_a_01829,before i knew it i was on my hands and knees and someone close to me let out a terrible grunt at the same time.,0,,1,0,0,0,['fear'],english
eng_train_track_a_01830,"and without even stopping to think about it, i tuck one of those boxes under my arm and go back to the living room.",0,,0,1,0,0,['joy'],english
eng_train_track_a_01831,a stranger is running alone in the park.,0,,1,0,0,0,['fear'],english
eng_train_track_a_01832,"normally i need a change every year, but or the past six years or so, i've been changing my glasses every 2 since my eyes are slacking off some.",0,,1,0,0,0,['fear'],english
eng_train_track_a_01833,her face.... was priceless.,0,,0,1,0,1,['joy' 'surprise'],english
eng_train_track_a_01834,"i sat down and enjoyed one of my best poops ever, it was huge, it was liquid and it smelled fantastic (from my pov).",0,,0,1,0,0,['joy'],english
eng_train_track_a_01835,"so , i spent the whole day staring out of my bedroom window close to tears, which says a lot because i don't cry easily.",0,,1,0,1,0,['fear' 'sadness'],english
eng_train_track_a_01836,"on my legs and feet i wore leggings, jeans, and then the bib.",0,,0,0,0,0,[],english
eng_train_track_a_01837,she had jet black hair and was only about five feet tall.,0,,0,0,0,1,['surprise'],english
eng_train_track_a_01838,"there was an awkward, frozen moment as we all acknowledged each other and as my brain scrambled to make sense of this ""hallucination"".",0,,1,0,0,1,['fear' 'surprise'],english
eng_train_track_a_01839,"when we got up this morning, i could hardly move, and now everything from the base of my skull to my waist hurts and my right arm isn't quite right.",0,,1,0,1,0,['fear' 'sadness'],english
eng_train_track_a_01840,"there was a known, violent mentally-ill person named ""chop"" in a neighborhood i worked in.",0,,1,0,0,1,['fear' 'surprise'],english
eng_train_track_a_01841,luckily for me i have to use the restroom every 15 minutes so midway through our appointment i was already trying to cross my legs again.,0,,1,0,0,0,['fear'],english
eng_train_track_a_01842,"as a caretaker, this freaked me out to no end.",0,,1,0,0,0,['fear'],english
eng_train_track_a_01843,a knock on the door and my heart litarely stopped for a good three seconds.,0,,1,0,0,1,['fear' 'surprise'],english
eng_train_track_a_01844,"i arrived at penny's doorstep, tears streaming down my face.",0,,1,0,1,0,['fear' 'sadness'],english
eng_train_track_a_01845,"i hung my head in shame, feeling like the lowest of mothers.",0,,1,0,1,0,['fear' 'sadness'],english
eng_train_track_a_01846,"and now that we are back, i just feel drained and my calves hurt.",0,,0,0,1,0,['sadness'],english
eng_train_track_a_01847,"i took my eye away from the camera and found the little guy ( or little girl, can't really tell ) a few feet above me now.",0,,0,0,0,0,[],english
eng_train_track_a_01848,"i needed to come out of a parking lot on the side of the highway and then pull the car up to a high speed so as not to have an accident/annoy highway drivers, so i was pretty nervously sitting there, waiting for the right opportunity.",0,,1,0,0,0,['fear'],english
eng_train_track_a_01849,but there was peace in my heart.,0,,0,1,0,0,['joy'],english
eng_train_track_a_01850,i closed my eyes and tried my best to ignore it and i eventually ended up falling asleep.,0,,1,0,0,0,['fear'],english
eng_train_track_a_01851,that's super weird.,0,,1,0,0,1,['fear' 'surprise'],english
eng_train_track_a_01852,my disbelief was outstanding.,0,,0,0,0,1,['surprise'],english
eng_train_track_a_01853,"i went to the doctor today to get my ears cleaned...-i got my ears `` flushed '' because i did have a problem, and it was too close to a dangerous area.",0,,1,0,0,0,['fear'],english
eng_train_track_a_01854,i drew my robes around me tightly as my legs kept walking to no particular destination.,0,,1,0,1,0,['fear' 'sadness'],english
eng_train_track_a_01855,he was so close.,0,,1,0,1,1,['fear' 'sadness' 'surprise'],english
eng_train_track_a_01856,i thought it must have been a good time to have a nap so i fell asleep.,0,,0,1,0,0,['joy'],english
eng_train_track_a_01857,my heart starts pounding just looking at it and all the thoughts of telling john to leave have wandered out of my head for the moment.,0,,1,0,0,0,['fear'],english
eng_train_track_a_01858,"and christian fish bumper stickers, it caught my eye and made me grin.",0,,0,1,0,1,['joy' 'surprise'],english
eng_train_track_a_01859,"i stopped for water at the rest stops and got doused with a hose, which was very pleasant except my shoes got drenched so i was running with heavy sponges on my feet for the last two miles.",0,,1,0,0,0,['fear'],english
eng_train_track_a_01860,"i would lay down to bed, blink, and it would be morning.",0,,0,0,0,1,['surprise'],english
eng_train_track_a_01861,"along with pete seeger and jim white, bsp was one of the first shows that s ren went to ( out of my belly ).",0,,0,1,0,0,['joy'],english
eng_train_track_a_01862,"i would always be downloading more music and burn it on new, cheap cds.",0,,0,1,0,0,['joy'],english
eng_train_track_a_01863,today was a big-a straw that broke my back.,1,,1,0,1,0,['anger' 'fear' 'sadness'],english
eng_train_track_a_01864,"i handed him the ipod he just moved on, i felt the blood dripping down my nose.",0,,1,0,1,0,['fear' 'sadness'],english
eng_train_track_a_01865,"my long brown hair caressed my face, small curls wrapping around my ear softly.",0,,0,1,0,0,['joy'],english
eng_train_track_a_01866,"it was a branch line to a gravel quarry, so the three or four daily trains moved slowly.",0,,0,0,0,0,[],english
eng_train_track_a_01867,i didn't hesitate to leap to my feet.,0,,0,1,0,0,['joy'],english
eng_train_track_a_01868,those memories still trigger terror sweats.,0,,1,0,0,0,['fear'],english
eng_train_track_a_01869,he took the picture and followed the giggling.,0,,1,1,0,1,['fear' 'joy' 'surprise'],english
eng_train_track_a_01870,"there were just these empty, black, sockets.",0,,1,0,1,1,['fear' 'sadness' 'surprise'],english
eng_train_track_a_01871,it also happened to be raining on that day.,0,,0,0,0,0,[],english
eng_train_track_a_01872,chapter fouri rolled over in my bunk and yawned stretching my arms above me.,0,,0,1,0,0,['joy'],english
eng_train_track_a_01873,"one guy threatened to talk to his uncle, a judge, to see if anything could be done to incarcerate me, but i just thought that was embarrassing, especially as i've been through the police stuff and there's nothing they want to do.",1,,1,0,0,0,['anger' 'fear'],english
eng_train_track_a_01874,again the stinging and the audience getting into my head and after several blows i called yellow again.,0,,1,0,1,0,['fear' 'sadness'],english
eng_train_track_a_01875,so no surgery due to blood clot because i have to take injections and pills to thin my blood way out so the clot doesn't break off and go to my lungs or brain.,0,,1,0,1,0,['fear' 'sadness'],english
eng_train_track_a_01876,"i woke up, brushed my teeth, and started to play a little maple story.",0,,0,1,0,0,['joy'],english
eng_train_track_a_01877,"you make me smile like the sun, fall out of bed, sing like a bird, dizzy in my head... okay, so it's been quite a while since i've wrote last.",0,,0,1,0,0,['joy'],english
eng_train_track_a_01878,"he was then hit by congestive heart failure, fell into a coma, and passed away.",0,,1,0,1,1,['fear' 'sadness' 'surprise'],english
eng_train_track_a_01879,"my eyes constantly throbbed from being so dry, even though there always seemed to be tears to cry at night.",0,,1,0,1,0,['fear' 'sadness'],english
eng_train_track_a_01880,it was long; about two feet in length with sights and bulbs coming out of it in every direction.,0,,1,0,0,1,['fear' 'surprise'],english
eng_train_track_a_01881,"i stopped, my foot already at a turn in the road that led down to a sunlit valley.",0,,0,1,0,0,['joy'],english
eng_train_track_a_01882,when something caught my eye.,0,,0,0,0,1,['surprise'],english
eng_train_track_a_01883,i love you boy.,0,,0,1,0,0,['joy'],english
eng_train_track_a_01884,which means i was not picking up my feet!,0,,0,0,0,0,[],english
eng_train_track_a_01885,i opened my eyes.,0,,0,1,0,0,['joy'],english
eng_train_track_a_01886,i silently sneak out to investigate its source......,0,,1,0,0,1,['fear' 'surprise'],english
eng_train_track_a_01887,i was quite sad.,0,,0,0,1,0,['sadness'],english
eng_train_track_a_01888,"he bought the first beer, and before it was even gone i had a new full one in my hand!",0,,0,1,0,0,['joy'],english
eng_train_track_a_01889,he was very weird.,0,,1,0,0,1,['fear' 'surprise'],english
eng_train_track_a_01890,watch the mask re-cover my face.,0,,0,0,0,0,[],english
eng_train_track_a_01891,"except, i don't fall unconscious.",0,,1,0,0,1,['fear' 'surprise'],english
eng_train_track_a_01892,"however, my knees were starting to sing a little bit by the end.",0,,0,0,1,0,['sadness'],english
eng_train_track_a_01893,rolled my eyes at some of the religious nuts i work with.,1,,0,0,0,0,['anger'],english
eng_train_track_a_01894,my mind was uncooperative when a pen finally found my hand.,1,,1,0,0,0,['anger' 'fear'],english
eng_train_track_a_01895,good lord... where to start well i was getting ready to leave for rocky... and my mom saw me and pulled me aside to `` tirm '' my hair... what was once close to my shoulders is no more... now i kinda look like man at arms.,0,,0,0,0,0,[],english
eng_train_track_a_01896,"one particular experience i had at a place called ""hernando's bridge"", however, still scares me to this day.",0,,1,0,0,1,['fear' 'surprise'],english
eng_train_track_a_01897,"i've got my own room and it's pure luxury after sleeping on the floor for over 3 weeks, my back is loving it too.",0,,0,1,0,0,['joy'],english
eng_train_track_a_01898,"see, thats the thing, sean wasnt an alcoholic.",0,,0,0,0,1,['surprise'],english
eng_train_track_a_01899,i feel hot wax on my forehead and then experience a stinging / burning sensation and the sound of my eyebrows being thrown in the trash.,0,,1,0,1,1,['fear' 'sadness' 'surprise'],english
eng_train_track_a_01900,that's messed up.,1,,0,0,0,1,['anger' 'surprise'],english
eng_train_track_a_01901,"linzi and i of course tried them, a decision that i immediately questioned after putting it in my mouth.",0,,1,0,0,1,['fear' 'surprise'],english
eng_train_track_a_01902,my muscles all relax with the feeling of an empty hand and no pedals beneath my feet.,0,,0,1,0,0,['joy'],english
eng_train_track_a_01903,"i must have had a strange look on my face because my mother said, `` what's wrong? ''",1,,1,0,1,0,['anger' 'fear' 'sadness'],english
eng_train_track_a_01904,i was totally and completely fine with the fact that i had just been bludgeoned with a trampoline $ until i saw the blood; the 57 gallons of blood that proceeded to spew out of my face and cover my tiny little body.,0,,1,0,1,1,['fear' 'sadness' 'surprise'],english
eng_train_track_a_01905,the spring sun was just rising and his car was already ripping down the highway.,0,,1,1,0,1,['fear' 'joy' 'surprise'],english
eng_train_track_a_01906,"i stretched out my arms for balance, and bounced more vigorously.",0,,0,1,0,0,['joy'],english
eng_train_track_a_01907,we sat quietly to see if we could hear the voice again.,0,,1,0,0,1,['fear' 'surprise'],english
eng_train_track_a_01908,ohhhh i put my hands up to my head.,0,,1,0,0,0,['fear'],english
eng_train_track_a_01909,then he drove away.,0,,0,0,0,0,[],english
eng_train_track_a_01910,so i spent most of lunch at the college trying very hard to concentrate on my botany book and not stare at people with a vacant expression on my face.,0,,1,0,0,0,['fear'],english
eng_train_track_a_01911,"back when my son was first born, my wife and i purchased a new house and we were just moving in.",0,,0,1,0,0,['joy'],english
eng_train_track_a_01912,"( i was smart & bit my tongue ) oh, and great results, but i'm not going into details... ow.we spent all day together, and got pizza & a ton of beer for dinner!",0,,0,1,0,0,['joy'],english
eng_train_track_a_01913,they also had to flush out my eyes ( which i had had closed the entire time ) cause they had glass in them.,0,,1,0,1,0,['fear' 'sadness'],english
eng_train_track_a_01914,there's my stoner floor mate with a fucking stun gun.,1,,1,0,0,1,['anger' 'fear' 'surprise'],english
eng_train_track_a_01915,none of us has mentioned the incident since.,0,,1,0,1,1,['fear' 'sadness' 'surprise'],english
eng_train_track_a_01916,this happened like 10 years ago.,0,,0,0,0,1,['surprise'],english
eng_train_track_a_01917,they no longer live there.,0,,0,0,1,0,['sadness'],english
eng_train_track_a_01918,"the stranger is left speechless, confused, and strangely proud.",0,,1,1,0,1,['fear' 'joy' 'surprise'],english
eng_train_track_a_01919,"i stood in the back and flipped through a book, my forehead deeply furrowed as though i was seriously seeking answers to the universe.",0,,1,0,1,0,['fear' 'sadness'],english
eng_train_track_a_01920,"callie takes attention at my tone, having probably gotten used to my mumbled thanks in response to all of the attendees who had already been by, and she places her hand protectively at the base of my spine.",0,,0,1,0,0,['joy'],english
eng_train_track_a_01921,the light would come all the way up to your vehicle and then it would seem to vanish only to be on the other side of you heading the other way.,0,,1,0,0,1,['fear' 'surprise'],english
eng_train_track_a_01922,#name?,0,,1,0,0,1,['fear' 'surprise'],english
eng_train_track_a_01923,so i'm racking my brain.,0,,1,0,0,0,['fear'],english
eng_train_track_a_01924,i still cannot explain this.,0,,1,0,0,1,['fear' 'surprise'],english
eng_train_track_a_01925,"now he's sobbing and screaming, finally defeated.",0,,1,0,1,0,['fear' 'sadness'],english
eng_train_track_a_01926,"it made an odd 'thap' noise, you know...",0,,1,0,0,1,['fear' 'surprise'],english
eng_train_track_a_01927,the waitress had physical therapy experience and prepared a nice bag of ice for my ankle and the beer was fantastic!,0,,0,1,0,0,['joy'],english
eng_train_track_a_01928,"then suddenly, she heard a strange thump; but looking around saw nothing.",0,,1,0,0,1,['fear' 'surprise'],english
eng_train_track_a_01929,"why was he angry with me?and now, about 24 hours later, i feel a stiffness in my neck, a weird sensation in my right arm.",1,,1,0,0,0,['anger' 'fear'],english
eng_train_track_a_01930,"i knew there were bits on this section i had struggled with, like the massive drop offs ( okay, maybe not massive, but they seemed massive to me ) and the steep switchbacks, but again i managed to avoid the urge to grab handfuls of brakes and shut my eyes, and i forced myself to ride the first big drop off and the next few were suddenly much less scary.",0,,1,1,0,0,['fear' 'joy'],english
eng_train_track_a_01931,i draw on the bark with my fingers the roots that twist and twine at my side.,0,,0,1,0,0,['joy'],english
eng_train_track_a_01932,"""are you sure, sis?",0,,1,0,0,1,['fear' 'surprise'],english
eng_train_track_a_01933,kick my heels up and shout.,0,,0,1,0,0,['joy'],english
eng_train_track_a_01934,my mum had complained to my step dad about feeling uneasy.,0,,1,0,1,0,['fear' 'sadness'],english
eng_train_track_a_01935,"you could not see a foot in front of you and i practically cried getting to the bottom because the wind and snow was literally burning my face, lol.",0,,1,0,1,0,['fear' 'sadness'],english
eng_train_track_a_01936,i am exhausted and my back is hurting along with my throat.,0,,1,0,1,0,['fear' 'sadness'],english
eng_train_track_a_01937,"it could have been slaughter, but he turned his wheel.",0,,1,0,0,1,['fear' 'surprise'],english
eng_train_track_a_01938,"i did this without counting, so it's good to know that i am slowly getting a handle on eating reasonably without having to write down every single thing i put in my mouth.",0,,0,1,0,0,['joy'],english
eng_train_track_a_01939,i totally freaked out.,0,,1,0,0,1,['fear' 'surprise'],english
eng_train_track_a_01940,"had to scream my lungs out while the guy just let the crowd pass my bag to me, a bag which got passed all the way to the other side, before i finally managed to get my hands on to the neon orange carrier which had my phone, camera, hard drive, wallet, and keys.in the end had to change without bathing in a smelly toilet at temasek poly, before bidding boon goodbye on the phone whilst complaining about the event.",1,,1,0,0,0,['anger' 'fear'],english
eng_train_track_a_01941,i feel it slithering down my skin like a anaconda snake.,0,,1,0,0,1,['fear' 'surprise'],english
eng_train_track_a_01942,that one was probably the weirdest.,0,,0,0,0,1,['surprise'],english
eng_train_track_a_01943,"after i rationalized a bit, i calmed down.",0,,1,1,0,0,['fear' 'joy'],english
eng_train_track_a_01944,the barn is full of corpses.,0,,1,0,1,1,['fear' 'sadness' 'surprise'],english
eng_train_track_a_01945,watching her leave with dudes drove me crazy.,1,,1,0,1,0,['anger' 'fear' 'sadness'],english
eng_train_track_a_01946,"i know most of you will find it hard to believe but, this is my story.",0,,1,0,0,1,['fear' 'surprise'],english
eng_train_track_a_01947,"i'm not european-american, i'm a white american.",0,,0,0,0,0,[],english
eng_train_track_a_01948,well i have the bright idea that i need to stop being like this and i end up alone on the elevator with this girl.,0,,1,1,1,1,['fear' 'joy' 'sadness' 'surprise'],english
eng_train_track_a_01949,"there's so much going through my head now, but somethings just can't be said.",0,,1,0,1,0,['fear' 'sadness'],english
eng_train_track_a_01950,"the spot on my ear was bot good, but not alarming.",0,,0,0,0,0,[],english
eng_train_track_a_01951,thankfully i never went through with it.,0,,1,1,0,0,['fear' 'joy'],english
eng_train_track_a_01952,scared me shitless each time it happened.,0,,1,0,0,1,['fear' 'surprise'],english
eng_train_track_a_01953,"how i do miss so much the ability to just go here or there whenever my heart desires to go $ but alas i no longer drive; it is for the safety of the world, at large; that is!",0,,0,0,1,0,['sadness'],english
eng_train_track_a_01954,i literally hid my face and my whole self.,0,,1,0,1,0,['fear' 'sadness'],english
eng_train_track_a_01955,""" and look in my rear view mirror.",0,,1,0,0,0,['fear'],english
eng_train_track_a_01956,"`` don't read it to me '', i yelled inside my head.",1,,0,0,0,0,['anger'],english
eng_train_track_a_01957,it was hung at a very strange angle.,0,,1,0,0,1,['fear' 'surprise'],english
eng_train_track_a_01958,"for the first time, i noticed their eyes.",0,,0,0,0,1,['surprise'],english
eng_train_track_a_01959,"she grinned toothlessly and with a cackle, spoke: now your *third* wish.",0,,1,0,0,1,['fear' 'surprise'],english
eng_train_track_a_01960,"despite my literal and non-literal `` growing up '' in another place, i had always felt a claim to calgary, a belonging that wound deep through my bones.",0,,0,1,0,0,['joy'],english
eng_train_track_a_01961,there was a red burn mark on my chin for a couple of weeks.,0,,0,0,1,0,['sadness'],english
eng_train_track_a_01962,"i began to start running away again, but i tripped and fell flat on my back.",0,,1,0,1,0,['fear' 'sadness'],english
eng_train_track_a_01963,the other night i was on my way to bed and i stopped in the bathroom to brush my teeth.,0,,0,0,0,0,[],english
eng_train_track_a_01964,"this'll probably get buried, but what the hell?",0,,0,0,0,1,['surprise'],english
eng_train_track_a_01965,"somehow, with visions of doll masks and pocket 6s dancing my head, i still managed to fall asleep.",0,,1,0,0,1,['fear' 'surprise'],english
eng_train_track_a_01966,"a tear bubbled at the corner of my eye, and then slowly caressed my cheek.",0,,0,0,1,0,['sadness'],english
eng_train_track_a_01967,then proceeded to duck and run past him into the female restroom.,0,,1,0,0,1,['fear' 'surprise'],english
eng_train_track_a_01968,it really superly dried my face out.,0,,1,0,0,0,['fear'],english
eng_train_track_a_01969,i close my eyes determined to find light every ray that shines through is blotted with the darkest of dark i hear a constant drumming.,0,,1,0,1,0,['fear' 'sadness'],english
eng_train_track_a_01970,"""we need to talk"".",1,,1,0,1,1,['anger' 'fear' 'sadness' 'surprise'],english
eng_train_track_a_01971,i was very scared.,0,,1,0,0,0,['fear'],english
eng_train_track_a_01972,"nope, and they wouldn't let me leave the dog without paying.",1,,1,0,0,1,['anger' 'fear' 'surprise'],english
eng_train_track_a_01973,which means i have a ton of extra time on my hands.,0,,0,1,0,0,['joy'],english
eng_train_track_a_01974,"i can't sing it in my head because i don't know the japanese lyrics well enough, so it's a little frustrating.",1,,1,0,0,0,['anger' 'fear'],english
eng_train_track_a_01975,"i was doing well emotionally last night and was feeling okay about not having baby in my arms yet, but this morning has been a lot harder.",0,,0,0,1,0,['sadness'],english
eng_train_track_a_01976,"i whimpered, and my heels started pounding against the hardwood floor.",0,,1,0,0,0,['fear'],english
eng_train_track_a_01977,"not a completely awful birthday, but my worst.",0,,0,1,1,0,['joy' 'sadness'],english
eng_train_track_a_01978,my heart is heavy for the haitian government.,0,,0,0,1,0,['sadness'],english
eng_train_track_a_01979,"i woke up this morning with my arms, back and sides in that lovely workout pain that soothes me so.",0,,0,1,0,0,['joy'],english
eng_train_track_a_01980,i bawled my eyes out when wait.,0,,0,0,1,0,['sadness'],english
eng_train_track_a_01981,"she found her dad and gave him a rock she had found out side, just a plain old rock.",0,,0,1,0,0,['joy'],english
eng_train_track_a_01982,"navy, air traffic controller.",0,,0,0,0,0,[],english
eng_train_track_a_01983,"i should interject here, that i prayed on my knees at the alter for a diagnosis at the church of the nazarene-one week before this happened... and then three days ago, my doctor sat me down and showed me my lab tests and gave me the pheochromocytoma word, and the two specialist referrals, looked at me and said `` i'm going to get you your life back.",0,,1,1,1,0,['fear' 'joy' 'sadness'],english
eng_train_track_a_01984,"i ran my hand through my hair, trying to clear my head.",0,,1,0,0,0,['fear'],english
eng_train_track_a_01985,and you'll have just married psycho ex.,1,,1,0,0,0,['anger' 'fear'],english
eng_train_track_a_01986,"he kept talking, but i couldn't hear anything but my heart exploding inside my chest, the grand finale.",0,,1,0,0,0,['fear'],english
eng_train_track_a_01987,3rd i really don't know... any of the main characters really..,0,,1,0,0,0,['fear'],english
eng_train_track_a_01988,i covered my face with my hands.,0,,1,0,1,0,['fear' 'sadness'],english
eng_train_track_a_01989,"probably just going to be buried, but at least i can tell this story somewhere.",0,,0,0,1,0,['sadness'],english
eng_train_track_a_01990,i put a hand to my brow furrowed with worry and closed my eyes.,0,,1,0,1,0,['fear' 'sadness'],english
eng_train_track_a_01991,"and the stains, across my heart.",0,,1,0,1,0,['fear' 'sadness'],english
eng_train_track_a_01992,i have so much stuff in my head right now.,0,,1,0,1,0,['fear' 'sadness'],english
eng_train_track_a_01993,i got there about 7:00 a.m. and started losing up my legs and doing some yoga.,0,,0,1,0,0,['joy'],english
eng_train_track_a_01994,"now, mental illness runs in my family, from fairly ""common"" stuff like depression and anxiety (which i have) to dissociative identity disorder, borderline personality disorder, and schizophrenia.",0,,1,0,1,1,['fear' 'sadness' 'surprise'],english
eng_train_track_a_01995,my legs are feeling the effects right now.,0,,0,0,1,0,['sadness'],english
eng_train_track_a_01996,"&gt; needless to say, i never asked to be haunted again.",1,,1,0,0,1,['anger' 'fear' 'surprise'],english
eng_train_track_a_01997,my throat goes dry and my cough sounds not even human at some points.,0,,1,0,0,0,['fear'],english
eng_train_track_a_01998,this bracelet just falls to the ground.,0,,1,0,0,1,['fear' 'surprise'],english
eng_train_track_a_01999,"either way, awesome night.",0,,0,1,0,0,['joy'],english
eng_train_track_a_02000,"i yawned, blinking my eyes rapidly as i muttered, `` sorry, lee. ''",0,,0,0,0,0,[],english
eng_train_track_a_02001,"i seated some where, and just about to open my story book, my eye caught a glimpse of someone standing right do nt even know... walk to library.",0,,1,0,0,1,['fear' 'surprise'],english
eng_train_track_a_02002,"sitting around a few years ago with about 5 friends at my best friends house, i'm watching someone play ps2 and i notice a hand reach out from between the t.v.",0,,1,0,0,1,['fear' 'surprise'],english
eng_train_track_a_02003,7) went to dinner with a woman in an open relationship.,0,,1,1,0,0,['fear' 'joy'],english
eng_train_track_a_02004,i followed the direction it went thinking it was my friend.,0,,1,0,0,1,['fear' 'surprise'],english
eng_train_track_a_02005,"so was yesterday, and i was surprised i was able to wear my coach's without freezing my toes off!",0,,0,1,0,1,['joy' 'surprise'],english
eng_train_track_a_02006,i will never forget hat day.,0,,0,0,1,1,['sadness' 'surprise'],english
eng_train_track_a_02007,"the issue was, when we were smoking it, it felt sharp and acrid and terrible.",1,,1,0,1,1,['anger' 'fear' 'sadness' 'surprise'],english
eng_train_track_a_02008,i saw down the hallway a figure walking slowly toward me.,0,,1,0,0,1,['fear' 'surprise'],english
eng_train_track_a_02009,"so i left the room, went outside and settled once again for going through my mess in my head.",0,,1,0,1,0,['fear' 'sadness'],english
eng_train_track_a_02010,i walked out kamiyacho station with a big question mark in my head.,0,,1,0,0,1,['fear' 'surprise'],english
eng_train_track_a_02011,i had a nightmare.,0,,1,0,1,0,['fear' 'sadness'],english
eng_train_track_a_02012,"circus clown wallpaper, circus clown figurines, paintings of circus clowns, small statues of circus clowns.",0,,1,0,0,1,['fear' 'surprise'],english
eng_train_track_a_02013,"this is why i get up every day, lace up my chucks and keep a smile on my face through all sorts of patron issues.",0,,0,1,0,0,['joy'],english
eng_train_track_a_02014,and that got my head bobbing a little bit.,0,,0,1,0,0,['joy'],english
eng_train_track_a_02015,the shock burned a part of my thumb.,0,,1,0,1,1,['fear' 'sadness' 'surprise'],english
eng_train_track_a_02016,never trust a fart.,0,,1,1,0,0,['fear' 'joy'],english
eng_train_track_a_02017,(it was pretty bad).,0,,1,0,1,0,['fear' 'sadness'],english
eng_train_track_a_02018,the voice echoed in my ears again.,0,,1,0,0,0,['fear'],english
eng_train_track_a_02019,"still starved for human interaction, i say okay.",0,,1,0,1,0,['fear' 'sadness'],english
eng_train_track_a_02020,"the room really isn't a room, it is as though she is kneeling on the floor but i don't see any walls.",0,,1,0,0,1,['fear' 'surprise'],english
eng_train_track_a_02021,"even with all that, my asthma still keeps getting worse and worse.",0,,1,0,1,0,['fear' 'sadness'],english
eng_train_track_a_02022,"for the first time since i collapsed, i was able to let out how i felt inside and what sounded like shrieking began to come out of my mouth.",0,,1,0,1,0,['fear' 'sadness'],english
eng_train_track_a_02023,"just as the priest asks if there is any objections, a huge booming thunder rolls out, sounding like a cannon in the church.",0,,1,0,0,1,['fear' 'surprise'],english
eng_train_track_a_02024,"my stomach twisted for some reason, instinct telling me that it was lacie he was talking to.",0,,1,0,0,0,['fear'],english
eng_train_track_a_02025,they were both fantastic.,0,,0,1,0,0,['joy'],english
eng_train_track_a_02026,always asking for sex.,1,,1,0,0,0,['anger' 'fear'],english
eng_train_track_a_02027,all of a sudden we were standing on the street corner waiting for the light to change so we could cross.,0,,0,0,0,1,['surprise'],english
eng_train_track_a_02028,"between moving appliances yesterday at work, and this morning where i tensed enough to tweak my back, i'm a bit sore.now paka has been staring at me wide-eyed and giving her whining-style meow.",0,,0,0,1,0,['sadness'],english
eng_train_track_a_02029,"i didn't leave town this weekend, knowing it was going to rain ( thus my volunteer day today w / the homeless ) whilst my shoulder is all jacked up and clicking.i think i pinched at nerve at the gym.",0,,1,0,1,0,['fear' 'sadness'],english
eng_train_track_a_02030,"my hands, my lips, my touch these and are few to what it takes to build something no one can imagine.",0,,0,1,0,0,['joy'],english
eng_train_track_a_02031,at least i have a single room now!,0,,0,1,0,0,['joy'],english
eng_train_track_a_02032,"browsing through that page about wheels, this castle wheel, by h. h. napier / glenfield industries, caught my eye.",0,,0,1,0,0,['joy'],english
eng_train_track_a_02033,my leg so tired 4.,0,,1,0,0,0,['fear'],english
eng_train_track_a_02034,i can never forget it.,0,,1,0,1,0,['fear' 'sadness'],english
eng_train_track_a_02035,jon and i decided to see how long it took for someone to notice the ring on my finger.,0,,0,1,0,1,['joy' 'surprise'],english
eng_train_track_a_02036,with work-adam has really been breathing down my neck about files not being opened fast enough.,1,,1,0,0,0,['anger' 'fear'],english
eng_train_track_a_02037,"as i jogged down the street, i noticed that the snow was blowing straight into my eyes.",0,,1,0,0,1,['fear' 'surprise'],english
eng_train_track_a_02038,i just didn't have it in my legs to keep up with that through the hills and fell back.,0,,1,0,1,0,['fear' 'sadness'],english
eng_train_track_a_02039,"and again, i kinda woke up to another dream.",0,,1,1,0,1,['fear' 'joy' 'surprise'],english
eng_train_track_a_02040,rage.. violence... threats until i leave the house... then she bounces back... goes dancing and has sex with a stranger and tells me about it.,1,,1,0,1,1,['anger' 'fear' 'sadness' 'surprise'],english
eng_train_track_a_02041,never felt so depressed before.,0,,0,0,1,0,['sadness'],english
eng_train_track_a_02042,"i guess i should learn to just not open my mouth, because this morning when i woke up, i was in minnesota!!",0,,0,0,0,1,['surprise'],english
eng_train_track_a_02043,they said they don't remember any man.,0,,1,0,1,1,['fear' 'sadness' 'surprise'],english
eng_train_track_a_02044,"bit of a pain for us awkward-types, but never fear!",0,,1,1,0,0,['fear' 'joy'],english
eng_train_track_a_02045,"but my natural color, on the underside of my forearms for example, is `` dead fishbelly white.",0,,0,0,0,0,[],english
eng_train_track_a_02046,there was that one night while sleeping in that nice riad when i felt a tickle at the back of my neck.,0,,1,0,0,1,['fear' 'surprise'],english
eng_train_track_a_02047,"in january i dropped some dead weight, which relieved my back a little from carrying other peoples problems around too much.",0,,1,1,0,0,['fear' 'joy'],english
eng_train_track_a_02048,we cuddled on the couch whilst watching tv.,0,,0,1,0,0,['joy'],english
eng_train_track_a_02049,"chef is a title like ""supervisor"" or ""manager"".",0,,0,0,0,1,['surprise'],english
eng_train_track_a_02050,nobody on the other end.,0,,1,0,0,1,['fear' 'surprise'],english
eng_train_track_a_02051,"to this day, i can't go to the doctor without maniacally spelling `` vaccinations '' in my head, just to make sure i remember how.",0,,1,0,0,0,['fear'],english
eng_train_track_a_02052,"i dragged my feet home after a tired day in school ( oh man, it's only the first day! )",0,,0,0,1,0,['sadness'],english
eng_train_track_a_02053,they check out the whole house and say it's clear to go back inside.,0,,1,1,0,0,['fear' 'joy'],english
eng_train_track_a_02054,"quite full in my heart actually, for affirming this man, so lovingly, and fearlessly.",0,,0,1,0,0,['joy'],english
eng_train_track_a_02055,please stop stealing our dogs!,1,,1,0,1,0,['anger' 'fear' 'sadness'],english
eng_train_track_a_02056,i felt the afterglow of the late afternoon sun and the cool zephyr on my skin at the same time when i stood outside the main gates of the university just before i saw his car making that turn.,0,,0,1,0,0,['joy'],english
eng_train_track_a_02057,just got back from the dentist a little while ago and i am not a happy camper: ( the novocaine hasn't even worn completely off yet and my jaw is throbbing.,1,,1,0,1,0,['anger' 'fear' 'sadness'],english
eng_train_track_a_02058,key then hit me on the side of my head.,1,,1,0,0,1,['anger' 'fear' 'surprise'],english
eng_train_track_a_02059,"we all went back to the ship, but mats made me go to the local hospital to check out my heart ( that's an order! )",0,,1,0,0,0,['fear'],english
eng_train_track_a_02060,just helping a kid.,0,,0,1,0,0,['joy'],english
eng_train_track_a_02061,she was promptly dumped.,0,,0,0,1,0,['sadness'],english
eng_train_track_a_02062,charlie was so crazy!,0,,0,1,0,1,['joy' 'surprise'],english
eng_train_track_a_02063,"**elderly man**: well, there's a lot of them colored folks working there, and i just didn't feel safe leaving it with them.",1,,1,0,1,0,['anger' 'fear' 'sadness'],english
eng_train_track_a_02064,"the air is so clear it stings my lungs, which have for months been choked by dust and diesel from the streets of kabul.",0,,1,0,0,0,['fear'],english
eng_train_track_a_02065,my brain's dead weight i'm tryin to get my head straight but i can't figure out which cheerleader i wan na impregnate.,0,,1,0,1,0,['fear' 'sadness'],english
eng_train_track_a_02066,"i get cramps and aches in my shoulders when i'm even minutely out of position, just imagine what it's going to be like with a completely different seating system, not to mention an entirely new drive mechanism.",0,,1,0,0,0,['fear'],english
eng_train_track_a_02067,i'll explain myself...,0,,1,0,0,0,['fear'],english
eng_train_track_a_02068,#name?,0,,0,0,0,1,['surprise'],english
eng_train_track_a_02069,i slowed down when i came to a fairly well known speed trap in my town.,0,,1,0,0,0,['fear'],english
eng_train_track_a_02070,"right now i am doing the pain killers, and quad exercises, with the proviso that we keep a close eye on the damage already done to my knee.",0,,1,0,0,0,['fear'],english
eng_train_track_a_02071,my back started aching.,0,,1,0,0,0,['fear'],english
eng_train_track_a_02072,my heart sank.,0,,0,0,1,0,['sadness'],english
eng_train_track_a_02073,**i have an amazing i-called-that sports story that defies explanation.,0,,0,1,0,1,['joy' 'surprise'],english
eng_train_track_a_02074,i roomed on my own for the rest of the term.,0,,0,0,1,0,['sadness'],english
eng_train_track_a_02075,it frames my face and makes me look rather clownish.,0,,0,0,1,0,['sadness'],english
eng_train_track_a_02076,it's pretty crazy thinking of the random chance of us never meeting.,0,,0,1,0,1,['joy' 'surprise'],english
eng_train_track_a_02077,a week later he had a girlfriend.,0,,0,1,1,1,['joy' 'sadness' 'surprise'],english
eng_train_track_a_02078,i told myself i can't buy anything yet my hand just cant stop me for buying.,0,,1,0,0,0,['fear'],english
eng_train_track_a_02079,then buy a farm.,0,,0,1,0,0,['joy'],english
eng_train_track_a_02080,"i would be about 10 maybe, anyway i was out with my mom , dad and sister.",0,,0,1,0,0,['joy'],english
eng_train_track_a_02081,"in my head i just said, ""this is going to end badly.",0,,1,0,1,0,['fear' 'sadness'],english
eng_train_track_a_02082,hence the goofy grin on my face.,0,,0,1,0,0,['joy'],english
eng_train_track_a_02083,"satan said to him, ""god will do everything in his power to destroy you.",1,,1,0,1,1,['anger' 'fear' 'sadness' 'surprise'],english
eng_train_track_a_02084,"alas, i still can't go swimming because my hands can't be wet for a while without being stupid but i can wade?",0,,0,1,1,0,['joy' 'sadness'],english
eng_train_track_a_02085,i have a ton of stitches in my mouth.,0,,1,0,1,0,['fear' 'sadness'],english
eng_train_track_a_02086,in a car crash.,0,,1,0,1,1,['fear' 'sadness' 'surprise'],english
eng_train_track_a_02087,"i have incredibly pale skin, poor circulation in my lips, and blonde eyebrows and eyelashes.",0,,0,0,0,0,[],english
eng_train_track_a_02088,a journey into my world ( or at least into my brain. ),0,,0,0,0,1,['surprise'],english
eng_train_track_a_02089,i've been having kind of a really rough week and i'm so glad that some of my pals have my back.,0,,0,1,1,0,['joy' 'sadness'],english
eng_train_track_a_02090,"anyway, a dream glitch?",0,,1,0,0,1,['fear' 'surprise'],english
eng_train_track_a_02091,"i got my first raspberry from a crowd surfer falling and my face hitting the monitor, battle wounds.",0,,1,0,1,1,['fear' 'sadness' 'surprise'],english
eng_train_track_a_02092,none of us did.,0,,0,0,0,0,[],english
eng_train_track_a_02093,ugh so today i found out that some people have been talking shit abou tme behind my back.,1,,1,0,1,1,['anger' 'fear' 'sadness' 'surprise'],english
eng_train_track_a_02094,i think ) into my skin to make the wound bigger then squeezed everything out.,0,,1,0,1,0,['fear' 'sadness'],english
eng_train_track_a_02095,"it's going to suck worse when i'm barefoot in the kitchen in two months and a piece of glass i overlooked is going to unearth itself and stick into the bottom of my foot, like that one time.",0,,1,0,0,0,['fear'],english
eng_train_track_a_02096,over two hours gone.,0,,1,0,1,1,['fear' 'sadness' 'surprise'],english
eng_train_track_a_02097,one time my aunt was sitting on her front porch in her bare feet and she felt a lick.,0,,1,0,0,1,['fear' 'surprise'],english
eng_train_track_a_02098,well one time he actually fell asleep (foot still on gas pedal) and i was actually steering the truck for a few good miles.,0,,1,0,0,1,['fear' 'surprise'],english
eng_train_track_a_02099,"we didn't swing, we just rested and enjoyed the weather.",0,,0,1,0,0,['joy'],english
eng_train_track_a_02100,"i shrugged, my eyes on the tv.",0,,0,0,0,0,[],english
eng_train_track_a_02101,i just realized that i have stitches in my mouth.,0,,1,0,0,0,['fear'],english
eng_train_track_a_02102,"it was so beautiful; i felt tears of joy run down my face... five years after world war ii ended, washi and i are at pearl harbor for a very special day.",0,,0,1,0,0,['joy'],english
eng_train_track_a_02103,"finally facing life responsibilities again, but my head still was on vacation.",0,,1,0,0,0,['fear'],english
eng_train_track_a_02104,"i said, closing my eyes tightly.",0,,1,0,0,0,['fear'],english
eng_train_track_a_02105,started out with me having a migraine and once i got the pain to go away it still was messing with my brain.,0,,1,0,1,0,['fear' 'sadness'],english
eng_train_track_a_02106,then again but harder.,0,,0,0,0,0,[],english
eng_train_track_a_02107,""" and burst out laughing.",0,,0,1,0,1,['joy' 'surprise'],english
eng_train_track_a_02108,"i hit it again, another familiar value came up.",0,,0,1,0,1,['joy' 'surprise'],english
eng_train_track_a_02109,my ex boyfriend has been texting me every single day for a month continuously.,1,,1,0,1,1,['anger' 'fear' 'sadness' 'surprise'],english
eng_train_track_a_02110,"wanted to go more like 13, but my heel was a little sore from last weeks `` heavier '' mileage, so i did the smart thing ( i think ) and cut it short.",0,,1,0,0,0,['fear'],english
eng_train_track_a_02111,and i nodded my head.,0,,0,0,0,0,[],english
eng_train_track_a_02112,"on the second block, it hit me.",0,,1,0,0,1,['fear' 'surprise'],english
eng_train_track_a_02113,the most solid relationship in my whole life started with zelda and mario!,0,,0,1,0,1,['joy' 'surprise'],english
eng_train_track_a_02114,i cannot stay here.,1,,1,0,1,0,['anger' 'fear' 'sadness'],english
eng_train_track_a_02115,"it didn't hurt at the time, but i was getting a headache and my head started feeling really heavy!",0,,1,0,1,0,['fear' 'sadness'],english
eng_train_track_a_02116,"i'm still feeling woozy, it's hard to type because my muscles are not cooperating with me.",0,,1,0,0,0,['fear'],english
eng_train_track_a_02117,"so i walk up to the doctor, shake his hand, then inject him with the killing sauce he just gave to me from my freshly filled needle.",1,,1,0,0,0,['anger' 'fear'],english
eng_train_track_a_02118,so i'm stir my heart for europe travel.,0,,0,1,0,0,['joy'],english
eng_train_track_a_02119,on the way out i banged my head against the gate.,1,,1,0,0,1,['anger' 'fear' 'surprise'],english
eng_train_track_a_02120,my last relationship ended pretty mutually...and i really tried to maintain the friendship.,0,,0,1,1,0,['joy' 'sadness'],english
eng_train_track_a_02121,"i'm that forgotten tear that forgot to fall yet lingers on my cheek brush it away and it's still there lick it up, and feel it burn your throat, stripping it red raw.",0,,1,0,1,0,['fear' 'sadness'],english
eng_train_track_a_02122,all at once we play.,0,,0,1,0,0,['joy'],english
eng_train_track_a_02123,i actually started to look forward to that because of the flying sensation.,0,,0,1,0,0,['joy'],english
eng_train_track_a_02124,"i spent the night in my room, then went to bed.",0,,0,0,0,0,[],english
eng_train_track_a_02125,i sleep facing away from my door.,0,,1,0,0,0,['fear'],english
eng_train_track_a_02126,i'm going to meet your sister.,0,,1,1,0,0,['fear' 'joy'],english
eng_train_track_a_02127,my nose stung and i could see my breath.,0,,1,0,0,0,['fear'],english
eng_train_track_a_02128,he notes that he is disgruntled about the lack of pirate music.,1,,0,0,0,0,['anger'],english
eng_train_track_a_02129,"i tilted my head to the side and smiled, `` i know you are.",0,,0,1,0,0,['joy'],english
eng_train_track_a_02130,"in the past, whenever i've gained weight, it went straight to my hips.",0,,0,0,0,0,[],english
eng_train_track_a_02131,"to be frank, lens and makeup really succeeded at enlarging my eyes in spite of the grotesque focus of my vision.",0,,0,1,0,1,['joy' 'surprise'],english
eng_train_track_a_02132,"i drain the last of my beer and the wrap my arms around my bent legs, resting my chin on one knee.",0,,0,0,1,0,['sadness'],english
eng_train_track_a_02133,"i reluctantly take my head off the death machine and turn around to find none other then jill nevins sitting some 10 yards behind me, enjoying lunch on the other side of the fence.",0,,1,0,0,1,['fear' 'surprise'],english
eng_train_track_a_02134,i had two in a row.,0,,0,0,0,0,[],english
eng_train_track_a_02135,he always assumed he was hallucinating or just going crazy.,0,,1,0,1,0,['fear' 'sadness'],english
eng_train_track_a_02136,red nails for my foot and pink base plus white coat on the tip!i hope the polish stay as long as possible but my nails are one kind.,0,,0,1,0,0,['joy'],english
eng_train_track_a_02137,i just didn't see the reason to sit there with a cookie on my nose.,0,,0,0,0,0,[],english
eng_train_track_a_02138,by the time we landed in paris ( and for the next 3 weeks ) that is the only song i had in my head.,0,,0,0,0,0,[],english
eng_train_track_a_02139,isn't that... oh i don't know... against the bill of rights?,1,,1,0,0,1,['anger' 'fear' 'surprise'],english
eng_train_track_a_02140,""" the other boy clarified, ""sorry about him.",0,,1,0,0,0,['fear'],english
eng_train_track_a_02141,the slight cardio made my lungs burn with pain.,0,,1,0,0,0,['fear'],english
eng_train_track_a_02142,especially when you don't know the circumstance.,0,,1,0,0,1,['fear' 'surprise'],english
eng_train_track_a_02143,my face hurt from laughing so much!,0,,0,1,0,0,['joy'],english
eng_train_track_a_02144,she though she could sneak one out..... ended up dripping poop throughout the department store.,0,,1,1,0,1,['fear' 'joy' 'surprise'],english
eng_train_track_a_02145,put your ray gun to my heeeeeead!,0,,1,0,0,1,['fear' 'surprise'],english
eng_train_track_a_02146,no one was there.,0,,1,0,1,1,['fear' 'sadness' 'surprise'],english
eng_train_track_a_02147,"i was okay, though it was hot when it landed at on my arm.",0,,0,0,0,0,[],english
eng_train_track_a_02148,every boarding school has some odd tradition or skill students must undertake before graduation.,0,,0,0,0,1,['surprise'],english
eng_train_track_a_02149,as i walked through the waiting area i could not believe my eyes at what i saw.,0,,0,0,0,1,['surprise'],english
eng_train_track_a_02150,"as i got close to it, i realized that my handlebars were not going to fit, but it was too late to stop or turn.",0,,1,0,0,1,['fear' 'surprise'],english
eng_train_track_a_02151,i'm in the barn all day 6 days a week doing a job that keeps me on my feet and moving for the entire time i'm there.,0,,1,0,0,0,['fear'],english
eng_train_track_a_02152,"i'm frozen for a few moments, tears welling to my eyes as i try to squash the emotions.",0,,1,0,1,0,['fear' 'sadness'],english
eng_train_track_a_02153,fast forward a year to beginning of hs this year .,0,,0,0,0,1,['surprise'],english
eng_train_track_a_02154,"jeff got in the tub with me at some point and was also rubbing my back and such, as most of my labor was in my lower back.",0,,1,0,1,0,['fear' 'sadness'],english
eng_train_track_a_02155,but regardless of that... i know something is wrong in my head.,0,,1,0,1,0,['fear' 'sadness'],english
eng_train_track_a_02156,i tried to keep my hands washed and be very careful around the kids.,0,,1,0,0,0,['fear'],english
eng_train_track_a_02157,"still had sex with her, though.",0,,0,1,0,0,['joy'],english
eng_train_track_a_02158,i make it a habit of sitting with my back facing a wall so i could see everything and everyone.,0,,1,0,0,0,['fear'],english
eng_train_track_a_02159,i was at a large rock festival.,0,,0,1,0,0,['joy'],english
eng_train_track_a_02160,it was through a dream that she learned that his last living thoughts were of her.,0,,0,1,1,1,['joy' 'sadness' 'surprise'],english
eng_train_track_a_02161,"after entering the park, i started running ( slowly ) again and managed to run ( slowly ) across the finish where a very young ( and very cute ) teenage boy put a medal around my neck.",0,,0,1,0,0,['joy'],english
eng_train_track_a_02162,"finding them, i whipped one out and put it in my ear, swabbing.",0,,0,0,0,0,[],english
eng_train_track_a_02163,"still, i weathered those personal storms, and now i'm feeling such a brilliant, warm upsurge of energy that it brings tears to my eyes.",0,,0,1,0,0,['joy'],english
eng_train_track_a_02164,probably shaved 30 minutes or more of stop and go traffic.,0,,0,1,0,0,['joy'],english
eng_train_track_a_02165,"i reach down and run my fingers all over the slippery little roundness, feel it lean away and there is no shoulder dystocia, the neck is free and no cord.",0,,1,0,0,0,['fear'],english
eng_train_track_a_02166,"i wake from my coma, sleep crusting my eyes.",0,,1,0,0,0,['fear'],english
eng_train_track_a_02167,one day i was searching through my drawers in my room and i found a cassette tape of babar the elephant.,0,,0,1,0,1,['joy' 'surprise'],english
eng_train_track_a_02168,when i walked into recovery my heart was pounding.,0,,1,0,0,0,['fear'],english
eng_train_track_a_02169,it smells divine-citrus and sandalwood-and helps me fool myself into thinking that my hands aren't aging badly.,0,,0,1,1,0,['joy' 'sadness'],english
eng_train_track_a_02170,if the noise hurt *your* ears then it must have really hurt theirs.,0,,1,0,0,0,['fear'],english
eng_train_track_a_02171,i rolled my eyes.,1,,0,0,0,0,['anger'],english
eng_train_track_a_02172,""" i'm terrified that they're going to kill her, beat her, rape her, all of the above.",0,,1,0,1,0,['fear' 'sadness'],english
eng_train_track_a_02173,"instead of feeling a smooth, round surface, my tongue encountered a rough, jagged hollow.",0,,1,0,1,0,['fear' 'sadness'],english
eng_train_track_a_02174,"she began to cry, heaving sobs.",0,,1,0,1,0,['fear' 'sadness'],english
eng_train_track_a_02175,"the starfish lay by my feet, its back turned to me.",0,,0,0,0,0,[],english
eng_train_track_a_02176,"needless to say i'm having plans to do a master in it security, he?",0,,0,1,0,0,['joy'],english
eng_train_track_a_02177,he's telling a little kid a joke.,0,,0,1,0,0,['joy'],english
eng_train_track_a_02178,intestines were dangling from my neck and stomach acid was burning my eyes.,1,,1,0,1,0,['anger' 'fear' 'sadness'],english
eng_train_track_a_02179,deer getting hit by snow plows (very messy).,0,,1,0,1,1,['fear' 'sadness' 'surprise'],english
eng_train_track_a_02180,it wasn't on my shoe anymore.,0,,0,1,0,1,['joy' 'surprise'],english
eng_train_track_a_02181,"as i was looking at it, a terrifying dog that shows up pretty regularly in my nightmares started barked and throwing itself at the door all cujo-like.",0,,1,0,0,1,['fear' 'surprise'],english
eng_train_track_a_02182,"so mostly, i just kept on my feet and did a lot of walking.",0,,0,0,0,0,[],english
eng_train_track_a_02183,"they dragged him away and he looked very disheartened, defeated...tears streaming down his face.",0,,1,0,1,0,['fear' 'sadness'],english
eng_train_track_a_02184,it freaked my uncle right the hell out.,0,,1,0,0,1,['fear' 'surprise'],english
eng_train_track_a_02185,"it's pretty bright.well, when i awoke i saw that the glow had gone, however when i moved my ankle it totally killed.",0,,1,0,1,0,['fear' 'sadness'],english
eng_train_track_a_02186,"after the humiliation and my husband laughing uncontrollably at me, my nails remained perfectly intact.",1,,0,0,1,0,['anger' 'sadness'],english
eng_train_track_a_02187,i was so wrapping up in the boy in my arms.,0,,0,1,0,0,['joy'],english
eng_train_track_a_02188,i almost envy them; being an actual teenager in this era means that i have a world-weary ennui on my shoulders.,0,,0,0,1,0,['sadness'],english
eng_train_track_a_02189,i remained standing with a blank expression on my face.,0,,0,0,1,0,['sadness'],english
eng_train_track_a_02190,completely lost my mind.,1,,1,0,1,1,['anger' 'fear' 'sadness' 'surprise'],english
eng_train_track_a_02191,last year my school bus got hit while at a stop.,0,,1,0,1,1,['fear' 'sadness' 'surprise'],english
eng_train_track_a_02192,again i have a problem with the muscles in the back of my head behind my right ear.,0,,1,0,1,0,['fear' 'sadness'],english
eng_train_track_a_02193,i know this pain.,0,,1,0,1,0,['fear' 'sadness'],english
eng_train_track_a_02194,it just felt wrong.,1,,1,0,1,0,['anger' 'fear' 'sadness'],english
eng_train_track_a_02195,"anyway, so i read the cave thing and went to bed pretty creeped out.",0,,1,0,0,1,['fear' 'surprise'],english
eng_train_track_a_02196,"i have a twin, apparently.",0,,1,1,0,1,['fear' 'joy' 'surprise'],english
eng_train_track_a_02197,maybe a bit younger.,0,,0,0,0,1,['surprise'],english
eng_train_track_a_02198,he then reached across with one of his front paws and put it around my arm.,0,,0,0,0,0,[],english
eng_train_track_a_02199,"however untrue i know this is intellectually -- for i still have family in indiana, aunts, uncles, cousins, and my grandfather lucas, who is still alive and kickin ' -- i still can not ignore this damned shade that keeps popping up over my shoulder and whisper's my worst fear: `` alone. ''",0,,1,0,1,0,['fear' 'sadness'],english
eng_train_track_a_02200,or the darkness in my eyes.,0,,1,0,1,0,['fear' 'sadness'],english
eng_train_track_a_02201,we were all treated and ended up fine.,0,,0,1,0,0,['joy'],english
eng_train_track_a_02202,now i'm stuck with a class d felony for distribution of marijuana... fucking sucks man..,1,,1,0,1,0,['anger' 'fear' 'sadness'],english
eng_train_track_a_02203,"one day in high school, my mom corners me in my room holding up this small white thing.",0,,1,0,0,1,['fear' 'surprise'],english
eng_train_track_a_02204,he txt'd me last week to ask about my knee out of nowhere-wtf.,1,,0,0,0,1,['anger' 'surprise'],english
eng_train_track_a_02205,i though nothing of it until i turned out the lights.,0,,1,0,0,1,['fear' 'surprise'],english
eng_train_track_a_02206,"there was the shock of all my teeth on the bottom being pushed so out of whack i needed oral surgery and oh year, my jaw was broken.",1,,1,0,1,1,['anger' 'fear' 'sadness' 'surprise'],english
eng_train_track_a_02207,"tall, pale, skinny, great body.",0,,0,1,0,0,['joy'],english
eng_train_track_a_02208,"i picked my head up, and the light coming through my window was far too bright, but i could still make out where my phone was.",0,,1,0,0,0,['fear'],english
eng_train_track_a_02209,"they arrest him on gun charges,rape, possession of child pornography,drinking underage(bal was 0.34) as well as exploitation of a minor.",1,,1,0,1,1,['anger' 'fear' 'sadness' 'surprise'],english
eng_train_track_a_02210,we got stuck on pandemonium lol it was so funny.i hurt my foot somehow lol figures now that i have no insuarance and i'm waiting to hear back from mass health.,1,,1,1,1,0,['anger' 'fear' 'joy' 'sadness'],english
eng_train_track_a_02211,it was super cool and the girl who i offered it to was super sweet (and actually sent me some tea and a lipstick in return).,0,,0,1,0,1,['joy' 'surprise'],english
eng_train_track_a_02212,it was a tempting trap and my greed forced me to fall for it and i burnt my hands there.,1,,1,0,0,0,['anger' 'fear'],english
eng_train_track_a_02213,my mother gets bothered just telling the story.,0,,0,0,1,0,['sadness'],english
eng_train_track_a_02214,"pretty eerie, but awesome",0,,1,1,0,1,['fear' 'joy' 'surprise'],english
eng_train_track_a_02215,"i like how sometimes, my skin makes is so easy for me to be invisible.",0,,0,1,0,0,['joy'],english
eng_train_track_a_02216,but it's okay because i was confident.,0,,0,1,0,0,['joy'],english
eng_train_track_a_02217,it was still very dark and very much night time.,0,,1,0,0,0,['fear'],english
eng_train_track_a_02218,"why people remember what they remember, why they forget what they forget for now just introduce her to familiar situations gently. shankar said in a hard, warning tone, before adding in sympathy, and hope for the best. logan sighed, rubbing his temples in sudden exhaustion, despite the fact it was only just now creeping up on midnight.",0,,1,0,1,0,['fear' 'sadness'],english
eng_train_track_a_02219,i can go pee here but that's all and then no water to wash my hands.,0,,1,0,0,0,['fear'],english
eng_train_track_a_02220,"one day, one of the nazi soldiers went missing.",0,,1,0,1,1,['fear' 'sadness' 'surprise'],english
eng_train_track_a_02221,he told her not to disturb him.,1,,0,0,0,0,['anger'],english
eng_train_track_a_02222,my jaw dropped and apparently the look of horror on my face was priceless.,0,,1,0,0,1,['fear' 'surprise'],english
eng_train_track_a_02223,it reminds me of the pain i always felt with the pain in my back.,0,,1,0,1,0,['fear' 'sadness'],english
eng_train_track_a_02224,`` i felt my eyelids swelling shut and the crack in my collarbone started to throb.,0,,1,0,1,0,['fear' 'sadness'],english
eng_train_track_a_02225,i slid my hand into my pocket and took out my knife.,0,,1,0,0,0,['fear'],english
eng_train_track_a_02226,i see the cycles.,0,,0,0,0,1,['surprise'],english
eng_train_track_a_02227,"i don't know what it is about my mouth, but it holds onto colour for ages.",0,,0,1,0,0,['joy'],english
eng_train_track_a_02228,"a bit of a mental image, here.",0,,0,0,0,1,['surprise'],english
eng_train_track_a_02229,a friend of mine is a policeman.,0,,0,1,0,0,['joy'],english
eng_train_track_a_02230,my stomach must be returning to normal size after months of unnecessary stretching.,0,,0,0,0,0,[],english
eng_train_track_a_02231,*(warning: may contain baseball)*,0,,0,0,0,1,['surprise'],english
eng_train_track_a_02232,"wow, did my head start to hurt!",0,,1,0,0,0,['fear'],english
eng_train_track_a_02233,nothing but fine grey and tan sand as far as my eyes could see.,0,,0,0,1,0,['sadness'],english
eng_train_track_a_02234,"me nude on facebook, already two comments.",0,,1,0,0,1,['fear' 'surprise'],english
eng_train_track_a_02235,"he was about 5% blockage away from the widow maker, and also suffered a minor stroke.",0,,1,0,1,1,['fear' 'sadness' 'surprise'],english
eng_train_track_a_02236,i somehow managed to snap back on a shot and cut my finger pretty bad.,0,,1,0,1,0,['fear' 'sadness'],english
eng_train_track_a_02237,"(oddly, enough, his school is just 30 minutes away from mine.",0,,0,0,0,1,['surprise'],english
eng_train_track_a_02238,"rolling fire and earth fill my vision, the hairs on my arm stand up and then burn, my skin blisters, and still i watch as doom comes my way, the end of all, and suddenly calm.",0,,1,0,1,1,['fear' 'sadness' 'surprise'],english
eng_train_track_a_02239,"the two weeks in that box, though i was bored out of my skull, were easy as far as my magic was concerned.",0,,0,0,1,0,['sadness'],english
eng_train_track_a_02240,"it was his (very crappy, white trash) dream car.",1,,0,0,0,0,['anger'],english
eng_train_track_a_02241,we grew pretty close.,0,,0,1,0,0,['joy'],english
eng_train_track_a_02242,put a smile to my face haha.,0,,0,1,0,0,['joy'],english
eng_train_track_a_02243,then again my eyes start to burn just like the other day and the days before.,0,,1,0,1,0,['fear' 'sadness'],english
eng_train_track_a_02244,"i was mad and when i put my hands together, fire appeared and i threw it.",1,,0,0,0,0,['anger'],english
eng_train_track_a_02245,"i thought i was clear until i felt a hand grab my shoulder, i turned in shock to see an off duty roman who had been passing, i knew he was a roman from the ring which every roman wore, his citizen's ring as they called it.",0,,1,0,0,1,['fear' 'surprise'],english
eng_train_track_a_02246,my heart leaped and i held out my palm.,0,,0,1,0,1,['joy' 'surprise'],english
eng_train_track_a_02247,"the next day i turned it back on and all was fine, and when i checked the sample music and my own, there was nothing that sounded even remotely similar.",0,,0,1,0,1,['joy' 'surprise'],english
eng_train_track_a_02248,listen as she tells you she doesn't want to date you.,1,,1,0,1,1,['anger' 'fear' 'sadness' 'surprise'],english
eng_train_track_a_02249,"he had a pilot's license, he had all the gear, everything.",0,,0,1,0,1,['joy' 'surprise'],english
eng_train_track_a_02250,and that's why i never yell.,1,,0,0,0,0,['anger'],english
eng_train_track_a_02251,"you see, i was still on my journey to healing a bit of a `` broken heart '' so practically my heart was not in a bad shape then.",0,,0,0,1,0,['sadness'],english
eng_train_track_a_02252,"a flaming ball of fire shoots up my leg to my hip, back down and out my toes, and i involuntarily kick her!",1,,1,0,0,1,['anger' 'fear' 'surprise'],english
eng_train_track_a_02253,"just the thought of having to get up and speak in front of 30 people makes my heart want to pound out of my chest, but i have to get over my shyness.",0,,1,0,0,0,['fear'],english
eng_train_track_a_02254,"i got a thousand dollars from my grandfather that he invested in me when i was born to get my feet on the ground and already, in one day, it is almost gone.",0,,0,0,1,0,['sadness'],english
eng_train_track_a_02255,i could have wept with relief and gratitude.,0,,0,1,0,0,['joy'],english
eng_train_track_a_02256,and it was awful.,0,,1,0,1,0,['fear' 'sadness'],english
eng_train_track_a_02257,when we get out the shape is gone.,0,,1,0,0,1,['fear' 'surprise'],english
eng_train_track_a_02258,"i went so crazy, that i trashed my wrists and bled to the point of fainting.",1,,1,0,1,0,['anger' 'fear' 'sadness'],english
eng_train_track_a_02259,"this week, i've found myself on my knees, crying for no reason.",0,,0,0,1,0,['sadness'],english
eng_train_track_a_02260,my heart pounded as i held my breath when he pulled me into his arms and-- slammed his mouth into mine.,0,,1,0,0,1,['fear' 'surprise'],english
eng_train_track_a_02261,i run the rough side of my hand down my stomach the way that you did.,0,,0,1,0,0,['joy'],english
eng_train_track_a_02262,in keeping it simple and short.,0,,0,0,0,0,[],english
eng_train_track_a_02263,"most mornings, i was hardly able to move my neck at all until after i'd spent a good 15 minutes letting really hot water pound down on it in the shower.",0,,1,0,0,0,['fear'],english
eng_train_track_a_02264,"i had to listen closely, to close my eyes, to feel it filling my head.",0,,1,0,0,0,['fear'],english
eng_train_track_a_02265,we were too in shock to scream.,0,,1,0,0,1,['fear' 'surprise'],english
eng_train_track_a_02266,my bedroom was next to the kitchen.,0,,0,0,0,0,[],english
eng_train_track_a_02267,"black permanent marker covered the face of the music player, words and phrases like '' '' were sloppily written in my hand writing.",0,,0,0,0,0,[],english
eng_train_track_a_02268,my leg is painful...... this time i got bought a lot of new cloths... my bro also... shoe is like normal one.,0,,1,0,1,0,['fear' 'sadness'],english
eng_train_track_a_02269,"tears started to stroll down my cheeks, as i threw my face into my hands.",0,,1,0,1,0,['fear' 'sadness'],english
eng_train_track_a_02270,"the few movies that i have watched since then, i cried my eyes out.",0,,0,0,1,0,['sadness'],english
eng_train_track_a_02271,"throwing my legs out 45 degrees, i smiled and said `` wheeeeee ''.",0,,0,1,0,0,['joy'],english
eng_train_track_a_02272,three kids died that day.,0,,1,0,1,0,['fear' 'sadness'],english
eng_train_track_a_02273,"so i sit across from this guy and this girl, i say hi to the girl and i turn to the guy and we just stare at each other for at least 30 seconds to a minute.",0,,1,0,0,1,['fear' 'surprise'],english
eng_train_track_a_02274,i changed and manage to get out of my iced over neighborhood to get there... i stand in the back putting food on trays and cursing under my breath every time i move my foot.,1,,1,0,0,0,['anger' 'fear'],english
eng_train_track_a_02275,they've just closed.,1,,0,0,1,1,['anger' 'sadness' 'surprise'],english
eng_train_track_a_02276,"well, there was plenty of room... anyhoo, so there was only one pillow and i moved my head but misjudged and ended up on his shoulder instead.",0,,0,0,0,1,['surprise'],english
eng_train_track_a_02277,"a scar started to appear on my left palm, low, opposite my thumb.",0,,1,0,0,0,['fear'],english
eng_train_track_a_02278,but bigger and about six foot of the floor.,0,,1,0,0,1,['fear' 'surprise'],english
eng_train_track_a_02279,i think my calf super muscular le.,0,,0,1,0,0,['joy'],english
eng_train_track_a_02280,there's nothing but dead air.,0,,1,0,1,0,['fear' 'sadness'],english
eng_train_track_a_02281,**the rational part of my brain:** i will not click this.,0,,1,0,0,0,['fear'],english
eng_train_track_a_02282,she is awesome and totally not bride-zilla-y at all.,0,,0,1,0,1,['joy' 'surprise'],english
eng_train_track_a_02283,"i put something on it for flavor, and put the whole thing in my mouth.",0,,0,1,0,0,['joy'],english
eng_train_track_a_02284,the one attribute that stuck out most?,0,,0,0,0,1,['surprise'],english
eng_train_track_a_02285,a bee got into my pants and crawled all the way up my leg.,0,,1,0,0,1,['fear' 'surprise'],english
eng_train_track_a_02286,"only reason i looked is because some user said ""dreads are cool"".",0,,0,1,0,1,['joy' 'surprise'],english
eng_train_track_a_02287,"i imagine myself now, lying on the bed with that skipping rope tied around my neck.",0,,1,0,1,0,['fear' 'sadness'],english
eng_train_track_a_02288,"i don't know how, but as soon as we started, i got 3 numbers in a row completely correct.",0,,0,1,0,1,['joy' 'surprise'],english
eng_train_track_a_02289,the monstrosity is gone.,0,,0,1,0,0,['joy'],english
eng_train_track_a_02290,i have never been so scared.,0,,1,0,0,0,['fear'],english
eng_train_track_a_02291,"back in the 70s, my mom found a bag in my room.",0,,1,0,0,1,['fear' 'surprise'],english
eng_train_track_a_02292,"i have major headache, just want to sleep all day, and the worst part when i look in the mirror my lips is swollen to like two times the size.",0,,1,0,1,0,['fear' 'sadness'],english
eng_train_track_a_02293,i went straight home and had a shower.,0,,0,0,0,0,[],english
eng_train_track_a_02294,i had to wear sunglasses to keep the snow out of my eyes-fortunately the brown lenses were ok for the low light.,0,,0,1,0,0,['joy'],english
eng_train_track_a_02295,"but man my stomach is in so much pain, it's hurts to poo.",0,,1,0,1,0,['fear' 'sadness'],english
eng_train_track_a_02296,again i was conflicted in my mind because a few days ago he had held my hand and looked at my thumb and i felt nothing---not even one stray tingle.,0,,0,0,1,0,['sadness'],english
eng_train_track_a_02297,"""yeah, but did you just find that?",0,,1,0,0,1,['fear' 'surprise'],english
eng_train_track_a_02298,was he the rapist?,0,,1,0,1,1,['fear' 'sadness' 'surprise'],english
eng_train_track_a_02299,i turned my head to oncoming headlights.,0,,1,0,0,0,['fear'],english
eng_train_track_a_02300,"my eye liner was smudged, my cheeks redder than normal.",0,,0,0,0,0,[],english
eng_train_track_a_02301,that is one thing i love about my company.,0,,0,1,0,0,['joy'],english
eng_train_track_a_02302,"( i breathed in and got cake stuck up my nose, plus i couldn't see with the frosting smudging my glasses.",0,,0,0,0,1,['surprise'],english
eng_train_track_a_02303,"a old, gray lady.",0,,0,0,1,0,['sadness'],english
eng_train_track_a_02304,"needless to say, it was very hard not to cry due to disappointment.",0,,0,0,1,0,['sadness'],english
eng_train_track_a_02305,my head pounded and my lips were chalky; that was a good sign.,0,,1,0,0,0,['fear'],english
eng_train_track_a_02306,"her hair was greasy, stringy, and falling out.",0,,1,0,1,0,['fear' 'sadness'],english
eng_train_track_a_02307,( very rare ) it was so cold that i can't even place my feet on the floor... weather in the morning when it was raining... the sky was so dark... this photo was exclusively taken by my new w910i which is 2days old.,0,,1,0,1,0,['fear' 'sadness'],english
eng_train_track_a_02308,like there was an invisible wall.,0,,1,0,0,1,['fear' 'surprise'],english
eng_train_track_a_02309,"i never felt very ""spiritual"".",0,,0,0,1,0,['sadness'],english
eng_train_track_a_02310,the storm gets worse.,0,,1,0,0,0,['fear'],english
eng_train_track_a_02311,"it was super foggy, i swear i started to feel droplets on my shoulders from the fog as i was waiting to cross the street.",0,,0,0,0,0,[],english
eng_train_track_a_02312,one jumped on my leg and bit me.,1,,1,0,0,1,['anger' 'fear' 'surprise'],english
eng_train_track_a_02313,this guy is drunk.,0,,1,0,0,0,['fear'],english
eng_train_track_a_02314,but i held off a group of runners that were breathing down my neck for the rest of the race and finished third overall.,0,,0,1,0,0,['joy'],english
eng_train_track_a_02315,this drew a lot of startled stares and gasps as i calmly threw the shirt down on the floor at my feet and reached into the overnight bag and pulled out a small pair of tweezers.,0,,0,0,0,1,['surprise'],english
eng_train_track_a_02316,"my head whipped around, and there it was.",0,,1,0,0,1,['fear' 'surprise'],english
eng_train_track_a_02317,"you know, in case he fucking died.",1,,1,0,0,1,['anger' 'fear' 'surprise'],english
eng_train_track_a_02318,so the police looked for footprints first.,0,,1,0,0,0,['fear'],english
eng_train_track_a_02319,crying my heart out loud because the guy i was pinning for had fallen for another girl.,0,,0,0,1,0,['sadness'],english
eng_train_track_a_02320,everyone watched me dance on the stage but for some reason they couldn't see past the scars from my arms to my stomach to my legs i didn't realize that everyone knew what i was doing.,0,,1,0,1,0,['fear' 'sadness'],english
eng_train_track_a_02321,i did this before brushing my teeth for bed.,0,,0,0,0,0,[],english
eng_train_track_a_02322,"next thing they know, the light is gone.",0,,1,0,1,1,['fear' 'sadness' 'surprise'],english
eng_train_track_a_02323,"wow, i'm really glad someone put this thread up.",0,,0,1,0,1,['joy' 'surprise'],english
eng_train_track_a_02324,"i messed up my shoulder pretty well, and damn near broke several fingers.",1,,1,0,1,0,['anger' 'fear' 'sadness'],english
eng_train_track_a_02325,"during the difficult times, i've often had a mental image in my head.",0,,1,0,1,0,['fear' 'sadness'],english
eng_train_track_a_02326,i just had my super shiok shower at my awesome home and then i use my towel to wipe my face.,0,,0,1,0,0,['joy'],english
eng_train_track_a_02327,"' to be honest i don't know why i set out into the dark, yesterday's letter clutched in my palm.",0,,1,0,0,0,['fear'],english
eng_train_track_a_02328,i again told myself to wake up.,0,,1,0,1,0,['fear' 'sadness'],english
eng_train_track_a_02329,not necessarily god-like.,0,,0,0,0,1,['surprise'],english
eng_train_track_a_02330,clearly we made a good crime-fighting team.,0,,0,1,0,0,['joy'],english
eng_train_track_a_02331,but he intrigued me.,0,,0,1,0,1,['joy' 'surprise'],english
eng_train_track_a_02332,"`` jinki, you were the one fiddling with my hand back at the broadcast.",0,,0,0,0,0,[],english
eng_train_track_a_02333,"his teeth were very, very white.",0,,0,0,0,1,['surprise'],english
eng_train_track_a_02334,"anyhow, there was this other kid there.",0,,0,0,0,1,['surprise'],english
eng_train_track_a_02335,both only suffered minor injury and both were quite intoxicated.,0,,1,0,1,0,['fear' 'sadness'],english
eng_train_track_a_02336,"i put on way more neosporin than i could possibly need, and then about five bandaids layered over it, because it's at the outside of the first joint of my thumb.",0,,1,0,0,0,['fear'],english
eng_train_track_a_02337,i do nt know man this shits rattling my brain.,0,,1,0,0,0,['fear'],english
eng_train_track_a_02338,my index fingernail is positively burnt off on the top and my finger is singeing from pain and it's all because i wanted to use a candle to light another candle why oh why am i so brainless?,1,,1,0,1,0,['anger' 'fear' 'sadness'],english
eng_train_track_a_02339,i never saw the other kid for the rest of the time there.,0,,0,0,1,0,['sadness'],english
eng_train_track_a_02340,i instantly felt as light as a feather,0,,0,1,0,0,['joy'],english
eng_train_track_a_02341,as i'm sitting in my car calling my mom my heart started pounding.,0,,1,0,0,0,['fear'],english
eng_train_track_a_02342,"my throat is tight, my nose is numb.",0,,1,0,1,0,['fear' 'sadness'],english
eng_train_track_a_02343,just fresh powder underneath a pine grove.,0,,0,1,0,0,['joy'],english
eng_train_track_a_02344,if anything it has inspired my creativity.,0,,0,1,0,0,['joy'],english
eng_train_track_a_02345,poor little guy was completely *covered* in fleas.,0,,1,0,1,0,['fear' 'sadness'],english
eng_train_track_a_02346,"i ( so far today ) have dislocated my shoulder, burned myself on hot oil, had a migraine, had a sinus headache, dislocated my wrist, and fell down ten stairs made of wood.",0,,1,0,1,0,['fear' 'sadness'],english
eng_train_track_a_02347,my friends and i were at the beach a few weeks ago.,0,,0,1,0,0,['joy'],english
eng_train_track_a_02348,"not insanely creepy, but kinda gave me a weird feeling.",0,,1,0,0,1,['fear' 'surprise'],english
eng_train_track_a_02349,"a long while ago, i slept over at one of my guy friends' house.",0,,0,1,0,0,['joy'],english
eng_train_track_a_02350,needless to say i never called him back.,1,,0,0,0,0,['anger'],english
eng_train_track_a_02351,"happy birthday though, you beautiful mofo!!",0,,0,1,0,0,['joy'],english
eng_train_track_a_02352,they ended up suspending girls as well.,1,,0,0,0,0,['anger'],english
eng_train_track_a_02353,"my arms started to ache, but i had to do another 200 and i thought, no i came all this way for nothing so i continued!",0,,1,1,0,0,['fear' 'joy'],english
eng_train_track_a_02354,"as they walked up to the cross walk, they were horsing around.",0,,0,1,0,0,['joy'],english
eng_train_track_a_02355,"one morning though, he slept in.",0,,0,0,0,1,['surprise'],english
eng_train_track_a_02356,"dogs spirit into the afterlife, very strange.",0,,1,0,0,1,['fear' 'surprise'],english
eng_train_track_a_02357,it's the closest thing i've experienced that i can say was nearly unexplainable.,0,,1,0,0,1,['fear' 'surprise'],english
eng_train_track_a_02358,my nose was still clogged and breathing out of just one nostril has become a work of art for me but i decided i was up for a loop through the neighborhood.,0,,1,0,1,0,['fear' 'sadness'],english
eng_train_track_a_02359,:p look at my face it's super chubby.,0,,0,1,0,0,['joy'],english
eng_train_track_a_02360,"we got the ranch, loaded our guns and sat up till sunrise.",0,,1,1,0,0,['fear' 'joy'],english
eng_train_track_a_02361,"a couple of years ago, i decided to go with my then girlfriend to my cities biggest music store.",0,,0,1,0,0,['joy'],english
eng_train_track_a_02362,"i bit down on my lower lip, trying as hard as i can to force back another lump in my throat.",0,,0,0,1,0,['sadness'],english
eng_train_track_a_02363,the reason is because you don't have control of your lungs yet (your body is on sleep-mode autopilot) so this paralysis is incorporated into the hallucination.,0,,1,0,0,1,['fear' 'surprise'],english
eng_train_track_a_02364,i told him three things:,0,,0,0,0,0,[],english
eng_train_track_a_02365,"however, i always felt guilty regarding the abortion.",0,,1,0,1,0,['fear' 'sadness'],english
eng_train_track_a_02366,the grass is a beautiful green.,0,,0,1,0,0,['joy'],english
eng_train_track_a_02367,for a few months i have always been thinking about getting my tongue pierced.,0,,1,1,0,0,['fear' 'joy'],english
eng_train_track_a_02368,the first hour i couldn't even move.,0,,1,0,1,0,['fear' 'sadness'],english
eng_train_track_a_02369,i have seen the sr71 at smithsonian this thing was bigger.,0,,0,1,0,1,['joy' 'surprise'],english
eng_train_track_a_02370,this other guy seemed obsessed with this floor and talked about going up there and finding this ghost.,0,,1,0,0,1,['fear' 'surprise'],english
eng_train_track_a_02371,"i stand there for quite awhile just holding the thing with my back turned to the parents, with absolutly nothing in front of me.",0,,1,0,0,0,['fear'],english
eng_train_track_a_02372,i had to blow my nose between bites to really catch the flavor.,0,,0,0,0,0,[],english
eng_train_track_a_02373,"the air canada lady patted my hand and called me `` dear '', too.",0,,0,1,0,0,['joy'],english
eng_train_track_a_02374,"i had something similar, less extreme happen to me once.",0,,1,0,0,1,['fear' 'surprise'],english
eng_train_track_a_02375,"that was it, nothing more.so at first as i lay in bed i had quite a deadpan look on my face.",0,,0,0,1,0,['sadness'],english
eng_train_track_a_02376,i couldnt see his shoes.,0,,1,0,0,1,['fear' 'surprise'],english
eng_train_track_a_02377,any potential bride is warned:  the groomsmen gifts will be swords.,0,,1,0,0,1,['fear' 'surprise'],english
eng_train_track_a_02378,"anyway, there was this one girl (about 8 or 9 years old) who would always sit quietly and smile.",0,,0,1,0,0,['joy'],english
eng_train_track_a_02379,& # x 26; nbsp; i gave them a quick glance and nodded my head and for the first time i felt like i had some sort of common bond with someone in this town.,0,,0,1,0,0,['joy'],english
eng_train_track_a_02380,another bumped into my head and * buzzed * there for a moment-ack!,0,,1,0,0,1,['fear' 'surprise'],english
eng_train_track_a_02381,i shoved him once pretty hard and put my fists up for a brawl.,1,,1,0,0,0,['anger' 'fear'],english
eng_train_track_a_02382,he knows what's happening and passes over a gel containing more than my average monthly dosage of caffeine and i pour the entire syrupy mixture down my throat.,0,,1,0,0,0,['fear'],english
eng_train_track_a_02383,... but my head still throbs because eventually i had to get up.,0,,1,0,1,0,['fear' 'sadness'],english
eng_train_track_a_02384,my back ached and i was glad to sit down at every oppourtunity.,0,,0,1,1,0,['joy' 'sadness'],english
eng_train_track_a_02385,we weren't allowed to cover her.,1,,1,0,1,0,['anger' 'fear' 'sadness'],english
eng_train_track_a_02386,"(btw she wasnt puffy, swelling, having a hard time breathing).",0,,1,0,0,0,['fear'],english
eng_train_track_a_02387,when the dust settled i looked over at my wife and saw she was alive and i knew i was alive so i immediately had happiness in my heart.,0,,0,1,0,0,['joy'],english
eng_train_track_a_02388,"its most famous picture is picasso's guernica, inspired by the civil war spain was enduring.it has a selection of amazing surrealist works by dali and a number by joan miro, some of which were laughably simplistic to my eyes and a selection of art from the 1940s to present in its permanent collection.for its temporary exhibitions it had one on digital art and new media.my favourite works were the series of ` mirrors ' by daniel rozin from israel.",0,,0,1,0,0,['joy'],english
eng_train_track_a_02389,i noticed his eyes looked weird...scary.,0,,1,0,0,1,['fear' 'surprise'],english
eng_train_track_a_02390,needless to say she was extremely unhappy.,0,,0,0,1,0,['sadness'],english
eng_train_track_a_02391,i closed my eyes and pretended.,0,,0,0,0,0,[],english
eng_train_track_a_02392,"we didn't know what to do: the harder we pulled, the harder the trap stuck to my fingers.",0,,1,0,0,0,['fear'],english
eng_train_track_a_02393,"the dream ended with me riding my friendly pterodactyl through the skies, my hands stretched out to touch the clouds, laughing at the wind-and catching a whiff of my own foul breath blown back into my face.",0,,0,1,0,1,['joy' 'surprise'],english
eng_train_track_a_02394,the heroine stood beside me and reached for my hand.,0,,0,0,0,0,[],english
eng_train_track_a_02395,others said with confidence that it was a drug deal gone bad.,0,,1,0,1,1,['fear' 'sadness' 'surprise'],english
eng_train_track_a_02396,"they jumped from the couch and aimed for all of the areas with sensitive skin-the underside of my arm, along my belt line, the insides of my thighs.",0,,1,0,0,0,['fear'],english
eng_train_track_a_02397,looked at me like i had flesh eating bacteria or a still-birthed twin growing from the left side of my head.,0,,1,0,1,1,['fear' 'sadness' 'surprise'],english
eng_train_track_a_02398,i got some ace presents including skins boxset and the prettiest dress from andy and gemma got me a brilliant veggie recipe book that i've had my head stuck in ever since.2.,0,,0,1,0,0,['joy'],english
eng_train_track_a_02399,he never took out the garbage.,1,,0,0,1,0,['anger' 'sadness'],english
eng_train_track_a_02400,( you know who you ladies are ) tracy brought out the very first picture of an angel and it brought tears to my eyes.,0,,0,0,1,0,['sadness'],english
eng_train_track_a_02401,`` my eyes widened.,0,,1,0,0,1,['fear' 'surprise'],english
eng_train_track_a_02402,my little brother was home sick and sleeping in his bedroom.,0,,0,0,1,0,['sadness'],english
eng_train_track_a_02403,there were many police there and interviewing the mom.,0,,1,0,1,0,['fear' 'sadness'],english
eng_train_track_a_02404,west hollywood is a creepy fucking place to live.,1,,1,0,0,1,['anger' 'fear' 'surprise'],english
eng_train_track_a_02405,"too many calories, my brain just couldn't deal.",0,,1,0,1,0,['fear' 'sadness'],english
eng_train_track_a_02406,her mother is bouncing up and down with excitement.,0,,0,1,0,0,['joy'],english
eng_train_track_a_02407,"after a month at tables and t.v. trays, i was back on the ground, eating with my legs crossed, and had no complaints about it.",0,,0,1,0,0,['joy'],english
eng_train_track_a_02408,"now, i didn't feel like spending money.",0,,1,0,1,0,['fear' 'sadness'],english
eng_train_track_a_02409,had to sit with her in the car as she was howling in pain and bleeding on me.,0,,1,0,1,0,['fear' 'sadness'],english
eng_train_track_a_02410,"i froze for a few seconds, then slowly extended my fingers around both sides of its tiny body.",0,,1,0,0,0,['fear'],english
eng_train_track_a_02411,this is probably more paranormal than matrix-y but still weird coincidence.,0,,1,0,0,1,['fear' 'surprise'],english
eng_train_track_a_02412,"well, sebastian was getting off the highway to complete this years journey.",0,,0,0,0,1,['surprise'],english
eng_train_track_a_02413,she left in a huge hurry leaving me with the overflowing toilet after her giant dump.,1,,1,0,0,1,['anger' 'fear' 'surprise'],english
eng_train_track_a_02414,(he probably passed at least 15 people).,0,,0,0,0,1,['surprise'],english
eng_train_track_a_02415,"i sweated my balls off, tore up my muscles and got new bruises ( right after the old ones healed ), but the building is lovely and cool and i have an amazing view of the ocean from the upper floors.",0,,1,1,0,0,['fear' 'joy'],english
eng_train_track_a_02416,"so, my father owns a insurance agency.",0,,0,0,0,0,[],english
eng_train_track_a_02417,"i take a right turn, and without the danger of exaggeration and with all the truth i hold in my heart, sitting in front of me was the hospital.",0,,1,0,0,0,['fear'],english
eng_train_track_a_02418,"i cried my eyes out in fifth period, much to carnell and natasha's displeasure.",0,,0,0,1,0,['sadness'],english
eng_train_track_a_02419,at this point my legs were starting to ache and i was hoping for something to lift my spirits and there were mom and andy cheering me on around mile 8.5.,0,,1,1,1,0,['fear' 'joy' 'sadness'],english
eng_train_track_a_02420,what is even more interesting is that i know exactly how i got this definition.,0,,0,1,0,1,['joy' 'surprise'],english
eng_train_track_a_02421,then i shook my head.,0,,0,0,0,0,[],english
eng_train_track_a_02422,guess it's more sad than creepy.,0,,0,0,1,0,['sadness'],english
eng_train_track_a_02423,it breaks my heart though that someone could be that selfish to make their dog live in so much pain and suffering.,1,,1,0,1,0,['anger' 'fear' 'sadness'],english
eng_train_track_a_02424,""" those little blonde kids!",0,,0,0,0,1,['surprise'],english
eng_train_track_a_02425,when i was just under 2 years old we started renting a crappy tiny little house out in the boonies.,0,,0,0,1,0,['sadness'],english
eng_train_track_a_02426,"it's friday night, i am home in my jammies, watching something stupid on tv with my legs all covered up like a good girl.",0,,0,1,0,0,['joy'],english
eng_train_track_a_02427,"so i fixed my eyes on the sandaled feet that walked before me until we arrived at the next town, never looking back.",0,,0,0,0,0,[],english
eng_train_track_a_02428,"my heart clenched as i heard it, he was clearly worried for the girl.",0,,1,0,1,0,['fear' 'sadness'],english
eng_train_track_a_02429,"but my foot doesn't walk half a mile without pain, i've got a streaming cold that's refused to go away for a week, and as well as being entirely idle, i've got an aversion to crowds, actually an aversion to more than three people on the street at the same time.",0,,1,0,1,0,['fear' 'sadness'],english
eng_train_track_a_02430,i didn't even eat a tiny pizza.,0,,0,0,1,0,['sadness'],english
eng_train_track_a_02431,"another fun fact was that the dance floor was all sand, which got between my toes, and there were about 5 million flies buzzing around.",0,,1,0,1,0,['fear' 'sadness'],english
eng_train_track_a_02432,nobody disagreed with red carding the coach.,0,,0,0,0,0,[],english
eng_train_track_a_02433,not too bad but never really clicked.,0,,0,1,1,0,['joy' 'sadness'],english
eng_train_track_a_02434,i couldn't get loose and ended up pulling so hard that i pulled my tooth completely out.,0,,1,0,1,0,['fear' 'sadness'],english
eng_train_track_a_02435,the whole house and the people and the flame seemed to vanish and leave me in an endless darkness as soon as my eyes were closed.,0,,1,0,1,0,['fear' 'sadness'],english
eng_train_track_a_02436,but it's a very strange feeling.,0,,1,0,0,1,['fear' 'surprise'],english
eng_train_track_a_02437,"when mike walked in the door, my heart skipped a beat and i had the biggest smile on my face.",0,,0,1,0,0,['joy'],english
eng_train_track_a_02438,"one is explainable, the other still stumps me.",0,,1,0,0,1,['fear' 'surprise'],english
eng_train_track_a_02439,"maybe it was fatigue, maybe i was just being dramatic but i raised my hand and touched the tender flesh of my cheek.",0,,1,0,1,0,['fear' 'sadness'],english
eng_train_track_a_02440,it felt as if this powerful force just knocked the wind out of me.,0,,1,0,1,1,['fear' 'sadness' 'surprise'],english
eng_train_track_a_02441,"i lurched to my feet and began walking across the street with a painful measured stride, not daring to look behind me.",0,,1,0,0,0,['fear'],english
eng_train_track_a_02442,she looked bisexual dammit!,1,,0,0,0,1,['anger' 'surprise'],english
eng_train_track_a_02443,"that evening, they put me down to sleep in the cot, and went about their evening routine.",0,,0,0,0,0,[],english
eng_train_track_a_02444,"""gravestone says 'died 20 february, 1957""",0,,0,0,1,1,['sadness' 'surprise'],english
eng_train_track_a_02445,and i got sooo tired so quick but i couldn't lay down because my head was spinning.,0,,1,0,1,0,['fear' 'sadness'],english
eng_train_track_a_02446,"around 5am, still dark.",0,,1,0,0,0,['fear'],english
eng_train_track_a_02447,"below my feet the tinny depths of aqua-blue whispered hints of bottomlessness: come back come back i felt almost drunk staggering back across the ungiving concrete to rejoin my children on the other, shallower side of the swimming pool.",0,,1,0,0,0,['fear'],english
eng_train_track_a_02448,"my grandma, my mom, my grandaunt, my aunt, my sister i cried and wept in my sleep... i just shook and sobbed and sniffled... then i woke up and my eyes were wet.",0,,1,0,1,0,['fear' 'sadness'],english
eng_train_track_a_02449,"sometimes my eyes feel so transparent, so rubbing them helps my eye lids feel real.",0,,1,0,0,0,['fear'],english
eng_train_track_a_02450,things are relatively quiet.,0,,0,1,0,0,['joy'],english
eng_train_track_a_02451,"my nose was mashed against my face, i was in complete darkness, and the only way to breathe was the oxygen coming in through that tiny eyelet at my mouth.",0,,1,0,1,0,['fear' 'sadness'],english
eng_train_track_a_02452,"well she's not gon na last the whole song like that, so since i'm behind her and the audience can't see below my torso pretty much, i use my hand to push down on the lid and support her weight.",0,,0,1,0,0,['joy'],english
eng_train_track_a_02453,#name?,0,,1,0,0,0,['fear'],english
eng_train_track_a_02454,so i literally slept with michel thomas ' heavily polish-german accented french ringing in my ears.4.,0,,0,0,0,0,[],english
eng_train_track_a_02455,my feet still get rubbed at the end of the day and when we go out to eat its still my choice.,0,,0,1,0,0,['joy'],english
eng_train_track_a_02456,"i remember that the phrase ""blood turning to ice"" makes sense now.",0,,1,0,0,1,['fear' 'surprise'],english
eng_train_track_a_02457,i barely slept that night and didn't tell anyone about it till now.,0,,1,0,1,0,['fear' 'sadness'],english
eng_train_track_a_02458,"as soon as i started climbing, my hands felt toasty warm.",0,,0,1,0,0,['joy'],english
eng_train_track_a_02459,"it captures and exemplifies everything a year on the cushion entailed: showing up, working hard, exerting effort, maintaining sincere intent, paying close attention, shutting my mouth, opening my eyes, sweating, getting dirty, bleeding, waiting, tipping over, falling down, getting up, staying the course.",0,,0,1,0,0,['joy'],english
eng_train_track_a_02460,"i was petrified, he looked really calm.",0,,1,0,0,1,['fear' 'surprise'],english
eng_train_track_a_02461,what a relief it was and my heart was beating so fast.,0,,1,1,0,0,['fear' 'joy'],english
eng_train_track_a_02462,"pound hand weights, start with my elbows on the ground then all the way up and on the way down do the same down 2 up 1, breaking the trip down into 7 sections.",0,,0,1,0,0,['joy'],english
eng_train_track_a_02463,unfortunately my mum decided to clear out his old room and she found them.,0,,1,0,1,1,['fear' 'sadness' 'surprise'],english
eng_train_track_a_02464,he was discharged from the army as well.,0,,0,0,1,0,['sadness'],english
eng_train_track_a_02465,no time to explain and no one understood it was a misunderstanding.,1,,1,0,1,0,['anger' 'fear' 'sadness'],english
eng_train_track_a_02466,"everything is incredibly far away, and earth is so very small.",0,,1,0,1,1,['fear' 'sadness' 'surprise'],english
eng_train_track_a_02467,that did a number on my stomach.,0,,1,0,0,0,['fear'],english
eng_train_track_a_02468,it looked so unreal.,0,,1,0,0,1,['fear' 'surprise'],english
eng_train_track_a_02469,"i crouched and put my arm on my knee, acting like a pro, like i was amazing.",0,,0,1,0,0,['joy'],english
eng_train_track_a_02470,"my grandmother fell very ill this past summer, and ended up suffering from encephalitis, which, in layman's terms, ate her brain away until she died.",0,,1,0,1,0,['fear' 'sadness'],english
eng_train_track_a_02471,"it can't be a plane as the lights never move, they just, appear.",0,,1,0,0,1,['fear' 'surprise'],english
eng_train_track_a_02472,"the ""dead guy"" was never found as far as i know.",0,,1,0,1,1,['fear' 'sadness' 'surprise'],english
eng_train_track_a_02473,"so i did some chores but mostly took it easy; my eye no longer ached, anyway.",0,,0,1,0,0,['joy'],english
eng_train_track_a_02474,"we were both interested in astronomy, so we'd often just sit on a bench, and literally stare into space.",0,,0,1,0,0,['joy'],english
eng_train_track_a_02475,"""perhaps i'll alter the whole thing.",0,,0,1,0,1,['joy' 'surprise'],english
eng_train_track_a_02476,"they had me in a pile, and my head was down.",0,,1,0,1,0,['fear' 'sadness'],english
eng_train_track_a_02477,one time a girl grabbed my hand and dragged me out onto the floor.,0,,0,0,0,0,[],english
eng_train_track_a_02478,seriously... my head is just not in the game.,0,,1,0,1,0,['fear' 'sadness'],english
eng_train_track_a_02479,my palms are sweating.,0,,1,0,0,0,['fear'],english
eng_train_track_a_02480,"okay that sucks, right?",1,,0,0,1,0,['anger' 'sadness'],english
eng_train_track_a_02481,it was quite old.,0,,0,0,0,1,['surprise'],english
eng_train_track_a_02482,that may be unverifiable.,0,,1,0,0,0,['fear'],english
eng_train_track_a_02483,"well, i started to realize that it wasn't going to work out in the long run (surprise, surprise) and so i broke it off with her as gently as possible.",1,,1,1,1,1,['anger' 'fear' 'joy' 'sadness' 'surprise'],english
eng_train_track_a_02484,: ) and here's the rest of the pics: what my face looked like after the duct tape situation.,0,,0,1,0,0,['joy'],english
eng_train_track_a_02485,this hasnt changed since i was very young.,0,,0,0,1,1,['sadness' 'surprise'],english
eng_train_track_a_02486,kinda got stuck in my mouth!,0,,1,0,0,1,['fear' 'surprise'],english
eng_train_track_a_02487,i heard footsteps going down to the basement.,0,,1,0,0,1,['fear' 'surprise'],english
eng_train_track_a_02488,it grew louder and was soon joined by a field of light angling out above my head and over the chasm.,0,,0,0,0,1,['surprise'],english
eng_train_track_a_02489,this immediately scared me because usually my nerves are a wreck before a race.,0,,1,0,0,0,['fear'],english
eng_train_track_a_02490,this is where the story gets creepy.,0,,1,0,0,1,['fear' 'surprise'],english
eng_train_track_a_02491,so we all stood up clapped and cheered!,0,,0,1,0,1,['joy' 'surprise'],english
eng_train_track_a_02492,"my grandma used to do a ""magic trick"" that to this day i can't explain.",0,,0,1,0,1,['joy' 'surprise'],english
eng_train_track_a_02493,it was last year when i turned 18th.,0,,0,1,0,0,['joy'],english
eng_train_track_a_02494,"there was blood coming out of my mouth, nose and ears.",0,,1,0,1,1,['fear' 'sadness' 'surprise'],english
eng_train_track_a_02495,at this point he decided to consult the woman at the front desk for more information.,0,,1,0,0,0,['fear'],english
eng_train_track_a_02496,"i also thought it was going to like, eat my brains out or something.so anyway.",0,,1,0,0,1,['fear' 'surprise'],english
eng_train_track_a_02497,"""  nothing, we hear absolutely nothing.",0,,1,0,0,1,['fear' 'surprise'],english
eng_train_track_a_02498,he never was coming.,1,,1,0,1,0,['anger' 'fear' 'sadness'],english
eng_train_track_a_02499,life readings obviously defective.,1,,1,0,0,0,['anger' 'fear'],english
eng_train_track_a_02500,"the kimchi tasted bland on my tongue-perhaps i added too much water, which i staunchly agreed with.",0,,0,0,1,0,['sadness'],english
eng_train_track_a_02501,my throat was covered by something and i didn't know what was going on.,0,,1,0,0,1,['fear' 'surprise'],english
eng_train_track_a_02502,"i tried to lift my body but somehow it felt so hard $ my head hurt, my eyes were screaming to close and rest.",0,,1,0,1,0,['fear' 'sadness'],english
eng_train_track_a_02503,this girl faked a miscarriage.,1,,1,0,1,1,['anger' 'fear' 'sadness' 'surprise'],english
eng_train_track_a_02504,yeah that's what the yellow thing is that's around my neck.,0,,0,0,0,0,[],english
eng_train_track_a_02505,one memorable example was the doubling space pen.,0,,0,1,0,1,['joy' 'surprise'],english
eng_train_track_a_02506,maybe i need to take a full day of rest and not do anything exercise-related for one day to help my legs feel better.,0,,1,0,1,0,['fear' 'sadness'],english
eng_train_track_a_02507,it broke my heart.,0,,0,0,1,0,['sadness'],english
eng_train_track_a_02508,i see that my 13 year old son's bedroom is ajar.,0,,1,0,0,1,['fear' 'surprise'],english
eng_train_track_a_02509,i quickly look behind the trees and the other 'moon' is gone.,0,,1,0,0,1,['fear' 'surprise'],english
eng_train_track_a_02510,we went to bed.,0,,0,0,0,0,[],english
eng_train_track_a_02511,my heart feels like there is nothing left.,0,,0,0,1,0,['sadness'],english
eng_train_track_a_02512,"my goodness, at that point i was shocked beyond words and i believe i had an epic:o expression on my face.",0,,0,0,0,1,['surprise'],english
eng_train_track_a_02513,"i stood there at the front door with the key in my hand and every time i tried to unlock it, i started shaking so much that i couldn't get the key in the lock!",0,,1,0,0,0,['fear'],english
eng_train_track_a_02514,"in the late afternoon i am lying in the sun, my music plugged firmly into my ears, dancing.",0,,0,1,0,0,['joy'],english
eng_train_track_a_02515,i rolled over on my side trying to get more air in and trying to get my arms and legs underneath me.,0,,1,0,0,0,['fear'],english
eng_train_track_a_02516,at 3000 comments deep no one will read it but i genuinely believe it's the creepiest one here.,0,,1,0,0,1,['fear' 'surprise'],english
eng_train_track_a_02517,but i ordered for chicken katsu too so in the end my stomach was terribly full.,0,,0,0,0,0,[],english
eng_train_track_a_02518,"and my papers lay blank at the end of my hand, laughing at me and leaving me torn.",0,,1,0,1,0,['fear' 'sadness'],english
eng_train_track_a_02519,he said it was rather delicious and tried to spoon feed me.,0,,0,1,0,0,['joy'],english
eng_train_track_a_02520,i have no explanation.,0,,1,0,0,1,['fear' 'surprise'],english
eng_train_track_a_02521,"this...desire, this problem?",0,,1,0,1,1,['fear' 'sadness' 'surprise'],english
eng_train_track_a_02522,heart racing as well.,0,,1,0,0,1,['fear' 'surprise'],english
eng_train_track_a_02523,i watched out of the corner of my eye as this man began to come up on my side of the car.,0,,1,0,0,1,['fear' 'surprise'],english
eng_train_track_a_02524,"i sit and wait alone as the angel and the demon behind my eyes fight on, fighting forever to decide my fate.",0,,1,0,1,0,['fear' 'sadness'],english
eng_train_track_a_02525,"after that it went downhill with me feeling like i was going to throw up, my throat hurting like hell and my head punding.",0,,1,0,1,0,['fear' 'sadness'],english
eng_train_track_a_02526,giant redneck dad decides to find this dude first.,1,,1,0,0,1,['anger' 'fear' 'surprise'],english
eng_train_track_a_02527,you get the picture.,0,,0,0,0,0,[],english
eng_train_track_a_02528,"it seems to me lately a cloud, cruel, innately has taken up residence in my head.",0,,1,0,1,0,['fear' 'sadness'],english
eng_train_track_a_02529,"i was angry at how she made me feel, i was angry that my eyes were all puffy and bloodshot when i woke up, i was angry that i had a cold shower.",1,,0,0,0,0,['anger'],english
eng_train_track_a_02530,"to this day, my father is still blessing the fact that we never woke up during the night with all the noise.",0,,0,1,0,0,['joy'],english
eng_train_track_a_02531,"his grandparents used to live and farm there until they retired, but the land stayed in the family.",0,,0,1,0,0,['joy'],english
eng_train_track_a_02532,the highway patrol man did not know what her trip was.,0,,1,0,0,1,['fear' 'surprise'],english
eng_train_track_a_02533,i remember saying 'dad?'.,0,,1,0,1,1,['fear' 'sadness' 'surprise'],english
eng_train_track_a_02534,this is how we found out why all freshman year we were both greeted by people we didn't know calling us the wrong name.,0,,0,0,0,1,['surprise'],english
eng_train_track_a_02535,never saw him again.,0,,0,0,1,0,['sadness'],english
eng_train_track_a_02536,everyone is distinctly average their first time.,0,,0,1,0,0,['joy'],english
eng_train_track_a_02537,"i sat up in bed, looked around the room and saw nothing.",0,,1,0,0,1,['fear' 'surprise'],english
eng_train_track_a_02538,"as we were winding our way up the steep hill leading to the cemetery, out of the corner of my eye, i caught a glimpse of a bird coming right at my car, a bird with a huge wing-span.",0,,1,0,0,1,['fear' 'surprise'],english
eng_train_track_a_02539,"i'm thinking of leaving earlier, maybe this week, maybe next week... my heads a mess right now.",0,,1,0,1,0,['fear' 'sadness'],english
eng_train_track_a_02540,"my neck still hurts while i'm working, and i was only there for an hour so it was totally unnecessary to go there at all.",1,,1,0,0,0,['anger' 'fear'],english
eng_train_track_a_02541,"at about 4 i was running with a pole with one end in my mouth, i tripped and it went straight through the top of my mouth.",0,,1,0,0,1,['fear' 'surprise'],english
eng_train_track_a_02542,p. if you're reading this...fuck you.,1,,0,0,0,0,['anger'],english
eng_train_track_a_02543,i was later taken to the banks of the river where my head was shaved and my body stripped off jewelry.,0,,1,0,1,0,['fear' 'sadness'],english
eng_train_track_a_02544,""" staring dead at my ex.",1,,1,0,1,0,['anger' 'fear' 'sadness'],english
eng_train_track_a_02545,my hands went numb within 10 minutes.,0,,1,0,0,0,['fear'],english
eng_train_track_a_02546,"i was fine with even shades of impossibly bright red, platinum blonde, midnight black colors, just not colors like teal, purple, blue, green.",0,,0,0,0,0,[],english
eng_train_track_a_02547,"they strapped some thing ( yes, that's a technical term ) around my belly that monitors the baby's heartbeat and contractions ( which i was unaware of at the time, but found out about later. )",0,,1,0,0,0,['fear'],english
eng_train_track_a_02548,it looks weird to say the least,0,,1,0,0,1,['fear' 'surprise'],english
eng_train_track_a_02549,"i'm now really scared cuz it's moving faster and suddenly, this shadow seems to get out of a crouch position to stand up, and begins to flail it's limbs as it's running towards me.",0,,1,0,0,1,['fear' 'surprise'],english
eng_train_track_a_02550,i ate a pizza.,0,,0,1,0,0,['joy'],english
eng_train_track_a_02551,"my hair has been brushing the top of my shoulders for weeks now, nasty ends, the works.",0,,0,0,1,0,['sadness'],english
eng_train_track_a_02552,"*  in trying to include new mother in law into the wedding festivities, i invited her to pick out the flower girl dress for her granddaughter (her other son's daughter).",0,,0,1,0,0,['joy'],english
eng_train_track_a_02553,"once i was young an ' hand ` some -- i was, upon my soul -- once my cheeks was roses, my eyes was black as coal; and i can't remember, in them days, of hearin ' people say, for any kind of a reason, that i was in their way!",0,,0,0,1,0,['sadness'],english
eng_train_track_a_02554,"you name it, i did it.",0,,0,1,0,0,['joy'],english
eng_train_track_a_02555,her mom and grandma are worse to deal with than her.,1,,1,0,0,0,['anger' 'fear'],english
eng_train_track_a_02556,see her just a bit here and there amid the crowds.,0,,1,0,0,0,['fear'],english
eng_train_track_a_02557,"open the bedroom door, brandon fast asleep on the bed.",0,,0,1,0,0,['joy'],english
eng_train_track_a_02558,my wife is non-religious.,0,,0,0,0,0,[],english
eng_train_track_a_02559,the couple broke up a few months after we moved in and the tension was insane.,1,,1,0,1,1,['anger' 'fear' 'sadness' 'surprise'],english
eng_train_track_a_02560,"almost straight up, cannot tell how high, i saw this weird rainbow.",0,,0,1,0,1,['joy' 'surprise'],english
eng_train_track_a_02561,as my eyes adjusted i found a dark pair of goggles looking back at me.,0,,0,0,0,1,['surprise'],english
eng_train_track_a_02562,now i'm a mostly law abiding student and moderately successful artist.,0,,0,1,0,0,['joy'],english
eng_train_track_a_02563,"kidnapping, assault, vandalism and arson i guess.",1,,1,0,0,1,['anger' 'fear' 'surprise'],english
eng_train_track_a_02564,"i got a full bottle of vicodin for pain, and a soft cast on my wrist.",0,,1,0,0,0,['fear'],english
eng_train_track_a_02565,"so, i was ten years old at the time.",0,,0,0,0,0,[],english
eng_train_track_a_02566,"it hurt my ears and gave me a headache, but i left it loud to protest my mom-ness.",1,,0,0,0,0,['anger'],english
eng_train_track_a_02567,all of the sudden i hear both of them scream bloody murder.,0,,1,0,0,1,['fear' 'surprise'],english
eng_train_track_a_02568,"everything, and i mean everything, matched up.",0,,0,1,0,0,['joy'],english
eng_train_track_a_02569,he shook his head and chuckled to himself before leaning down and pressing his forehead to his best friend's.,0,,0,1,0,0,['joy'],english
eng_train_track_a_02570,he was naked from the waist down.,0,,1,0,0,1,['fear' 'surprise'],english
eng_train_track_a_02571,"so hard, till my eyes burned.",0,,1,0,0,0,['fear'],english
eng_train_track_a_02572,i was scared shitless because i knew i was going to be in huge trouble.,0,,1,0,0,0,['fear'],english
eng_train_track_a_02573,i clearly indicated i certainly did not.,1,,0,0,0,0,['anger'],english
eng_train_track_a_02574,i was kicking and cupping my hands for dear life.,0,,1,0,0,0,['fear'],english
eng_train_track_a_02575,"i was partly dehydrated, and partly `` festive '' and was sitting in my chair with my feet in the pool, drinking water, wanting to take a nap.",0,,0,1,0,0,['joy'],english
eng_train_track_a_02576,i'm finally going to be going back to work... haven't been able to work because of my knee.,0,,1,1,1,0,['fear' 'joy' 'sadness'],english
eng_train_track_a_02577,my heart dropped.,0,,1,0,0,0,['fear'],english
eng_train_track_a_02578,i spent most of it explaining / excusing my eyes-closed style.,0,,0,1,0,0,['joy'],english
eng_train_track_a_02579,i did send darren a message via facebook at 4.14 am as i had to get what was in my head out there.,0,,1,0,0,0,['fear'],english
eng_train_track_a_02580,i said thank you and thought nothing of it.,0,,0,1,0,0,['joy'],english
eng_train_track_a_02581,"however, i get sick to my stomach when i think about the fact that i have been sleeping with my brother for so long.",0,,1,0,0,0,['fear'],english
eng_train_track_a_02582,"my little dog:: 1 / 12 / jane, originally uploaded by sarah...... a heartbeat at my feet.",0,,0,1,0,0,['joy'],english
eng_train_track_a_02583,"as usual, i was attempting to jump off as far as i could go.",0,,1,1,0,0,['fear' 'joy'],english
eng_train_track_a_02584,"i was 7 and woke up early, so i went to the basement to watch cartoons.",0,,0,1,0,0,['joy'],english
eng_train_track_a_02585,"the anesthesiologist put an oxygen mask over my face, told me it wasn't the good stuff yet, then i woke up to the room flipping around.",0,,1,0,0,1,['fear' 'surprise'],english
eng_train_track_a_02586,"i'm sure the squats, situps, back extensions, and other weights strained my back a bit, but i felt fine.",0,,0,0,0,0,[],english
eng_train_track_a_02587,"i am not a car person, and could care less if a car is clean, but every surface on this car seemed to sparkle with cleanliness.",0,,0,1,0,1,['joy' 'surprise'],english
eng_train_track_a_02588,"yes, the oklahoma city bombing.",1,,1,0,1,1,['anger' 'fear' 'sadness' 'surprise'],english
eng_train_track_a_02589,"like, practice in the morning until all my eye bags come out and my eyes become smaller.",0,,1,0,1,0,['fear' 'sadness'],english
eng_train_track_a_02590,my brain is fried at this point.,0,,1,0,0,0,['fear'],english
eng_train_track_a_02591,and then my cheeks get even redder.,0,,0,0,0,0,[],english
eng_train_track_a_02592,"i basically have two perceptions of myself, one is that im too sensitive, and the other is that i do nt care enough and that im a narcissist, i debate which one is right in my head and its a daily struggle to figure it out cuz what i decide for that day decides how im gon na act the rest of the day.",1,,1,0,1,0,['anger' 'fear' 'sadness'],english
eng_train_track_a_02593,i washed it out and for about 3 days my eye stayed bloodshot.,0,,1,0,1,0,['fear' 'sadness'],english
eng_train_track_a_02594,my head pounded from all the screaming.,0,,1,0,0,0,['fear'],english
eng_train_track_a_02595,"i finally managed to sit up on my hands and knees, and glaring up at her.",1,,0,0,0,0,['anger'],english
eng_train_track_a_02596,i want to face turmoil or something tragic.,0,,1,0,1,0,['fear' 'sadness'],english
eng_train_track_a_02597,"you guys were asking me, why am i so quiet and you guys are not use to me shutting my mouth.",0,,0,0,0,0,[],english
eng_train_track_a_02598,i'd trust the terrorist with my life.,0,,1,0,0,1,['fear' 'surprise'],english
eng_train_track_a_02599,"just going for a walk once, i saw a car turn down a road that was a dead end.",0,,0,0,0,1,['surprise'],english
eng_train_track_a_02600,he was so very sad.,0,,0,0,1,0,['sadness'],english
eng_train_track_a_02601,i tried to do some heavy ohs with my back saying `` no '' to that.,0,,1,0,0,0,['fear'],english
eng_train_track_a_02602,we stare at the monitor and see him head right to the kitchen utensils section.,0,,0,0,0,1,['surprise'],english
eng_train_track_a_02603,"sleepy, but too awake, my brain spiraling around sad thought after thought after thought.",0,,1,0,1,0,['fear' 'sadness'],english
eng_train_track_a_02604,the sun hung high in the deep blue sky as a slight ocean breeze ticked my face.,0,,0,1,0,0,['joy'],english
eng_train_track_a_02605,there's a couple dead rats and the basement had a lot of old broken furniture.,0,,1,0,1,0,['fear' 'sadness'],english
eng_train_track_a_02606,couldn't find it.,1,,1,0,1,0,['anger' 'fear' 'sadness'],english
eng_train_track_a_02607,i keep thinking about how almost a year ago exactly i found my pcp and had 2 problems-my shoulder and my back.,0,,1,0,1,0,['fear' 'sadness'],english
eng_train_track_a_02608,so i got up and tried him again.,0,,1,0,0,0,['fear'],english
eng_train_track_a_02609,"in one dream, i was pulling those long, white, stringy, watery stir-fry type vegetables out of my chest.",0,,1,0,1,1,['fear' 'sadness' 'surprise'],english
eng_train_track_a_02610,"`` mom, i am so cold, mostly my hands are so cold.",0,,1,0,0,0,['fear'],english
eng_train_track_a_02611,"after repainting my face i realised that i was running about 5-10 minutes behind my schedule to be at my gig on time, but nothing that a little `` safe speeding '' couldn't get me back infront.",0,,1,0,0,0,['fear'],english
eng_train_track_a_02612,"so after more than six months ( ok, a year ) of pain in my hip, i finally started to try and get a diagnosis.",0,,1,0,1,0,['fear' 'sadness'],english
eng_train_track_a_02613,that was my first big heart break.,0,,1,0,1,0,['fear' 'sadness'],english
eng_train_track_a_02614,.....[dispatcher must be talking],0,,1,0,0,0,['fear'],english
eng_train_track_a_02615,"face down in an unfamiliar bed, he turned blinking in unexpected sunlight.",0,,1,0,0,1,['fear' 'surprise'],english
eng_train_track_a_02616,i had already decided that i was completely fine other than my ankle.,0,,1,0,1,0,['fear' 'sadness'],english
eng_train_track_a_02617,so was the suddenly loss of strength in my legs.,0,,1,0,0,0,['fear'],english
eng_train_track_a_02618,the whole time i couldn't see because my toes were blocking my view.,0,,0,0,0,0,[],english
eng_train_track_a_02619,jj had gotten drunk and taken the car.,1,,1,0,0,1,['anger' 'fear' 'surprise'],english
eng_train_track_a_02620,"it was a dark, awful feeling.",0,,1,0,1,0,['fear' 'sadness'],english
eng_train_track_a_02621,my lungs were still taking in air as i breathed.,0,,0,0,0,0,[],english
eng_train_track_a_02622,not even a detention.,1,,0,0,0,1,['anger' 'surprise'],english
eng_train_track_a_02623,my brain still is not figuring it out so i am just standing there waiting for my body to cooperate with me.,0,,1,0,0,0,['fear'],english
eng_train_track_a_02624,i nodded my head excitedly.,0,,0,1,0,0,['joy'],english
eng_train_track_a_02625,"this will get lost but whatever, nobody fucking believes me.",1,,1,0,1,0,['anger' 'fear' 'sadness'],english
eng_train_track_a_02626,we pray with him.,0,,0,1,0,0,['joy'],english
eng_train_track_a_02627,this is the most terrifying experience of my life.,0,,1,0,1,0,['fear' 'sadness'],english
eng_train_track_a_02628,i need to get my feet wet ( or whet ) first.,0,,0,0,0,0,[],english
eng_train_track_a_02629,though you can guess that i already have that scene in my head.,0,,0,0,0,0,[],english
eng_train_track_a_02630,"but the thought of sleeping alone... i'm weak, i admit it.june 26, 2008 * dear dani, i can't talk to you about everything that's going on with me without feeling the burden of guilt settle over my heart.",0,,1,0,1,0,['fear' 'sadness'],english
eng_train_track_a_02631,"i'm like amused by the auntie who's holding my arm all the way, and i'm thinking of all the weird pictures i took with yongqing, then i remembered my flying eyebrows, and my smile = & %!",0,,0,1,0,0,['joy'],english
eng_train_track_a_02632,i go to sleep unshed tears burning in my eyes.,0,,1,0,1,0,['fear' 'sadness'],english
eng_train_track_a_02633,it was pretty heavy late night tv.,0,,0,0,0,1,['surprise'],english
eng_train_track_a_02634,but i opened my own eyes and knew my eyes were no longer there.,0,,1,0,1,1,['fear' 'sadness' 'surprise'],english
eng_train_track_a_02635,actually we just used some giftcards we got for christmas but that doesn't mean i wasn't swept off my feet.,0,,0,1,0,0,['joy'],english
eng_train_track_a_02636,you might actually say they're almost angelic....,0,,0,1,0,1,['joy' 'surprise'],english
eng_train_track_a_02637,"it expresses what i feel in my soul, what i hear in my head, and what i see when i shut my eyes in silence.",0,,0,1,0,0,['joy'],english
eng_train_track_a_02638,seventh grade spanish test.,0,,1,0,0,0,['fear'],english
eng_train_track_a_02639,douse them in infanticide.,1,,1,0,1,0,['anger' 'fear' 'sadness'],english
eng_train_track_a_02640,my fingers are crossed!,0,,1,1,0,0,['fear' 'joy'],english
eng_train_track_a_02641,immediately my throat tightens.,0,,1,0,0,0,['fear'],english
eng_train_track_a_02642,the black lady was completely offended and started screaming at us.,1,,1,0,0,1,['anger' 'fear' 'surprise'],english
eng_train_track_a_02643,"chapter nine: honestly, when i was alive you could not have paid me to show my face at the community center.",1,,0,0,1,0,['anger' 'sadness'],english
eng_train_track_a_02644,i've been thinking about it more and can't get my head around it.,0,,1,0,0,0,['fear'],english
eng_train_track_a_02645,"it was damp, dark, and dirty.",0,,1,0,0,0,['fear'],english
eng_train_track_a_02646,"i get a huge grin on my face and say, `` why yes, he's been sleeping all night for two weeks now.",0,,0,1,0,0,['joy'],english
eng_train_track_a_02647,i also noticed that last year my back was killing me and i was popping ibuprofen all night.,0,,1,0,1,0,['fear' 'sadness'],english
eng_train_track_a_02648,"if i am trying to get to sleep in  a very dark room i will see, hear, and feel things.",0,,1,0,0,1,['fear' 'surprise'],english
eng_train_track_a_02649,my sisters were scared.,0,,1,0,1,0,['fear' 'sadness'],english
eng_train_track_a_02650,i filed a complaint.,1,,0,0,0,0,['anger'],english
eng_train_track_a_02651,i couldn't believe my eyes.,0,,0,0,0,1,['surprise'],english
eng_train_track_a_02652,i had to get on my knees and hang over the back of the seat.,0,,1,0,0,0,['fear'],english
eng_train_track_a_02653,my ex was a pathological liar - he lied about everything.,1,,0,0,1,0,['anger' 'sadness'],english
eng_train_track_a_02654,i was still worrying about the whole messed up situation when i felt an arm drape across my shoulders.,0,,1,1,0,0,['fear' 'joy'],english
eng_train_track_a_02655,you should've just slit open my veins and let the romance bleed away when you had the chance.,1,,0,0,1,0,['anger' 'sadness'],english
eng_train_track_a_02656,i am groggy with 1 eye half closed.,0,,1,0,0,0,['fear'],english
eng_train_track_a_02657,"in between extremely difficult contractions as i was bent over to let the epiduralist do his work with a minimum of motion from me, i asked veikko to repeat `` you are not dying '' to me, because it really felt like my brain believed that despite all logic.",0,,1,0,1,0,['fear' 'sadness'],english
eng_train_track_a_02658,"something banged against the window (2nd floor), despite there being nothing that could have done it (the tree was too far away).",0,,1,0,0,1,['fear' 'surprise'],english
eng_train_track_a_02659,"i opened it up and there was a different tape in it titled ""new year""",0,,0,0,0,1,['surprise'],english
eng_train_track_a_02660,w.... l....... y the whole time because of my back.,0,,1,0,1,0,['fear' 'sadness'],english
eng_train_track_a_02661,"i sat there and closed my eyes as the water ( oyu for hot water, people, not mizu ) swirled around me like a mini massage.",0,,0,1,0,0,['joy'],english
eng_train_track_a_02662,"one day not only did they have one, but it was old, yellowed, an a little dusty.",0,,0,0,0,1,['surprise'],english
eng_train_track_a_02663,"he stops, scribbling down my number all quick, takes my hand-omg, it was like i stuck my hand in a socket... electric!!!",0,,1,1,0,1,['fear' 'joy' 'surprise'],english
eng_train_track_a_02664,"my left molar came loose, and looking at it, there was a mushroom-like thing ( like a mario mushroom, with a red cap ) and black mold coming from the root, as it came out of my mouth.",0,,1,0,1,1,['fear' 'sadness' 'surprise'],english
eng_train_track_a_02665,it's the feeling of injecting crap into my veins and feeling my soul being sucked slowly through the needle drinking from my arm like a giant mosquito that i loathe.,1,,1,0,1,0,['anger' 'fear' 'sadness'],english
eng_train_track_a_02666,"months before that, i just prayed to god that i wanted to meet someone right for me, my heart felt depressed on how no one seems to fit the `` perfect girl for me ''.",0,,0,0,1,0,['sadness'],english
eng_train_track_a_02667,"she would always scream and try to get him to swim across the river to her, but he refused.",1,,1,0,1,0,['anger' 'fear' 'sadness'],english
eng_train_track_a_02668,"it did help that i didn't have to think about switching the hand my ipod was in ( yes, i carry it, no armband here ) and it was much easier to pump my arms without the headphone cords to get tangled up in.",0,,0,1,0,0,['joy'],english
eng_train_track_a_02669,"(although, there are many more than this.",0,,0,0,0,1,['surprise'],english
eng_train_track_a_02670,"i started another deep and serious post yesterday when the cold wind was blowing the heck out of the freezer-burnt landscape outside and the happy post-christmas thoughts from my brain, but was unable to complete it due to two meetings i had to attend and a large pot of chicken soup that needed making.",0,,1,0,0,0,['fear'],english
eng_train_track_a_02671,late yesterday afternoon my shoulder began to ache.,0,,1,0,0,0,['fear'],english
eng_train_track_a_02672,their dad got home just a tad bit early and barged into the room because he heard the moaning.,1,,1,0,0,1,['anger' 'fear' 'surprise'],english
eng_train_track_a_02673,"yes, my belly is getting big.",0,,0,0,1,0,['sadness'],english
eng_train_track_a_02674,i swear my heart halted for a split second before sprinting.,0,,1,0,0,1,['fear' 'surprise'],english
eng_train_track_a_02675,he is still serving time in prison for drug trafficking.,1,,1,0,1,0,['anger' 'fear' 'sadness'],english
eng_train_track_a_02676,"plus, writing it down helped to cement it in my heart.",0,,0,1,0,0,['joy'],english
eng_train_track_a_02677,"i also told them about the dream i had which involved a bunch of worms coming out of one of the pots next to my bed, and then a disgustingly large one ( about as big as my leg ) that tried to come out of the pot and eat me.",0,,1,0,0,1,['fear' 'surprise'],english
eng_train_track_a_02678,he begged the nurse not to leave him.,0,,1,0,1,0,['fear' 'sadness'],english
eng_train_track_a_02679,one and a million car/van ride.,0,,0,1,0,1,['joy' 'surprise'],english
eng_train_track_a_02680,i wiped the tears from my eyes and took a deep breath calming down slightly.,0,,0,0,1,0,['sadness'],english
eng_train_track_a_02681,who was perfectly fine.,0,,0,0,0,0,[],english
eng_train_track_a_02682,"my brother was tapping me on my shoulder, and i was like `` what? ''",0,,0,0,0,0,[],english
eng_train_track_a_02683,he changed our last name ever-so-slightly and was never caught.,0,,0,0,0,1,['surprise'],english
eng_train_track_a_02684,it was decent music but felt so much like just someone hit play on a playlist with commercials and walked away.,0,,0,0,0,0,[],english
eng_train_track_a_02685,"i was scared shitless and thought i was maybe dreaming, but that kick hurt!",0,,1,0,0,1,['fear' 'surprise'],english
eng_train_track_a_02686,and i have my toe to thank.,0,,0,1,0,0,['joy'],english
eng_train_track_a_02687,"my eyes drank in the wild landscapes, like i'd discovered a new land.",0,,0,1,0,0,['joy'],english
eng_train_track_a_02688,"""i love you, i love you, i love you...""",0,,0,1,0,0,['joy'],english
eng_train_track_a_02689,"the latter sounds much more fun but i know i ain't got time what with going to wales this weekend, hypnotherapy coaching the weekend after as well as a birthday and the firms chrimbo pissup then christmas... its not easy having a good time, even smiling makes my face ache",0,,0,0,1,0,['sadness'],english
eng_train_track_a_02690,same thing similar with my job.,0,,0,0,0,0,[],english
eng_train_track_a_02691,i could not do it!,1,,1,0,0,1,['anger' 'fear' 'surprise'],english
eng_train_track_a_02692,"eventually it faded, leaving me scared shitless and her more curious than i liked.",0,,1,0,0,1,['fear' 'surprise'],english
eng_train_track_a_02693,"it hit ground floor with a heavy bump, my stomach bounced into my throat and back again.",0,,1,0,0,0,['fear'],english
eng_train_track_a_02694,i take her home.,0,,0,0,0,0,[],english
eng_train_track_a_02695,moral of the story?,0,,0,0,0,1,['surprise'],english
eng_train_track_a_02696,this will get buried so it is probably for the best.,0,,0,0,1,0,['sadness'],english
eng_train_track_a_02697,my sister was one of her bridesmaids.,0,,0,0,0,0,[],english
eng_train_track_a_02698,"tears in my eyes, too much on my mind, and deep sadness in my heart.",0,,1,0,1,0,['fear' 'sadness'],english
eng_train_track_a_02699,"i opened the do0r to his bedro0m and saw... awwww... his whole ro0m was filled with red, pink and white ballo0ns...:] thats my babe tryin to walk through all of the ballo0ns... and i had to sort through all the ballo0ns and lo0k for two ballo0ns with surprises in them then he gave me roses he made out of m & ms:], you know what i mean ( ( sorry my thumbs retarded ) )",0,,1,1,0,1,['fear' 'joy' 'surprise'],english
eng_train_track_a_02700,it seemed so arbitrary.,0,,1,0,1,1,['fear' 'sadness' 'surprise'],english
eng_train_track_a_02701,i know this will probably get buried with all the other stories onhere but here's mine.,0,,0,0,1,0,['sadness'],english
eng_train_track_a_02702,"then i decided to try and get up to go to the restroom, but i couldn't move!",0,,1,0,0,1,['fear' 'surprise'],english
eng_train_track_a_02703,another one that is far worse happened maybe a year ago.,0,,1,0,1,0,['fear' 'sadness'],english
eng_train_track_a_02704,`` the dead elf that lives in my head. '',0,,1,1,1,1,['fear' 'joy' 'sadness' 'surprise'],english
eng_train_track_a_02705,"my day cold water pouring down my throat, drink, with the sun coming up, before despair tries to become the daily habit, cross my legs, brush aside the dream, still almost clear.",0,,1,0,1,0,['fear' 'sadness'],english
eng_train_track_a_02706,see my thumbs.,0,,0,0,0,0,[],english
eng_train_track_a_02707,"such a soft mouth, such sweet breath tickeling the fuzz on my skin.",0,,0,1,0,0,['joy'],english
eng_train_track_a_02708,mukhang champoy '' at the back of my head.,0,,0,0,0,0,[],english
eng_train_track_a_02709,i had an answer to every question and made sure to raise my hand.,0,,0,1,0,0,['joy'],english
eng_train_track_a_02710,i threw it onto the ground and cut my hand with it.,1,,1,0,0,0,['anger' 'fear'],english
eng_train_track_a_02711,"it took a while, my elbows were stiff, like no matter wich way i layed down my arms were killing me, i was sharing a bed with jamie.",0,,1,0,1,0,['fear' 'sadness'],english
eng_train_track_a_02712,"with a surge of excitement about making the trip to meadowlands, i also had a sense of dread because i realized what kind of car they were driving.",0,,1,1,0,0,['fear' 'joy'],english
eng_train_track_a_02713,"they had amazing sex (apparently), and passed out.",0,,0,1,0,1,['joy' 'surprise'],english
eng_train_track_a_02714,... i need to get this list of shit that's happened off my chest.,1,,1,0,1,0,['anger' 'fear' 'sadness'],english
eng_train_track_a_02715,but when this isn't possible my nerves run a little thin.,0,,1,0,0,0,['fear'],english
eng_train_track_a_02716,things started going through my head at this point.,0,,1,0,0,0,['fear'],english
eng_train_track_a_02717,"now i have a bad habit of wearing my heart on my sleave, and jumping to the possiblity of a girlfriend too quickley.",0,,1,0,1,0,['fear' 'sadness'],english
eng_train_track_a_02718,i immediately stretched my arm to grab my phone.,0,,0,0,0,0,[],english
eng_train_track_a_02719,"horrible nightmares that seem real, because you recognize your surroundings as your bedroom, but they're still just nightmares.",0,,1,0,1,1,['fear' 'sadness' 'surprise'],english
eng_train_track_a_02720,i've got it all planned up in my head,0,,0,1,0,0,['joy'],english
eng_train_track_a_02721,under my skin the itch is unscratched.,0,,1,0,0,0,['fear'],english
eng_train_track_a_02722,"something bad, i mean.",0,,1,0,1,0,['fear' 'sadness'],english
eng_train_track_a_02723,"quite the opposite, it took literally 4 shots worth of liquor to make him stinking, piss/shit in pants drunk.",0,,0,0,0,1,['surprise'],english
eng_train_track_a_02724,i closed my eyes as i took in a deep breath.,0,,0,1,0,0,['joy'],english
eng_train_track_a_02725,i liked the trains better than the refers.,0,,0,1,0,0,['joy'],english
eng_train_track_a_02726,but my fingers were starting to go numb as well.,0,,1,0,0,0,['fear'],english
eng_train_track_a_02727,"i didn't realize how sore i was from the whole thing until later, and the not being able to turn my head thing didn't start until yesterday.",0,,1,0,0,0,['fear'],english
eng_train_track_a_02728,"they all bombarded me, pulling at my hair, repeatedly taunting me without rest... my chest began to tighten; that last of breath of air forced out of my lungs.",1,,1,0,1,0,['anger' 'fear' 'sadness'],english
eng_train_track_a_02729,"thats right,  this iphone had been lying on train tracks, in broad daylight, for 6 months, and it still worked flawlessly.",0,,0,1,0,1,['joy' 'surprise'],english
eng_train_track_a_02730,i open the door and step through while turning to close it behind me.,0,,0,0,0,0,[],english
eng_train_track_a_02731,tonight the sweaty hands of the air held me down and closed around my chest the geese and ducks could barely move against the coagulating water that thickened and slowed without a ripple.,0,,1,0,0,0,['fear'],english
eng_train_track_a_02732,"with my heart in my throat, my voice thick with emotion said, `` oh!",0,,1,0,0,0,['fear'],english
eng_train_track_a_02733,it looks like dark smelly applesauce.,0,,1,0,0,1,['fear' 'surprise'],english
eng_train_track_a_02734,"sad, and creepy huh?",0,,1,0,1,1,['fear' 'sadness' 'surprise'],english
eng_train_track_a_02735,"my face, i could almost swear, is still red, flushing.",0,,1,0,0,0,['fear'],english
eng_train_track_a_02736,"i tilt my head down to examine the bottom of the glass to see that there is a large, open terrain where the gash does not touch.",0,,0,0,0,1,['surprise'],english
eng_train_track_a_02737,"'no problem,' he said.",0,,0,1,0,0,['joy'],english
eng_train_track_a_02738,"my manager is an african american man.. who just recently got a very large black jeep with dark, tinted windows.",0,,1,0,0,1,['fear' 'surprise'],english
eng_train_track_a_02739,"i close my mouth in a fine line, remembering one line after another.",0,,1,0,1,0,['fear' 'sadness'],english
eng_train_track_a_02740,there was a swath of terrain in between two apple trees that had been tamped down.,0,,1,0,0,1,['fear' 'surprise'],english
eng_train_track_a_02741,only to be horrified.,0,,1,0,1,1,['fear' 'sadness' 'surprise'],english
eng_train_track_a_02742,later when we got home she saw all her presents on the kitchen table.,0,,0,1,0,1,['joy' 'surprise'],english
eng_train_track_a_02743,"two words came out of my mouth `` piss off '' i was staying at my friends on the week of my 18th, just because his parents had gone on holiday and we were getting drunk everyday.",1,,0,0,0,0,['anger'],english
eng_train_track_a_02744,"occasionally they will sit out there and smoke cigarettes, which is fine..",0,,0,0,0,0,[],english
eng_train_track_a_02745,she ended up going home after that.,0,,0,0,1,0,['sadness'],english
eng_train_track_a_02746,i had to be flown to the hospital.,0,,1,0,1,1,['fear' 'sadness' 'surprise'],english
eng_train_track_a_02747,"but i was happy and pretty tickled that i was able to get out and go fight or hunt / scrap for materials that i do nt have to pay for, as well as just get out in the open air.the downside was... i really twisted my ankle and its slowing me down considerably.",0,,0,1,1,0,['joy' 'sadness'],english
eng_train_track_a_02748,just before my garmin watch went `` beep beep '' i could officially feel my fingers.,0,,0,1,0,0,['joy'],english
eng_train_track_a_02749,when it's right under my nose i can't see what's what.,0,,1,0,0,0,['fear'],english
eng_train_track_a_02750,it took a little longer for my feet to hurt which was nice.,0,,0,1,0,0,['joy'],english
eng_train_track_a_02751,so now my knee is hyperextended and it hurts like a bitch.,1,,1,0,1,0,['anger' 'fear' 'sadness'],english
eng_train_track_a_02752,the pain was immediate and intense.,0,,1,0,1,0,['fear' 'sadness'],english
eng_train_track_a_02753,it was pure terror.,0,,1,0,0,0,['fear'],english
eng_train_track_a_02754,"the art room is exactly opposite the gym, so going either way is the same distance.",0,,0,0,0,0,[],english
eng_train_track_a_02755,"if i'd have had to wait on her to drive me home, that woulda been fucking terrible.",1,,1,0,0,0,['anger' 'fear'],english
eng_train_track_a_02756,"driving 20 some year old cars, or nearly.",0,,0,0,0,1,['surprise'],english
eng_train_track_a_02757,fairly certain i got a back rub from my boyfriend though.,0,,0,1,0,1,['joy' 'surprise'],english
eng_train_track_a_02758,she had been lucid.,0,,0,0,0,1,['surprise'],english
eng_train_track_a_02759,"like, brain freeze on my leg!!",0,,1,0,1,1,['fear' 'sadness' 'surprise'],english
eng_train_track_a_02760,"she cants her hip against my waist into my side, almost knocking me into a stumble before tugging me upright with a dizzy laugh that rolls into my ears and i have to smile back.",0,,0,1,0,1,['joy' 'surprise'],english
eng_train_track_a_02761,"i then did the dishes, whitened my teeth, watched some more daytime tv, and had some lunch.",0,,0,0,0,0,[],english
eng_train_track_a_02762,it just kind of gradually vanished over a couple of hours.,0,,0,0,0,1,['surprise'],english
eng_train_track_a_02763,i didn't look out of my hands.,0,,1,0,0,0,['fear'],english
eng_train_track_a_02764,"`` i'm fine, '' amanda said forcefully, shrugging off her hand.",1,,0,0,0,0,['anger'],english
