id,text,anger,disgust,fear,joy,sadness,surprise,emotions,language
afr_train_track_a_00001,"die grondeienaars het die departement genader om hulp, waarna die tegniese aspekte van die die voorgestelde projek ondersoek en ontleed was.",0,0,0,0,0,,[],afrikaans
afr_train_track_a_00002,dit is verder 'n erkende feit dat daar meningsverskil betstaan rondom die vertolking van onderwysregte in suid-afrika.,0,0,0,0,0,,[],afrikaans
afr_train_track_a_00003,baie families in die wes-kaap is in rou gedompel en heelwat families het meer as een familielid aan die dood afgestaan.,0,0,0,0,1,,['sadness'],afrikaans
afr_train_track_a_00004,ons wil u deelmaak van die werk wat ons doen.,0,0,0,1,0,,['joy'],afrikaans
afr_train_track_a_00005,en dit onderstreep waarom naln en nelm gesamentlik en afsonderlik 'n onverhandelbare nasionale kul-turele bate vorm.,0,0,0,1,0,,['joy'],afrikaans
afr_train_track_a_00006,ons het ook r15 miljard begroot vir die uitgebreide openbare werke program met die doel om meer werks- en opleidingsgeleenthede te skep.,0,0,0,1,0,,['joy'],afrikaans
afr_train_track_a_00007,om toe te sien dat maatreëls ter verlaging van die koste van medisyne onmiddellik in werking gestel word.,0,0,0,1,0,,['joy'],afrikaans
afr_train_track_a_00008,dit gee hulle die kans om te vergoed vir dat wat hulle verkeerd gedoen het.,0,0,0,1,0,,['joy'],afrikaans
afr_train_track_a_00009,ons vier hierdie dag saam met voormalige politieke gevangenes wat ons spesiaal uitgenooi het om hier by ons aan te sluit.,0,0,0,1,0,,['joy'],afrikaans
afr_train_track_a_00010,ons implementeer planne om die aantal polisiemanne en -vroue oor die volgende 10 jaar met 10% te vermeerder.,0,0,0,0,0,,[],afrikaans
afr_train_track_a_00011,daar word ook baie oor afrikaans gepraat.,0,0,0,0,0,,[],afrikaans
afr_train_track_a_00012,"oor agt dae, op 16 februarie, sal sy 92 jaar oud wees.",0,0,0,0,0,,[],afrikaans
afr_train_track_a_00013,sterkte en alles van die beste vir u en vir ons land.,0,0,0,1,0,,['joy'],afrikaans
afr_train_track_a_00014,dit sluit nie net onderwys en kultuur-organisasies in nie.,0,0,0,0,0,,[],afrikaans
afr_train_track_a_00015,elf jaar later is bloemfontein se isolasie van die res van die land luisterryk beëindig met die koms van die stoomtrein.,0,0,0,1,0,,['joy'],afrikaans
afr_train_track_a_00016,hierdie afname is grootliks te danke aan ’n dramatiese uitbreiding van besteding op maatskaplike toelae sedert 2002.,0,0,0,1,0,,['joy'],afrikaans
afr_train_track_a_00017,elkeen van ons kan tot 'n beter lewe bydra.,0,0,0,1,0,,['joy'],afrikaans
afr_train_track_a_00018,ons is bevoorreg om hierdie jaar die einde van die eerste dekade van ons diplomatiese verhouding met china te vier.,0,0,0,1,0,,['joy'],afrikaans
afr_train_track_a_00019,dit het die ouderlinge van die kerk 12 jaar gevat om hom dit te leer.,0,0,0,0,0,,[],afrikaans
afr_train_track_a_00020,"en omdat ons nie genoeg gespaar het nie, moes ons op korttermyn-kapitaalvloei staatmaak om die tekort sowel as ons beleggingsprogramme te finansier.",0,0,1,0,1,,['fear' 'sadness'],afrikaans
afr_train_track_a_00021,dit is die boland wat ons van helde in ons gemeenskappe voorsien.,0,0,0,1,0,,['joy'],afrikaans
afr_train_track_a_00022,dié saamdinkberaad naln 2000 was daarop gemik om 'n beginfase van konsultasie met 'n breë en inklusiewe gebruikerspubliek te wees.,0,0,0,1,0,,['joy'],afrikaans
afr_train_track_a_00023,die regering van die wes-kaap wil saam met u en die produsente en ander welmenende organisasies werk om u lewensomstandighede te verbeter.,0,0,0,1,0,,['joy'],afrikaans
afr_train_track_a_00024,ek wil ook alle landsburgers bedank vir hul deursettingsvermoë en geduld in die lig van die huidige moeilikhede.,0,0,0,1,0,,['joy'],afrikaans
afr_train_track_a_00025,hierdie is almal plekke wat in die genoemde tekste ter sprake kom.,0,0,0,0,0,,[],afrikaans
afr_train_track_a_00026,in haar era was sy 'n lewende legende; vandag weet bitter min egter van haar.,0,0,0,0,1,,['sadness'],afrikaans
afr_train_track_a_00027,maar niemand behalwe onsself kan sorg dat hierdie droom verwesenlik word nie.,0,0,0,1,0,,['joy'],afrikaans
afr_train_track_a_00028,in hierdie verband wil ons ons reëlingskomitee (oc) en ander vennote gelukwens met die uitmuntende werk wat hulle verrig.,0,0,0,1,0,,['joy'],afrikaans
afr_train_track_a_00029,in januarie 1981 beleef die nuyvallei die laingsburg-vloed wat 'n spoor van verwoesting nalaat.,0,0,0,0,1,,['sadness'],afrikaans
afr_train_track_a_00030,die vryheidsmanifes vorm ook die basis van die grondwet.,0,0,0,1,0,,['joy'],afrikaans
afr_train_track_a_00031,die nommer bevat hoofartikels en berigte uit ons land van 3 desember 1904 pres.,0,0,0,0,0,,[],afrikaans
afr_train_track_a_00032,die rgn sou graag behulpsaam wees met die uitbou van die museum.,0,0,0,0,0,,[],afrikaans
afr_train_track_a_00033,"toe die verslaggewer egter later daar opdaag, wou sy nie hê dat dit gepubliseer word nie.",0,0,0,0,1,,['sadness'],afrikaans
afr_train_track_a_00034,jaarliks word daar ongeveer r47 miljoen aan hierdie diens bestee.,0,0,0,1,0,,['joy'],afrikaans
afr_train_track_a_00035,ons het nog ’n ver pad om te gaan.,0,0,1,0,0,,['fear'],afrikaans
afr_train_track_a_00036,daar is feitlik elke dag insidente van verdrinkings of amperse verdrinkings.,0,0,0,0,1,,['sadness'],afrikaans
afr_train_track_a_00037,"schoeman aan hom gegee het, vir naln saamgebring.",0,0,0,0,0,,[],afrikaans
afr_train_track_a_00038,ek wil ook graag met eskom kan skou.,0,0,0,1,0,,['joy'],afrikaans
afr_train_track_a_00039,daar is egter 'n ernstige behoefte aan 'n groter orgaan skenkersbewustheid.,0,0,0,0,1,,['sadness'],afrikaans
afr_train_track_a_00040,die beginsel van veeltaligheid is belangrik wanneer regte en dienslewering in ag geneem word.,0,0,0,1,0,,['joy'],afrikaans
afr_train_track_a_00041,baie families in die wes-kaap sonder broodwinners moet nou aangaan met hul lewens en moet probeer om vrede en berusting te vind.,0,0,0,0,1,,['sadness'],afrikaans
afr_train_track_a_00042,ons departement het die nasionale taalbeleidraamwerk ingestel.,0,0,0,1,0,,['joy'],afrikaans
afr_train_track_a_00043,"voorsitter, daar is heel waarskynlik nog 'n hele aantal ander sake wat u wil opper.",0,0,1,0,0,,['fear'],afrikaans
afr_train_track_a_00044,"die posmeester, die dorpsdokter en die skoolmeester is gewoonlik die mense wat die meeste van die dorp af weet.",0,0,0,0,0,,[],afrikaans
afr_train_track_a_00045,"die kabinet het dit goedgekeur dat die laaste pakket van safcol, die komatilandwoude, van ontslae geraak moet word.",0,0,0,0,0,,[],afrikaans
afr_train_track_a_00046,my oupa was die eerste perdewedren kommissaris in die dertigerjare.,0,0,0,1,0,,['joy'],afrikaans
afr_train_track_a_00047,die eerste hiervan is 'n kommersiële voertuig wat die gemeenskap van die richtersveld betrek by hul eie ontwikkeling.,0,0,0,1,0,,['joy'],afrikaans
afr_train_track_a_00048,die komitee is kragtens die wes-kaapse provinsiale taalwet ingestel.,0,0,0,0,0,,[],afrikaans
afr_train_track_a_00049,verskeie taalmonumente is landwyd opgerig.,0,0,0,0,0,,[],afrikaans
afr_train_track_a_00050,"toe anlen die volgende oggend by naln kom kuier het, het sy 'n klein versameling briefies saamgebring.",0,0,0,0,0,,[],afrikaans
afr_train_track_a_00051,"sy was die skryfster van 'n groot aantal kinderversies en rympies in afrikaans, reeds vanaf die dertigerjare.",0,0,0,0,0,,[],afrikaans
afr_train_track_a_00052,"hulle is bekommerd oor ons vermoë om die demokratiese regte en die demokratiese grondwet wat uit enorme opofferings gebore is, te beskerm.",0,0,1,0,0,,['fear'],afrikaans
afr_train_track_a_00053,hierdie pogings is deur ons openbare werke-program versterk.,0,0,0,1,0,,['joy'],afrikaans
afr_train_track_a_00054,"hulle mag nou in die groot stede woon, maar hulle kom van die boland.",0,0,0,0,0,,[],afrikaans
afr_train_track_a_00055,hierdie aanbod toon hoe die belangegemeenskap naln kan help om steeds positief oor die toekoms te bly.,0,0,0,1,0,,['joy'],afrikaans
afr_train_track_a_00056,"dit moet gebeur deur u ekonomies selfstandig te maak deur middel van projekte soos hierdie, waarvan u deel is.",0,0,0,0,0,,[],afrikaans
afr_train_track_a_00057,daarmee sê ek nie dat onderwys kultuurloos en karakterloos moet wees nie; dat onderwys 'n instrument tot gedwonge uniformiteit moet word nie.,0,0,1,0,1,,['fear' 'sadness'],afrikaans
afr_train_track_a_00058,ons moet immers met ons politici ook kan skou.,0,0,0,1,0,,['joy'],afrikaans
afr_train_track_a_00059,u kan waarlik trots wees op dit wat u vermag het om dalrose die skool te maak wat dit is.,0,0,0,1,0,,['joy'],afrikaans
afr_train_track_a_00060,"die plaas word verbou deur ""harmony farming"" wat 'n 50/50 vennootskap is tussen harmony trust en môrester landgoed.",0,0,0,0,0,,[],afrikaans
afr_train_track_a_00061,hierdie onmiddellike maatreëls sal gelei word deur die beginsel van ’n teensikliese fiskale beleid.,0,0,0,0,0,,[],afrikaans
afr_train_track_a_00062,ek wil u almal bedank vir die pragtige bydrae om te toon dat grondhervorming en bemagtiging binne landbou suksesvol kan plaasvind.,0,0,0,1,0,,['joy'],afrikaans
afr_train_track_a_00063,beleidsverandering moet fokus op ingrypings om werksgeleenthede vir jongmense te skep.,0,0,1,0,0,,['fear'],afrikaans
afr_train_track_a_00064,"dit dateer reeds uit die era toe die vestiging van 'n ""vrystaatse skrywersbiblioteek"" in bloemfontein bepleit is.",0,0,0,0,0,,[],afrikaans
afr_train_track_a_00065,hierdie party se beleid is dus duidelik.,0,0,0,0,0,,[],afrikaans
afr_train_track_a_00066,intensiewe stappe word geneem om te verseker dat hierdie werk op skedule bly.,0,0,0,0,0,,[],afrikaans
afr_train_track_a_00067,welcome het nog 'n idee: 'n gemeenskapsnavorsingsprojek waarvan die inkomste terugvloei na die skool.,0,0,0,1,0,,['joy'],afrikaans
afr_train_track_a_00068,in 1961 volg nog 'n groot omwenteling: die unie word die republiek.,0,0,0,1,0,,['joy'],afrikaans
afr_train_track_a_00069,ons kapitaalinvesteringsprogram lê ten grondslag aan ons strategie vir ekonomiese herstel en groei.,0,0,0,1,0,,['joy'],afrikaans
afr_train_track_a_00070,dit moet egter ontwikkel word op so 'n wyse dat dit die potensiaal van hierdie mooi land ten volle kan ontsluit.,0,0,1,1,0,,['fear' 'joy'],afrikaans
afr_train_track_a_00071,"ofskoon die reeks instellings wat op spontane wyse hieruit gaan ontspring nie homogeen in voor-koms, bedryfsmodel, e.d.m.",0,0,0,0,0,,[],afrikaans
afr_train_track_a_00072,die koste van die projek beloop r615 000 per jaar.,0,0,0,0,0,,[],afrikaans
afr_train_track_a_00073,cornelis jacob langenhoven is gebore in die nag tussen 12 en 13 augustus in 1873.,0,0,0,0,0,,[],afrikaans
afr_train_track_a_00074,dit sal die grondslag lê waarvolgens alle maatskaplike vennote plaaslike ekonomiese ontwikkeling kan bespoedig.,0,0,0,1,0,,['joy'],afrikaans
afr_train_track_a_00075,andré thops is die alleeneienaar van die plaas olyfkloof wat hy in 2004 gekoop het (42 ha).,0,0,0,0,0,,[],afrikaans
afr_train_track_a_00076,hy was lank voorsitter van die oranjeklub en menige jongmens het hulle eerste tuiste in kaapstad gevind in sy huis in tamboerskloof.,0,0,0,1,0,,['joy'],afrikaans
afr_train_track_a_00077,"die dreinering van breinkrag deur emigrasie is ooglopend uit ons eie volk se oogpunt asook streeksverband, onwenslik.",0,0,1,0,1,,['fear' 'sadness'],afrikaans
afr_train_track_a_00078,"boonop kry boere 'n vyf-jaar belastingvakansie, en word hulle vrygestel van invoerbelasting op alle landbou-insette en -toerusting.",0,0,0,1,0,,['joy'],afrikaans
afr_train_track_a_00079,"die europese unie het byvoorbeeld begin met elf tale, tot op hede het dit vermeerder na 21.",0,0,0,0,0,,[],afrikaans
afr_train_track_a_00080,ons kan nooit ons rug op hulle draai nie.,0,0,0,0,0,,[],afrikaans
afr_train_track_a_00081,die vraag is hoe lank wil diesulkes gereed wees voordat hulle oorgaan tot die implementering van projekte.,1,0,0,0,0,,['anger'],afrikaans
afr_train_track_a_00082,daar is nog net drie maande oor voor hierdie geskiedkundige gebeurtenis plaasvind.,0,0,0,1,0,,['joy'],afrikaans
afr_train_track_a_00083,dit het tot 'n verenigde staat gelei.,0,0,0,1,0,,['joy'],afrikaans
afr_train_track_a_00084,oral is daar bekommerde en soms beswaarde gesprekke oor wat van die afrikaanse taal en kultuur word.,0,0,1,0,1,,['fear' 'sadness'],afrikaans
afr_train_track_a_00085,hier sou die hele stroom in twee gelyke dele verdeel word tussen boonste besitters en onderste besitters.,0,0,0,0,0,,[],afrikaans
afr_train_track_a_00086,die regstelling van historiese onewewigtigheid en marginalisering is belangrike prioriteite van die staat.,0,0,0,1,0,,['joy'],afrikaans
afr_train_track_a_00087,"program direkteur, ek wil afsluit deur vir u te sê dat hierdie projek die elim-gemeenskap volwaardig deel maak van landbou.",0,0,0,1,0,,['joy'],afrikaans
afr_train_track_a_00088,"vandag is vaste belegging as persentasie van die bruto binnelandse produk - teen sowat 18,4% - op sy hoogste vlak sedert 1991.",0,0,0,0,0,,[],afrikaans
afr_train_track_a_00089,nog baie meer is sonder elektrisiteit en sanitasie.,1,0,0,0,1,,['anger' 'sadness'],afrikaans
afr_train_track_a_00090,die beginsel is dan dat die gemeeenskaplike funksies gesamentlik met die ander kultuurgemeenskappe bestuur word.,0,0,0,0,0,,[],afrikaans
afr_train_track_a_00091,"haar oë vonkel as sy met die hand na al die geliefde, bekende karakters beduie.",0,0,0,1,0,,['joy'],afrikaans
afr_train_track_a_00092,denel n bedrag van r400 miljoen is verkry deur die afsetting van bates wat nie as essensieël beskou word nie.,0,0,0,1,0,,['joy'],afrikaans
afr_train_track_a_00093,berna ackerman was die skrywersgas en sou self liesbet se verhaal aan die hand van bloemfonteinse bakens vertel.,0,0,0,0,0,,[],afrikaans
afr_train_track_a_00094,dit sal ons kommunikasie verbeter en ons almal sal 'n aandeel hê aan 'n suid-afrika wat werklik aan almal behoort.,0,0,0,1,0,,['joy'],afrikaans
afr_train_track_a_00095,de wet na die boerekommando?s gegaan het om haar man te besoek.,0,0,0,0,0,,[],afrikaans
afr_train_track_a_00096,die boerdery moet aan u 'n geleentheid bied om u totale menswees te kan uitleef.,0,0,0,1,0,,['joy'],afrikaans
afr_train_track_a_00097,een van die dinge wat hierdie skool so spesiaal maak is juis dat julle gekies het om hierdie geleentheid te vier.,0,0,0,1,0,,['joy'],afrikaans
afr_train_track_a_00098,en dié kom toe op die vooraand van die 24ste in die vorm van tobie cronjé en steve hofmeyr.,0,0,0,0,0,,[],afrikaans
afr_train_track_a_00099,die ontwikkeling van nuwe programme is dus van kardinale belang.,0,0,1,0,0,,['fear'],afrikaans
afr_train_track_a_00100,ons sal saam met julle aan die regte deure klop om by die oplossing uit te kom.,0,0,0,1,0,,['joy'],afrikaans
afr_train_track_a_00101,"omdat die laboratoriums wat die tegniek uitvoer beperk is, word daar tans dikwels vertragings ondervind met die verkryging van resultate.",0,0,1,0,1,,['fear' 'sadness'],afrikaans
afr_train_track_a_00102,binne korrektiwe dienste wil ons hulle wys dat hulle menslik is en dat ons seker wil maak dat hulle wel kan verander.,0,0,0,1,1,,['joy' 'sadness'],afrikaans
afr_train_track_a_00103,daardie argiewe vertel van die lywige korrespondensie tussen hom en dr. a. kuyper.,0,0,0,0,0,,[],afrikaans
afr_train_track_a_00104,programme ter verbetering van ons stelsel van plaaslike regering word teen 'n vinnige pas voortgesit.,0,0,0,1,0,,['joy'],afrikaans
afr_train_track_a_00105,daarom plaas ek die oorblywende jare van my lewe in julle hande.,0,0,0,0,0,,[],afrikaans
afr_train_track_a_00106,"boere en werkers lyk nie noodwendig anders nie, en dit is iets positiefs wat tans aan die gebeur is.",0,0,0,1,0,,['joy'],afrikaans
afr_train_track_a_00107,daar is ook geen twyfel nie dat ons meer selfwerksaamheid kan skep deur middle van klein en mikro-ondernemings.,0,0,0,1,0,,['joy'],afrikaans
afr_train_track_a_00108,terselfdertyd wens ons die mense van zimbabwe alle sukses toe met die verkiesing wat vir 29 maart beplan word.,0,0,0,1,0,,['joy'],afrikaans
afr_train_track_a_00109,wel dikwels voel ons dat ons eintlik nie so spesiaal is nie.,0,0,0,0,1,,['sadness'],afrikaans
afr_train_track_a_00110,laat ons ook met mekaar praat in die verskillende tale van ons land.,0,0,0,1,0,,['joy'],afrikaans
afr_train_track_a_00111,"wat 'n dag moes wees met 'n tydelike afskeid omdat mense werk toe gegaan het, het 'n permanente afskeid geword.",0,0,0,0,1,,['sadness'],afrikaans
afr_train_track_a_00112,in desember 2009 het die kabinet 'n omkeerstrategie vir die plaaslike regering goedgekeur.,0,0,0,0,0,,[],afrikaans
afr_train_track_a_00113,om in hulle te belê is inderdaad 'n strategiese belegging.,0,0,0,1,0,,['joy'],afrikaans
afr_train_track_a_00114,"so byvoorbeeld het die verbruikersprysindeks vir voedsel (vpi-voedsel) oor die tydperk april 2007 tot april 2008 met 15,7 percent gestyg.",0,0,0,1,0,,['joy'],afrikaans
afr_train_track_a_00115,r700 miljoen is alreeds aan die sandf bewillig om hierdie program te verskerp.,0,0,0,1,0,,['joy'],afrikaans
afr_train_track_a_00116,die sterkte van ons wisselkoers op die hoogtepunt van die seisoen het ook die pryssituasie vererger.,0,0,1,0,1,,['fear' 'sadness'],afrikaans
afr_train_track_a_00117,u woon in 'n pragtige deel van die provinsie.,0,0,0,1,0,,['joy'],afrikaans
afr_train_track_a_00118,en ons is vasberade om 'n sukses daarvan te maak.,0,0,0,1,0,,['joy'],afrikaans
afr_train_track_a_00119,ons as kabinet wou ook graag self die mense van die wes-kaap ontmoet en hoor wat hulle probleme en tekortkominge is.,0,0,0,0,0,,[],afrikaans
afr_train_track_a_00120,die groot uitdaging in die volgende paar jaar gaan wees om die regte balans te kry tussen hierdie rolspelers.,0,0,1,0,0,,['fear'],afrikaans
afr_train_track_a_00121,"om ons ekonomiese groei en ontwikkeling nog verder te bespoedig, sal ons die industriële beleidsaksieplan implementeer.",0,0,0,1,0,,['joy'],afrikaans
afr_train_track_a_00122,"indien toerisme 'n volhoubare komponent van die suid-afrikaanse ekonomie gaan wees, moet die bedryf groei en transformeer.",0,0,1,0,0,,['fear'],afrikaans
afr_train_track_a_00123,skietfontein was 2 000 morg groot.,0,0,0,0,0,,[],afrikaans
afr_train_track_a_00124,hulle is 'n simbool van die opofferings wat baie moes maak wat soveel weens apartheid moes trotseer.,0,0,0,0,1,,['sadness'],afrikaans
afr_train_track_a_00125,dit is vanselfsprekend dat ons die stryd teen misdaad moet voortsit en verskerp.,0,0,1,0,0,,['fear'],afrikaans
afr_train_track_a_00126,hierdie tipe eensydige beriggewing doen afbreek aan die bou van gesonde verhoudinge binne die landboubedryf en dit is werklik betreurenswaardig.,1,0,0,0,1,,['anger' 'sadness'],afrikaans
afr_train_track_a_00127,dit is tot niemand se voordeel en help niemand as ons eenkant staan en vingers wys nie.,1,0,0,0,1,,['anger' 'sadness'],afrikaans
afr_train_track_a_00128,"ons moet seker maak dat wanneer hulle uit die gevangenis kom, dat hulle nie na misdaad teruggaan nie.",0,0,0,0,1,,['sadness'],afrikaans
afr_train_track_a_00129,ruim meer as 'n miljoen eksemplare is daarvan verkoop.,0,0,0,1,0,,['joy'],afrikaans
afr_train_track_a_00130,"insluitende die paramediese dienste, dokters, verpleegsters en die sakelui.",0,0,0,0,0,,[],afrikaans
afr_train_track_a_00131,ons sal gesondheidsprogramme in skole herinstel.,0,0,0,1,0,,['joy'],afrikaans
afr_train_track_a_00132,om die gehawende nuyrivier min of meer tot sy oorspronklike loop te kanaliseer sou ± r160 000 beloop.,0,0,0,0,0,,[],afrikaans
afr_train_track_a_00133,my vurigste begeerte was om kunsskilder te word.,0,0,0,0,0,,[],afrikaans
afr_train_track_a_00134,"staatsdiens het mos nie meer geld nie, né).",0,0,0,0,1,,['sadness'],afrikaans
afr_train_track_a_00135,hierdie deeldam is offisieël op 30 september 1908 deur john x. merriman geopen.,0,0,0,0,0,,[],afrikaans
afr_train_track_a_00136,maar daar bestaan geen twyfel dat hierdie program in ’n beduidend hoër rat oorgeskakel kan en moet word nie.,0,0,1,0,0,,['fear'],afrikaans
afr_train_track_a_00137,"wat van belang is, is dat hierdie soort seëls nou nie juis ernstige filateliste opgewonde sal maak nie.",0,0,0,0,1,,['sadness'],afrikaans
afr_train_track_a_00138,die oom het toe maar na baie jare se gesukkel besluit om op te gee en sy goed op 'n vendusie te verkoop.,0,0,0,0,1,,['sadness'],afrikaans
afr_train_track_a_00139,dit is wat ons gaan doen.,0,0,0,0,0,,[],afrikaans
afr_train_track_a_00140,ek het probeer om nie struikel nie; ek het ’n paar misstappe langs die pad gegee.,0,0,0,0,1,,['sadness'],afrikaans
afr_train_track_a_00141,"hoofstuk 4 begin met 'n ""uilspieël""-seël (eweneens uit melita se uitstalling).",0,0,0,0,0,,[],afrikaans
afr_train_track_a_00142,"ons het eers buite gelê en wag en signale gemaak vir 'n piloot,"" vertel sy ekstaties.",0,0,0,0,0,,[],afrikaans
afr_train_track_a_00143,dit is egter te gou om seker te wees oor die tempo van hierdie herstelproses.,0,0,1,0,0,,['fear'],afrikaans
afr_train_track_a_00144,"dit is ook ons geleentheid, as landbouers, om die publiek positief in te stem teenoor landbou.",0,0,0,1,0,,['joy'],afrikaans
afr_train_track_a_00145,in dié hoedanigheid het hy ook gedien op die naln-beurskomitee en die kuratoriums van die stigting naln en die a.d. keet-publikasiefonds.,0,0,0,0,0,,[],afrikaans
afr_train_track_a_00146,ons moet in ons jeug belê ten einde 'n vaardige en bekwame werksmag te verseker wat groei en werkskepping ondersteun.,0,0,0,0,0,,[],afrikaans
afr_train_track_a_00147,"nadat hulle na jare weer bymekaar kom, praat hulle toe oor wat hulle vir hulle bejaarde moeder gedoen het.",0,0,0,0,1,,['sadness'],afrikaans
afr_train_track_a_00148,kompetisie tussen die verskillende verbruikersektore om die beskikbare water gaan nog toeneem.,0,0,1,0,1,,['fear' 'sadness'],afrikaans
afr_train_track_a_00149,"die suid-afrikaanse volstruisbedryf verskaf werk aan sowat 16 000 mense en verdien r1,2 miljard per jaar aan buitelandse valuta vir die land.",0,0,0,1,0,,['joy'],afrikaans
afr_train_track_a_00150,dit is belangrik en nodig dat daar persone is wat daardie werke kan doen.,0,0,0,0,0,,[],afrikaans
afr_train_track_a_00151,ons sal nogtans verseker dat die leningsvlakke van die regering versigtig en volhoubaar is.,0,0,0,0,0,,[],afrikaans
afr_train_track_a_00152,"ons doen hiermee 'n oproep aan individue, leeskringe, skrywersverenigings, kultuurverenigings, skole, ens.",0,0,0,0,0,,[],afrikaans
afr_train_track_a_00153,die afrikaanse taal-saak het in al daardie jare baie na aan die hart van die politieke saak geklop.,0,0,0,0,0,,[],afrikaans
afr_train_track_a_00154,die meeste van die seëls word ironies aangewend.,0,0,0,0,0,,[],afrikaans
afr_train_track_a_00155,ons moet ook geslagsgelykheidsmaatreëls in die regering se aksieprogram integreer.,0,0,1,0,0,,['fear'],afrikaans
afr_train_track_a_00156,hierdie probleme het saamgeval met ’n tydperk waarin inflasie en rentekoerse steeds te hoog was.,0,0,0,0,1,,['sadness'],afrikaans
afr_train_track_a_00157,die projek is in 2005 begin met nege aandeelhouers wat bestaan uit die personeel van die de doorns wynkelder.,0,0,0,0,0,,[],afrikaans
afr_train_track_a_00158,"dit is baie duidelik dat die reguleringstelsel wat ons in plek het, onvoldoende is.",1,0,0,0,1,,['anger' 'sadness'],afrikaans
afr_train_track_a_00159,ons sien uit na jou volgende kuier.,0,0,0,1,0,,['joy'],afrikaans
afr_train_track_a_00160,die nuwe regering in die wes-kaap glo dat elke inwoner die vryheid moet hê om homself op te werk in die lewe.,0,0,0,1,0,,['joy'],afrikaans
afr_train_track_a_00161,roofdierbeheer is tans 'n sensitiewe kwessie.,0,0,0,0,1,,['sadness'],afrikaans
afr_train_track_a_00162,"die navorsing in verband met die 231 plaaslike munisipaliteite, 46 distriksmunisipaliteite en ses metropolitaanse munisipaliteite is deur empowerdex gedoen.",0,0,0,0,0,,[],afrikaans
afr_train_track_a_00163,in berna se verhaal het die hoofkarakter in dié saal gelê terwyl sy van maagkoors herstel het.,0,0,0,0,1,,['sadness'],afrikaans
afr_train_track_a_00164,ons staan reeds saam om te werk aan 'n beter lewe vir almal.,0,0,0,1,0,,['joy'],afrikaans
afr_train_track_a_00165,na die onlangse verkiesings het die politieke landskap in suid afrika interessante veranderings ondergaan.,0,0,0,0,0,,[],afrikaans
afr_train_track_a_00166,die provinsiale regering het ten doel om die kwaliteit van lewe van al die mense in die provinsie te verbeter.,0,0,0,1,0,,['joy'],afrikaans
afr_train_track_a_00167,"die tweede, hersiene uitgawe van lig uit die ooste verskyn in 1966, nadat die skrywer reeds oorlede is.",0,0,0,0,1,,['sadness'],afrikaans
afr_train_track_a_00168,deur 'n oop raam het verre snaarmusiek en sagte lamplig op die stilte getril.,0,0,0,1,0,,['joy'],afrikaans
afr_train_track_a_00169,"juis daarom het ek sita, die staatsinligtingstegnologieagentskap versoek om hulp.",0,0,0,0,0,,[],afrikaans
afr_train_track_a_00170,jack holloway se professionele lewe het begin as onderwyser aan grey kollege.,0,0,0,0,0,,[],afrikaans
afr_train_track_a_00171,kaapstad het 'n pynlike geskiedenis van skeiding wat steeds sigbaar is in woongebiede wat langs rasselyne verdeel is.,0,0,0,0,1,,['sadness'],afrikaans
afr_train_track_a_00172,dit laat haar juis onthou van haar tante se kinderversies wat sy destyds getoonset het.,0,0,0,1,0,,['joy'],afrikaans
afr_train_track_a_00173,die groei- en ontwikkelingsberaad verlede jaar was 'n goeie begin.,0,0,0,1,0,,['joy'],afrikaans
afr_train_track_a_00174,deur saam te werk kan ons meer doen.,0,0,0,1,0,,['joy'],afrikaans
afr_train_track_a_00175,ons het nog baie werk wat dit aanbetref.,0,0,0,0,1,,['sadness'],afrikaans
afr_train_track_a_00176,suid afrika behoort met al sy riviere te kan skou.,0,0,0,1,0,,['joy'],afrikaans
afr_train_track_a_00177,dit impliseer ook 'n vinnige afname in regeringskuldvlakke wanneer toestande weer 'n gunstige wending neem.,0,0,0,1,0,,['joy'],afrikaans
afr_train_track_a_00178,hulle het ons trane laat stort.,0,0,0,0,1,,['sadness'],afrikaans
afr_train_track_a_00179,ek soek dringend studente vanuit minderbevoorregte gemeenskappe met wiskunde en wetenskap om in landbou te studeer.,0,0,0,0,1,,['sadness'],afrikaans
afr_train_track_a_00180,ten spyte van al die positiewe syfers meen bredell egter dat daar steeds ruimte vir verbetering is.,0,0,0,1,0,,['joy'],afrikaans
afr_train_track_a_00181,"meertaligheid is 'n feit, 'n bate en 'n grondwetlike reg en opdrag.",0,0,0,1,0,,['joy'],afrikaans
afr_train_track_a_00182,"ek glo baie sterk daaraan dat om te kan boer nie 'n reg is nie, dis 'n voorreg.",0,0,0,1,0,,['joy'],afrikaans
afr_train_track_a_00183,"lande soos suid afrika wat afskop met 'n gebrek aan vaardighede, kan vinnig, verder en verder agter raak.",0,0,1,0,1,,['fear' 'sadness'],afrikaans
afr_train_track_a_00184,"die arbeidstatistiek wat dinsdag vrygestel is, dui daarop dat die ekonomie tans werksgeleenthede skep eerder as om dit in te boet.",0,0,0,1,0,,['joy'],afrikaans
afr_train_track_a_00185,dit sal in 'n ouditeerbare skriftelike verslag opgeteken word.,0,0,0,0,0,,[],afrikaans
afr_train_track_a_00186,"die baken in die suidekant het bo-op magaliesberg gestaan en die een in die noorde, daar onder in die wye vlaktes.",0,0,0,0,0,,[],afrikaans
afr_train_track_a_00187,ek wil weereens die springbokke bedank wat die aanvoorwerk gedoen het toe hulle die rugbywêreldbeker verlede jaar gewen het.,0,0,0,1,0,,['joy'],afrikaans
afr_train_track_a_00188,die aand is afgesluit met 'n simboliese oorhandiging van die dokumente waaruit antoinette pienaar se karoo-stories hul ontstaan gehad het.,0,0,0,1,0,,['joy'],afrikaans
afr_train_track_a_00189,politieke onbetrokkenheid van die volk en 'n blinde vertroue in the np.,1,0,0,0,0,,['anger'],afrikaans
afr_train_track_a_00190,die bykomstige kontrakte onder die a400m beleid skep oor die algemeen geleenthede vir die lugvaartbedryf.,0,0,0,1,0,,['joy'],afrikaans
afr_train_track_a_00191,die khampepe kommissie se aanbevelings oor die mandaat en werksaamhede van die direktoraat spesiale operasies (die skerpioene) implementer.,0,0,0,0,0,,[],afrikaans
afr_train_track_a_00192,dit is waarom ons die kabinetsvergadering op die platteland 'n kwartaallikse instelling gaan maak.,0,0,0,0,0,,[],afrikaans
afr_train_track_a_00193,ons sal harder werk om suid-afrika se belange wêreldwyd te bevorder.,0,0,0,1,0,,['joy'],afrikaans
afr_train_track_a_00194,die gautengse provinsiale regering het hom verbind tot die bevordering van gehalte-onderwys en om vaardighede te lewer.,0,0,0,1,0,,['joy'],afrikaans
afr_train_track_a_00195,welvaart word geskep om mense se lewenskwaliteit te verbeter.,0,0,0,1,0,,['joy'],afrikaans
afr_train_track_a_00196,dit fokus op samewerking tussen die departement en alle ander rolspelers in die landbou sektor om menslike kapitaal op te bou.,0,0,0,1,0,,['joy'],afrikaans
afr_train_track_a_00197,"dit is dan ook die rede waarom die landbousektor 'n unieke bank het wat na die spesifieke behoeftes kan omsien, die landbank.",0,0,0,1,0,,['joy'],afrikaans
afr_train_track_a_00198,die kombinasie van hierdie veranderlikes vereis dat daar unieke voorsiening vir landbou gemaak moet word.,0,0,0,0,0,,[],afrikaans
afr_train_track_a_00199,maar ons kan nie tevrede wees met slegs kwantitatiewe verandering nie.,0,0,1,0,0,,['fear'],afrikaans
afr_train_track_a_00200,ons sal natuurlik ook voortgaan om ons take in die verenigde nasies se veiligheidsraad uit te voer.,0,0,0,0,0,,[],afrikaans
afr_train_track_a_00201,"hierdie voorsiening is nie beperk tot suid-afrika nie, maar kom wêreldwyd voor.",0,0,0,1,0,,['joy'],afrikaans
afr_train_track_a_00202,die regering van die wes-kaap gaan u nie versaak in u tyd van hartseer nie.,0,0,0,1,0,,['joy'],afrikaans
afr_train_track_a_00203,die twee stukke grond is tans in die besit van goosen trust.,0,0,0,0,0,,[],afrikaans
afr_train_track_a_00204,die boubedryf is weer op dreef om die vaardighede van die provinsie uit te bou en broodnodige werkgeleenthede te skep.,0,0,0,1,0,,['joy'],afrikaans
afr_train_track_a_00205,elke kind kry n mondstuk en word aangemoedig om mond tot mond asemhaling op die pop te oefen.,0,0,0,0,0,,[],afrikaans
afr_train_track_a_00206,dit is noodsaaklik dat die dam gebou word omdat die boorgate nie genoeg water op 'n slag kan gee nie.,0,0,1,0,0,,['fear'],afrikaans
afr_train_track_a_00207,synde 'n chef van formaat daar in australië sou dit darem lekker wees as naln-se-lemoene eendag in een van sy boeke opduik.,0,0,0,1,0,,['joy'],afrikaans
afr_train_track_a_00208,jy sal wel bewus wees dat ons net verlede week 'n voormalige streekskommissaris afgedank het.,1,0,0,0,0,,['anger'],afrikaans
afr_train_track_a_00209,ons sal onderwysers help deur gedetailleerde daaglikse lesplanne te voorsien.,0,0,0,1,0,,['joy'],afrikaans
afr_train_track_a_00210,verdere landbou-ekonomiese navorsing sluit die evaluering van aanlegte in wat in hul eie energiebehoeftes (elektrisiteit) voorsien.,0,0,0,0,0,,[],afrikaans
afr_train_track_a_00211,die provinsie produseer die afgelope sewe jaar 'n gemiddelde surplus van 286 000 ton koring.,0,0,0,1,0,,['joy'],afrikaans
afr_train_track_a_00212,"wat prof. [j.j.] smith bedoel met 'n obsene bybetekenis, weet ek glad nie.",0,0,1,0,0,,['fear'],afrikaans
afr_train_track_a_00213,ons vasteland wys die wêreld hoe hoop en deursettingsvermoë lyk.,0,0,0,1,0,,['joy'],afrikaans
afr_train_track_a_00214,"materiaal vir die museum, voorwaar!",0,0,0,1,0,,['joy'],afrikaans
afr_train_track_a_00215,ons moet verseker dat meer jongmense leerderskappe in die privaat- en openbare sektor betree.,0,0,0,0,0,,[],afrikaans
afr_train_track_a_00216,ek weet ook dat u reeds verskeie kursusse op landbougebied deurloop het.,0,0,0,0,0,,[],afrikaans
afr_train_track_a_00217,daar sal uiteindelik 16 ha tafeldruiwe ontwikkel word waarvan twee ha reeds in 2006 aangeplant is.,0,0,0,1,0,,['joy'],afrikaans
afr_train_track_a_00218,dus behoort die vraag of groei regverdig verdeel word ’n sentrale aspek van alle ekonomiese oorwegings te wees.,0,0,1,0,0,,['fear'],afrikaans
afr_train_track_a_00219,om betrokke te raak by die welsyn van hulel families en hulle kultuurgemeenskap.,0,0,0,1,0,,['joy'],afrikaans
afr_train_track_a_00220,die vrystaatse ad hoc-komitee is nie tevrede nie en vra 'n onderhoud met die minister van nasionale opvoeding aan.,0,0,0,0,0,,[],afrikaans
afr_train_track_a_00221,as gevolg van toeslikking en groter waterbehoeftes word die wal van keeromdam gedurende 1889 - 1990 met 3 - 4 verhoog.,0,0,0,0,0,,[],afrikaans
afr_train_track_a_00222,die skrywer self het egter verkies om sy verjaardag op die twaalfde te vier.,0,0,0,0,0,,[],afrikaans
afr_train_track_a_00223,ons finansiële instellings is 'n kragtige voorbeeld wat ons ietwat beskut het teen die wêreldwye ekonomiese storms.,0,0,0,1,0,,['joy'],afrikaans
afr_train_track_a_00224,dit beteken ook dat elkeen 'n blyplek van sy eie sal hê waarop hy of sy trots kan wees.,0,0,0,1,0,,['joy'],afrikaans
afr_train_track_a_00225,ons sal die inhiberende faktore deeglik in oënskou neem sodat ons hierdie program as ’n saak van dringendheid kan bespoedig.,0,0,1,0,0,,['fear'],afrikaans
afr_train_track_a_00226,tans is een derde van ons orgaanskenkers lewende familielede en die res van die organe word beskikbaar weens sterfgevalle.,0,0,0,0,1,,['sadness'],afrikaans
afr_train_track_a_00227,"vandag moet ons, met selfs groter selfvertroue, oor vryheid praat.",0,0,0,1,0,,['joy'],afrikaans
afr_train_track_a_00228,volgens die 2001-sensus het 116 258 huishoudings in die wes-kaap nie oor basiese sanitasie beskik nie.,0,1,0,0,1,,['disgust' 'sadness'],afrikaans
afr_train_track_a_00229,hierdie stelling is baie van toepassing op die mense op die koebeeberg by vanrhynsdorp.,0,0,0,0,0,,[],afrikaans
afr_train_track_a_00230,daar is reeds 24 ha tafeldruiwe onder net gevestig en 'n verdere 14 ha is ook onder net ontwikkel.,0,0,0,0,0,,[],afrikaans
afr_train_track_a_00231,intussen voorsien die hexvallei besproeiingsraad water aan die groep uit hul bestaande bronne.,0,0,0,0,0,,[],afrikaans
afr_train_track_a_00232,net om bevolkingsgroei te neutraliseer beweer minister ab williams dat 'n groei van 6% daarvoor nodig is.dit is tans ongeveer 2%.,0,0,1,0,1,,['fear' 'sadness'],afrikaans
afr_train_track_a_00233,dit is 'n belangrike mylpaal dat u daarin gelsaag het om die verdelings van die verlede te oorbrug.,0,0,0,1,0,,['joy'],afrikaans
afr_train_track_a_00234,"dit sluit eerstens hoër beleggingskoerse in, beide deur die openbare en privaatsektor.",0,0,0,1,0,,['joy'],afrikaans
afr_train_track_a_00235,so hier is ons kans om ook ons kant van die saak te stel.,0,0,0,0,0,,[],afrikaans
afr_train_track_a_00236,die versameling bevat ook heelwat ander werk as taalrubrieke wat hiemstra vir die koerant geskryf het.,0,0,0,0,0,,[],afrikaans
afr_train_track_a_00237,kom ons maak die gesamentlike geveg teen rassisme ons eerste prioriteit.,0,0,0,1,0,,['joy'],afrikaans
afr_train_track_a_00238,hierdie vyfjaar rollende plan is in 2007/08 nagesien en dit beloop nou r78 biljoen.,0,0,0,0,0,,[],afrikaans
afr_train_track_a_00239,"hier is koffie gedrink, en is die museumdag-aspek sinvol beklemtoon.",0,0,0,1,0,,['joy'],afrikaans
afr_train_track_a_00240,ek het die reg om te glo wat ek wil glo.,1,0,0,0,0,,['anger'],afrikaans
afr_train_track_a_00241,"donderdag, 7 augustus, word gewy aan alle besigheidsvroue in die landbousektor, en spesifiek dié betrokke by uitvoere.",0,0,0,1,0,,['joy'],afrikaans
afr_train_track_a_00242,ons inter-ministeriële komitee op korrupsie ondersoek maniere om korrupsie doelgerig die nek in te slaan.,0,0,0,1,0,,['joy'],afrikaans
afr_train_track_a_00243,laat die dood van nadine jantjies nie verniet wees nie.,0,0,0,0,1,,['sadness'],afrikaans
afr_train_track_a_00244,die skaaltjie wat hy gebruik het om die posstukke te weeg is in pretoria in die museum in boomstraat te sien.,0,0,0,0,0,,[],afrikaans
afr_train_track_a_00245,ek wil u uitnooi om onbevange te praat sodat ons die tipe gesprek kan voer waaraan ons binne landbou gewoond is.,0,0,0,1,0,,['joy'],afrikaans
afr_train_track_a_00246,"afrikaans is nie my moedertaal nie, maar dis belangrik dat ek u in die taal waarmee u gemaklik is, toespreek.",0,0,0,0,0,,[],afrikaans
afr_train_track_a_00247,ek kom so baie hier by u op vuki dat die motor al vanself hier wil indraai as ek verby ry.,0,0,0,1,0,,['joy'],afrikaans
afr_train_track_a_00248,"dit is waar die verskil gemaak gaan word, dit is die vennootskap vir verandering.",0,0,0,1,0,,['joy'],afrikaans
afr_train_track_a_00249,ons moet hierdie groot prestasie inderdaad vier.,0,0,0,1,0,,['joy'],afrikaans
afr_train_track_a_00250,briewe moes geweeg en possakke moes verseël word.,0,0,0,0,0,,[],afrikaans
afr_train_track_a_00251,dit is slegs mense wat iets het om mee te spog wat skou.,0,0,0,0,0,,[],afrikaans
afr_train_track_a_00252,by geleentheid het die ambassadeurspaar op wesselsbron kom besoek aflê.,0,0,0,0,0,,[],afrikaans
afr_train_track_a_00253,graag wens ek u geluk met die inisiatief om hierdie kongres te reël.,0,0,0,1,0,,['joy'],afrikaans
afr_train_track_a_00254,ons is die enigste afrikaanssprekendes by die minmec vergaderings.,0,0,0,0,0,,[],afrikaans
afr_train_track_a_00255,junie 2007 is daar 'n konferensie oor alkoholmisbruik onder plaaswerkers gehou.,0,0,0,0,1,,['sadness'],afrikaans
afr_train_track_a_00256,maar dit het my aan die dink gesit.,0,0,0,0,0,,[],afrikaans
afr_train_track_a_00257,sedertdien is 231 huise gebou.,0,0,0,0,0,,[],afrikaans
afr_train_track_a_00258,die status en die welvaart van die taal is ten nouste gekoppel aan die besit en uitoefening van politieke mag.,0,0,0,0,0,,[],afrikaans
afr_train_track_a_00259,die verskyning van hierdie boek het dus betekenis wat veel verder strek as die toekoms van afrikaans.,0,0,0,1,0,,['joy'],afrikaans
afr_train_track_a_00260,dit sê vir my dat u strewe na `n beter lewe vir u en u families.,0,0,0,1,0,,['joy'],afrikaans
afr_train_track_a_00261,die susters glo ook dat hul moeder daarteen gekant was dat haar lied soos ellie rhee op elke straathoek gesing word.,0,0,0,0,0,,[],afrikaans
afr_train_track_a_00262,die redery was van maenen & van den broeck (antwerpen).,0,0,0,0,0,,[],afrikaans
afr_train_track_a_00263,"hy was 50 jaar lank ouderling in die kerk, chris barnard se pa voorgestel in die ng kerk op beaufort-wes.",0,0,0,0,0,,[],afrikaans
afr_train_track_a_00264,dit is ons volkskontrak.,0,0,0,0,0,,[],afrikaans
afr_train_track_a_00265,daar is ook 'n begroting van r200 000 aan die plan gekoppel vir die huidige finansiele jaar.,0,0,0,0,0,,[],afrikaans
afr_train_track_a_00266,dennis horn) en sy neem sedert haar 12de jaar deel aan die junior nasionale seëlskou (junass).,0,0,0,1,0,,['joy'],afrikaans
afr_train_track_a_00267,holloway en vergesel hom later na washington en londen as ambassadeursvrou.,0,0,0,0,0,,[],afrikaans
afr_train_track_a_00268,"dis ook nie sake waaroor ons net in die parlement kan praat nie, daar moet dade volg.",0,0,0,0,0,,[],afrikaans
afr_train_track_a_00269,ons kan nie toelaat dat die bedryf deur sulke vrot kolle bederf word nie.,0,1,0,0,0,,['disgust'],afrikaans
afr_train_track_a_00270,ek weet dat julle als het wat nodig is om dalrose 'n energieke en belangrike deel van die gemeenskap te maak.,0,0,0,1,0,,['joy'],afrikaans
afr_train_track_a_00271,die mikpunt is dat oor 4 jaar 'n totaal van 50 ha ontwikkel moet wees.,0,0,0,0,0,,[],afrikaans
afr_train_track_a_00272,en dit hoef nooit 'n dodelike siekte te wees nie.,0,0,0,1,0,,['joy'],afrikaans
afr_train_track_a_00273,"in augustus 1997 het prof. n.j. snyman sy versameling knipsels oor veral die afrikaanse letterkunde, aan naln oorgedra.",0,0,0,0,0,,[],afrikaans
afr_train_track_a_00274,ons het wetstoepassingsagentskappe beveel om strenger op te tree teen wetteloosheid in balfour en ander gebiede.,0,0,1,0,0,,['fear'],afrikaans
afr_train_track_a_00275,"jou beste prestasie nou, het jou net in posissie geplaas om die volgende uitdaging te oorkom.",0,0,1,1,0,,['fear' 'joy'],afrikaans
afr_train_track_a_00276,deur die jare het dit duideliker as ooit geraak dat hierdie vennootskap baie wedersydse voordele inhou.,0,0,0,0,0,,[],afrikaans
afr_train_track_a_00277,ons sal voortgaan om ons gesondheidsorgstelsel te verbeter.,0,0,0,1,0,,['joy'],afrikaans
afr_train_track_a_00278,deur saam te werk sal ons misdaad verslaan.,0,0,0,1,0,,['joy'],afrikaans
afr_train_track_a_00279,kom ons maak werk daarvan om skouriviere in ons provinsie te hê.,0,0,0,1,0,,['joy'],afrikaans
afr_train_track_a_00280,dit is ons toekoms.,0,0,0,0,0,,[],afrikaans
afr_train_track_a_00281,ons sal harder met ons internasionale eweknieë moet saamwerk om 'n wettig bindende verdrag te beding.,0,0,1,0,1,,['fear' 'sadness'],afrikaans
afr_train_track_a_00282,deur die jare het ons voortdurend die regeringstrukture verbeter.,0,0,0,1,0,,['joy'],afrikaans
afr_train_track_a_00283,dit is deels die gevolg van doelbewuste programme deur die regering om openbare infrastruktuur uit te brei.,0,0,0,1,0,,['joy'],afrikaans
afr_train_track_a_00284,"ons begroot binne 'n drie-jaar of medium termyn raamwerk, en jaarliks in oktober gee ons 'n begrotingsvoorsmaak aan die parlement.",0,0,0,1,0,,['joy'],afrikaans
afr_train_track_a_00285,die filosofie van lewenslange leer en uitkomsgebaseerde onderrig vorm die hoeksteen van die opleiding wat in 'n verskeidendheid vorme aangebied word.,0,0,0,0,0,,[],afrikaans
afr_train_track_a_00286,hierdie tipe inligting stel die museum eweneens aan navorsers en ander belanghebbendes beskik-baar.,0,0,0,1,0,,['joy'],afrikaans
afr_train_track_a_00287,die ontstaan en ontwikkeling van die leeskringkultuur vorm 'n belangrike tema in die geskiedenis van die afrikaanse literatuur en die afrikaanse boek.,0,0,0,1,0,,['joy'],afrikaans
afr_train_track_a_00288,van besondere belang was die erosie wat naby calitzdorp plaasgevind het.,0,0,1,0,1,,['fear' 'sadness'],afrikaans
afr_train_track_a_00289,hierdie basiese waarhede word reeds erken in ons grondwet.,0,0,0,1,0,,['joy'],afrikaans
afr_train_track_a_00290,hierdeur is die basis gelê vir die historiese aankondigings wat president fw de klerk 20 jaar gelede gemaak het.,0,0,0,0,0,,[],afrikaans
afr_train_track_a_00291,ons gee hier 'n samevatting en enkele uittreksels uit die lesing.,0,0,0,0,0,,[],afrikaans
afr_train_track_a_00292,hier in sekere wes-kaapse dorpe is die aantal teringgevalle kommerwekkend hoog en neem dit jaarliks toe.,0,0,1,0,1,,['fear' 'sadness'],afrikaans
afr_train_track_a_00293,ons wil hê dat u mede-eienaarskap van u eie toekoms moet opneem.,1,0,0,0,0,,['anger'],afrikaans
afr_train_track_a_00294,my beklemtoning van kulturele diversiteit moet nie verkeerd verstaan word nie.,0,0,1,0,0,,['fear'],afrikaans
afr_train_track_a_00295,"maar ons, as afrikaanse moedertaalsprekers, moet daarteen waak om nie die taal te isoleer van ander taal-omgewings nie.",0,0,1,0,0,,['fear'],afrikaans
afr_train_track_a_00296,verlede jaar het ons ons eerste resessie in 17 jaar ervaar.,0,0,1,0,1,,['fear' 'sadness'],afrikaans
afr_train_track_a_00297,hierdie afname is grootliks te danke aan 'n dramatiese uitbreiding van besteding op maatskaplike toelae sedert 2002.,0,0,0,0,0,,[],afrikaans
afr_train_track_a_00298,met die toenemende belangrikheid van dienste en nuwe tegnologie fokus ons sentraal op die beskikbaarheid en kwaliteit van onderwys en opleiding.,0,0,0,1,0,,['joy'],afrikaans
afr_train_track_a_00299,"ek glo baie sterk daaraan aan om te kan boer nie'n reg is nie, dis 'n voorreg.",0,0,0,1,0,,['joy'],afrikaans
afr_train_track_a_00300,kommersiële suiwelprodusente kan volgens die unieke konsep ook koeie verhuur aan die projek en daardeur punte op hul seb-telkaart kan verwerf.,0,0,0,1,0,,['joy'],afrikaans
afr_train_track_a_00301,langenhoven is almal se erfenis - dit het die geskiedenis voldoende bewys.,0,0,0,1,0,,['joy'],afrikaans
afr_train_track_a_00302,hulle was vir my meer soos 'n tweede ma en pa as 'n ouma en oupa.,0,0,0,1,0,,['joy'],afrikaans
afr_train_track_a_00303,terselfdertyd beoog ons om digitale uitsending aan 50% van die bevolking beskikbaar te stel teen die einde van die jaar.,0,0,0,1,0,,['joy'],afrikaans
afr_train_track_a_00304,en geen taak is belangriker as om ons land en ons nasie te verenig.,0,0,0,1,0,,['joy'],afrikaans
afr_train_track_a_00305,as u in die oggend opstaan moet u met 'n lied in die hart gaan werk.,0,0,0,1,0,,['joy'],afrikaans
afr_train_track_a_00306,"as enigiemand beter planne het, sê vir ons want ons is buigsaam.",0,0,0,1,0,,['joy'],afrikaans
afr_train_track_a_00307,"die klem val enersyds op die aanmoediging en ontwikkeling van kuns-, dans-, drama- en musiektalent om potensiaal bloot te lê.",0,0,0,1,0,,['joy'],afrikaans
afr_train_track_a_00308,dié versameling van oor die 700 knipsels vul ons bestaande tydskrifbank goed aan.,0,0,0,1,0,,['joy'],afrikaans
afr_train_track_a_00309,deur beukes se toedoen is die eenakter ook as genre in voorgeskrewe werk in die hoërskole van die destydse onderwysdepartemente ingevoer.,0,0,0,0,0,,[],afrikaans
afr_train_track_a_00310,ook die wes-kaapse taalkomitee het in november verlede jaar 'n werkswinkel vir 'n bewussynsveldtog vir khoisan-tale in die provinsie gehou.,0,0,0,1,0,,['joy'],afrikaans
afr_train_track_a_00311,ek wil afsluit deur aan wenners te sê: baie geluk.,0,0,0,1,0,,['joy'],afrikaans
afr_train_track_a_00312,aandeelhouers ontvang gereeld opleiding rondom die projek.,0,0,0,0,0,,[],afrikaans
afr_train_track_a_00313,"ek het dit al by herhaling gesê, maar ek dink dit is goed om dit weer eens vandag te sê.",0,0,0,1,0,,['joy'],afrikaans
afr_train_track_a_00314,ons wil hê die inwoners van ons provinsie moet mede-regeerders wees.,0,0,0,1,0,,['joy'],afrikaans
afr_train_track_a_00315,sekere aspekte van die projek het egter ook 'n baie lang aanloop.,0,0,0,0,1,,['sadness'],afrikaans
afr_train_track_a_00316,jongmense koop weer cd's met afrikaanse musiek.,0,0,0,1,0,,['joy'],afrikaans
afr_train_track_a_00317,"om as gasheerland vir die fifa wêreldbeker op te tree, maak van 2010 voorwaar 'n jaar van aksie.",0,0,0,1,0,,['joy'],afrikaans
afr_train_track_a_00318,"maar ek het sedertdien in die politiek en die samelewing geleer dat daar niks soos ""nooit"" is nie.",0,0,0,0,0,,[],afrikaans
afr_train_track_a_00319,"ons geskiedenis lewe van sy pionierskarakter, van durf en moed, van die groot vryheidsdrang wat terugdateer na vryburgerdae kort na volkstigting.",0,0,0,1,0,,['joy'],afrikaans
afr_train_track_a_00320,die terminaal is tans onder konstruksie by die ngqura hawe en ons sal meer detail voortaan aankondig.,0,0,0,0,0,,[],afrikaans
afr_train_track_a_00321,effektiewe staatsbeheerde ondernemings (so) is van kardinale belang vir enige ontwikkelende land.,0,0,0,0,0,,[],afrikaans
afr_train_track_a_00322,die transaksie is gefinaliseer via 'n leningsrekening vanaf die huidige eienaar.,0,0,0,0,0,,[],afrikaans
afr_train_track_a_00323,dit is moontlik omdat helen zille my toelaat om op landbou te fokus.,0,0,0,1,0,,['joy'],afrikaans
afr_train_track_a_00324,ek is bly daar is so taakgroep.,0,0,0,1,0,,['joy'],afrikaans
afr_train_track_a_00325,"aangesien die besproeiingsraad nie die finansiële las van erosie beskermingswerke kon dra nie, moes befondsing elders bekom word.",0,0,0,0,1,,['sadness'],afrikaans
afr_train_track_a_00326,daar word gesê dat die jeug van vandag in hul lewe tot vyf keer van beroep gaan verander.,0,0,0,0,0,,[],afrikaans
afr_train_track_a_00327,"hy het hier gou ekstra take op hom geneem, soos die persklaarmaak van boeke vir die uitgewersafdeling.",0,0,0,0,0,,[],afrikaans
afr_train_track_a_00328,ek weet dat die oorgrote meerderheid van hulle sal voortgaan om te help bou aan hierdie afrika-vaderland van hulle.,0,0,0,1,0,,['joy'],afrikaans
afr_train_track_a_00329,en ons is nie klaar met hom nie.,0,0,0,0,0,,[],afrikaans
afr_train_track_a_00330,"nietemin het dit die toerien-dogters hewig ontstel want, het hulle gesê, ""ons vader was beslis geen papbroek nie"".",1,0,0,0,1,,['anger' 'sadness'],afrikaans
afr_train_track_a_00331,die vryheid om onsself uit te druk is een van die wonderlike prestasies van ons nuwe demokrasie.,0,0,0,1,0,,['joy'],afrikaans
afr_train_track_a_00332,sy het net gehelp om dit te publiseer.,0,0,0,1,0,,['joy'],afrikaans
afr_train_track_a_00333,werkloosheid is dwarsoor die wêreld 'n problem en daar is op die oog af nie maklike antwoorde nie.,0,0,0,0,1,,['sadness'],afrikaans
afr_train_track_a_00334,die gesin het ondertussen hier en daar woonplek gevind o.a.,0,0,0,1,0,,['joy'],afrikaans
afr_train_track_a_00335,dit het al die bestanddele van 'n suksesvolle boerdery.,0,0,0,1,0,,['joy'],afrikaans
afr_train_track_a_00336,"laasgenoemde kan dalk 'n probleem wees, maar dit lyk asof sy ook onder hulle begin inklim as daar nie gewerk word nie.",0,0,1,0,0,,['fear'],afrikaans
afr_train_track_a_00337,"hy het kennis gemaak met die taalkundige j. du p. scholtz, wat 'n tyd aan die uitgewersafdeling verbonde was.",0,0,0,0,0,,[],afrikaans
afr_train_track_a_00338,gedurende 2005 is die eerste stokkies geplant en vanjaar is die plaas vergroot na 8 ha.,0,0,0,1,0,,['joy'],afrikaans
afr_train_track_a_00339,"byvoorbeeld, druk om grond beskikbaar te stel vir behuising en verstedeliking, water vir menslike en nywerheidsgebruik, ens.",0,0,0,0,0,,[],afrikaans
afr_train_track_a_00340,"chanette paul, kortverhaal- en hygromanskywer, het van haar eerste pennevrugte gestuur.",0,0,0,0,0,,[],afrikaans
afr_train_track_a_00341,dit alles bring ons nog geen duim nader aan die oplossing nie.,0,0,0,0,1,,['sadness'],afrikaans
afr_train_track_a_00342,die dam word in 1954 voltooi en oorstroom sy walle in augustus van dieselfde jaar.,0,0,0,1,0,,['joy'],afrikaans
afr_train_track_a_00343,al hierdie dinge het gelei tot die onderhandelingsproses wat uitgeloop het op ons eerste demokratiese verkiesing in 1994.,0,0,0,1,0,,['joy'],afrikaans
afr_train_track_a_00344,gister was die herdenking van die vrystelling van die kaapse slawe op 1 desember 1838.,0,0,0,1,0,,['joy'],afrikaans
afr_train_track_a_00345,na vyf jaar op kosskool kon my suster en ek terug na pretoria.,0,0,0,1,0,,['joy'],afrikaans
afr_train_track_a_00346,die reis na die verre suid-afrikaanse republiek sou buitendien nie maklik wees nie.,0,0,1,0,0,,['fear'],afrikaans
afr_train_track_a_00347,ons weet ook dat suid-afrika veel minder geraak word as baie ander lande.,0,0,0,1,0,,['joy'],afrikaans
afr_train_track_a_00348,maar: ondersteuning van ons nuwe boere bly egter van kritieke belang.,0,0,0,0,0,,[],afrikaans
afr_train_track_a_00349,wingerde en landbougrond van onskatbare waarde word verwoes en toegeslik.,0,0,0,0,1,,['sadness'],afrikaans
afr_train_track_a_00350,dit was baie besonders om die briewe te lees en jouself so te sien grootword deur die oë van iemand wat jou liefhet.,0,0,0,1,0,,['joy'],afrikaans
afr_train_track_a_00351,jakalskraal gemeenskapplaas is 'n melkery wat vir baie jare deur casidra bestuur is.,0,0,0,0,0,,[],afrikaans
afr_train_track_a_00352,vandag vier ons die 30ste herdenking van die ontstaan van die afrikaanse taalmuseum- en monument.,0,0,0,1,0,,['joy'],afrikaans
afr_train_track_a_00353,dit is 'n taal wat besig is om oor te kook.,0,0,0,0,0,,[],afrikaans
afr_train_track_a_00354,vanuit die polities-korrekte vertrekpunte van die huidige is die eurosentrisme daarvan dalk nog steeds ongemaklik.,0,0,1,0,1,,['fear' 'sadness'],afrikaans
afr_train_track_a_00355,"eindelik in 1891 het die blye dag aangebreek dat ons na skietfontein, agter magaliesberg kon trek.",0,0,0,1,0,,['joy'],afrikaans
afr_train_track_a_00356,u sal ook moet waak teen die soeke na kitsoplossings.,0,0,1,0,0,,['fear'],afrikaans
afr_train_track_a_00357,"hiemstra-trust gestig, wat reeds sowat r1,5 miljoen ter bevordering van afrikaans bestee het.",0,0,0,1,0,,['joy'],afrikaans
afr_train_track_a_00358,eerstens het geld-metrieke armoede aansienlik afgeneem sedert die eeuwisseling.,0,0,0,1,0,,['joy'],afrikaans
afr_train_track_a_00359,"die onderwys moet, saam met ander sektore, die sleutel verskaf tot 'n meer voorspoedige en vooruitstrewende suid-afrikaanse samelewing.",0,0,0,0,0,,[],afrikaans
afr_train_track_a_00360,in werklikheid stap sy dan haar dood tegemoet.,0,0,0,0,1,,['sadness'],afrikaans
afr_train_track_a_00361,die huidige getalle oorwig en die voorspelde groei in die nuwe suid-afrika is 'n verdoemende situasie soos uit die groenskrif oor bevolkingsontwikkeling blyk.,0,0,1,0,1,,['fear' 'sadness'],afrikaans
afr_train_track_a_00362,"leviseur se eie tuin, dus het laasgenoemde sommer die boompies ook verskaf!",0,0,0,1,0,,['joy'],afrikaans
afr_train_track_a_00363,"aan die een kant sal planne voortgaan om werksgeleenthede uit te brei in sektore soos gesondheid, maatskaplike werk, onderwys en wetstoepassingsagentskappe.",0,0,0,1,0,,['joy'],afrikaans
afr_train_track_a_00364,"aansienlike verdere besinninbg en beplanning word gevra, alvorens daar werklik 'n geloofwaardige en aanvaarbare onderwysvoorsieningstelsel gevestig kan word.",0,0,0,0,0,,[],afrikaans
afr_train_track_a_00365,die taal groei welig soos goudgeel gousblomme na geil re ns in namakwaland.,0,0,0,1,0,,['joy'],afrikaans
afr_train_track_a_00366,ry maar net deur die graanproduserende areas van die wes-kaap en sien hoe die boere oënskynlik op die gunstige prys-seine reageer.,0,0,0,1,0,,['joy'],afrikaans
afr_train_track_a_00367,"o, maar kyk die verskriklike monsters uit die middeleeuse verbeelding!",0,0,1,0,0,,['fear'],afrikaans
afr_train_track_a_00368,gelyklopend met hierdie onderneming is 'n spesiale projek om ingrypings te ondersoek wat nodig is ten opsigte van kwesbare kinders ouer as 14.,0,0,0,0,0,,[],afrikaans
afr_train_track_a_00369,wanneer jy toegerus is met kennis kan jy soveel meer bydra tot die sukses van die boerdery waarby jy betrokke is.,0,0,0,1,0,,['joy'],afrikaans
afr_train_track_a_00370,"die dertien stories wat sy geskryf het vir haar dieretuin-stories, was baie gewild en sommige van hulle is ook in suid-sotho vertaal.",0,0,0,1,0,,['joy'],afrikaans
afr_train_track_a_00371,u het reeds verneem dat die nasionale regering r400 miljoen bewillig het vir droogtehulp.,0,0,0,1,0,,['joy'],afrikaans
afr_train_track_a_00372,as minister van landbou is ek trots op u. ons benodig u toewyding en vaardighede in die wes-kaap se landbou sektor.,0,0,0,1,0,,['joy'],afrikaans
afr_train_track_a_00373,vir analitiese doeleindes word suid-afrikaanse huishoudings in 10 lsm (lsm = life style measure) groepe ingedeel.,0,0,0,0,0,,[],afrikaans
afr_train_track_a_00374,dit is in die hansard opgeneem en was ook in baie nuusblaaie.,0,0,0,0,0,,[],afrikaans
afr_train_track_a_00375,so u sien dat daar 'n groot aantal rolspelers is wat 100 persent aan die projek verbind is.,0,0,0,0,0,,[],afrikaans
afr_train_track_a_00376,miskien moet sy verder werk aan die toonsetting: sommer hierdie week nog begin.,0,0,0,0,0,,[],afrikaans
afr_train_track_a_00377,intussen sal ons voortgaan om nuwe inisiatiewe te soek wat die maatskaplike loon progressief sal verbeter.,0,0,0,1,0,,['joy'],afrikaans
afr_train_track_a_00378,ek het 'n paar voorbeelde vir u.,0,0,0,0,0,,[],afrikaans
afr_train_track_a_00379,ons demokrasie is gesond.,0,0,0,1,0,,['joy'],afrikaans
afr_train_track_a_00380,ons is ook bemoedig dat navorsing oor die voorkoms van miv stabilisasie ‘n effense afname in die tempo van infeksie toon.,0,0,0,1,0,,['joy'],afrikaans
afr_train_track_a_00381,dit durf nie 'n verdelende mag in suid-afrika wees nie.,0,0,1,0,0,,['fear'],afrikaans
afr_train_track_a_00382,sommige persone van die groep is reeds intussen by soortgelyk projekte in die omgewing betrek.,0,0,0,1,0,,['joy'],afrikaans
afr_train_track_a_00383,dit moet nog geproklameer word.,0,0,0,0,0,,[],afrikaans
afr_train_track_a_00384,die mate waartoe ons daarin slaag sal die sukses van ons nasiebouprogram bepaal.,0,0,1,0,0,,['fear'],afrikaans
afr_train_track_a_00385,die projek versamel en verpak marknavorsingsinligting van woonbuurt (township) verbruikers.,0,0,0,0,0,,[],afrikaans
afr_train_track_a_00386,"ansie se pa was 'n sendeling-dominee, oom kallie van der colff.",0,0,0,0,0,,[],afrikaans
afr_train_track_a_00387,die werkswinkel leer van die basiese noodhulp aan pasiënte en die belangrikheid van die eerste paar minute wat krities is vir die pasiënt.,0,0,0,1,0,,['joy'],afrikaans
afr_train_track_a_00388,eintlik is ons vroeër die week ook al bederf met 'n besoek aan die platteland.,0,0,0,1,0,,['joy'],afrikaans
afr_train_track_a_00389,baie van haar kinderboeke weerspieël die verloop van haar eie lewe.,0,0,0,0,0,,[],afrikaans
afr_train_track_a_00390,die totale kapitaalkoste van die skema is ongeveer r2 miljoen.,0,0,0,0,0,,[],afrikaans
afr_train_track_a_00391,daarby is die vordering met konflikoplossing loop baie minder in daardie state as in suid-afrika.,0,0,0,0,0,,[],afrikaans
afr_train_track_a_00392,ons moet dit voorkom.,0,0,1,0,0,,['fear'],afrikaans
afr_train_track_a_00393,"boeke, boeke en nogmaals boeke is ook gestuur vanaf tafelberg.",0,0,0,1,0,,['joy'],afrikaans
afr_train_track_a_00394,elke keer as jy dink jy is bo sal jy agterkom die leer het weer langer geword.,0,0,0,0,1,,['sadness'],afrikaans
afr_train_track_a_00395,"die departement is reeds besig met navorsing oor die effektiewe gebruik van besproeiingswater asook verbouiingstegnieke, soos geen-bewerking, waar grondvog bewaar word.",0,0,0,1,0,,['joy'],afrikaans
afr_train_track_a_00396,dat daar wesenlike en fundamentele verskille is en dit is daardie keuse wat moet deurkom na die kieserspubliek.,0,0,0,0,0,,[],afrikaans
afr_train_track_a_00397,"haar jongste poësiebundel muur van berge het 'n besonderse ontstaansgeskiedenis, naamlik die lang siekbed en dood van haar moeder.",0,0,0,0,1,,['sadness'],afrikaans
afr_train_track_a_00398,ons wil na julle uitreik.,0,0,0,1,0,,['joy'],afrikaans
afr_train_track_a_00399,"sy stem is stil, maar sy ryke taalerfenis leef voort.",0,0,0,1,1,,['joy' 'sadness'],afrikaans
afr_train_track_a_00400,daar is ander maniere wat gevolg kan word en gevolg moet word.,0,0,0,0,0,,[],afrikaans
afr_train_track_a_00401,"hierdie situasie het die onvermydelike besef dat die tydperk van goedkoop en voldoende elektrisiteit op 'n einde is, verhaas.",0,0,0,0,1,,['sadness'],afrikaans
afr_train_track_a_00402,natuurlik moet ons ook toegee dat die grondherverdelingsprogram en die na-vestiging-ondersteuning vinniger en beter hanteer kon word.,1,0,0,0,1,,['anger' 'sadness'],afrikaans
afr_train_track_a_00403,"ek verwys hier spesifiek na die fifa-wêreldbeker in 2010, sowel as die konfederasiebeker 'n paar maande van nou af.",0,0,0,0,0,,[],afrikaans
afr_train_track_a_00404,hierdie loodsprojekte behoort teen die einde van die jaar afgehandel te wees.,0,0,0,0,0,,[],afrikaans
afr_train_track_a_00405,"ons kan die gulsigheid, kortsigtigheid en sorgeloosheid van bestuurders van groot korporasies, wat die krisis bespoedig het, blameer.",1,1,0,0,0,,['anger' 'disgust'],afrikaans
afr_train_track_a_00406,my dank en die van die regering en die mense van mpumalanga loop veral uit na die lede van ons veiligheidsmagte.,0,0,0,1,0,,['joy'],afrikaans
afr_train_track_a_00407,gedurende my lewe het ek myself toegewy aan hierdie vryheidstryd van die mense van afrika.,0,0,0,1,0,,['joy'],afrikaans
afr_train_track_a_00408,haar eerste skryfwerk was egter nie vir kinders nie.,0,0,0,0,0,,[],afrikaans
afr_train_track_a_00409,ons moet iets doen daaraan.,0,0,1,0,0,,['fear'],afrikaans
afr_train_track_a_00410,maar die gids het eintlik ook nie mooi verstaan wat hy wou sê nie.,0,0,0,0,1,,['sadness'],afrikaans
afr_train_track_a_00411,die verbod sal heroorweeg word indien meer sekerheid oor die beheer vanaf die oos-kaap verkry is.,0,0,0,0,0,,[],afrikaans
afr_train_track_a_00412,ek wil nou sien dat die nuwe boere wat reeds gevestig is gehelp moet word om te ontwikkel tot kommersiële produsente.,0,0,0,0,0,,[],afrikaans
afr_train_track_a_00413,"ons sal almal saamwerk om die negatiewe uitwerking wat hierdie gebeure op die ekonomie gehad het, hok te slaan.",0,0,0,1,0,,['joy'],afrikaans
afr_train_track_a_00414,die toerisme bedryf kan net tot 'n volhoubare bedryf ontwikkel as ons deurlopend goeie diens lewer.,0,0,1,0,0,,['fear'],afrikaans
afr_train_track_a_00415,"terwyl die museum geopen is op 14 augustus 1975, is die monument amptelik op 10 oktober 1975 onthul.",0,0,0,0,0,,[],afrikaans
afr_train_track_a_00416,ons uitdaging is om hierdie ideale om te skakel in programme en projekte wat doeltreffend geïmplementeer kan word.,0,0,0,0,0,,[],afrikaans
afr_train_track_a_00417,"en asof dit nie genoeg is nie: hier kom 'n man uit malelane, en noem homself boendoe.",0,0,0,0,0,,[],afrikaans
afr_train_track_a_00418,sterkte met almal se studies en skryfwerk en ons sien uit na die volgende besoek.,0,0,0,1,0,,['joy'],afrikaans
afr_train_track_a_00419,wie besit nog p.j.,0,0,0,0,0,,[],afrikaans
afr_train_track_a_00420,"dié ideaal is toe later in die groter konsep van naln opgeneem, en hulle het onvervangbare dienste aan die museum gelewer.",0,0,0,1,0,,['joy'],afrikaans
afr_train_track_a_00421,eskom het aangekondig dat sy r150 biljoen beleggingsprogram oor die volgende vyf jaar sal plaasvind.,0,0,0,1,0,,['joy'],afrikaans
afr_train_track_a_00422,"by de volkstem was sy leermeesters twee veelsydige joernaliste: gustav preller, voorvegter vir afrikaans, en die gebore nederlander frederik rompel.",0,0,0,0,0,,[],afrikaans
afr_train_track_a_00423,"wanneer u eers ten volle deel is, sal u dan ook die volle welvaart kan ervaar in elke aspek van u menswees.",0,0,0,1,0,,['joy'],afrikaans
afr_train_track_a_00424,daar is weer eens vanjaar miljoene rande deur middel van die nasionale finansiële hulpskema vir studente aan tersiêre instellings beskikbaar gestel.,0,0,0,1,0,,['joy'],afrikaans
afr_train_track_a_00425,ons is tevrede met die vordering van die regering op sommige terreine.,0,0,0,1,0,,['joy'],afrikaans
afr_train_track_a_00426,dit kan later deur kakies vervang gewees het toe die engelse begin het om kakieklere te dra.,0,0,0,0,0,,[],afrikaans
afr_train_track_a_00427,dit bring my by die laaste gedagte en dit gaan oor die skep van en behoud van die wil om te oorleef.,0,0,0,1,0,,['joy'],afrikaans
afr_train_track_a_00428,ons sal jou uitskop en met goeie mense vervang.,1,0,0,0,0,,['anger'],afrikaans
afr_train_track_a_00429,die oorskot van entrepreneurs is waarskynlik aanwendbaar as ekonomiese ontwikkeling in streekverband in suider-afrika gelyktydig met suid-afrika aangepak word.,0,0,0,1,0,,['joy'],afrikaans
afr_train_track_a_00430,"ek verkoop die sies en die vies, alles net soos die miesies wiel.",0,0,0,0,0,,[],afrikaans
afr_train_track_a_00431,dit moet in die lig gesien word dat die neweprodukte van 'n etanol- en biodieselaanleg waarskynlik in die veevoermark sal meeding.,0,0,1,0,0,,['fear'],afrikaans
afr_train_track_a_00432,"dit het 'n mandaat van die provinsie om taalbedrywighede in die wes-kaap te monitor, te bevorder en te adviseer.",0,0,0,1,0,,['joy'],afrikaans
afr_train_track_a_00433,dit was ons benadering tydens die onderhandelinge en dit was die weg wat ons gevolg het in die regering van nasionale eenheid.,0,0,0,1,0,,['joy'],afrikaans
afr_train_track_a_00434,"in hierdie verband het ons in augustus verlede jaar die eerste loodsterrein van die omvattende landelike-ontwikkelingsprogram in giyani, limpopo, geloods.",0,0,0,0,0,,[],afrikaans
afr_train_track_a_00435,ongeveer r1 biljoen sal oor die basislyn toegeken word aan programme wat binne die openbare werke-program val.,0,0,0,1,0,,['joy'],afrikaans
afr_train_track_a_00436,"sy het ná my sestiende verjaardag aanhou skryf aan my, tot ek een en twintig geword het.",0,0,0,0,0,,[],afrikaans
afr_train_track_a_00437,ek noem dit net kortliks om 'n aanduiding te gee van die kwessies wat reeds op die tafel is vir 2010.,0,0,0,0,0,,[],afrikaans
afr_train_track_a_00438,met ons verskerpte poging het ons egter verlede jaar 125 000 hektaar oorgedra.,0,0,0,1,0,,['joy'],afrikaans
afr_train_track_a_00439,die wes-kaapse munisipaliteite lewer oor die algemeen baie goeie diens in vergelyking met die res van die land.,0,0,0,1,0,,['joy'],afrikaans
afr_train_track_a_00440,hy vertel vir haar dat koek-sisters gemaak word van sustertjies se afgesnyde haarvlegseltjies wat in suiker gelê word!,0,0,0,1,0,,['joy'],afrikaans
afr_train_track_a_00441,hy was onder andere ook 'n lid van die rivonia-regspan.,0,0,0,1,0,,['joy'],afrikaans
afr_train_track_a_00442,daarna is dit kragtens die wet op die pan-suid-afrikaanse taalraad erken.,0,0,0,0,0,,[],afrikaans
afr_train_track_a_00443,dit is 'n geleentheid om aan verbruikers te wys dat ons nie monsters is wat hulle probeer vergiftig met gevaarlike chemikalieë nie.,0,0,0,1,0,,['joy'],afrikaans
afr_train_track_a_00444,"die jongmense van vandag is leergierig, heeltyd opsoek na nuwe uitdagings.",0,0,0,1,0,,['joy'],afrikaans
afr_train_track_a_00445,maar dit is 'n feit dat agt miljoen mense nog steeds sonder drinkbare water is.,1,0,0,0,1,,['anger' 'sadness'],afrikaans
afr_train_track_a_00446,hulle is die trots van die boland en hulle hoort hier by julle.,0,0,0,1,0,,['joy'],afrikaans
afr_train_track_a_00447,hierdie nuwe seksie van die laboratorium is ook bedoel om die aangrensende provinsies te bedien as deel van die drie-provinsie samewerking.,0,0,0,0,0,,[],afrikaans
afr_train_track_a_00448,die benadering is een van gesamentlike optrede eerder as wedersydse verwyt..,0,0,0,1,0,,['joy'],afrikaans
afr_train_track_a_00449,so moes sy elke keer sê.,0,0,0,0,0,,[],afrikaans
afr_train_track_a_00450,"die ministers van die justisie, misdaadvoorkoming en sekuriteit groepering sal in die verloop van volgende week hieroor en oor ander inisiatiewe uitbrei.",0,0,0,0,0,,[],afrikaans
afr_train_track_a_00451,"ons groet die leiers van die regerende party en sy alliansie-vennote, vir wie hierdie 'n besonder spesiale geleentheid is.",0,0,0,1,0,,['joy'],afrikaans
afr_train_track_a_00452,ons wil voor die einde van die jaar die eerste landelike ontwikkelings projek bekend maak.,0,0,0,1,0,,['joy'],afrikaans
afr_train_track_a_00453,die wêreldwye ekonomiese ineenstorting hou ernstige gevare vir ons ekonomie in wat werksverliese en die lewenskwaliteit van ons mense aanbetref.,1,0,1,0,1,,['anger' 'fear' 'sadness'],afrikaans
afr_train_track_a_00454,nuwe mariene bewaringsarea (mba) sal noodsaaklike beskerming te weeg bring.,0,0,0,1,0,,['joy'],afrikaans
afr_train_track_a_00455,gedurende die twee dekades sedert madiba se vrylating het ons land fundamentele veranderinge ondergaan.,0,0,0,1,0,,['joy'],afrikaans
afr_train_track_a_00456,wat nie die worstelling van mense wat swaarkry by afterstande werklik verstaan nie.,0,0,0,0,1,,['sadness'],afrikaans
afr_train_track_a_00457,die wysigingswetsontwerp op die provinsiale ontwikkelingsraad en die wetsontwerp op die wes-kaapse jeugkommissie is deur die kabinet onderteken vir voorlegging aan die parlement.,0,0,0,0,0,,[],afrikaans
afr_train_track_a_00458,deur die briefwisseling is hegte vriendskapsbande gesmee.,0,0,0,1,0,,['joy'],afrikaans
afr_train_track_a_00459,vir die produksie van petroleum sal die plaaslike geproduseerde etanol suid-afrika minder afhanklik van ingevoerde ru-olie maak.,0,0,0,1,0,,['joy'],afrikaans
afr_train_track_a_00460,klimaatsverandering gaan baie aandag geniet.,0,0,0,1,0,,['joy'],afrikaans
afr_train_track_a_00461,maitlandstraat het ook 'n belangrikheid verkry wat dit voorheen nie besit het nie en sy ontwikkeling as hoofstraat van bloemfontein begin.,0,0,0,1,0,,['joy'],afrikaans
afr_train_track_a_00462,daar is nog een bewoonbare eenheid wat nie vandag oorhandig gaan word nie.,0,0,0,0,0,,[],afrikaans
afr_train_track_a_00463,"u moet verstaan dat hoe beter dit met die ekonomie gaan, hoe beter behoort dit met u te gaan.",0,0,0,0,0,,[],afrikaans
afr_train_track_a_00464,naln het by verskeie geleenthede erkentlikheid teenoor prof. beukes betuig.,0,0,0,1,0,,['joy'],afrikaans
afr_train_track_a_00465,marthinus was vroeër aan satoer se destydse bloemfontein-kantoor verbonde en tans is hy onder meer deeltydse dosent in toerisme aan die technikon vrystaat.,0,0,0,0,0,,[],afrikaans
afr_train_track_a_00466,"as ek dit nie mis het nie, moes u ook onlangs verkiesings gehou het om 'n nuwe beheerraad te kies.",0,0,0,0,0,,[],afrikaans
afr_train_track_a_00467,maar nou kan ek die verduideliking in afrikaans les.,0,0,0,0,0,,[],afrikaans
afr_train_track_a_00468,die klein karoo se ekonomie kry 'n ekstra dimensie by met die toetrede van die veevoermaatskappy meadow feeds tot die streek.,0,0,0,1,0,,['joy'],afrikaans
afr_train_track_a_00469,"die krisis het inderdaad die volk onseker, verdwaasd en meer verdeeld as ooit gelaat.",0,0,1,0,1,,['fear' 'sadness'],afrikaans
afr_train_track_a_00470,die stamvader was jacques malan wat in 1688 of 1689 na die kaap gevlug het.,0,0,0,0,0,,[],afrikaans
afr_train_track_a_00471,mnr de klerk moet nie ons bereidwilligheid om van tyd tot tyd oor gemeenskaplike sake te praat verkeerd vertolk nie.,0,0,1,0,0,,['fear'],afrikaans
afr_train_track_a_00472,sy wil die waarheid as 'n verjaarsdaggeskenk hê.,0,0,0,0,1,,['sadness'],afrikaans
afr_train_track_a_00473,dit behoort die rekenaarsentrum weer op die been te bring.,0,0,0,1,0,,['joy'],afrikaans
afr_train_track_a_00474,die waarde van so 'n fees vir die groei van toerisme in die streek kan nie in rande gemeet word nie.,0,0,0,1,0,,['joy'],afrikaans
afr_train_track_a_00475,die plaas is reeds aan die gemeenskap oorgedra met casidra wat nog steeds die plaas tegnies ondersteun.,0,0,0,1,0,,['joy'],afrikaans
afr_train_track_a_00476,ons spoor ouers aan om met ons saam te werk om 'n sukses hiervan te maak.,0,0,0,1,0,,['joy'],afrikaans
afr_train_track_a_00477,daar was verskeie organisasies wat 'n rol gespeel het in die totstandkoming van hierdie projek.,0,0,0,1,0,,['joy'],afrikaans
afr_train_track_a_00478,"indien enigiemand uit-gelaat is, vra ons om verskoning.",0,0,1,0,1,,['fear' 'sadness'],afrikaans
afr_train_track_a_00479,skuins teenoor van wyk louw is die vroulike dertiger hettie smit se uitstalling.,0,0,0,0,0,,[],afrikaans
afr_train_track_a_00480,ons moet ook deur eie vertroue en werk die boodskap uitstuur dat die wes-kaap oop is vir besigheid.,0,0,0,0,0,,[],afrikaans
afr_train_track_a_00481,"pienaar sê, hy ken verskoon in die sin van skoon klere aantrek, baie goed.",0,0,0,1,0,,['joy'],afrikaans
afr_train_track_a_00482,ons sou dan met die smet van brutale volksmoordenaars 'n veworpe spesie in die wêreld geword het.,1,1,1,0,1,,['anger' 'disgust' 'fear' 'sadness'],afrikaans
afr_train_track_a_00483,ons skep dis hier 'n unieke geleentheid vir verskeie rolspelers binne landbou om deel te hê aan die bemagtigings prosesse van die regering.,0,0,0,1,0,,['joy'],afrikaans
afr_train_track_a_00484,"volgens navorsing sal 32,3% van die huishoudelike uitgawes in suid-afrika vanjaar deur afrikaanssprekendes wees, teenoor die 27,9% van engelssprekendes.",0,0,0,0,0,,[],afrikaans
afr_train_track_a_00485,ons gaan u dophou om te sien hoeveel van die bergrivier se mense is ook provinsiale kampioene.,0,0,0,1,0,,['joy'],afrikaans
afr_train_track_a_00486,intussen sal ons die leesstof aanstuur.,0,0,0,0,0,,[],afrikaans
afr_train_track_a_00487,byna twintig jaar later staan sy boonste takkies al amper op die hoogte van die president-standbeeld se kop!,0,0,0,1,0,,['joy'],afrikaans
afr_train_track_a_00488,lid van die skoolkommissie het hulle kom haal.,0,0,0,1,0,,['joy'],afrikaans
afr_train_track_a_00489,"maar jy behoort te weet, stompkoppie, jy met jou kortgeknipte hare.",0,0,0,0,0,,[],afrikaans
afr_train_track_a_00490,hier en daar word 'n afrikaanse tussenwerpsel gebruik - die spelling so effens hollands.,0,0,0,0,0,,[],afrikaans
afr_train_track_a_00491,verdere gegewens oor sita sou uit sekondêre bronne gehaal moes word: verwerkings van dieselfde deuntjie.,0,0,0,0,0,,[],afrikaans
afr_train_track_a_00492,toegang tot gesondheids- en onderwysgeriewe het verbeter.,0,0,0,1,0,,['joy'],afrikaans
afr_train_track_a_00493,"die situasie blyk steeds te sluimer, en ons hou dit dop.",0,0,0,0,1,,['sadness'],afrikaans
afr_train_track_a_00494,die lys is nimmereindigend.,0,0,0,0,1,,['sadness'],afrikaans
afr_train_track_a_00495,ons wag al lank daarvoor en dit vul 'n besliste leemte in ons versameling.,0,0,0,1,0,,['joy'],afrikaans
afr_train_track_a_00496,ons sal jou nie binne korrektiewe dienste duld nie.,1,0,0,0,0,,['anger'],afrikaans
afr_train_track_a_00497,die tannies weet ook nie.,0,0,0,0,0,,[],afrikaans
afr_train_track_a_00498,en dan is daar nog 'n nuwe regering in die wes-kaap asook 'n nuwe nasionale minister van landbou.,0,0,0,0,0,,[],afrikaans
afr_train_track_a_00499,die eerste ses maande van 1999 was dr. george weideman in bloemfontein as resident-skrywer by die uv.,0,0,0,0,0,,[],afrikaans
afr_train_track_a_00500,"een waarin die melkery gesetel sal wees en tweede waarin koeie wat ingehuur sal word, opgeneem sal word.",0,0,0,0,0,,[],afrikaans
afr_train_track_a_00501,dit is egter duidelik dat meer rolspelers nou moet betrokke raak.,0,0,0,0,0,,[],afrikaans
afr_train_track_a_00502,"die hele planeet se oë gaan op ons wees, en ook die breëriviervallei gaan internasionale aandag geniet.",0,0,0,1,0,,['joy'],afrikaans
afr_train_track_a_00503,nooit ooit moet ons weer toelaat dat ons land met neigings van meerderheid/minderheid en van sosiale ongelykheid verval word nie.,1,0,1,0,0,,['anger' 'fear'],afrikaans
afr_train_track_a_00504,u kry nou 'n nuwe plek in die tuiste vir almal waarna die regering van die wes-kaap strewe.,0,0,0,1,0,,['joy'],afrikaans
afr_train_track_a_00505,kom ons werk saam om hierdie jaar van aksie 'n suksesvolle jaar vir ons land te maak.,0,0,0,1,0,,['joy'],afrikaans
afr_train_track_a_00506,die skool onderrig beide seuns en meisies en het aanvanklik in 2004 voorsiening gemaak vir slegs graad 10-leerders.,0,0,0,0,0,,[],afrikaans
afr_train_track_a_00507,tydens die boekmakietie in september 1997 is daar tentatief met haar gesels oor die moontlike skenking van dokumente aan naln.,0,0,0,1,0,,['joy'],afrikaans
afr_train_track_a_00508,"gegewe dat uitenhage so 'n groot motorvervaardigingsindustrie het, is ek seker dat talle van die werkernemers hulle opvoeding hier begin het.",0,0,0,1,0,,['joy'],afrikaans
afr_train_track_a_00509,met dié mense se boere-hartlikheid het tant tienie egter nie rekening gehou nie.,0,0,0,1,0,,['joy'],afrikaans
afr_train_track_a_00510,ons moet sorg dat ons water oordeelkundig gebruik.,0,0,1,0,0,,['fear'],afrikaans
afr_train_track_a_00511,vandag word die titelaktes van 107 huise aan inwoners oorhandig tesame met 'n ouetehuis met agt wooneenhede vir egpare.,0,0,0,1,0,,['joy'],afrikaans
afr_train_track_a_00512,die laboratoriumruimte is nou geskep om sulke toerusting te huisves.,0,0,0,1,0,,['joy'],afrikaans
afr_train_track_a_00513,ons moet bou op die suksesverhale en groter klem lê op mentorskap as ons daarin wil slaag om nuwe boere volhoubaar te vestig.,0,0,0,1,0,,['joy'],afrikaans
afr_train_track_a_00514,daar is 'n paar baie belangrike aspekte wat ons in aanmerking moet neem.,0,0,0,0,0,,[],afrikaans
afr_train_track_a_00515,daar moet binne die raamwerk van selfbeskikking vir ons volkwees geskep word.,0,0,0,0,0,,[],afrikaans
afr_train_track_a_00516,energiedoeltreffendheid het inderdaad ekonomiese geleenthede tot gevolg.,0,0,0,0,0,,[],afrikaans
afr_train_track_a_00517,"as klein seuntjie op beaufort-wes het ek net afrikaans gepraat, nooit engels nie.",0,0,0,1,0,,['joy'],afrikaans
afr_train_track_a_00518,sy doel in die lewe was om 'n einde aan apartheid te bring.,0,0,0,1,0,,['joy'],afrikaans
afr_train_track_a_00519,dit so op 'n voetnotajie en terloops kom ons kyk so oor 'n jaar of twee of ek reg was met my voorspelling.,0,0,0,1,0,,['joy'],afrikaans
afr_train_track_a_00520,"dit sluit in verantwoordelikheid teenoor alle belange en belangegroep in die land, en dit geld natuurlik ook vir afrikaans en afrikaans- sprekendes.",0,0,0,0,0,,[],afrikaans
afr_train_track_a_00521,so sal ons die status van die taal %n die spreker verhoog.,0,0,0,1,0,,['joy'],afrikaans
afr_train_track_a_00522,"leeskringdiens 2000"" is die eerste formele projek wat uit die ""saamdinkberaad naln 2000"" voortgevloei het.",0,0,0,0,0,,[],afrikaans
afr_train_track_a_00523,"in ons taal beteken dit ""nooit"".",0,0,0,0,0,,[],afrikaans
afr_train_track_a_00524,"daar is egter nog geen duidelikheid oor hoe verlangs hulle verwant is nie, maar hulle is beslis familie.",0,0,0,0,0,,[],afrikaans
afr_train_track_a_00525,daar is ook ander dokumente uit die van schaik-versameling wat verband hou met lig uit die ooste.,0,0,0,0,0,,[],afrikaans
afr_train_track_a_00526,ons moet liewers help om hulle te verander sodat hulle goeie burgers kan word.,0,0,1,0,0,,['fear'],afrikaans
afr_train_track_a_00527,daar is nou wonderlike musiekprogramme beskikbaar vir die rekenaar...,0,0,0,1,0,,['joy'],afrikaans
afr_train_track_a_00528,dit was inderdaad ek wat sita aangemoedig het om die briewe wat sy aan my geskryf het in boekvorm uit te gee.,0,0,0,0,0,,[],afrikaans
afr_train_track_a_00529,"rigtingloosheid, verdeeldheid en die onderlinge selfmoordgeveg is hiervoor verantwoordelik.",1,0,0,0,1,,['anger' 'sadness'],afrikaans
afr_train_track_a_00530,dit sal egter internasionaal kompeterend moet wees in terme van koste en kwaliteit.,0,0,0,0,0,,[],afrikaans
afr_train_track_a_00531,hierdie is weer eens 'n aksie wat deel uitmaak van die samewerking tussen die provinsies.,0,0,0,1,0,,['joy'],afrikaans
afr_train_track_a_00532,ons is veral ernstig oor die bevordering van afrikaans.,0,0,0,1,0,,['joy'],afrikaans
afr_train_track_a_00533,"dit is nodig, want die bestaande breë beleidsraamwerke kan verskillend vertolk word.",0,0,0,0,0,,[],afrikaans
afr_train_track_a_00534,so nie steun ons om die planne bekend te maak en dit uit te voer.,0,0,0,0,0,,[],afrikaans
afr_train_track_a_00535,"hierdie stukkie poolse martjie, tesame met dr. koch se referaat (in pools) was die tweede kosbare vonds in die koevert.",0,0,0,1,0,,['joy'],afrikaans
afr_train_track_a_00536,"in 1996 het naln, reeds in ernst van heerden se leeftyd, 'n groot skenking van hom ontvang.",0,0,0,1,0,,['joy'],afrikaans
afr_train_track_a_00537,daaraan sal egter toegevoeg moet word.,0,0,0,0,0,,[],afrikaans
afr_train_track_a_00538,en moenie dink dat dit anders daar is as hier op stellenbosch nie.,1,0,0,0,0,,['anger'],afrikaans
afr_train_track_a_00539,ons wil ook graag in hierdie opsig al ons sportspanne gelukwens wat suid-afrika se strewe na uitnemendheid gedurende die afgelope jaar bevestig het.,0,0,0,1,0,,['joy'],afrikaans
afr_train_track_a_00540,"by die put, die bymekaarkomplek, sit die vrouens eers te rus by hulle kruike en bespreek die gerugtes.",0,0,0,0,0,,[],afrikaans
afr_train_track_a_00541,die opgradering van die oryx word ook beplan.,0,0,0,1,0,,['joy'],afrikaans
afr_train_track_a_00542,"ons het die stryd teen kapings, besigheids- en huisrooftogte asook kontakmisdade soos moord, verkragting en aanranding, as ons topprioriteite geïdentifiseer.",0,0,0,1,0,,['joy'],afrikaans
afr_train_track_a_00543,die impak van armoede is 'n probleem wat gesamentlike aandag moet geniet.,0,0,0,0,1,,['sadness'],afrikaans
afr_train_track_a_00544,"die feit is dat die algehele misdaadkoers, nadat dit in 2002 'n hoogtepunt bereik het, bestendig gedaal het.",0,0,0,1,0,,['joy'],afrikaans
afr_train_track_a_00545,die afrikaanse taalmuseum is ook betrokke by die proses.,0,0,0,0,0,,[],afrikaans
afr_train_track_a_00546,u sal die moddergooiery aan die begin van ons termyn onthou t.o.v geslag en die manlike kabinet.,1,1,0,0,0,,['anger' 'disgust'],afrikaans
afr_train_track_a_00547,dit is 'n wonderlike voorreg vir my om deel van hierdie geleentheid vanaand te wees.,0,0,0,1,0,,['joy'],afrikaans
afr_train_track_a_00548,dan het ons in suid-afrika al 'n betekenisvolle loodsprojek deurgevoer.,0,0,0,1,0,,['joy'],afrikaans
afr_train_track_a_00549,"nes die eerste uitgawe is dit ryklik toegelig met bybeltekste, maar in hierdie nuwe weergawe kom die aanhalings uit die 1933-vertaling.",0,0,0,0,0,,[],afrikaans
afr_train_track_a_00550,die landbou-infrastruktuur en ekonomieë van ladismith en van wyksdorp is feitlik totaal deur die groot vloed van 1981 vernietig.,0,0,0,0,1,,['sadness'],afrikaans
afr_train_track_a_00551,vir 'n man soos jepete is dit onwaarskynlik dat hy nie ook 'n gediggie oor sy vrou geskryf het nie.,0,0,0,0,0,,[],afrikaans
afr_train_track_a_00552,afrikaans is een van drie amptelike tale in die wes-kaap.,0,0,0,0,0,,[],afrikaans
afr_train_track_a_00553,dit speel ook 'n sleutelrol in die opleiding van die groeiende opkomende landbousektor van die provinsie.,0,0,0,1,0,,['joy'],afrikaans
afr_train_track_a_00554,ons het talle van hierdie maatreëls reeds in werking gestel.,0,0,0,1,0,,['joy'],afrikaans
afr_train_track_a_00555,dit is egter nie genoeg nie.,0,0,0,0,1,,['sadness'],afrikaans
afr_train_track_a_00556,u moet ideale hê.,0,0,0,0,0,,[],afrikaans
afr_train_track_a_00557,"ons mag, en sal, egter nie die talle probleme wat ons steeds in die gesig staar, onderskat nie.",0,0,0,0,1,,['sadness'],afrikaans
afr_train_track_a_00558,"dit word stadig maar seker sterker, en dit word ondersteun deur 'n grondwet wat nêrens ter wêreld geëwenaar kan word nie.",0,0,0,1,0,,['joy'],afrikaans
afr_train_track_a_00559,"tree vir tree sal ons dit maak, soos die spreekwoord lui, landsgenote, groot dinge begin met klein treetjies.",0,0,0,1,0,,['joy'],afrikaans
afr_train_track_a_00560,die afrikaanse onderwyskongres moet na beide hierdie aspekte kyk en oor oplossings besin.,0,0,0,0,0,,[],afrikaans
afr_train_track_a_00561,ek hoop dat u saam met ons hierdie konferensie as n nuwe en verrykend ervaring sal meemaak.,0,0,0,1,0,,['joy'],afrikaans
afr_train_track_a_00562,"tweedens, dat pryse nie toegang moet verhinder tot 'n omgewing waar rykdom steeds aan ras gekoppel is nie.",0,1,1,0,1,,['disgust' 'fear' 'sadness'],afrikaans
afr_train_track_a_00563,ekonomiese ontwikkeling word 'n voertuig vir streekssamewerkings in plaas van konflikte van weleer.,0,0,0,1,0,,['joy'],afrikaans
afr_train_track_a_00564,die vryheidsfront het die identiteit van 'n volksparty - dit is gebore uit krisisomstandighede - uit die noodoomblikke van 'n volk.,0,0,0,1,0,,['joy'],afrikaans
afr_train_track_a_00565,vir baie land worstel ons teen groot oormagte vir wie ons steeds hul eie gun maar nie ten koste van ons eie nie.,0,0,0,0,1,,['sadness'],afrikaans
afr_train_track_a_00566,julle het nie 'n rekenaarsentrum nie en hierdie kan 'n goeie geleentheid wees om een te begin.,0,0,0,1,0,,['joy'],afrikaans
afr_train_track_a_00567,hierdie en baie ander inisiatiewe is deel van 'n omvattende passasiersvervoerstrategie wat pad en spoor kombineer.,0,0,0,1,0,,['joy'],afrikaans
afr_train_track_a_00568,werkloosheid skep groot sosio-ekonomiese probleme en armoede in die calitzdorp-omgewing.,0,0,1,0,1,,['fear' 'sadness'],afrikaans
afr_train_track_a_00569,afrikaans as amptelike taal is 75 jaar oud.,0,0,0,0,0,,[],afrikaans
afr_train_track_a_00570,sy moes vanaand knus in haar ouerhuis gesit het en die tyd met haar ouers en susters gedeel het.,0,0,0,1,0,,['joy'],afrikaans
afr_train_track_a_00571,ons betuig graag opregte meegevoel met hulle naasbestaandes.,0,0,0,1,0,,['joy'],afrikaans
afr_train_track_a_00572,"dit gaan van ons afhang, en daar kan nie ’n prys daaraan geheg word nie!",0,0,0,0,0,,[],afrikaans
afr_train_track_a_00573,die verwagting is dat die eerste oes in 2007 gelewer sal word.,0,0,0,1,0,,['joy'],afrikaans
afr_train_track_a_00574,u weet almal van die twee padongelukke wat die lewens van plaaswerkers die afgelope twee weke geeis het.,0,0,0,0,1,,['sadness'],afrikaans
afr_train_track_a_00575,"ondervra gerus maar die partye wat so leeg belowe, daar is bitter min antwoorde.",1,0,0,0,0,,['anger'],afrikaans
afr_train_track_a_00576,die meerderheid regeer en is vry om die konstitusionele toepassings toe te pas soos dit hulle pas.,0,0,0,0,0,,[],afrikaans
afr_train_track_a_00577,ons het hierdie jaar vir die 30ste keer as die kampioenspan van die veld gestap by die pannar rugbyweek vir landboukolleges.,0,0,0,1,0,,['joy'],afrikaans
afr_train_track_a_00578,"ons kan al hierdie dinge doen, en ons sal heeltemal korrek wees.",0,0,0,1,0,,['joy'],afrikaans
afr_train_track_a_00579,met reeds meer as 43 miljoen mense word verwag dat oor dertig jaar dit sal verdubbel.,0,0,0,0,0,,[],afrikaans
afr_train_track_a_00580,hierdie program van ons bevat prakties uitvoerbare prosesse wat werklik die kwaliteit van lewe van plaaswerker sal verbeter.,0,0,0,1,0,,['joy'],afrikaans
afr_train_track_a_00581,onder die manuskripte is abraham phillips se aantekeningboek met die verhaal van die messiasbende daarin.,0,0,0,0,0,,[],afrikaans
afr_train_track_a_00582,ek was weer gister op lutzville by so 'n projek gewees.,0,0,0,0,0,,[],afrikaans
afr_train_track_a_00583,nuwe tegnologie en navorsing is die wapen waarmee ons hierdie uitdaging die hoof kan bied.,0,0,0,1,0,,['joy'],afrikaans
afr_train_track_a_00584,nuwe begrippe wat met die letterkunde te make het word daarin neergeskryf: oorgangs-nederlands.,0,0,0,0,0,,[],afrikaans
afr_train_track_a_00585,maar ook waaneer ek 'n plaasboer groet voel ek die onsekerheid.,0,0,1,0,1,,['fear' 'sadness'],afrikaans
afr_train_track_a_00586,vanselfsprekend sal hierdie ontwikkeling op 'n gesamentlike basis plaasvind sodat die potensiaal van burgers van die gasheerlande ontwikkel word.,0,0,0,1,0,,['joy'],afrikaans
afr_train_track_a_00587,dit sal ook meer algemene deelname verseker.,0,0,0,1,0,,['joy'],afrikaans
afr_train_track_a_00588,ek wil graag 'n beroep op ons bedryf doen om hierdie provinsie se naam as 'n waarde-vir-geld bestemming te handhaaf.,0,0,0,1,0,,['joy'],afrikaans
afr_train_track_a_00589,ons weet dat dit in 1948 gebeur het.,0,0,0,0,0,,[],afrikaans
afr_train_track_a_00590,die getal werkende mense het oor die afgelope drie jaar met ongeveer ’n halfmiljoen per jaar toegeneem.,0,0,0,1,0,,['joy'],afrikaans
afr_train_track_a_00591,"so kon die mense bo-op die berg water verkry vanuit boorgate onder die berg, wat hulle self moes aanry.",0,0,0,0,0,,[],afrikaans
afr_train_track_a_00592,die demokratiese suid-afrika is inderdaad bevoorreg.,0,0,0,1,0,,['joy'],afrikaans
afr_train_track_a_00593,daar is in konserwatisme 'n groot rol om te speel in die nuwe suid afrika.,0,0,0,0,0,,[],afrikaans
afr_train_track_a_00594,die akademie het in 2005 plek vir 210 leerders en bied huisvesting aan 60 kosgangers.,0,0,0,0,0,,[],afrikaans
afr_train_track_a_00595,"hierdie lande is vandag gevestig met grootmaat lusern, wingerd, olywe en 'n verskeidenheid vrugte.",0,0,0,0,0,,[],afrikaans
afr_train_track_a_00596,"koch moes vir hierdie referaat 'n gedeelte van martjie in pools oorsit, ter verduideliking aan sy gehoor.",0,0,0,0,0,,[],afrikaans
afr_train_track_a_00597,"ons begroot binne 'n driejaar of medium termyn raamwerk, en jaarliks in oktober gee ons 'n begrotingsvoorsmaak aan die parlement.",0,0,0,0,0,,[],afrikaans
afr_train_track_a_00598,desnieteenstaande het hierdie goewermentsgebou-aan-die-plein vir twintig jaar diens gedoen.,0,0,0,0,0,,[],afrikaans
afr_train_track_a_00599,moet asseblief nie dat u 'n baie belowende projek laat skipbreuk ly deur groepvorming en verdagmakery nie.,1,0,1,0,0,,['anger' 'fear'],afrikaans
afr_train_track_a_00600,dit is ons almal se taak om seker te maak dat die diep wonde van apartheid genees.,0,0,0,1,1,,['joy' 'sadness'],afrikaans
afr_train_track_a_00601,voedsel word so duur dat selfs basiese voedselsoorte ver buite bereik van 'n groot deel van die bevolking is.,0,0,0,0,1,,['sadness'],afrikaans
afr_train_track_a_00602,ek is egter vol vertroue dat die huidige stel intervensies die bank in die gewenste rigting sal stuur.,0,0,0,1,0,,['joy'],afrikaans
afr_train_track_a_00603,"ons hoop dat al die politieke partye, terwyl hulle hul verkiesingslyste finaliseer, 'n bydrae sal maak tot hierdie edele strewe!",0,0,0,1,0,,['joy'],afrikaans
afr_train_track_a_00604,ek is besorg oor die effek wat die inbring van seisoenale werkers na plase op verskeie terreine in die wes-kaap het.,0,0,1,0,0,,['fear'],afrikaans
afr_train_track_a_00605,tog is hul reikwydte in ons samelewing ver onder verwagting.,0,0,0,0,1,,['sadness'],afrikaans
afr_train_track_a_00606,dit behoort vir u 'n aansporing te wees sodat daar meer van u is wat u op hierdie wyse toerus.,0,0,0,1,0,,['joy'],afrikaans
afr_train_track_a_00607,dit is een waarop ons trots is.,0,0,0,1,0,,['joy'],afrikaans
afr_train_track_a_00608,aan die belastingkant gun ons hierdie jaar slegs r4 miljard se verligting aan betalers van persoonlike belasting.,0,0,0,0,1,,['sadness'],afrikaans
afr_train_track_a_00609,dit het aanleiding gegee tot sekere verslae in die kabinet.,0,0,0,0,0,,[],afrikaans
afr_train_track_a_00610,"volgens hom is daar naas kommersiële- en opkomende boere ook nog 'n derde groep boere naamlik ""ondergaande kommersiële boere""!",0,0,0,0,0,,[],afrikaans
afr_train_track_a_00611,"een van die modules wat lewendige bespreking uitgelok het, was dié rondom gemeenskapsdeelname.",0,0,0,0,0,,[],afrikaans
afr_train_track_a_00612,"toe hy by kaapstad kom, het niemand 'n paspoort gevra nie.",0,0,0,0,0,,[],afrikaans
afr_train_track_a_00613,maar vannaand is ons hier omdat dit worcester se landbouskou is.,0,0,0,1,0,,['joy'],afrikaans
afr_train_track_a_00614,die so moet dus finansieël lewensvatbaar wees om bronne in nasionale en internasionale kapitaalmarkte te mobiliseer.,0,0,0,0,0,,[],afrikaans
afr_train_track_a_00615,"dit sê aan ons almal dat ons inderdaad 'n tydperk van uitdagings in die gesig staar, maar hierdie uitdagings is oorkombaar.",0,0,1,1,0,,['fear' 'joy'],afrikaans
afr_train_track_a_00616,de wet was nooit in die oorlog naby utrecht nie.,0,0,0,0,0,,[],afrikaans
afr_train_track_a_00617,ons sukses op hierdie terrein sal gemeet word deur die toename in die aantal kleinskaalse boere wat ekonomies lewensvatbaar word.,0,0,0,0,0,,[],afrikaans
afr_train_track_a_00618,ek wil elkeen van u vandag geluk wens en terselfdertyd sterkte toewens met die gewigtige taak wat voorlê.,0,0,0,0,0,,[],afrikaans
afr_train_track_a_00619,daar is twee besigheidsentiteite geskep.,0,0,0,1,0,,['joy'],afrikaans
afr_train_track_a_00620,vir my is die tekstuele ooreenkomste ook spektakulêr en die posisie van die werke in nasionale literatuur in s.a. en pole vergelykbaar.,0,0,0,1,0,,['joy'],afrikaans
afr_train_track_a_00621,die wes-kaapse kabinet het die week vir die eerste keer 'n kabinetsitting op die platteland gehou.,0,0,0,0,0,,[],afrikaans
afr_train_track_a_00622,in november vanjaar vier ons die 150ste herdenking van die aankoms van die indiërs in suid-afrika.,0,0,0,1,0,,['joy'],afrikaans
afr_train_track_a_00623,dit is toe wat ek besluit om te verkoop.,0,0,0,0,0,,[],afrikaans
afr_train_track_a_00624,die landbousektor is een van die primêre bewakers van ons natuurlike hulpbronne en biodiversiteit.,0,0,0,1,0,,['joy'],afrikaans
afr_train_track_a_00625,"cillié se wynplaas in drakenstein, kaap provinsie.",0,0,0,0,0,,[],afrikaans
afr_train_track_a_00626,derdens moet ons ontsnap aan geykte denke - moet ons nuut dink en bereid wees om onderwys meer relevant te maak.,0,0,0,0,1,,['sadness'],afrikaans
afr_train_track_a_00627,"die reënboognasie teorie, die hoop op kitsbou van 'n nuwe geintegreerde nasie bestaan reeds.",0,0,0,1,0,,['joy'],afrikaans
afr_train_track_a_00628,in dieselfde vertrek word toerusting vir die vriesdroog van serum en isolate gehuisves.,0,0,0,0,0,,[],afrikaans
afr_train_track_a_00629,"die versameling bevat heelwat knipsels, asook 'n seldsame vergeelde eksemplaar van 'n kruger rouwblad.",0,0,0,1,0,,['joy'],afrikaans
afr_train_track_a_00630,"waardesgewys, beleidsgewys is die verskille tussen ons en die ivp en dieselfde geld vir die demokratiese party nie so groot nie.",0,0,0,0,0,,[],afrikaans
afr_train_track_a_00631,ek hoop dat ek daarmee moontlike vrae wat u mag hê sal beantwoord.,0,0,0,0,0,,[],afrikaans
afr_train_track_a_00632,"in ons 2010-program wil ons die vermoë van kinders om in die grondslagjare te lees, skryf en tel, verbeter.",0,0,0,1,0,,['joy'],afrikaans
afr_train_track_a_00633,ons sal dus vanjaar die lisensiëring en inwerkingstelling van infraco afhandel.,0,0,0,1,0,,['joy'],afrikaans
afr_train_track_a_00634,ek het haar immers agt jaar gelede in haar huidige pos aangestel.,0,0,0,0,0,,[],afrikaans
afr_train_track_a_00635,die wêreldtendens ens is om eerder te onttrek van afrika.,0,0,1,0,1,,['fear' 'sadness'],afrikaans
afr_train_track_a_00636,ons wil aan u toon watter ondersteuning u van die departement kan verwag deur middel van ons verskillende programme binne die departement.,0,0,0,0,0,,[],afrikaans
afr_train_track_a_00637,die klein karoo nasionale kunstefees - 'n viering van afrikaans - het vanjaar die grahamstad-fees as die grootste kultuurfees in suid-afrika verbygesteek.,0,0,0,1,0,,['joy'],afrikaans
afr_train_track_a_00638,"as dit gebeur, sal ons hulle so lank moontlik binne hou.",0,0,1,0,0,,['fear'],afrikaans
afr_train_track_a_00639,ek noem graag vir u 'n paar.,0,0,0,1,0,,['joy'],afrikaans
afr_train_track_a_00640,die armstes is ongelooflik geduldig en waarderend maar ons mag dit nie as vanselfsprekend aanvaar nie.,0,0,0,0,1,,['sadness'],afrikaans
afr_train_track_a_00641,ons bly vasgeheg aan ons verlede en voel gebonde aan 'n gelofte was ons voorouers in dae van groot benoudheid gemaak het.,0,0,0,1,1,,['joy' 'sadness'],afrikaans
afr_train_track_a_00642,miskien moet ons hettie cillié toelaat om dit in haar eie woorde te vertel.,0,0,0,0,0,,[],afrikaans
afr_train_track_a_00643,die provinsiale regering is vir 'n geruime tyd al betrokke by khoisan-aangeleenthede.,0,0,0,0,0,,[],afrikaans
afr_train_track_a_00644,ons het mekaar nodig.,0,0,0,1,0,,['joy'],afrikaans
afr_train_track_a_00645,"die suid-afrikaanse publiek kan uitsien na 'n selfs verdere verlaging in breëband-, selfoon-, landlyn- en openbaretelefoon-tariewe.",0,0,0,1,0,,['joy'],afrikaans
afr_train_track_a_00646,ek skroom ook nie om dit in die openbaar te sê nie.,0,0,0,0,0,,[],afrikaans
afr_train_track_a_00647,verlede week het die premier met die munisipale bestuurders en burgemeesters van die wes-kaap vergader.,0,0,0,0,0,,[],afrikaans
afr_train_track_a_00648,"wanneer so 'n donker, dreigende onweer oor die aarde losbars moes die ondigte deure en klapvenstertjies styf toegemaak word.",0,0,1,0,0,,['fear'],afrikaans
afr_train_track_a_00649,"ek het aan die einde van 2009 die eerste, en bergriviere besoek met die fokus op besoedeling.",0,0,0,0,0,,[],afrikaans
afr_train_track_a_00650,daar is baie mense in ons gemeenskappe sonder werk wat bereid sal wees om met trots te dien.,0,0,0,1,1,,['joy' 'sadness'],afrikaans
afr_train_track_a_00651,op olyfkloof is hy tans besig met die vestiging van ses ha olyfbome en een ha colombar.,0,0,0,0,0,,[],afrikaans
afr_train_track_a_00652,"hiemstra noem die oorspronklike duitse werk ""die grootste suksesboek van alle tye"".",0,0,0,1,0,,['joy'],afrikaans
afr_train_track_a_00653,die harde werklikheid is dat ons mekaar nodig het en dat nie een van ons op ons eie sal oorleef nie.,0,0,1,0,1,,['fear' 'sadness'],afrikaans
afr_train_track_a_00654,"die derde een glimlag en sê, ""nee wat, ek het beter as julle albei gevaar.",0,0,0,1,0,,['joy'],afrikaans
afr_train_track_a_00655,ons skep 52 paroolrade dwarsoor die land.,0,0,0,0,0,,[],afrikaans
afr_train_track_a_00656,derhalwe is daar 'n inloop-yskas en inloop-vrieskas in die uitbreiding ingebou vir die kort-- en mediumtermyn berging van monsters.,0,0,0,0,0,,[],afrikaans
afr_train_track_a_00657,"miljoene eksemplare daarvan is verkoop, en dis in verskeie tale oorgesit.",0,0,0,1,0,,['joy'],afrikaans
afr_train_track_a_00658,maar daar word vandag nie net afrikaans gepraat nie.,0,0,0,0,0,,[],afrikaans
afr_train_track_a_00659,ons sal ook voortgaan met ons voorbereidings vir die instelling van 'n nasionale gesondheidsorgversekeringstelsel.,0,0,0,1,0,,['joy'],afrikaans
afr_train_track_a_00660,die aanleg sal ongeveer 95 000 ton hoëproteïen-veevoer (gedroogde distileergraan met oplossings) produseer.,0,0,0,1,0,,['joy'],afrikaans
afr_train_track_a_00661,"b. van rensburg het voordragprogramme, lesings en poësieplate van m.p.o.",0,0,0,0,0,,[],afrikaans
afr_train_track_a_00662,daarin word die afrikaanse taal as die nuwe afrika-taal sterk onder die aandag van die duitse lesers gebring.,0,0,0,1,0,,['joy'],afrikaans
afr_train_track_a_00663,"ons sal die nodige stappe doen om die aksieprogram wat uit dié proses van die postuuroorsig sal voortvloei, in werking te stel.",0,0,0,0,0,,[],afrikaans
afr_train_track_a_00664,"ettie williams was met vakansie, maar sy het per pos die beloofde manuskripte van identikit, klawervier en koors gestuur.",0,0,0,1,0,,['joy'],afrikaans
afr_train_track_a_00665,in 2005 is 'n maatskappy gestig wat handel dryf as hoogland boerdery.,0,0,0,0,0,,[],afrikaans
afr_train_track_a_00666,postma dadelik geïnformeer of sy kan saamgaan.,0,0,0,0,0,,[],afrikaans
afr_train_track_a_00667,verskeie plase wat spog met wynmakers en kaasmakers wat in boergondië opgelei is en wat reeds kampioenwyne en -kase op die mark het.,0,0,0,1,0,,['joy'],afrikaans
afr_train_track_a_00668,"ek dink dat grondhervorming en sosiale sake die fokus weg van landbou geneem het die laaste ruk, en ek wil dit regstel.",1,0,0,0,1,,['anger' 'sadness'],afrikaans
afr_train_track_a_00669,dus het naln uitnodigings aan bloemfonteinse hoërskole gestuur om op die skrywer se verjaardag in die museum te kom besoek aflê.,0,0,0,0,0,,[],afrikaans
afr_train_track_a_00670,andré is reeds die afgelope vier jaar besig om olyfbome op groot skaal te kweek.,0,0,0,0,0,,[],afrikaans
afr_train_track_a_00671,"uiteraard kan ek, binne die toegelate tyd, nie op al die seëls ingaan nie.",0,0,0,0,0,,[],afrikaans
afr_train_track_a_00672,verskeie opvoedkundiges van die groter bloemfontein het ook die verrigtinge bygewoon.,0,0,0,1,0,,['joy'],afrikaans
afr_train_track_a_00673,totale onkostes vir hierdie hele projek sou min of meer 35 000 pond beloop.,0,0,0,0,0,,[],afrikaans
afr_train_track_a_00674,plaaswerkeraangeleenthede is een van die hoofprioriteite van die departement landbou in die wes-kaap.,0,0,0,1,0,,['joy'],afrikaans
afr_train_track_a_00675,dit impliseer ook ’n vinnige afname in regeringskuldvlakke wanneer toestande weer ’n gunstige wending neem.,0,0,0,1,0,,['joy'],afrikaans
afr_train_track_a_00676,ons bepaal die agenda.,0,0,0,0,0,,[],afrikaans
afr_train_track_a_00677,sonder hierdie aksies word vleis nie aanvaar in lande waarheen dit uitgevoer word nie.,0,0,0,0,0,,[],afrikaans
afr_train_track_a_00678,dit is die nuwe beleidsrigting van korrektiewe dienste.,0,0,0,0,0,,[],afrikaans
afr_train_track_a_00679,dit was die geweldige transvaalse donderstorms.,0,0,1,0,1,,['fear' 'sadness'],afrikaans
afr_train_track_a_00680,die naam van haar grootouers se plaas kort anderkant calvinia was kokkoboos - dit sing soos die bergstroom waaruit die vrugteboord natgelei is.,0,0,0,1,0,,['joy'],afrikaans
afr_train_track_a_00681,malherbe se oupagrootjie waarskynlik 'n broer van die toeriens se oupa was.,0,0,0,0,0,,[],afrikaans
afr_train_track_a_00682,verantwoordelike vennootskappe tussen kommersiële- en opkomende boere kan baie van die huidige probleme aanspreek.,0,0,0,1,0,,['joy'],afrikaans
afr_train_track_a_00683,"dit sluit in plaaslike-infrastruktuur- en tersiêre projekte en geletterdheidsprojekte, tuisgebaseerde versorging, skoolinstandhouding en vroeëkindontwikkelings-inisiatiewe.",0,0,0,0,0,,[],afrikaans
afr_train_track_a_00684,dit is in elk geval hoog tyd dat die magte by die provinsie berus.,0,0,0,0,0,,[],afrikaans
afr_train_track_a_00685,maar het één enkel kersfeesdag!,0,0,0,1,0,,['joy'],afrikaans
afr_train_track_a_00686,die vf het planne en u het vanaand lank daarna geluister.,0,0,0,0,0,,[],afrikaans
afr_train_track_a_00687,"alle programme sal op die plaas, elsenburg, hoofkantoor van die wes-kaapse departement landbou buite stellenbosch, aangebied word.",0,0,0,0,0,,[],afrikaans
afr_train_track_a_00688,"kennis van veiligheidsmaatreëls in en naby water ten opsigte van getye seestrome, windrigtings en plaaslike omstandighede.",0,0,1,0,0,,['fear'],afrikaans
afr_train_track_a_00689,"ná die brand het slegs die skelet van die ou gebou nog gestaan, en dit het gedien as raamwerk van die nuwe.",0,0,0,1,1,,['joy' 'sadness'],afrikaans
afr_train_track_a_00690,hierdie universiteit het dwarsdeur ons land se geskiedenis 'n baie belangrike rol respeel in die ontwikkelingsgang van suid-afrika.,0,0,0,1,0,,['joy'],afrikaans
afr_train_track_a_00691,by die boerevrou (die titel ná junie 1920) het hy die skrywer m.e.r.,0,0,0,0,0,,[],afrikaans
afr_train_track_a_00692,die onderwys het my nog altyd na aan die hart gelê.,0,0,0,1,0,,['joy'],afrikaans
afr_train_track_a_00693,uit pretoria het prof. piet roodt aantekeninge en handgeskrewe gedigte van bekende skrywers namens prof. a.p.b.,0,0,0,0,0,,[],afrikaans
afr_train_track_a_00694,die oorblywende dele van die mba bestaan uit gekontroleerde sones waar visvang toegelaat kan word.,0,0,0,0,0,,[],afrikaans
afr_train_track_a_00695,ons betreur dit dat die np na sy mislukkings op kempton park hieraan nie wou deelneem nie.,0,0,0,0,1,,['sadness'],afrikaans
afr_train_track_a_00696,"in elk geval is die meeste van die ingrypings dinge wat die regering alreeds doen, alhoewel dit nie genoegsaam geïntegreerd is nie.",0,0,0,1,1,,['joy' 'sadness'],afrikaans
afr_train_track_a_00697,dit is 'n eerste vir suid-afrika.,0,0,0,1,0,,['joy'],afrikaans
afr_train_track_a_00698,"ons is nie net trots op jou prestasies nie, maar op die dapper manier waarop jy jou beproewinge dra en aanvaar.",0,0,0,1,0,,['joy'],afrikaans
afr_train_track_a_00699,"om betroubare kragtoevoer te verseker, het ons 'n inter-ministeriële komitee oor energie ingestel, om 'n 20-jaar geïntegreerde hulpbronplan te ontwikkel.",0,0,0,1,0,,['joy'],afrikaans
afr_train_track_a_00700,ons herbevestig ons innige dankbaarheid teenoor die internasionale gemeenskap vir hul onwrikbare steun vir ons stryd.,0,0,0,1,0,,['joy'],afrikaans
afr_train_track_a_00701,"laat ons hande neem en op 'n georganiseerde wyse die baie uitdagings, om misdaad te bekamp, aanvat.",0,0,0,1,0,,['joy'],afrikaans
afr_train_track_a_00702,ons sal saam met ander rolspelers die situasie monitor.,0,0,0,0,0,,[],afrikaans
afr_train_track_a_00703,"en al sê hulle ook moet op prinse (en prinsesse en meerminne) nie vertrou nie, weet ons van beter.",0,0,0,1,0,,['joy'],afrikaans
afr_train_track_a_00704,ons is baie bly om hierdie spesiale aand saam met u te kan deel.,0,0,0,1,0,,['joy'],afrikaans
afr_train_track_a_00705,in die doopregister word sy geboortedatum aangegee as 13 augustus.,0,0,0,0,0,,[],afrikaans
afr_train_track_a_00706,"ons land het te lank dit wat lelik en weersinwekkend in die menslike samelewing is, bevat en verteenwoordig ...",1,0,0,0,1,,['anger' 'sadness'],afrikaans
afr_train_track_a_00707,dit was hy wat die bal aan die rol gesit het met gesprekke oor die moontlike vrylating van politieke gevangenes.,0,0,0,1,0,,['joy'],afrikaans
afr_train_track_a_00708,dit is hul politieke leiers wat die ongekende stap geneem het om deel te neem aan die onderhandelde oordrag van politieke mag.,0,0,0,0,0,,[],afrikaans
afr_train_track_a_00709,in arbeidsgenot se tuin het die skaduwee van die sonnewyser intussen aangeskuif.,0,0,0,0,0,,[],afrikaans
afr_train_track_a_00710,"ons moet ons houdings, ons waardes en ons sedes ondersoek.",0,0,1,0,1,,['fear' 'sadness'],afrikaans
afr_train_track_a_00711,"ons wil hierdie werk, waarmee daar reeds begin is, vanjaar afhandel.",0,0,0,0,0,,[],afrikaans
afr_train_track_a_00712,dit is amper asof die geskiedenis homself herhaal op dag en datum.,0,0,0,0,0,,[],afrikaans
afr_train_track_a_00713,dit is ook so bevestig met die savbk (volstruis besigheidskamer) wat hulle produsente ingelig het.,0,0,0,0,0,,[],afrikaans
afr_train_track_a_00714,daar is baie sake waar ons kan saamwerk.,0,0,0,1,0,,['joy'],afrikaans
afr_train_track_a_00715,u weet dat om voorentoe in die lewe te vorder harde werk en toewyding verg.,0,0,1,0,0,,['fear'],afrikaans
afr_train_track_a_00716,"opvoedkundige instansies soos die vrystaatse universiteit, bloemfontein vista en welkom vista het afgevaardigdes gestuur.",0,0,0,0,0,,[],afrikaans
afr_train_track_a_00717,ek hoop dat hierdie jaarvergadering ook vir u suksesvol sal afloop.,0,0,0,1,0,,['joy'],afrikaans
afr_train_track_a_00718,"nee, ek weet nie, oom,"" antwoord katotjie, omdat hy na haar kyk.",0,0,0,0,0,,[],afrikaans
afr_train_track_a_00719,hierdie onmiddellike maatreëls sal gelei word deur die beginsel van 'n teensikliese fiskale beleid.,0,0,0,0,0,,[],afrikaans
afr_train_track_a_00720,daarom wil ek ook my dank uitspreek vir die pragtige inisiatief wat u hier geneem het.,0,0,0,1,0,,['joy'],afrikaans
afr_train_track_a_00721,dit is tyd vir die fees om te begin.,0,0,0,1,0,,['joy'],afrikaans
afr_train_track_a_00722,hierdie byeenkoms het reeds sy merk deeglik op die suid-afrikaanse landboukalender gemaak.,0,0,0,0,0,,[],afrikaans
afr_train_track_a_00723,hierdie drie punte is nou uitgebrei met die insluiting van elemente soos onder meer ondernemingsontwikkeling sowel as landelike ontwikkeling.,0,0,0,1,0,,['joy'],afrikaans
afr_train_track_a_00724,daar is reeds vanjaar 58 nieroorplantings by groote schuur hospitaal gedoen vergeleke met slegs 51 vir die hele jaar verlede jaar.,0,0,0,1,0,,['joy'],afrikaans
afr_train_track_a_00725,vergeefs nog wagtend daar sit sy.,0,0,0,0,0,,[],afrikaans
afr_train_track_a_00726,ek het verneem van hartseer verhale van boere wat genoodsaak is om implemente te moet verkoop om veevoer te kan koop.,0,0,0,0,1,,['sadness'],afrikaans
afr_train_track_a_00727,"ons het ’n stelsel van gesonde interregeringsverhoudings tussen alle sfere opgebou, en integrasie binne en tussen hulle verbeter.",0,0,0,1,0,,['joy'],afrikaans
afr_train_track_a_00728,ons is beïndruk deur die entoesiasme van die jeug oor hierdie geleentheid.,0,0,0,1,0,,['joy'],afrikaans
afr_train_track_a_00729,ons sal ook aanhou om spesiale aandag te skenk aan die uitdaging van anti-kompeterende gedrag deur sommige van ons korporasies.,0,0,0,1,0,,['joy'],afrikaans
afr_train_track_a_00730,agbare lede sal bekend wees met meeste van die data oor kwessies rakende maatskaplike dienste.,0,0,0,0,0,,[],afrikaans
afr_train_track_a_00731,dit is lekker om hier te wees.,0,0,0,1,0,,['joy'],afrikaans
afr_train_track_a_00732,"maar voor ek dit doen, laat my toe om iets te sê oor xenofobia en water.",0,0,0,0,0,,[],afrikaans
afr_train_track_a_00733,"en hier, op donkerhoek, het ek op 17 februarie 1885 die eerste lewenslig aanskou.",0,0,0,1,0,,['joy'],afrikaans
afr_train_track_a_00734,baie beroepe in landbou is 'n wetenskap en dit gaan verder as net op die plaas werk.,0,0,0,0,0,,[],afrikaans
afr_train_track_a_00735,die pkmg is 'n implementeringsagentskap wat in oorleg met die kantoor van die subprogram: plaaswerkerontwikkeling die sosiale uitdrukking van die plaaswerkersgemeenskap ontgin.,0,0,0,0,0,,[],afrikaans
afr_train_track_a_00736,dit is tyd dat die weskus sy regmatige prominensie in wes-kaapse toerisme-brosjures kry.,0,0,0,0,0,,[],afrikaans
afr_train_track_a_00737,geld is reeds aan sentech toegewys om 'n koordlose internetgroothandelaar te word en om sy digitasie te finansier.,0,0,0,0,0,,[],afrikaans
afr_train_track_a_00738,die noodsaak vir die effektiewe beskerming van minderhede het niks met apartheid of rassisme te doen nie.,1,0,0,0,0,,['anger'],afrikaans
afr_train_track_a_00739,"nou sal julle vir my sê, maar premier jy weet nie wat hier aangaan en hoe swaar ons kry nie.",1,0,0,0,0,,['anger'],afrikaans
afr_train_track_a_00740,dit kan elke werksdag by die munisipale kantore gedoen word tot tyd en wyl die kieserslys afgesluit word.,0,0,0,0,0,,[],afrikaans
afr_train_track_a_00741,in die nege jaar van skoolbeheer wat nou agter die rug is moet die beklemtoon dat `n hele paar suksesse behaal is.,0,0,0,1,0,,['joy'],afrikaans
afr_train_track_a_00742,elke persoon en elke gemeenskap behoort tuis en ingeslote te voel in die nuwe suid-afrika wat ons besig is om tesame te bou.,0,0,0,1,0,,['joy'],afrikaans
afr_train_track_a_00743,u wil op 'n sinvolle wyse deel word en help rigting gee aan hierdie proses - anders was u nie hier nie.,0,0,0,0,0,,[],afrikaans
afr_train_track_a_00744,"in 2006/07 het die raad van direkteure 'n vyfjaar beleggngsplan van r64,5 biljoen van stapel gestuur.",0,0,0,0,0,,[],afrikaans
afr_train_track_a_00745,"in die konteks van ons visie om 'n tuiste vir almal te word, is dit 'n besonder gepaste gebaar.",0,0,0,1,0,,['joy'],afrikaans
afr_train_track_a_00746,"soveel skrywers aan wie ons die skrywers-kaarte met versoeke vir biografiese en ander inligting stuur, reageer positief op ons versoeke.",0,0,0,1,0,,['joy'],afrikaans
afr_train_track_a_00747,"wanneer ons ouer mense nie meer verder kan gaan nie, sal die jongmense moet voortgaan om ons nuwe nasie te bou.",0,0,0,1,1,,['joy' 'sadness'],afrikaans
afr_train_track_a_00748,"op die terrein van vervoer, sal ons ons padnetwerk in stand hou en uitbrei.",0,0,0,1,0,,['joy'],afrikaans
afr_train_track_a_00749,ons is bly dat ons reddingspanne hulle kon gaan bystaan.,0,0,0,1,0,,['joy'],afrikaans
afr_train_track_a_00750,die media se kommentaar daarop het gewissel van verbasing tot skok maar ook groot lof.,0,0,0,1,0,,['joy'],afrikaans
afr_train_track_a_00751,die waarheid is dat die liedjie oorspronklik gesing is.,0,0,0,0,0,,[],afrikaans
afr_train_track_a_00752,albei van hulle is as lede van die eerste advieskomitee (later beheerraad/adviesraad) van naln benoem.,0,0,0,1,0,,['joy'],afrikaans
afr_train_track_a_00753,ons moes by die kinders begin vir wie langenhoven sewentig jaar gelede wou leer lees.,0,0,0,0,0,,[],afrikaans
afr_train_track_a_00754,die veranderende omstandighede in die vraag na landbouprodukte beteken dat die prys van produkte onbepaald onder druk gaan verkeer.,0,0,1,0,0,,['fear'],afrikaans
afr_train_track_a_00755,hierdie inisiatiewe sal onderneem word ten einde die diepgrondige verhoudings wat ons binne die suider afrikaanse doeane-unie geniet.,0,0,0,1,0,,['joy'],afrikaans
afr_train_track_a_00756,"soos gebruiklik het danie botha van tafelberg uitgewers ons baie gul ontvang en interessante manuskripte geskenk, o.a.",0,0,0,1,0,,['joy'],afrikaans
afr_train_track_a_00757,naln besit egter oorspronklike tikskrifte en tikskrif-deurslagkopieë van sita se pragtige briewe aan haar kleindogter karin.,0,0,0,1,0,,['joy'],afrikaans
afr_train_track_a_00758,die eiendom sal sy water verkry uit die nuwe osplaasdam aanvullingskema wat teen junie 2007 voltooi sal wees.,0,0,0,1,0,,['joy'],afrikaans
afr_train_track_a_00759,die vrystaters weet hoe om fees te vier.,0,0,0,1,0,,['joy'],afrikaans
afr_train_track_a_00760,daar word gefokus op werk en dienslewering en nie beeldpoets nie.,0,0,0,1,0,,['joy'],afrikaans
afr_train_track_a_00761,"loodsprogramme wat op volle belyning gerig is, is reeds in 13 distrikte en metros in werking gestel.",0,0,0,1,0,,['joy'],afrikaans
afr_train_track_a_00762,ek sê onomwonde dat die plaaswerkergemeenskap die stiefkind van die nuwe suid-afrika is.,0,0,0,0,1,,['sadness'],afrikaans
afr_train_track_a_00763,maar die weskussers sukkel om by die brood en botter uit te kom.,0,0,0,0,1,,['sadness'],afrikaans
afr_train_track_a_00764,altwee die jongmans het hulle stempel afgedruk op die suid-afrikaanse geskiedenis.,0,0,0,0,0,,[],afrikaans
afr_train_track_a_00765,dit gaan beteken dat dit effens langer gaan neem om ’n hoër trajek te bereik.,0,0,0,0,1,,['sadness'],afrikaans
afr_train_track_a_00766,kom ons aanvaar die uitdaging om die voortou te neem in die wes-kaap.,0,0,0,1,0,,['joy'],afrikaans
afr_train_track_a_00767,ons weet egter dat hierdie en ander maatreëls nie die uitwerkings van die resessie heeltemal kan temper nie.,0,0,1,0,1,,['fear' 'sadness'],afrikaans
afr_train_track_a_00768,tydens my besoek het ek ook 'n ter plaatse inspeksie van die beweerde gesloopte huise gedoen.,0,0,0,0,0,,[],afrikaans
afr_train_track_a_00769,hierdie jaar het 7- en 8-jaar-oud kinders toegang gekry.,0,0,0,1,0,,['joy'],afrikaans
afr_train_track_a_00770,prof. combrink was die eerste voorsitter van die wes-kaapse taalkomitee wat op 14 april verlede jaar gestig is.,0,0,0,0,0,,[],afrikaans
afr_train_track_a_00771,"dink aan infrastruktuurontwikkeling, landbou verwante bedrywe en algemene besigheid en toerisme.",0,0,0,0,0,,[],afrikaans
afr_train_track_a_00772,"dit moet gebeur deur u ekonomiese selfstandig te maak deur middel van projekte soos hierdie, waarvan u deel is.",0,0,0,1,0,,['joy'],afrikaans
afr_train_track_a_00773,ons ekonomie bly grotendeels afhanklik van mynbou en landbou vir uitvoere.,0,0,0,0,0,,[],afrikaans
afr_train_track_a_00774,die dorp van stilbaai en sy mense is afhanklik van toegang tot die see en die getyrivier.,0,0,0,0,0,,[],afrikaans
afr_train_track_a_00775,die benadering is een van gesamentlike optrede eerder as wedersydse verwyt.,0,0,0,1,0,,['joy'],afrikaans
afr_train_track_a_00776,ons moet egter nie die uitdagings onderskat wat ons in die gesig staar nie.,0,0,1,0,0,,['fear'],afrikaans
afr_train_track_a_00777,ons sal aan die dringende implementering van hierdie planne aandag gee om sodoende die lewensgehalte van veral werkende mense te verhoog.,0,0,1,0,0,,['fear'],afrikaans
afr_train_track_a_00778,daar moet 'n nouer verband getrek word tussen die wêreld van die formele onderwys en die wêreld van werk.,0,0,0,0,0,,[],afrikaans
afr_train_track_a_00779,ons beplan dus om die opleiding van 16 tot 25-jarige persone te verbeter in verdere onderwys-en-opleidingsfasiliteite.,0,0,0,1,0,,['joy'],afrikaans
afr_train_track_a_00780,"christelike onderrig, wat in die staatskole binne amptelike skooltye verbode was, sou in die gedenkschool fondament én sluitsteen vorm.",0,0,0,0,0,,[],afrikaans
afr_train_track_a_00781,ons kan nie langer toelaat dat ons mense ly nie.,1,1,0,0,1,,['anger' 'disgust' 'sadness'],afrikaans
afr_train_track_a_00782,die plaas het lank braak gelê nadat 'n varkboerdery daar ten einde geloop het.,0,0,0,0,1,,['sadness'],afrikaans
afr_train_track_a_00783,"in hierdie opsig gee ons erkenning aan onkgopotse tiro se neef, pat tlhagwana.",0,0,0,0,0,,[],afrikaans
afr_train_track_a_00784,daar is ook ander geboue en fasiliteite wat aan die oaks village korporasie oorgedra word.,0,0,0,0,0,,[],afrikaans
afr_train_track_a_00785,dit sal bereik word deur beplanning asook prestasie-monitering en -evaluering te verbeter.,0,0,0,1,0,,['joy'],afrikaans
afr_train_track_a_00786,ons het dit nou bereik.,0,0,0,1,0,,['joy'],afrikaans
afr_train_track_a_00787,die departement van staatsdiens en administrasie sal 'n moniteringstelsel opstel om die implementering van hierdie besluit te moniteer.,0,0,0,0,0,,[],afrikaans
afr_train_track_a_00788,daar is begin met die betaling van toelaes aan 74 000 kinders wat kwalifiseer vir die kindersorgtoelae.,0,0,0,1,0,,['joy'],afrikaans
afr_train_track_a_00789,so moet nou nie met dooie jakkalse agter aan jou bakkie se tralies dorp toe ry nie.,0,1,1,0,0,,['disgust' 'fear'],afrikaans
afr_train_track_a_00790,gesamentlike pogings en beraadslaging is die kern in ons antwoord op hierdie noodtoestand.,0,0,0,1,0,,['joy'],afrikaans
afr_train_track_a_00791,"dit sluit nie aankope en transaksies, die kapitaalwaarde van nuwe huurkontrakte en die verbeterings aan bestaande geboue in nie.",0,0,0,0,0,,[],afrikaans
afr_train_track_a_00792,in my soektog na die oplossing van dié vraag het ek 'n interessante dossier raakgeloop.,0,0,0,0,0,,[],afrikaans
afr_train_track_a_00793,die afweer van 'n oorlog of slagting in april 1994 is tot ons krediet.,0,0,0,1,0,,['joy'],afrikaans
afr_train_track_a_00794,die omgekeerde is natuurlik ook waar.,0,0,0,0,0,,[],afrikaans
afr_train_track_a_00795,die hersiening van die tweetalige woordeboek van d.b.,0,0,0,0,0,,[],afrikaans
afr_train_track_a_00796,ek glo dat dit die plig van die regering is om te sorg dat ons deur navorsing aan die voorpunt bly.,0,0,0,0,0,,[],afrikaans
afr_train_track_a_00797,"vir die nasionale pers sou sy vertrek egter 'n onherstelbare verlies gewees het"", lui die berig.",0,0,0,0,1,,['sadness'],afrikaans
afr_train_track_a_00798,en ongetwyfeld was dit die gelukkigste tyd van ons lewe.,0,0,0,1,0,,['joy'],afrikaans
afr_train_track_a_00799,"dalk minder so hier op die platteland, maar vir stadsmense is dit wel die realiteit.",0,0,0,0,0,,[],afrikaans
afr_train_track_a_00800,hieruit kan bepaal word wat die grootste behoefte is in terme van die opgradering van infrastruktuur en verskaffing van tegniese ondersteuning.,0,0,0,0,0,,[],afrikaans
afr_train_track_a_00801,"sy wysheid het ook duidelik geblyk uit die harare deklarasie, wat hy geskryf en onvermoeid bepleit het.",0,0,0,1,0,,['joy'],afrikaans
afr_train_track_a_00802,landbou-opleiding beklee 'n belangrike plek in die diensleweringsketting aan begunstigdes van die regering se grondhervormingsprogram.,0,0,0,1,0,,['joy'],afrikaans
afr_train_track_a_00803,ek is van mening dat hierdie simposium vandag dus op 'n baie goeie tydstip plaasvind.,0,0,0,1,0,,['joy'],afrikaans
afr_train_track_a_00804,hierdie verbod het 'n r700 miljoen verlies tot gevolg gehad.,0,0,0,0,1,,['sadness'],afrikaans
afr_train_track_a_00805,my oupa se pa is daar gebore.,0,0,0,0,0,,[],afrikaans
afr_train_track_a_00806,president jacob zuma het 'n beroep op almal van ons gedoen om die onderwys 'n prioriteit te maak vir almal.,0,0,0,1,0,,['joy'],afrikaans
afr_train_track_a_00807,ons ekonomie is gebaseer op ons minerale hulpbronne.,0,0,0,0,0,,[],afrikaans
afr_train_track_a_00808,deel met ons hoe jy voel.,0,0,0,0,1,,['sadness'],afrikaans
afr_train_track_a_00809,meer kos kan slegs geproduseer word deur harde en volgehoue inspanning.,0,0,1,0,0,,['fear'],afrikaans
afr_train_track_a_00810,daarvoor maak ons beurse beskikbaar sodat plaaskinders hulle op elsenburg kan kom toerus om hulle plek vol te staan binne landbou.,0,0,0,1,0,,['joy'],afrikaans
afr_train_track_a_00811,"een van die gebiede waar ons probleme ondervind, is xhosa-sprekende pasi nte wat sukkel om in provinsiale hospitale en klinieke te kommunikeer.",0,0,0,0,1,,['sadness'],afrikaans
afr_train_track_a_00812,"kykende vanuit die uitsigloosheid van die kulturele woestyntog van die afgelope paar dekades, het haar ideale inderdaad na anachronismes gelyk.",0,0,0,0,1,,['sadness'],afrikaans
afr_train_track_a_00813,pieter pieterse het in handskrif agterop die foto die volledige dokumentasie gedoen wat dit nog meer waardevol maak.,0,0,0,1,0,,['joy'],afrikaans
afr_train_track_a_00814,boere is immers die eerste linie van natuurbewaarders in die land.,0,0,0,0,0,,[],afrikaans
afr_train_track_a_00815,hierdie dossier word by naln bewaar en bevat al die briewe en dokumente wat brümmer gebruik het om die volgende artikel te skryf.,0,0,0,1,0,,['joy'],afrikaans
afr_train_track_a_00816,maksimale indiensneming en die ontwikkeling van 'n vinnig groeiende ekonomie moet sterk in die fokus van u besinning by hierdie kongres geplaas word.,0,0,1,0,0,,['fear'],afrikaans
afr_train_track_a_00817,onthou wat ek vroeër gesê het oor die oop geleentheid samelewing.,0,0,0,0,0,,[],afrikaans
afr_train_track_a_00818,"hulle sal ondersteun word deur die tegniese spanne van edi holdings, eskom en die nasionale agentskap vir energiedoeltreffendheid.",0,0,0,1,0,,['joy'],afrikaans
afr_train_track_a_00819,ons moet almal saamstaan en saamwerk in hierdie opsig.,0,0,1,1,0,,['fear' 'joy'],afrikaans
afr_train_track_a_00820,"voormalige politieke gevangenes en veterane wat hier saam met ons is, was deel van daardie proses en kan getuig daarvan.",0,0,0,1,1,,['joy' 'sadness'],afrikaans
afr_train_track_a_00821,daarbenewens sal elk van ons 27 000 skole deur amptenare van die departement van basiese onderwys geassesseer word.,0,0,0,0,0,,[],afrikaans
afr_train_track_a_00822,hierdie vryheid kan duidelik gesien word in die feit dat ons reeds elf amptelike tale het.,0,0,0,1,0,,['joy'],afrikaans
afr_train_track_a_00823,dit is 'n feit dat die landbou seb handves een doel het: om die basis van seb te verbreed.,0,0,0,1,0,,['joy'],afrikaans
afr_train_track_a_00824,die nuwe stilbaai mariene bewaringsarea is 'n belangrike toevoeging tot die suid afrikaanse netwerk van mbas.,0,0,0,1,0,,['joy'],afrikaans
afr_train_track_a_00825,hulle moet hul tyd in die gevangenis uitdien.,1,0,0,0,0,,['anger'],afrikaans
afr_train_track_a_00826,"naln beskik oor heelwat briewe en dokumente in hierdie kategorie, wat strek oor 'n tydperk van ongeveer 1940 tot 1984.",0,0,0,0,0,,[],afrikaans
afr_train_track_a_00827,"naln, soos alle museums, sal toenemend op borgskappe aangewese raak.",0,0,1,0,0,,['fear'],afrikaans
afr_train_track_a_00828,"baie mense wat hul werk verloor het, was die broodwinners van arm families.",0,0,1,0,1,,['fear' 'sadness'],afrikaans
afr_train_track_a_00829,dit beteken ook dat baie van u wat u lewe hier deurgebring het nie hiervandaan hoef pad te gee nie.,0,0,0,1,0,,['joy'],afrikaans
afr_train_track_a_00830,maar ons is vandag hier om gedagtes te ruil.,0,0,0,1,0,,['joy'],afrikaans
afr_train_track_a_00831,die artikel het wonderlike herinneringe aan my ouma teruggebring.,0,0,0,1,0,,['joy'],afrikaans
afr_train_track_a_00832,daar word reeds met die unies gekonsulteer.,0,0,0,0,0,,[],afrikaans
afr_train_track_a_00833,"aangesien suid-afrika 'n oop ekonomiese beleid volg, is ons voedselpryse die afgeleide van internasionale voedselpryse.",0,0,0,0,0,,[],afrikaans
afr_train_track_a_00834,hierdie plase in ons provinsie verskaf werk aan plus minus 200 000 werkers.,0,0,0,1,0,,['joy'],afrikaans
afr_train_track_a_00835,gedurende maart 2000 het die opvangsgebied van die gamka rivier buitengewone hoë reënval ervaar wat grootskaalse vloede en vloedskade veroorsaak het.,0,0,0,0,1,,['sadness'],afrikaans
afr_train_track_a_00836,"bettie marais het ons letterlik duisende lêers met inligting oor elke boek en skrywer wat by hulle gepubliseer het, bloemfontein toe versend.",0,0,0,1,0,,['joy'],afrikaans
afr_train_track_a_00837,"die model stel ons in staat om die winsgewendheid van 'n etanolaanleg met mielies of koring as grondstof, wetenskaplik te ondersoek.",0,0,0,1,0,,['joy'],afrikaans
afr_train_track_a_00838,"terwyl koring se prys met 36% gedaal het, het bruinbrood se prys in dieselfde tyd met 22% gestyg.",0,0,0,1,1,,['joy' 'sadness'],afrikaans
afr_train_track_a_00839,dit sluit in ekonomiese sienings en kulturele voortbestaan deur die selfbeskikkingsbeginsel vir sy tussenvermoë.,0,0,0,0,0,,[],afrikaans
afr_train_track_a_00840,ontledings het aangetoon dat die waterverbruik van die kaapse metropool binnekort die voorsiening vanuit die beskikbare waterbronne gaan oortref.,0,0,1,0,0,,['fear'],afrikaans
afr_train_track_a_00841,"maar, as dit nodig sou wees, is dit 'n ideaal waarvoor ek bereid is om te sterf.",0,0,0,1,0,,['joy'],afrikaans
afr_train_track_a_00842,noem my sommer koos.,0,0,0,1,0,,['joy'],afrikaans
afr_train_track_a_00843,"terwyl die aantal toelae-begunstigdes in 1999 2,5 miljoen was, het dit teen 2008 vermeerder tot 12,4 miljoen.",0,0,0,1,0,,['joy'],afrikaans
afr_train_track_a_00844,in die nuwe suid-afrika durf ons hierdie les nie miskyk nie.,0,0,1,0,0,,['fear'],afrikaans
afr_train_track_a_00845,die skenking sluit verder die manuskrip van 'n baie interessante ongepubliseerde roman in.,0,0,0,1,0,,['joy'],afrikaans
afr_train_track_a_00846,"dinsdag, 5 augustus se program is vir alle vroue betrokke by kommersiële boerdery.",0,0,0,0,0,,[],afrikaans
afr_train_track_a_00847,ons het hierdie jaar op verskeie terreine geleenthede aan plaaswerkers gebied om selfs oorsee opleiding te ontvang.,0,0,0,1,0,,['joy'],afrikaans
afr_train_track_a_00848,"die tema vir die viering is klimaatsveranderinge en die impak op ons oseane, kuslyne en lewens.",0,0,0,0,0,,[],afrikaans
afr_train_track_a_00849,die cillié gesin het dit nogal gelukkig getref.,0,0,0,1,0,,['joy'],afrikaans
afr_train_track_a_00850,de wet self nooit beweer dat sy dié liedjie geskryf het nie.,0,0,0,0,0,,[],afrikaans
afr_train_track_a_00851,suid-afrika kan nie hierdie verlies aan kundigheid bekostig nie.,0,0,1,0,1,,['fear' 'sadness'],afrikaans
afr_train_track_a_00852,geen kongres kan kitsformules optower nie.,0,0,0,0,0,,[],afrikaans
afr_train_track_a_00853,in hierdie opsig is dit belangrik om te begryp dat demokrasie in multi-kulturele samelewings nie die simplistiese oorheersing deur die meerderheid beteken nie.,0,0,0,0,0,,[],afrikaans
afr_train_track_a_00854,hy is enig in sy soort.,0,0,0,0,0,,[],afrikaans
afr_train_track_a_00855,"benewens al sy verplig-tinge by die universiteit, leeskringe, ens.",0,0,0,0,0,,[],afrikaans
afr_train_track_a_00856,"ons het 'n aantal terreine geïdentifiseer waar ons in die toekoms verder gaan verbeter, soos om meer arbeidsintensiewe projekte te verseker.",0,0,0,1,0,,['joy'],afrikaans
afr_train_track_a_00857,jy gee ons 'n slegte naam.,1,0,0,0,0,,['anger'],afrikaans
afr_train_track_a_00858,met hierdie doel voor oë sal twee groot opnames in 2007 gemaak word.,0,0,0,0,0,,[],afrikaans
afr_train_track_a_00859,net 'n wonderwerk van 'n ekonomiese oplewing kan die situasie red.,0,0,1,0,1,,['fear' 'sadness'],afrikaans
afr_train_track_a_00860,dit dra 'n betekenisvolle boodskap van versoening en nasie-bou.,0,0,0,1,0,,['joy'],afrikaans
afr_train_track_a_00861,veroorloof my om aan te beweeg na die top-prioriteite wat ek genoem het.,0,0,1,0,0,,['fear'],afrikaans
afr_train_track_a_00862,"deur saam te werk, kan ons meer bereik.",0,0,0,1,0,,['joy'],afrikaans
afr_train_track_a_00863,een van di% subkomitees werk op die oomblik aan 'n konseptaalbeleid vir die wes-kaap.,0,0,0,0,0,,[],afrikaans
afr_train_track_a_00864,hulle is mense soos julle.,0,0,0,0,0,,[],afrikaans
afr_train_track_a_00865,dit is mos nou nie aldag dat ons besoekers uit die franse hoofstad kry nie!,0,0,0,1,0,,['joy'],afrikaans
afr_train_track_a_00866,ons kan regeringsbeleide verdoem wat nie behoedsaam was nie en toegelaat het dat die hebsug van ongereguleerde markte verwoesting saai onder finansiële stelsels.,0,0,1,0,0,,['fear'],afrikaans
afr_train_track_a_00867,sonder haar dokument-versameling sou ons haar egter net uit haar boeke en biografiese sketse kon ken en onthou.,0,0,0,0,0,,[],afrikaans
afr_train_track_a_00868,die trein het nog maar net tot op beaufort wes geloop.,0,0,0,0,1,,['sadness'],afrikaans
afr_train_track_a_00869,allerhande statistieke kan aangehaal word om dit te bevestig.,0,0,0,0,0,,[],afrikaans
afr_train_track_a_00870,in suid-afrika moet daar met 'n páár realiteite in hierdie verband rekening gehou word.,0,0,1,0,1,,['fear' 'sadness'],afrikaans
afr_train_track_a_00871,"as ons dit nié doen nie, sal ons nie die gehalte van die onderwys kan verbeter nie.",0,0,1,0,0,,['fear'],afrikaans
afr_train_track_a_00872,na verwagting sal die ontwik-keling van die sesotho letterkun-dige museum ander taal- en kul-tuurgroepe aanspoor om dergelike inisiatiewe te neem.,0,0,0,0,0,,[],afrikaans
afr_train_track_a_00873,ek is bewus daarvan dat u reeds ver gevorder is met u eie programme in hierdie verband.,0,0,0,0,0,,[],afrikaans
afr_train_track_a_00874,namens die wes-kaapse regering wens ek u alle sterkte toe met die konferensie en kom veilig tuis.,0,0,0,1,0,,['joy'],afrikaans
afr_train_track_a_00875,sy naam was toe nog andré letoit en hy?t nou al mooi groot geword as koos kombuis.,0,0,0,1,0,,['joy'],afrikaans
afr_train_track_a_00876,dit is ons almal se probleme en ons moet dit mede-eien.,0,0,1,0,1,,['fear' 'sadness'],afrikaans
afr_train_track_a_00877,môre sal ons die laaste eer aan haar betoon wanneer ons haar oorskot ter aarde bestel.,0,0,0,0,1,,['sadness'],afrikaans
afr_train_track_a_00878,ons nywerheidsbeleids-aksieplan en ons nuwe fokus op groen werksgeleenthede sal sterker en meer arbeids-absorberende nywerhede bou.,0,0,0,1,0,,['joy'],afrikaans
afr_train_track_a_00879,ek wil vandag tot u 'n versoek rig om saam met ons in vennootskap te gaan om ons navorsingsinisiatiewe verdere stukrag te gee.,0,0,0,1,0,,['joy'],afrikaans
afr_train_track_a_00880,miv het die grootste impak op jong vroue.,0,0,0,0,1,,['sadness'],afrikaans
afr_train_track_a_00881,sy het ook ander gedigte daarin gesien.,0,0,0,0,0,,[],afrikaans
afr_train_track_a_00882,prof. isabel cilliers is intussen in sy plek as voorsitter aangestel.,0,0,0,0,0,,[],afrikaans
afr_train_track_a_00883,"as taalkundige redakteur van die nasionale pers moes hy taalleiding aan al die pers se afdelings verskaf - koerante, tydskrifte en uitgewery.",0,0,0,0,0,,[],afrikaans
afr_train_track_a_00884,die taalkomitee hou ook aanstaande maand 'n reeks dinkskrums met 360 meningsvormers in die provinsie.,0,0,0,0,0,,[],afrikaans
afr_train_track_a_00885,"die konsep van 'n ""letter-kundige"" museum is internasionaal goed gevestig, dog steeds in sy kinderskoene.",0,0,0,1,0,,['joy'],afrikaans
afr_train_track_a_00886,"musiekonderrig was privaat in daardie dae, sy moes elke week per trem na die orrelmeester by die newton-kerk.",0,0,0,0,0,,[],afrikaans
afr_train_track_a_00887,ten spyte hiervan moet ons steeds besorgd bly oor die feit dat hierdie getal steeds bitter laag is.,0,0,1,0,0,,['fear'],afrikaans
afr_train_track_a_00888,"ons wens hom graag beroepsplesier toe, veral as hy so nou en dan vir ons bewaringsboekery 'n goeie woordjie kan doen!",0,0,0,1,0,,['joy'],afrikaans
afr_train_track_a_00889,mag die hemelse vader u deur hierdie routyd dra en u net omring sal wees met baie liefde en omgee van geliefdes.,0,0,0,1,1,,['joy' 'sadness'],afrikaans
afr_train_track_a_00890,"wat hy presies daarmee bedoel het, is ek nie so seker van nie.",0,0,0,0,0,,[],afrikaans
afr_train_track_a_00891,ek glo die projek bevat al die elemente om 'n sukses te maak.,0,0,0,1,0,,['joy'],afrikaans
afr_train_track_a_00892,die elim melkeryprojek het sy ontstaan te danke aan die elim-gemeenskap se behoefte om natuurlike hulpbronne tot hul beskikking optimaal te benut.,0,0,0,1,0,,['joy'],afrikaans
afr_train_track_a_00893,hiervan gaan die wes-kaap slegs r9 miljoen ontvang.,1,0,0,0,1,,['anger' 'sadness'],afrikaans
afr_train_track_a_00894,hy huisves nog in sy geleerde radikaliste wat steeds sê ons sal nie rus voordat hier 'n eenparty staat is nie.,0,0,0,0,0,,[],afrikaans
afr_train_track_a_00895,"om dit te vermag, moet die wes-kaap 'n waarde-vir-geld bestemming wees en ook bekend wees as een.",0,0,1,0,0,,['fear'],afrikaans
afr_train_track_a_00896,"die politieke raamwerk waarbinne afrikaans homself oor die afgelope sestig tot sewentig jaar bevind het, het dramatiese verander.",0,0,0,0,0,,[],afrikaans
afr_train_track_a_00897,hierdie sentra sal gevestig word in gebiede wat deur die regering aangewys is.,0,0,0,0,0,,[],afrikaans
afr_train_track_a_00898,uit die eikestad het brönnhilde ekermans gekom om ekstensief gebruik te maak van ons jan bouws-versameling vir haar navorsing.,0,0,0,0,0,,[],afrikaans
afr_train_track_a_00899,in albei gevalle is die privaatsektor ver agter.,0,0,0,0,1,,['sadness'],afrikaans
afr_train_track_a_00900,president mbeki het gevra dat ons almal 'n poging moet aanwend om weg te beweeg van totale maatskaplike afhanklikheid na ekonomiese selfstandigheid.,0,0,0,1,0,,['joy'],afrikaans
afr_train_track_a_00901,ons het so pas statistiek van kaapstad internasionale lughawe ontvang wat dui op 'n toename in passassiersvloei.,0,0,0,1,0,,['joy'],afrikaans
afr_train_track_a_00902,"foto's van rolmodelle word geneem en opgehang teen 'n ""wall of fame"", vir almal om te sien.",0,0,0,1,0,,['joy'],afrikaans
afr_train_track_a_00903,veral prof. beukes het as skenker 'n uitsonderlike voorbeeld gestel.,0,0,0,1,0,,['joy'],afrikaans
afr_train_track_a_00904,kom ons koop almal betyds kaartjies sodat ons die wedstryde kan bywoon.,0,0,1,1,0,,['fear' 'joy'],afrikaans
afr_train_track_a_00905,"meer nog, wanneer ons saamstaan, saamwerk as 'n span, as 'n gemeenskap kan niks of niemand ons keer nie.",0,0,0,1,0,,['joy'],afrikaans
afr_train_track_a_00906,alkohol speel ook 'n baie groot rol by verdrinkings in suid-afrika.,0,0,0,0,1,,['sadness'],afrikaans
afr_train_track_a_00907,dekades gelede was daar die visie om vir die literêre erfenisse in afrikaans en engels letterkundige museums tot stand te bring.,0,0,0,0,0,,[],afrikaans
afr_train_track_a_00908,die twee trusts het elk 50% aandeel in die nuwe maatskappy.,0,0,0,0,0,,[],afrikaans
afr_train_track_a_00909,"die maatskappy het die plaas kleinstraat, geleë tussen de doorns en touwsrivier, by denau trust gekoop.",0,0,0,0,0,,[],afrikaans
afr_train_track_a_00910,ons sal van die uitvoerende gesag en die staatsdiens verwag om aan hierdie visie te voldoen.,0,0,0,0,0,,[],afrikaans
afr_train_track_a_00911,want by monde van die einste oom karolus gee sy die kinders van die dertigerjare 'n hele paar lesse.,0,0,0,1,0,,['joy'],afrikaans
afr_train_track_a_00912,die ander tale is egter geregtig op dieselfde fasiliteite.,0,0,0,0,0,,[],afrikaans
afr_train_track_a_00913,"daarom, is ek bly om hier te wees.",0,0,0,1,0,,['joy'],afrikaans
afr_train_track_a_00914,"vriende, ek wonder of u besef hoe belangrik die werk wat u doen werklik is.",0,0,0,1,0,,['joy'],afrikaans
afr_train_track_a_00915,ons is veral bekommerd oor die sinnelose geweld en moorde in beide kenia en tsjad.,0,1,0,0,1,,['disgust' 'sadness'],afrikaans
afr_train_track_a_00916,hierdie identiteite is nie noodwendig verdeeld nie.,0,0,0,0,0,,[],afrikaans
afr_train_track_a_00917,die wes-kaap lewer 'n bydrae van meer as 20% tot die totale landbouproduksie in suid-afrika.,0,0,0,1,0,,['joy'],afrikaans
afr_train_track_a_00918,die saak het lank geneem.,1,0,0,0,1,,['anger' 'sadness'],afrikaans
afr_train_track_a_00919,ek het onlangs die artikel oor sita de kock in u april 1998 nuusbrief gelees.,0,0,0,0,0,,[],afrikaans
afr_train_track_a_00920,"dit beteken dat die wat tot nou toe bevoorreg was, sal moet deel word van die visie van die regering.",0,0,0,0,0,,[],afrikaans
afr_train_track_a_00921,"tog is toegang tot werksgeleenthede ’n swaar las op plattelandse vroue, jeugdiges en mense met gebreke.",0,0,0,0,1,,['sadness'],afrikaans
afr_train_track_a_00922,op hulle beurt kan hierdie helde / rolmodelle aktief by die skool betrek word.,0,0,0,1,0,,['joy'],afrikaans
afr_train_track_a_00923,laat ons gedurende hierdie jaar van aksie saamwerk om plaaslike regering almal se besigheid te maak.,0,0,0,1,0,,['joy'],afrikaans
afr_train_track_a_00924,"teen die tyd wat die briefwisseling begin, bly sy ouers reeds op worcester en loseer charles in die paarl.",0,0,0,0,0,,[],afrikaans
afr_train_track_a_00925,ons vermoed dus dat daar oral in privaatbesit nog honderde schoeman-briewe behoue sou gebly het.,0,0,0,0,0,,[],afrikaans
afr_train_track_a_00926,ek praat baie oor vennootskappe en die krag wat vennootskappe het om verandering te bring en omstandighede te verbeter.,0,0,0,1,0,,['joy'],afrikaans
afr_train_track_a_00927,dit is 'n trots waarop elkeen van ons kan bou.,0,0,0,1,0,,['joy'],afrikaans
afr_train_track_a_00928,baie families se lewens is onherroeplik geraak deur die dood van hul naasbestaandes.,0,0,0,0,1,,['sadness'],afrikaans
afr_train_track_a_00929,een van haar planne is om so gou moontlik 'n kommissaris vir die beskerming van kinders aan te stel.,0,0,0,1,0,,['joy'],afrikaans
afr_train_track_a_00930,"die gedenkschool is ons almal, oral waar afrikaans lewe, se erfenis.",0,0,0,1,0,,['joy'],afrikaans
afr_train_track_a_00931,so toe stuur ek vir haar 'n baie slim pappegaai wat die hele bybel kan opsê.,0,0,0,1,0,,['joy'],afrikaans
afr_train_track_a_00932,"die raadslid byt vas en wys die brief met die instruksie dat die veldtog ""gelaunch"" moet word.",0,0,0,0,0,,[],afrikaans
afr_train_track_a_00933,"alhoewel ons as ouers in die huis afrikaans met mekaar gepraat het, het ons engels met ons kinders gepraat.",0,0,0,0,0,,[],afrikaans
afr_train_track_a_00934,ek is terdeë daarvan bewus dat daar groot kommer heers oor die erodering van kundigheid op die hoër bestuursvlakke van die onderwys.,0,0,1,0,1,,['fear' 'sadness'],afrikaans
afr_train_track_a_00935,"behalwe vir die 400 vertalers wat in die permanente diens van die unie is, is daar 'n groot aantal vryskutvertalers.",0,0,0,0,0,,[],afrikaans
afr_train_track_a_00936,"die ander, ewe belangrike realiteit is dat ons almal - ons diversiteit ten spyt - baie in gemeen het.",0,0,0,1,0,,['joy'],afrikaans
afr_train_track_a_00937,ella de wet is die skrywer van sarie marais se woorde.,0,0,0,0,0,,[],afrikaans
afr_train_track_a_00938,ek noem dit omdat afrikaans 'n afrika taal is wat sy onstaan in afrika het.,0,0,0,0,0,,[],afrikaans
afr_train_track_a_00939,pkr (polimerase ketting reaksie) toetse word gebruik vir die identifikasie van veral virusse.,0,0,0,0,0,,[],afrikaans
afr_train_track_a_00940,vordering is ook gemaak met die voorsiening van infrastruktuur om landbou-ontwikkeling en opleiding vir gemeenskapsleiers te ondersteun.,0,0,0,1,0,,['joy'],afrikaans
afr_train_track_a_00941,namens die provinsiale regering dra ek graag meegevoel en simpatie oor aan mev cathy de jager en familie en breë gemeenskap.,0,0,0,0,1,,['sadness'],afrikaans
afr_train_track_a_00942,op sigself genome is die boek nie erg aanstootlik nie.,0,0,0,0,0,,[],afrikaans
afr_train_track_a_00943,effektiewe datum van implimentering is 1 julie 2006.,0,0,0,0,0,,[],afrikaans
afr_train_track_a_00944,uitvoerders word gestraf deur die sterk rand en swak vraag vanuit oorsese markte.,0,0,0,0,1,,['sadness'],afrikaans
afr_train_track_a_00945,die oudit van grondeienaarskap sal ook bespoedig word.,0,0,0,0,0,,[],afrikaans
afr_train_track_a_00946,sita sal saam met die skool werk om te verseker dat dit gebeur.,0,0,0,1,0,,['joy'],afrikaans
afr_train_track_a_00947,met die vorige eeuwisseling was daar geen letterkunde in afrikaans nie.,0,0,0,0,0,,[],afrikaans
afr_train_track_a_00948,ons sal ook verskeie stappe doen om die mededingendheid van die ekonomie te verhoog.,0,0,0,1,0,,['joy'],afrikaans
afr_train_track_a_00949,"die fluktuasie van die rand teenoor die meeste geldeenhede sal beslis oor die lang termyn, wesenlike gevolge hê.",0,0,1,0,1,,['fear' 'sadness'],afrikaans
afr_train_track_a_00950,"as korrektiwe dienste, wil ons bydra tot veranderinge in jul lewens.",0,0,0,1,0,,['joy'],afrikaans
afr_train_track_a_00951,die ou historiese bome is behou.,0,0,0,1,0,,['joy'],afrikaans
afr_train_track_a_00952,verlede jaar het ons die nasionale jeugontwikkelingsagentskap in die lewe geroep.,0,0,0,1,0,,['joy'],afrikaans
afr_train_track_a_00953,dit sal gekombineer word met die bevordering van die trots suid-afrikaanse-veldtog en fermer optrede teen onwettige invoere.,0,0,0,1,0,,['joy'],afrikaans
afr_train_track_a_00954,"vooraf enkele besonderhede oor sy lewe, wat hoofsaaklik oorgeneem is uit joubert se artikel.",0,0,0,0,0,,[],afrikaans
afr_train_track_a_00955,dit het tyd geword dat die nuwe suid-afrika ook voor u deur moet kom stilhou en by u voordeur moet inkom.,0,0,0,0,0,,[],afrikaans
afr_train_track_a_00956,die groep het gedurende 2006 hul eerste oes van 6.52 ton afgehaal.,0,0,0,1,0,,['joy'],afrikaans
afr_train_track_a_00957,as sodanig vorm dit deel van die transformasieproses waartoe die museum hom verbind het.,0,0,0,1,0,,['joy'],afrikaans
afr_train_track_a_00958,immunisasiedekking vir kinders het gelykmatig verbeter tot omtrent 85%; en malaria-gevalle het dramaties afgeneem.,0,0,0,1,0,,['joy'],afrikaans
afr_train_track_a_00959,"landbou is weereens, of moet ek sê, alweer, of, soos gewoonlik in ongekarteerde terrein.",0,0,1,0,0,,['fear'],afrikaans
afr_train_track_a_00960,want geluk is wat 'n mens vir jouself skep.,0,0,0,1,0,,['joy'],afrikaans
afr_train_track_a_00961,"dit is altyd lekker om by boere uit te kom, en landbou is ook naby aan my hart.",0,0,0,1,0,,['joy'],afrikaans
afr_train_track_a_00962,"dít verg bestuurs-, menslike hulpbron- en tegnologiese kapasiteit wat op dieselfde vlak as 'n beste praktyk funksioneer.",0,0,0,1,0,,['joy'],afrikaans
afr_train_track_a_00963,ons dink ook aan prof. johan combrink wat op 25 julie verlede jaar oorlede is.,0,0,0,0,1,,['sadness'],afrikaans
afr_train_track_a_00964,"regstelling is nodig en ek is verbind daartoe, maar dan op 'n wyse wat nie tot onreg lei nie.",0,0,1,1,0,,['fear' 'joy'],afrikaans
afr_train_track_a_00965,want slegs as ons beleggers kry nuwe beleggings van 'n groot omvang sal daar nuwe werksgeleenthede ontstaan wat ons werkloosheidsprobleem kan hanteer.,0,0,1,0,1,,['fear' 'sadness'],afrikaans
afr_train_track_a_00966,in die behuisingsprogram is byna 300 000 nuwe subsidies oor die afgelope twee jaar toegestaan.,0,0,0,1,0,,['joy'],afrikaans
afr_train_track_a_00967,"as hierdie tipe werke vir u vreemd of ""te hoog"" klink, wil ek hê u moet weer dink.",0,0,0,0,0,,[],afrikaans
afr_train_track_a_00968,hiervan moet r1 miljoen gebruik word vir die sink van nuwe boorgate.,0,0,0,1,0,,['joy'],afrikaans
afr_train_track_a_00969,sy sal hul blydskap later hoor.,0,0,0,1,0,,['joy'],afrikaans
afr_train_track_a_00970,die arrestasie van die eerste beweerde 'groot' misdadiger mujahid daniels en die geslaagde teenkanting teen sy borgaansoek.,0,0,0,0,0,,[],afrikaans
afr_train_track_a_00971,"ziphathe dra die goedkeuring van die onderwysdepartement en sodoende kan skole, deur saam te werk, van hierdie inisiatiewe loods.",0,0,0,1,0,,['joy'],afrikaans
afr_train_track_a_00972,u het voortgegaan om intussen op klein skaal in vennootskap te boer met groente en beeste.,0,0,0,1,0,,['joy'],afrikaans
afr_train_track_a_00973,"ons staar 'n noodtoestand in die gesig, maar ons kan die probleme in 'n relatiewe kort tydjie oorbrug.",0,0,1,1,0,,['fear' 'joy'],afrikaans
afr_train_track_a_00974,ek is baie ernstig daaroor dat die wes-kaap ook sy regmatige aandeel ten opsigte van die ontwikkeling van die biobrandstof bedryf sal kry.,0,0,0,1,0,,['joy'],afrikaans
afr_train_track_a_00975,ons is besig om stappe te doen eskom se instandhoudingskapasiteit te verbeter.,0,0,0,1,0,,['joy'],afrikaans
afr_train_track_a_00976,op 1 september vind die bekendstelling van 'toeganklike regering' plaas.,0,0,0,1,0,,['joy'],afrikaans
afr_train_track_a_00977,"wat beklemtoon moet word, is dat naln hom tot dienslewering en fasilitering beperk.",0,0,0,0,1,,['sadness'],afrikaans
afr_train_track_a_00978,"terselfdertyd is vinnige optrede wanneer daar tekens van 'n moontlike uitbraak van een of ander siekte is, van kardinale belang.",0,0,1,0,0,,['fear'],afrikaans
afr_train_track_a_00979,met ons verskerpte poging het ons egter verlede jaar 125 000 ha oorgedra.,0,0,0,1,0,,['joy'],afrikaans
afr_train_track_a_00980,gerhard beukes en felix lategan het albei 'n besondere verbintenis met naln gehad.,0,0,0,1,0,,['joy'],afrikaans
afr_train_track_a_00981,die hiemstra-dokumente is kort ná sy dood aan naln geskenk.,0,0,0,1,0,,['joy'],afrikaans
afr_train_track_a_00982,in januarie 1993 was ek vir die eerste keer in suid-afrika en ek het in bloemfontein enige dae gebly.,0,0,0,0,0,,[],afrikaans
afr_train_track_a_00983,"ons moet, onder andere, die huidige teenspoed aanwend om te verseker dat ons huise en ekonomie meer energiedoeltreffend word.",0,0,1,0,1,,['fear' 'sadness'],afrikaans
afr_train_track_a_00984,van 1927 af tot in 1946 was hiemstra assistentredakteur van die volksblad in bloemfontein.,0,0,0,0,0,,[],afrikaans
afr_train_track_a_00985,die kantoor van die staatsdienskommissie sal moniteringstelsels in hierdie opsig opstel.,0,0,0,0,0,,[],afrikaans
afr_train_track_a_00986,naln sal graag dringend wil hoor van alle mense wat sulke schoeman-dokumentasie besit.,0,0,0,0,0,,[],afrikaans
afr_train_track_a_00987,in ons bedryf loon dit gewoonlik om geduldig te wees.,0,0,0,1,0,,['joy'],afrikaans
afr_train_track_a_00988,"ten slotte, wil ek graag 'n aanhaling maak uit die gedig ""gebed om die gebeente"" deur dj opperman.",0,0,0,0,0,,[],afrikaans
afr_train_track_a_00989,ons bou 'n staat wat op effektiewe werkverrigting fokus.,0,0,0,1,0,,['joy'],afrikaans
afr_train_track_a_00990,ons het almal 'n rol om te speel.,0,0,0,0,0,,[],afrikaans
afr_train_track_a_00991,"ons implementeer tans soortgelyke programme in sewe terreine regoor die land, tot voordeel van 21 wyke.",0,0,0,1,0,,['joy'],afrikaans
afr_train_track_a_00992,"zille, tydens haar toespraak in die parlement, oorlog verklaar teen misdaad en veral misdaad teen kinders.",0,0,0,1,0,,['joy'],afrikaans
afr_train_track_a_00993,die departement van landbou is behulpsaam met tegniese ondersteuning en opgradering van infrastruktuur.,0,0,0,1,0,,['joy'],afrikaans
afr_train_track_a_00994,veral aangesien die konferensie ten tye van die verenigde nasies se dekade vir inheemse volkere plaasvind.,0,0,0,0,0,,[],afrikaans
afr_train_track_a_00995,preller het hiemstra op grond van sy taalvermoë aangewys om toe te sien dat die blad se afrikaans min of meer eenvormig was.,0,0,0,0,0,,[],afrikaans
afr_train_track_a_00996,ek is hier om te kyk of ek u kan help om u lewe beter en makliker kan maak.,0,0,0,1,0,,['joy'],afrikaans
afr_train_track_a_00997,daarna moes die skep van die nodige infrastruktuur kom en uiteindelik moes die produksie-eenheid behoorlik in werking gestel word.,0,0,0,0,0,,[],afrikaans
afr_train_track_a_00998,die forum het 'n klein taakspan aangewys wat gehelp het om die dokument te skryf en te finaliseer.,0,0,0,0,0,,[],afrikaans
afr_train_track_a_00999,"verder was hy bekend as die grootste private versamelaar van boeke, manuskripte en dergelike in verband met die afrikaanse taal en letterkunde.",0,0,0,1,0,,['joy'],afrikaans
afr_train_track_a_01000,"om die bou van infrastruktuur te bespoedig sal ons die ontwikkeling van 'n geïntegreerde infrastruktuurplan finaliseer, met spesifieke klem op energiedoeltreffendheid.",0,0,0,1,0,,['joy'],afrikaans
afr_train_track_a_01001,daar words tans onderhandel met departement van omgewingsake om nog ses ha by te kry vir ontwikkeling.,0,0,0,0,0,,[],afrikaans
afr_train_track_a_01002,dit is verblydend om te sien dat 'n gemeenskap self inspring om 'n geleentheid soos hierdie vir die gemeenskap te organiseer.,0,0,0,1,0,,['joy'],afrikaans
afr_train_track_a_01003,dit is uiters belangrik om hierdie uitgawes te sien in die konteks van die hop (heropbou en ontwikkelingsprogram).,0,0,0,0,0,,[],afrikaans
afr_train_track_a_01004,ons sal insgelyks met die res van ons kontinent en ons ontwikkelingsvennote bly saamwerk om die inwerkingstelling van die nepad-programme te bespoedig.,0,0,0,1,0,,['joy'],afrikaans
afr_train_track_a_01005,hierdie seksie is reeds volledig toegerus met apparaat.,0,0,0,1,0,,['joy'],afrikaans
afr_train_track_a_01006,hiemstra is op 12 julie 1978 oorlede.,0,0,0,0,1,,['sadness'],afrikaans
afr_train_track_a_01007,"suid-afrika is ryk aan hulpbronne, ook menslike hulpbronne.",0,0,0,0,0,,[],afrikaans
afr_train_track_a_01008,ons is daar om u te help deur middel van die groot verskeidenheid programme wat ons by die departement se opleidingsentrums aanbied.,0,0,0,1,0,,['joy'],afrikaans
afr_train_track_a_01009,"in 1997 verhuis anna na haar dogter in bloemfontein, en haar klavier trek saam.",0,0,0,0,0,,[],afrikaans
afr_train_track_a_01010,"dat sita 'n hegte familiemens was, is alombekend.",0,0,0,1,0,,['joy'],afrikaans
afr_train_track_a_01011,beukes en lategan dien as lede van die ad hoc-komitee wat die provinsiale sekretaris daarin bystaan.,0,0,0,0,0,,[],afrikaans
afr_train_track_a_01012,die departement van landbou in die wes-kaap het r47 000 beskikbaar gestel om kampong op die planke te bring.,0,0,0,1,0,,['joy'],afrikaans
afr_train_track_a_01013,dit is nie waar dat sy saans voor die klavier gesit het en vir die burgers liedjies gespeel het nie.,1,0,0,0,0,,['anger'],afrikaans
afr_train_track_a_01014,"weens die rotsagtige gebied loop die pyplyn oor groot gedeeltes bo-op die grond, wat weer eiesoortige probleme opgelewer het.",0,0,0,0,1,,['sadness'],afrikaans
afr_train_track_a_01015,die besproeiingstoerusting wat reeds geïnstalleer is beloop tot op datum r400 000.,0,0,0,0,0,,[],afrikaans
afr_train_track_a_01016,vandaar dat ons eie ruimte of ruimtes moet beding op alle vlakke van regering.,1,0,0,0,0,,['anger'],afrikaans
afr_train_track_a_01017,hulpbronne sal van vanjaar af toegewys word om hulp te verleen aan behoeftige vakleerlinge wat by hierdie instansies opgelei word.,0,0,0,1,0,,['joy'],afrikaans
afr_train_track_a_01018,"toe ek dié uittreksel sien, was dit vir my 'n persoonlike vinjet.",0,0,0,0,0,,[],afrikaans
afr_train_track_a_01019,die groot gerieflike woning met sy uitstekende buitegeboue was aan die voet van die berg.,0,0,0,1,0,,['joy'],afrikaans
afr_train_track_a_01020,afrikaans as geskrewe taal is vanjaar 125 jaar oud.,0,0,0,1,0,,['joy'],afrikaans
afr_train_track_a_01021,oor die algemeen is ons trots op die vordering van ons maatskaplike programme.,0,0,0,1,0,,['joy'],afrikaans
afr_train_track_a_01022,op clanwilliam het 1 405 uit elke 100 000 van die bevolking tering in 2001 gehad.,0,0,0,0,1,,['sadness'],afrikaans
afr_train_track_a_01023,die heropbou en ontwikkelingsproses kan nie oornag plaasvind nie.,0,0,0,0,1,,['sadness'],afrikaans
afr_train_track_a_01024,as senior vennoot moet hy die raamwerk verskaf en hulpbronne op 'n gegewe grondslag beskikbaar stel.,0,0,0,0,0,,[],afrikaans
afr_train_track_a_01025,dit verg 'n sterk balansstaat en die vermoë om met private kapitaal in vennootskap te tree.,0,0,0,0,0,,[],afrikaans
afr_train_track_a_01026,die lengte van die periode hang af van die tipe monster en die toetse wat daarop uitgevoer word.,0,0,0,0,0,,[],afrikaans
afr_train_track_a_01027,ons het beurse en ek waarborg vir suksesvolle studente werk in die departement.,0,0,0,1,0,,['joy'],afrikaans
afr_train_track_a_01028,sommige mense is bekommerd oor die moontlike uitwerking wat die dreigende ekonomiese reses in die verenigde state op ons eie ekonomie mag hê.,0,0,1,0,0,,['fear'],afrikaans
afr_train_track_a_01029,ons departement en die afrikaanse taalmuseum is besig met die proses om hierdie voorstelle te verfyn om uiteindelik geïmplementeer te word.,0,0,0,1,0,,['joy'],afrikaans
afr_train_track_a_01030,van ons kant af was ons nie soos dikwels van kp kant af venynig nie.,0,0,0,0,0,,[],afrikaans
afr_train_track_a_01031,hierdie resultate ondersteun boere om ingeligte plant- en kunsmistoedieningsbesluite te neem.,0,0,0,1,0,,['joy'],afrikaans
afr_train_track_a_01032,dit begin daar waar ons woon.,0,0,0,0,0,,[],afrikaans
afr_train_track_a_01033,susara margaretha toerien opgedaag het.,0,0,0,0,0,,[],afrikaans
afr_train_track_a_01034,"die ministers wat vir 'n bepaalde uitkoms verantwoordelik is, sal 'n gedetailleerde leweringsooreenkoms met die president onderteken.",0,0,0,0,0,,[],afrikaans
afr_train_track_a_01035,die departement van landbou het die besigheidsplan alreeds goedgekeur.,0,0,0,1,0,,['joy'],afrikaans
afr_train_track_a_01036,een van die doelstellings van suid-afrika se nuwe taalbeleid is om kantlyntale (gemarginaliseerde tale) uit te brei en te moderniseer.,0,0,0,0,0,,[],afrikaans
afr_train_track_a_01037,historiese visvyvers is ook in die mba ingesluit en hulle is 'n voorbeeld van hoe die oorspronklike inwoners visgevang het.,0,0,0,0,0,,[],afrikaans
afr_train_track_a_01038,"weich, het in 1898 saam met sy ouers na die paarl verhuis, waar sy vader aangestel is as predikant.",0,0,0,0,0,,[],afrikaans
afr_train_track_a_01039,vsa rentekoerse is op die laagste vlak ooit en gevolglik sal die waarde van die dollar onder druk bly.,0,0,0,0,0,,[],afrikaans
afr_train_track_a_01040,en dan wil ons graag sien hoe ons met u kan saamwerk.,0,0,0,1,0,,['joy'],afrikaans
afr_train_track_a_01041,ons kan dit egter nie alleen doen nie en ek wil 'n beroep op u doen om ons daarmee te help.,0,0,0,0,0,,[],afrikaans
afr_train_track_a_01042,ek glo dat dit ook 'n baie direkte impak op u bedryf het.,0,0,0,0,0,,[],afrikaans
afr_train_track_a_01043,teen 1902 is brittanje aan bewind en die twee nuwe britse kolonies onder lord alfred milner se bestuur.,0,0,0,0,0,,[],afrikaans
afr_train_track_a_01044,die afrikaanse taalmuseum- en monument is vir 'n baie lang tyd al 'n kenteken van die identiteit van alle afrikaanssprekendes.,0,0,0,1,0,,['joy'],afrikaans
afr_train_track_a_01045,dit is nie vir myom voor te skryf nie; u sal besluit hoe u op daardie vrae reageer.,0,0,0,0,0,,[],afrikaans
afr_train_track_a_01046,ons moet verstaan dat ons in landbou een groot familie is en dat ons mekaar nodig het.,0,0,0,1,0,,['joy'],afrikaans
afr_train_track_a_01047,"uilspieël is in die letterkunde die dorpsgek (""fool"") wat soms in sy ""dwaasheid"" groot waarhede openbaar.",0,0,0,1,0,,['joy'],afrikaans
afr_train_track_a_01048,hy het 'n tekening gemaak van soetlief wat deur brolloks gejaag word.,0,0,0,0,0,,[],afrikaans
afr_train_track_a_01049,dié surplus koring is genoeg om jaarliks 102 miljoen liter etanol te produseer.,0,0,0,1,0,,['joy'],afrikaans
afr_train_track_a_01050,die aanslag op ons kinders is fel en altyd teenwoordig.,0,0,0,0,0,,[],afrikaans
afr_train_track_a_01051,hierdie innoverende en waardevolle vennootskap tussen die nasionale en provinsiale regerings het 'n oplossing vir die probleem beteken.,0,0,0,1,0,,['joy'],afrikaans
afr_train_track_a_01052,die afrika projek sal sekere sleutel geleenthede identifiseer op die vasteland waar die so in suid-afrika met die ontwikkelingsproses kan help.,0,0,0,1,0,,['joy'],afrikaans
afr_train_track_a_01053,landbouskoue het 'n lang en keurryke geskiedenis in suid afrika.,0,0,0,1,0,,['joy'],afrikaans
afr_train_track_a_01054,ons sal verseker dat ons spoornetwerk betroubaar en mededingend is en beter met ons seehawens geïntegreer is.,0,0,0,1,0,,['joy'],afrikaans
afr_train_track_a_01055,die befondsing sal nasionale museums die nodige hupstoot gee om gemeenskapsbetrokkenheid te verseker.,0,0,0,1,0,,['joy'],afrikaans
afr_train_track_a_01056,"ons doel as departement is primêr om landbou te laat groei en almal wat betrokke is, moet hulle deel bydra.",0,0,0,1,0,,['joy'],afrikaans
afr_train_track_a_01057,die oordrag van tegnologie kan geskied deur hetsy opleiding of voorligting.,0,0,0,0,0,,[],afrikaans
afr_train_track_a_01058,die rede hoekom ek hulle noem is om die punt te beklemtoon dat suid-afrika nie ’n gebrek aan ideale het nie.,0,0,0,1,0,,['joy'],afrikaans
afr_train_track_a_01059,"terselfdertyd ontwikkel daar skakeling met die vrystaters, en bedien hy hulle by geleentheid van strategiese advies.",0,0,0,1,0,,['joy'],afrikaans
afr_train_track_a_01060,dit is nie 'n strewe na 'n sogenaamde rassistiese agenda nie.,1,0,0,0,0,,['anger'],afrikaans
afr_train_track_a_01061,dat ons volwasse in ons benadering moet wees en bereid moet wees om oor volksake soos selfbeskikking om 'n tafel te sit.,0,0,0,0,0,,[],afrikaans
afr_train_track_a_01062,"die belangrikste is, wees in besit van julle kaartjies, landsgenote!",0,0,0,0,0,,[],afrikaans
afr_train_track_a_01063,"net so het die president se aankondiging van sy kabinet, en spesifiek die landbouministers, positiewe en negatiewe reaksies uitgelok.",0,0,0,0,0,,[],afrikaans
afr_train_track_a_01064,die koring word tans na ander bestemmings in suid-afrika uitgevoer.,0,0,0,0,0,,[],afrikaans
afr_train_track_a_01065,vanjaar vier ons die 10de herdenking van die instelling van diplomatieke betrekkinge tussen suid-afrika en die republiek van china.,0,0,0,1,0,,['joy'],afrikaans
afr_train_track_a_01066,dit is die uitdagings wat ons land vir seker sal moet aanspreek op die pad vorentoe.,0,0,1,0,1,,['fear' 'sadness'],afrikaans
afr_train_track_a_01067,om gestalte te gee hieraan het ons reeds verskeie aksies geloods.,0,0,0,1,0,,['joy'],afrikaans
afr_train_track_a_01068,die drie ure is glad nie genoeg vir al die inligting wat sy hier wil versamel nie.,0,0,1,0,1,,['fear' 'sadness'],afrikaans
afr_train_track_a_01069,"hoewel die amptelike datum vir 18 mei vasgestel is, het ons keuse op die voorafgaande sondagnamiddag geval.",0,0,0,0,0,,[],afrikaans
afr_train_track_a_01070,aan die buitekant van die hoofhek word die tuin bewaak deur die standbeeld van jan brand.,0,0,0,0,0,,[],afrikaans
afr_train_track_a_01071,daarna was daar geen keer aan haar skryfwerk nie.,0,0,0,1,0,,['joy'],afrikaans
afr_train_track_a_01072,in hierdie opsig prys ons die kompetisiekommissie vir die ferm hand waarmee hulle verseker dat oortreders aan die pen ry.,0,0,0,1,0,,['joy'],afrikaans
afr_train_track_a_01073,ons moet sorg dat ons voldoen aan die vereistes ten opsigte van chemiese standaarde.,0,0,1,0,0,,['fear'],afrikaans
afr_train_track_a_01074,sê vir ons wat ons moet doen.,0,0,0,0,0,,[],afrikaans
afr_train_track_a_01075,dit sal vroeg in desember opgevolg word met nog 'n gesprek.,0,0,0,0,0,,[],afrikaans
afr_train_track_a_01076,"hy is die skrywer, regisseur of vervaardiger - dikwels al drie - van 25 vollengte rolprente en sowat 40 televisiereekse.",0,0,0,0,0,,[],afrikaans
afr_train_track_a_01077,"toe dit mettertyd hersaamgestel is, is bepaalde ampte verteenwoordig.",0,0,0,0,0,,[],afrikaans
afr_train_track_a_01078,"die toestand in landbou markte affekteer die hele spektrum, vanaf die inkomste van boere tot die handelsbalans.",0,0,0,0,0,,[],afrikaans
afr_train_track_a_01079,hulle het leed aan ons kinders gedoen.,1,0,0,0,1,,['anger' 'sadness'],afrikaans
afr_train_track_a_01080,indien ons voedselpryse vaspen stuur ons die verkeerde sein uit en kry ons nie die nodige produksie respons nie.,0,0,1,0,1,,['fear' 'sadness'],afrikaans
afr_train_track_a_01081,"ons sal onder andere ook die geslagskwessie evalueer om alle aspekte wat verband hou met die bemagtiging van vroue, te verbeter.",0,0,0,1,0,,['joy'],afrikaans
afr_train_track_a_01082,hierdie stand van sake sal verander in die toekoms.,0,0,0,0,1,,['sadness'],afrikaans
afr_train_track_a_01083,hierdie uitdagings moet aangespreek word binne die raamwerk van beperke finansiële hulpbronne en die kapasiteit van die staat op alle vlakke.,0,0,1,0,1,,['fear' 'sadness'],afrikaans
afr_train_track_a_01084,"voorts moet politieke inmengery in besluitneming ook gestaak word,"" het bredell gesê.",1,0,0,0,0,,['anger'],afrikaans
afr_train_track_a_01085,twee van hierdie aangeleenthede verdien om vlugtig bespreek te word.,0,0,0,1,0,,['joy'],afrikaans
afr_train_track_a_01086,met di% soort toewyding is gewys wat ook vir ander taalgroepe in die toekoms vermag kan word.,0,0,0,1,0,,['joy'],afrikaans
afr_train_track_a_01087,hul taal het sy oorsprong hier in afrika.,0,0,0,0,0,,[],afrikaans
afr_train_track_a_01088,ook vir die hartseer van die individu is daar plek.,0,0,0,0,1,,['sadness'],afrikaans
afr_train_track_a_01089,en julle weet mos sy kan nie nou meer so lekker sien nie.,0,0,0,0,1,,['sadness'],afrikaans
afr_train_track_a_01090,in maart 1920 het hiemstra self 'n blad gestig waarvan hy die redakteur was.,0,0,0,0,0,,[],afrikaans
afr_train_track_a_01091,gelukkig kon die addisionele befondsing bekom word deur die herprioritisering van projekte en die kontrak toegeken word.,0,0,0,1,0,,['joy'],afrikaans
afr_train_track_a_01092,ek was gister in gesprek met die premier oor die beraad self en die pad vorentoe.,0,0,0,1,0,,['joy'],afrikaans
afr_train_track_a_01093,so hier by die skou is die perfekte geleentheid vir stadsjapies om kennis te maak met regte landbou.,0,0,0,1,0,,['joy'],afrikaans
afr_train_track_a_01094,ekonomiese stabiliteit is in almal se voordeel.,0,0,0,1,0,,['joy'],afrikaans
afr_train_track_a_01095,landbou is die enigste sektor waar daar 'n toename was in werksgeleenthede.,0,0,0,1,0,,['joy'],afrikaans
afr_train_track_a_01096,woorde kan nie altyd vergoed vir die groot verlies wat mens in hierdie tyd ervaar nie.,0,0,0,0,1,,['sadness'],afrikaans
afr_train_track_a_01097,ek gee graag 'n kort oorsig oor misdaad statistieke wat in 2006 vrygestel is.,0,0,0,0,1,,['sadness'],afrikaans
afr_train_track_a_01098,"daar moet veeartse, landbouingenieurs en voorligters wees om die landbousektor en sy werknemers te kan ondersteun.",0,0,1,0,0,,['fear'],afrikaans
afr_train_track_a_01099,op die oomblik is daar verseker 'n wêreldwye voedseltekort op die horison.,0,0,1,0,1,,['fear' 'sadness'],afrikaans
afr_train_track_a_01100,en op boomplantdag ses jaar later staan professor se boompie al regop van gestalte en hoër as menshoogte.,0,0,0,1,0,,['joy'],afrikaans
afr_train_track_a_01101,laasgenoemde projek word gedoen in samewerking met die universiteit van stellenbosch.,0,0,0,1,0,,['joy'],afrikaans
afr_train_track_a_01102,ongelukkig gee die onnutsige oom nooit vir katotjie die regte antwoord nie.,1,0,0,0,1,,['anger' 'sadness'],afrikaans
afr_train_track_a_01103,"ons glo dat die kursusinhoud ook aangepas moet word volgens die behoeftes van kursusgangers, sodat elke kursusganger pasgemaakte opleiding ontvang.",0,0,0,0,0,,[],afrikaans
afr_train_track_a_01104,private skole deur die staat ondersteun is oor die land gestig maar ... onderwysers vir al die skole het ontbreek.,0,0,0,0,0,,[],afrikaans
afr_train_track_a_01105,die besproeiingssektor is verantwoordelik vir ongeveer 50% van totale huidige verbruik en moet dus betrokke raak by die vind van gebalanseerde oplossings.,0,0,0,0,0,,[],afrikaans
afr_train_track_a_01106,dit is gerig op die bewusmaking van klimaatsverandering en die impak wat dit het op ons marienebronne en die kuslyn.,0,0,1,0,1,,['fear' 'sadness'],afrikaans
afr_train_track_a_01107,"met ander woorde, indien dit nie nodig sou wees om 'n denaturant by die etanol te voeg voor lewering nie.",0,0,0,0,0,,[],afrikaans
afr_train_track_a_01108,"ons begroting is onder druk, so ons gaan vir eers poog om dit wat ons reeds doen, beter te doen.",0,0,1,0,0,,['fear'],afrikaans
afr_train_track_a_01109,dit is maar die eerste van baie 5 jaar-planne in die nuwe suid-afrika.,0,0,0,0,0,,[],afrikaans
afr_train_track_a_01110,maar ek het die uitdaging aanvaar nadat ek gevra was deur ons mense.,0,0,0,1,0,,['joy'],afrikaans
afr_train_track_a_01111,tog is dit 'n tragiese feit dat die kuns van brieweskryf besig is om uit te sterf.,0,0,1,0,1,,['fear' 'sadness'],afrikaans
afr_train_track_a_01112,oral om my sien ek tekens van omgee en sorg.,0,0,0,1,0,,['joy'],afrikaans
afr_train_track_a_01113,"hoewel landbou as 'n sleutelsektor beskou word, word die volle rol van landbou in so 'n ontwikkelingstrategie egter selde goed verstaan.",0,0,0,0,0,,[],afrikaans
afr_train_track_a_01114,"hierdie jaar, 2010, sal 'n jaar van aksie wees.",0,0,0,1,0,,['joy'],afrikaans
afr_train_track_a_01115,ons sal altyd poog om samewerking met hierdie en ander lande te versterk ten einde die mensdom tot voordeel te strek.,0,0,0,1,0,,['joy'],afrikaans
afr_train_track_a_01116,"jy gaan staan of val op jou eie meriete, en nie op die van jou konneksies nie.",0,0,1,0,0,,['fear'],afrikaans
afr_train_track_a_01117,in pretoria aangekom moes my ouers natuurlik weer per ossewa na donkerhoek reis.,0,0,0,0,1,,['sadness'],afrikaans
afr_train_track_a_01118,"daar word beoog dat skole, leeskringe, kultuurverenigings en andere landwyd aangemoedig en ondersteun moet word om schoeman-temas te behandel.",0,0,0,0,0,,[],afrikaans
afr_train_track_a_01119,miskien is daar gevalle waar iemand anders nou 'n kans moet kry.,0,0,0,0,0,,[],afrikaans
afr_train_track_a_01120,dit is onder hartseer en tragiese omstandighede maar ook met heimweë dat ek vandag in klapmuts is.,0,0,0,0,1,,['sadness'],afrikaans
afr_train_track_a_01121,ek is absoluut oortuig daarvan dat hierdie projek 'n sprekende voorbeeld hiervan is.,0,0,0,1,0,,['joy'],afrikaans
afr_train_track_a_01122,sonder gefokusde opleiding is dit nie moontlik nie.,0,0,0,0,1,,['sadness'],afrikaans
afr_train_track_a_01123,skrikwekkend is dat in 83% van hierdie gevalle ken die slagoffers die oortreders.,1,1,1,0,1,,['anger' 'disgust' 'fear' 'sadness'],afrikaans
afr_train_track_a_01124,ons kan nie en sal nie hierdie euwel toelaat om goeie verhoudings in ons provinsie te vernietig nie.,1,0,0,0,1,,['anger' 'sadness'],afrikaans
afr_train_track_a_01125,maar steeds verloor ons baie water deur lekkende pype en onvoldoende infrastruktuur.,0,0,0,0,1,,['sadness'],afrikaans
afr_train_track_a_01126,die belangrikste bron van water vir die nuyvallei gedurende daardie jare en steeds vandag kom vanaf keerom in die montagu distrik.,0,0,0,0,0,,[],afrikaans
afr_train_track_a_01127,destyds het geen mens aandag aan 'n paspoort gegee nie.,0,0,0,0,0,,[],afrikaans
afr_train_track_a_01128,samehorigheidsgevoel beteken nie die politieke eenvormigheid 'n voorvereiste is nie.,0,0,0,0,0,,[],afrikaans
afr_train_track_a_01129,"as u op enige wyse wil deel hê aan, of bydraes wil maak tot naln 25, die adresse is op voorblad.",0,0,0,0,0,,[],afrikaans
afr_train_track_a_01130,"op 3 februarie 1903 besoek die britse minister van kolonies, robert chamberlain, die klein stad.",0,0,0,0,0,,[],afrikaans
afr_train_track_a_01131,"die grond langs die aan de doorns primêre skool is deur die plaaslike boer, steven hugo, beskikbaar geste.",0,0,0,1,0,,['joy'],afrikaans
afr_train_track_a_01132,"dit is belangrik om wyer te kyk as die tradisionele losstaande aanleg wat net etanol, voergraan en koolsuurgas (co2) produseer.",0,0,0,0,0,,[],afrikaans
afr_train_track_a_01133,"die positiewe is dat almal wat bemagtig is, werkers op plase in hierdie streek is.",0,0,0,1,0,,['joy'],afrikaans
afr_train_track_a_01134,dit is tydig en nodig.,0,0,0,1,0,,['joy'],afrikaans
afr_train_track_a_01135,dit is egter vir my kommerwekkend dat ons net twee nasionale museums het wat aan die afrikaans- en engelssprekendes voorsien.,0,0,1,0,1,,['fear' 'sadness'],afrikaans
afr_train_track_a_01136,hier is van hierdie projekte wat in 'n rekordtyd afgehandel is.,0,0,0,1,0,,['joy'],afrikaans
afr_train_track_a_01137,sy het 'n ongelooflike talent om tegelykertyd aan groot sake en klein detail aandag te gee.,0,0,0,1,0,,['joy'],afrikaans
afr_train_track_a_01138,hulle het foute begaan.,0,0,0,0,1,,['sadness'],afrikaans
afr_train_track_a_01139,ek sou nog baie voorbeelde vir u kon noem.,0,0,0,0,0,,[],afrikaans
afr_train_track_a_01140,by skoue kan al die werk wat agter die skerms gedoen word vir sosiale opheffing erkenning kry.,0,0,0,1,0,,['joy'],afrikaans
afr_train_track_a_01141,al hoe meer mense werk in die dienstesektor.,0,0,0,0,0,,[],afrikaans
afr_train_track_a_01142,"so moet ons ook nie die waarde van kreef vir lambertsbaai, die weskus en die wes-kaap onderskat nie.",0,0,0,1,0,,['joy'],afrikaans
afr_train_track_a_01143,ek het die lang pad na vryheid geloop.,0,0,0,1,1,,['joy' 'sadness'],afrikaans
afr_train_track_a_01144,"dit is benewens die feit dat vertalings slegs 0,8% van die totale begroting uitmaak.",0,0,0,0,1,,['sadness'],afrikaans
afr_train_track_a_01145,die afgelope jaar het sy kwota interessante navorsers in naln se binnehowe opgelewer.,0,0,0,1,0,,['joy'],afrikaans
afr_train_track_a_01146,maar dis belangrik om u in te lig dat ons land en sy mense nog nie heeltemal genees het nie.,0,0,0,0,1,,['sadness'],afrikaans
afr_train_track_a_01147,die dinkskrums word van 11 tot 15 september gehou en val saam met die viering van erfenisdag.,0,0,0,1,0,,['joy'],afrikaans
afr_train_track_a_01148,"meer nog, dit is een van die kragtigste instrumente om gelyke toegang tot die landbou te verseker.",0,0,0,1,0,,['joy'],afrikaans
afr_train_track_a_01149,sowat 4 000 werksgeleenthede is ook in die proses verloor.,0,0,0,0,1,,['sadness'],afrikaans
afr_train_track_a_01150,ons dank ook aan agri wes-kaap wat die fonds administreer en hulle infrastruktuur en personeel beskikbaar stel met die fonds.,0,0,0,1,0,,['joy'],afrikaans
afr_train_track_a_01151,die winkels het hul deur oopgehou om die stof te keer.,0,0,0,0,0,,[],afrikaans
afr_train_track_a_01152,johannes se artikels gee interes-sante besonderhede oor die toestande aan die begin van die eeu.,0,0,0,1,0,,['joy'],afrikaans
afr_train_track_a_01153,"die reg van elke taalgemeenskap in suid-afrika waar dit enigsins prakties uitvoerbaar is, wat dit wil hê op moedertaalonderwys.",0,0,0,0,0,,[],afrikaans
afr_train_track_a_01154,op 19 desember het die verteenwoordigers elkeen 'n sipresboompie in die tuin van die goewermentsgebou geplant.,0,0,0,1,0,,['joy'],afrikaans
afr_train_track_a_01155,"dit was die korrespondensie (as ""konfidensieël"" gemerk) tussen gustav preller en s.j.",0,0,0,0,0,,[],afrikaans
afr_train_track_a_01156,my vader het dit dan ook later gekoop.,0,0,0,0,0,,[],afrikaans
afr_train_track_a_01157,die nuwe dam sal dan deur die boorgate en bergstrome gevul word.,0,0,0,1,0,,['joy'],afrikaans
afr_train_track_a_01158,ons volk moet weet wat kom.,0,0,1,0,0,,['fear'],afrikaans
afr_train_track_a_01159,die belangrikste is egter die uitbreiding van eienaarskap.,0,0,0,0,0,,[],afrikaans
afr_train_track_a_01160,die kabinet van die provinsiale regering het met leedwese en skok verneem van die tragedie in u gemeenskap.,0,0,0,0,1,,['sadness'],afrikaans
afr_train_track_a_01161,kennis stel jou in staat om jou horisonne te verbreed.,0,0,0,1,0,,['joy'],afrikaans
afr_train_track_a_01162,dit is nie 'n voorvereiste om soos die np jou eie te verloën om meer getalle bymekaar te maak nie.,0,0,0,0,0,,[],afrikaans
afr_train_track_a_01163,in hulle wye kontak met skrywers en akademici het hulle die museum se belange met groot toewyding gedien.,0,0,0,1,0,,['joy'],afrikaans
afr_train_track_a_01164,"tweedens, sal ons openbaresektor-werkskeppingsprogramme uitbrei.",0,0,0,1,0,,['joy'],afrikaans
afr_train_track_a_01165,"en, vir haar straf, .. .. .. moet sy nog altyd wag.",0,0,0,0,1,,['sadness'],afrikaans
afr_train_track_a_01166,"op die ou end het dit egter ook na die 13de oorgeloop, met nagenoeg 400 kinders wat die program bygewoon het.",0,0,0,0,0,,[],afrikaans
afr_train_track_a_01167,op sy beurt kan dit 'n belangrike rol in die vorming van 'n nuwe suid-afrikaanse nasie speel.,0,0,0,1,0,,['joy'],afrikaans
afr_train_track_a_01168,ten slotte: die jaar is so vol dat wanneer jy jou oë uitvee is dit weer verby.,0,0,0,0,0,,[],afrikaans
afr_train_track_a_01169,die beperkte beskikbare geld en mannekrag sal aangewend word om die werk te doen - nie om die struktuur te bou nie.,0,0,1,0,1,,['fear' 'sadness'],afrikaans
afr_train_track_a_01170,"as ons dit doen sal ons armoede bestry, ongelykhede uitwis en sodoende die kwaliteit van lewe van al ons mense verbeter.",0,0,0,1,0,,['joy'],afrikaans
afr_train_track_a_01171,"maar ons moet dit sê: terselfdertyd is daar hoogs toegewyde ouers, en ons loof hulle daarvoor.",0,0,0,1,0,,['joy'],afrikaans
afr_train_track_a_01172,"ek is hier om ons beloftes, as regering, aan u na te kom.",0,0,0,1,0,,['joy'],afrikaans
afr_train_track_a_01173,"wat belangrik is, is dat die voordele van groei werkskepping moet insluit en moet verseker dat daar behoorlike werk is.",0,0,1,0,0,,['fear'],afrikaans
afr_train_track_a_01174,daar is twee groot werklikhede in suid-afrika.,0,0,0,0,0,,[],afrikaans
afr_train_track_a_01175,ons het daarvan oorgenoeg gehad.,1,0,0,0,0,,['anger'],afrikaans
afr_train_track_a_01176,en wat dit nog erger maak is dat die sieke se kanse op genesing verminder.,0,0,1,0,1,,['fear' 'sadness'],afrikaans
afr_train_track_a_01177,maar ons reis is een van hoop en volharding.,0,0,0,1,0,,['joy'],afrikaans
afr_train_track_a_01178,die kernprobleem bly die veiligheidsvakuum wat ontstaan het na die afskaffing van die kommando's.,0,0,1,0,1,,['fear' 'sadness'],afrikaans
afr_train_track_a_01179,"al hierdie pogings, mevrou die speaker en voorsitter, moet gepaardgaan met 'n volgehoue gedrewenheid om gemeenskapsveiligheid en -sekuriteit te verbeter.",0,0,1,0,0,,['fear'],afrikaans
afr_train_track_a_01180,"die toekoms sal leer tot watter mate ons, in belang van almal in suid-afrika, hierdie uitdagings aanvaar en suksesvol aangepak het.",0,0,0,0,0,,[],afrikaans
afr_train_track_a_01181,hierdie boodskap is so baie belangrik dat ek dit kortliks in afrikaans herhaal.,0,0,0,0,0,,[],afrikaans
afr_train_track_a_01182,dit is egter duidelik dat daar nie net oë op die regering moet wees vir hulp aan boere nie.,0,0,0,0,0,,[],afrikaans
afr_train_track_a_01183,die np het nie 'n sppor gelaat wat ons wil volg nie - behalwe om op hom jag te maak!,0,0,0,0,0,,[],afrikaans
afr_train_track_a_01184,"nou kyk, as 'n mens eers deur daardie beroemde coenie de villiers-mond aangekondig is, is jou kop deur.",0,0,0,1,0,,['joy'],afrikaans
afr_train_track_a_01185,"almal wat hoor dat ons sulke deurlugtige dog opwindende besoekers gehad het, is groen van jaloesie.",0,0,0,1,0,,['joy'],afrikaans
afr_train_track_a_01186,hulle bring 'n ding genaamd celcius in en die temperatuur verminder met vyftig grade.,0,0,0,0,0,,[],afrikaans
afr_train_track_a_01187,"vanaand gaan oor die erkenning van daardie werk, wat dikwels ongenoem verbygaan.",0,0,0,1,0,,['joy'],afrikaans
afr_train_track_a_01188,neethling op my vraag geantwoord dat hy dié gebruik van kleins af ken.,0,0,0,0,0,,[],afrikaans
afr_train_track_a_01189,en ons moet seker maak dat ons hierdie benadering volhou.,0,0,0,0,0,,[],afrikaans
afr_train_track_a_01190,"voorsitter, ek wil afsluit deur u weer eens te bedank vir die geleentheid om met u te verkeer.",0,0,0,1,0,,['joy'],afrikaans
afr_train_track_a_01191,in die wes-kaap is daar nou ook 'n nuwe regering met hellen zille as premier.,0,0,0,0,0,,[],afrikaans
afr_train_track_a_01192,ons ontleding van misdaadtendense verbeter sodat ons ons prestasie met betrekking tot sowel misdaadvoorkoming as misdaadbekamping kan verbeter.,0,0,0,0,0,,[],afrikaans
afr_train_track_a_01193,die algemene publiek het nie toegang tot plase nie.,0,0,0,0,1,,['sadness'],afrikaans
afr_train_track_a_01194,"ons sal ook kyk na projekte wat kronies sukkel, en dan harde besluite neem.",0,0,1,0,1,,['fear' 'sadness'],afrikaans
afr_train_track_a_01195,in hierdie tyd het die safex-prys vir koring van r3 962 per ton tot r2 526 per ton gedaal.,0,0,0,0,0,,[],afrikaans
afr_train_track_a_01196,ek is hier om u die geleentheid te gee om u regering toe te spreek.,0,0,0,1,0,,['joy'],afrikaans
afr_train_track_a_01197,"suid-afrika kan nie bekostig dat meriete, harde werk, prestasie en ervaring nie erken word nie.",1,1,0,0,0,,['anger' 'disgust'],afrikaans
afr_train_track_a_01198,"een van die kwessies was die betekenis van die woord verskoning, waaroor taalgeleerdes destyds verskil het.",0,0,0,0,0,,[],afrikaans
afr_train_track_a_01199,om kompeterend te wees in die internasionale arena is dit noodsaaklik dat ons op die voorpunt sal bly.,0,0,1,1,0,,['fear' 'joy'],afrikaans
afr_train_track_a_01200,"laat ons saamstaan - die kerke, organisasies, sportklubs, gemeenskappe- en veg teen dit wat ons agteruit hou.",0,0,0,1,0,,['joy'],afrikaans
afr_train_track_a_01201,die leerkragte wat uit holland gekom het was veels te min.,0,0,0,0,1,,['sadness'],afrikaans
afr_train_track_a_01202,"alternatiewe tot afleggings sal ondersoek word, insluitend langer vakansies, langer opleidingstye, korttyd en posdeling.",0,0,0,1,0,,['joy'],afrikaans
afr_train_track_a_01203,"dit was vir verdere studie in taaldiens, taal- of geletterdheidsonderrig of taalontwikkeling.",0,0,0,0,0,,[],afrikaans
afr_train_track_a_01204,"volgende keer, dit is in februarie volgende jaar, kom ons weskus toe !",0,0,0,1,0,,['joy'],afrikaans
afr_train_track_a_01205,"die oogmerk met die plan is om plaaswerkers wat hulp of rehablitasie teen alkoholverslawing nodig het, te help.",0,0,0,1,0,,['joy'],afrikaans
afr_train_track_a_01206,ons moet vooruit beplan vir 'n ekonomies lewenskragtige volk.,0,0,1,1,0,,['fear' 'joy'],afrikaans
afr_train_track_a_01207,dit is dus duidelik dat die skepping van inkomste- en werkgeleenthede in suid-afrika 'n hoë prioriteit in ontwikkelingstrategieë geniet.,0,0,0,1,0,,['joy'],afrikaans
afr_train_track_a_01208,miskien is dit `n aspek van landbouskoue wat meer aandag kan kry.,0,0,0,0,0,,[],afrikaans
afr_train_track_a_01209,"dis veral die interessante werk van otto hornung, the illustrated encyclopedia of stamp collec-ting, wat my gedagtes geprikkel het.",0,0,0,1,0,,['joy'],afrikaans
afr_train_track_a_01210,"maar hierdie storie met al sy vreugde en verdriet, pret en kaskenades het ek in my boek chrissie en joey breedvoerig beskryf.",0,0,0,1,0,,['joy'],afrikaans
afr_train_track_a_01211,"departemente se werk sal gemeet word deur uitkomste, wat op grond van ons prestasie-monitering-en-evalueringstelsel ontwikkel word.",0,0,0,0,0,,[],afrikaans
afr_train_track_a_01212,ons benodig staatsamptenare wat toegewyd en bekwaam is en wat na landsburgers se behoeftes omsien.,1,0,0,0,1,,['anger' 'sadness'],afrikaans
afr_train_track_a_01213,"tolla was werklik 'n bobaas storieverteller en grapmaker, 'n kultuurbate en volksbesit, 'n alombeminde boorling van die wes-kaap.",0,0,0,1,0,,['joy'],afrikaans
afr_train_track_a_01214,daar is ook nog steeds swakhede in die implementering van die programme vir basiese volwasse onderrig (abet).,0,0,0,0,1,,['sadness'],afrikaans
afr_train_track_a_01215,die voorkoms van honger kinders het in vier jaar byna halveer.,0,0,0,1,0,,['joy'],afrikaans
afr_train_track_a_01216,"dr van rooyen, die hoof van ons departement staan aan die hoof van die werkgroep wat die proses moet dryf.",0,0,0,0,0,,[],afrikaans
afr_train_track_a_01217,dat ons moet aanvaar dat die volk nie beperk is tot een politieke party nie.,0,0,0,0,0,,[],afrikaans
afr_train_track_a_01218,rassisme moet finaal vir eens en vir altyd begrawe word.,1,1,0,0,0,,['anger' 'disgust'],afrikaans
afr_train_track_a_01219,sy werk hard en verwag vinnige resultate van haar amptenare.,0,0,0,1,0,,['joy'],afrikaans
afr_train_track_a_01220,tweehonderd ses-en-sestig kinders van al die provinsies het deelgeneem aan die pre-staatsrede-debat oor die rol van die jeug in die stryd teen armoede.,0,0,0,1,0,,['joy'],afrikaans
afr_train_track_a_01221,onder andere het die wes-kaapse kultuurkommissie finansiële bystand verleen vir die nau-seremonie wat verlede jaar hier in oudtshoorn gehou is.,0,0,0,1,0,,['joy'],afrikaans
afr_train_track_a_01222,twee lekker hoogtepunte vir naln was die museum se televisietyd vroeër vanjaar.,0,0,0,1,0,,['joy'],afrikaans
