text,aspect,sentiment_label,language
$T$ BA QOSUOE KA PELAELO EA HO BOLAEA MOSHEMANE LEBOLLONG,BASUOE,-1,sesotho
BASUOE BA QOSUOE KA PELAELO EA HO BOLAEA $T$ LEBOLLONG,MOSHEMANE,0,sesotho
BASUOE BA QOSUOE KA PELAELO EA HO BOLAEA MOSHEMANE $T$,LEBOLLONG,0,sesotho
TSEBA $T$ A NAHA,MARENA A SEHLOOHO,0,sesotho
TSEBA MARENA A SEHLOOHO A $T$,NAHA,0,sesotho
LINTLHA-KHOLO MABAPI LE $T$ E OETSENG BATHO,NTLO,-1,sesotho
LINTLHA-KHOLO MABAPI LE NTLO E OETSENG $T$,BATHO,0,sesotho
$T$ O KHAOTSOE BOTONA LE MENOANA A NTSE A PHELA,MOTHO,-1,sesotho
MOTHO O KHAOTSOE $T$ LE MENOANA A NTSE A PHELA,BOTONA,-1,sesotho
MOTHO O KHAOTSOE BOTONA LE $T$ A NTSE A PHELA,MENOANA,-1,sesotho
$T$ TSE BOHLOKO HO MAQHEKU LE MAQHEKOANA NAKONG ENA EA KERESEMESE,LITABA,-1,sesotho
LITABA TSE BOHLOKO HO $T$ LE MAQHEKOANA NAKONG ENA EA KERESEMESE,MAQHEKU,0,sesotho
LITABA TSE BOHLOKO HO MAQHEKU LE $T$ NAKONG ENA EA KERESEMESE,MAQHEKOANA,0,sesotho
$T$ O LOKELA HO BUSA LILEMO TSE HLANO,TONAKHOLO,1,sesotho
$T$ A TLO QOBELLA BAAHI HO KHAOLA LETLALO LA BOTONA,MAPARAMENTE,-1,sesotho
MAPARAMENTE A TLO QOBELLA $T$ HO KHAOLA LETLALO LA BOTONA,BAAHI,0,sesotho
MAPARAMENTE A TLO QOBELLA BAAHI HO KHAOLA $T$,LETLALO LA BOTONA,0,sesotho
$T$ SEA HOLA KAJENO,SEBINI,1,sesotho
$T$ E TSOA KA LEHE KAJENO,MEKHA EA POLOTIKI,-1,sesotho
HOSANE HO LEBELETSOE $T$ TSE MATLA,LIKHOHOLA,-1,sesotho
$T$ O ROKA NAHA MACHABENG,TONAKHOLO,0,sesotho
TONAKHOLO O ROKA $T$ MACHABENG,NAHA,1,sesotho
$T$ LE THEOLETSE TSE LING TSA LITŠEBELETSO SECHABENG,LETONA,1,sesotho
LETONA LE THEOLETSE TSE LING TSA $T$ SECHABENG,LITŠEBELETSO,0,sesotho
$T$ BO KHAOHILE HAPE TSEBISO E POTLAKILENG,BOROKHO,-1,sesotho
BOROKHO BO KHAOHILE HAPE $T$ E POTLAKILENG,TSEBISO,1,sesotho
$T$ O TLO FA LESOLE LE LENG LE LENG M100 000,'MUSO,1,sesotho
'MUSO O TLO FA $T$ LE LENG LE LENG M100 000,LESOLE,0,sesotho
$T$ EA SESOLE,PHATLALATSO,0,sesotho
PHATLALATSO EA $T$,SESOLE,0,sesotho
HO BONOA $T$ LETAMONG,SETOPO,-1,sesotho
HO BONOA SETOPO $T$,LETAMONG,-1,sesotho
$T$ O AMEHA BOSHOLUNG BA LIPHOOFOLO,MOPARAMENTE,-1,sesotho
MOPARAMENTE O AMEHA BOSHOLUNG BA $T$,LIPHOOFOLO,0,sesotho
$T$ LA KOMITI EA NAKOANA EA MOKHA O MOCHA,LENANE,0,sesotho
LENANE LA $T$ EA MOKHA O MOCHA,KOMITI EA NAKOANA,0,sesotho
LENANE LA KOMITI EA NAKOANA EA $T$ O MOCHA,MOKHA,1,sesotho
$T$ O TLO NEHELANA KA SETHUNYA SA POLASETIKI MAPOLESENG,MOPAREMENTE,-1,sesotho
MOPARAMENTE O TLO NEHELANA KA $T$ SA POLASETIKI MAPOLESENG,SETHUNYA,-1,sesotho
MOPARAMENTE O TLO NEHELANA KA SETHUNYA SA POLASETIKI $T$,MAPOLESENG,0,sesotho
$T$ O BONA MASOBA KATLEHONG EA TONAKHOLO LE 'MUSO OA HAE,MOPARAMENTE,0,sesotho
MOPARAMENTE O BONA MASOBA KATLEHONG EA $T$ LE 'MUSO OA HAE,TONAKHOLO,-1,sesotho
MOPARAMENTE O BONA MASOBA KATLEHONG EA TONAKHOLO LE $T$ OA HAE,'MUSO,-1,sesotho
$T$ TSE LING TSE MONATE KE TSENA,LITABA,1,sesotho
$T$ TSE MONATE,LITABA,1,sesotho
HO ETSAHETSE KOLOI E MPE EA $T$,KOLOI,-1,sesotho
$T$ O RE BATHO KE LITHOTHO,MONNA,0,sesotho
MONNA O RE $T$ KE LITHOTHO,BATHO,-1,sesotho
KE BOTHATA HO $T$ HO LATA MOFU EA SELAKHUOENG,SEPOLESA,-1,sesotho
KE BOTHATA HO SEPOLESA HO LATA $T$ EA SELAKHUOENG,MOFU,-1,sesotho
PALO EA $T$ BA SHOELETSENG MORAFONG E NETEFALITSOE,BATHO,-1,sesotho
PALO EA BATHO BA SHOELETSENG $T$ E NETEFALITSOE,MORAFONG,-1,sesotho
$T$ O TLA TŠOARA 'MOKA OA BAPHATLALATSI BA LITABA KAJENO,'MUSO,1,sesotho
'MUSO O TLA TŠOARA $T$ BA LITABA KAJENO,'MOKA OA BAPHATLALATSI,0,sesotho
$T$ EA FUMANOENG MOSALING OA MOTHO LEFISOA M5 000,MONNA,-1,sesotho
MONNA EA FUMANOENG $T$ OA MOTHO LEFISOA M5 000,MOSALING,0,sesotho
KE TLOLO EA MOLAO HO TIMA BOMME CHELETE,TLOLO EA MOLAO,-1,sesotho
KE TLOLO EA MOLAO HO TIMA $T$ CHELETE,BOMME,0,sesotho
KE TLOLO EA MOLAO HO TIMA BOMME $T$,CHELETE,-1,sesotho
$T$ O AKHELOA KHOTLA O QOSUOE,TONAKHOLO,-1,sesotho
TONAKHOLO O AKHELOA $T$ O QOSUOE,KHOTLA,0,sesotho
$T$ O TLANNGOE MATSOHO KA HO FELETSENG,TONAKHOLO,-1,sesotho
TONAKHOLO O TLANNGOE $T$ KA HO FELETSENG,MATSOHO,0,sesotho
$T$ BA ROBONG BA TŠOEROE,BATHO,-1,sesotho
$T$ A KHUTLA A HOSHOLA HA MOPARAMENTE,MAPOLESA,-1,sesotho
MAPOLESA A KHUTLA A HOSHOLA HA $T$,MOPARAMENTE,0,sesotho
$T$ LI THATA LI HLOKA 'NETE FELA,LITABA TSA NAHA,-1,sesotho
MOHLOLO OA $T$ NA LITSI TSA TŠIRELETSO LI CAPTURED,TABA,0,sesotho
MOHLOLO OA TABA NA $T$ LI CAPTURED,LITSI TSA TŠIRELETSO,-1,sesotho
$T$ TSE MONATE KE TSENA,LITABA,1,sesotho
$T$ POLAONG EA MOOKAMELI BA HLAHA KHOTLA,BAQOSUOA,-1,sesotho
BAQOSUOA POLAONG EA $T$ BA HLAHA KHOTLA,MOOKAMELI,0,sesotho
BAQOSUOA POLAONG EA MOOKAMELI BA HLAHA $T$,KHOTLA,0,sesotho
$T$ O ITELA BOOTLOANE HO TONAKHOLO,MOKHETHOA,1,sesotho
MOKHETHOA O ITELA BOOTLOANE HO $T$,TONAKHOLO,0,sesotho
$T$ EA LILEMO LI 12 O TLA LULA TERONKONG LILEMO TSE PELI,NGOANANYANA,-1,sesotho
NGOANANYANA EA LILEMO LI 12 O TLA LULA $T$ LILEMO TSE PELI,TERONKONG,0,sesotho
$T$ A TLO NYOLOHA HO TLOHA KA LA 1 TŠITOE 2023,MAKOLOI A BAETI,-1,sesotho
$T$ A NYOLOHILE,MAKOLOI A BAETI,-1,sesotho
$T$ SE PHONYOHA TORONKO,SEBAPALI SA BOLO,1,sesotho
SEBAPALI SA BOLO SE PHONYOHA $T$,TORONKO,-1,sesotho
$T$ BA TLOHELA LIPILISI TSA BOPHELO BOHLE KA LERENG BA RAPELETSOE,BATHO,-1,sesotho
BATHO BA TLOHELA $T$ KA LERENG BA RAPELETSOE,LIPILISI TSA BOPHELO BOHLE,1,sesotho
LE KAJENO LITŠEPISO TSA $T$ LE LETONA HA LI SO PHETHAHALE,TONAKHOLO,-1,sesotho
LE KAJENO LITŠEPISO TSA TONAKHOLO LE $T$ HA LI SO PHETHAHALE,LETONA,-1,sesotho
$T$ EA HO LOKISA LEBALA LA LIPAPALI E QALILE,TŠEBETSO,1,sesotho
TŠEBETSO EA HO LOKISA $T$ E QALILE,LEBALA LA LIPAPALI,1,sesotho
PHANO EA $T$ E NTSE E TSAMAEA KA THELLO E KHOLO,LIPASA,1,sesotho
$T$ TSE MONATE KE TSENA FEELA LI KANNA TSA BA BOHLOKO HO MANOA-JOALA A BAQHOBI,LITABA,1,sesotho
LITABA TSE MONATE KE TSENA FEELA LI KANNA TSA BA BOHLOKO HO MANOA-JOALA A $T$,BAQHOBI,-1,sesotho
BA SEBOKO KA HO NYOLOHA HOA $T$,MAKOLOI,-1,sesotho
$T$ O BAPISA TONAKHOLO EA MEHLENG LE TONAKHOLO,MOPARAMENTE,0,sesotho
MOPARAMENTE O BAPISA $T$ LE TONAKHOLO,TONAKHOLO EA MEHLENG,0,sesotho
MOPARAMENTE O BAPISA TONAKHOLO EA MEHLENG LE $T$,TONAKHOLO,0,sesotho
$T$ O TLO AHA MATLO A BATHO A FEFOHILENG,TONAKHOLO,1,sesotho
TONAKHOLO O TLO AHA $T$ A FEFOHILENG,MATLO A BATHO,-1,sesotho
$T$ O NTSE A PHETSE HANTLE,TONAKHOLO,1,sesotho
$T$ O QALELETSE HO FEPA SECHABA,TONAKHOLO,1,sesotho
TONAKHOLO O QALELETSE HO FEPA $T$,SECHABA,0,sesotho
$T$ TSE MONTATE HO BAITHUTI,LITABA,1,sesotho
LITABA TSE MONTATE HO $T$,BAITHUTI,0,sesotho
$T$ LE EENA O FUOA BOTONA KE TONAKHOLO,MOPARAMENTE,1,sesotho
MOPARAMENTE LE EENA O FUOA BOTONA KE $T$,TONAKHOLO,1,sesotho
BONA $T$ A TLANG HO HLAPANTŠOA KAJENO,LENANE LA MATONA,1,sesotho
$T$ O TLO ABELA SECHABA LIJO-THOLLO,TONAKHOLO,1,sesotho
TONAKHOLO O TLO ABELA $T$ LIJO-THOLLO,SECHABA,0,sesotho
TONAKHOLO O TLO ABELA SECHABA $T$,LIJO-THOLLO,0,sesotho
$T$ HA A EO KA HAR'A NAHA,MOPARAMENTE,0,sesotho
$T$ E MOHOLO OA 'MUSO O TLO QHAUTSOA,MOHANYETSI,1,sesotho
MOHANYETSI E MOHOLO OA $T$ O TLO QHAUTSOA,'MUSO,0,sesotho
$T$ BA PHALLELOA KA LIMPHO,BAITHUTI,0,sesotho
BAITHUTI BA PHALLELOA KA $T$,LIMPHO,1,sesotho
$T$ O TSOELAPELE KA MOSEBETSI O MOTLE,TONAKHOLO,1,sesotho
$T$ O ARABA LIPOTSO TSA THEKO EA MAKOLOI A SEPOLESA,'MUSO,1,sesotho
'MUSO O ARABA LIPOTSO TSA $T$ EA MAKOLOI A SEPOLESA,THEKO,0,sesotho
'MUSO O ARABA LIPOTSO TSA THEKO EA $T$,MAKOLOI A SEPOLESA,0,sesotho
$T$ SE BOELA E NGOLA NALANE E MPE,SEHLOPHA SA BOLO,-1,sesotho
$T$ BA TLO LAHLELOA TORONKONG,BATŠEHETSI BA SEHLOPHA SA BOLO,-1,sesotho
BATŠEHETSI BA SEHLOPHA SA BOLO BA TLO LAHLELOA $T$,TORONKONG,-1,sesotho
$T$ O TLO FANA KA LINKU HO BALISANA BA 108,TONAKHOLO,1,sesotho
TONAKHOLO O TLO FANA KA LINKU HO $T$ BA 108,BALISANA,1,sesotho
$T$ O SHEMOLA NTATAE SEPHAKA,NGOANANA,-1,sesotho
NGOANANA O SHEMOLA $T$ SEPHAKA,NTATAE,0,sesotho
NGOANANA O SHEMOLA NTATAE $T$,SEPHAKA,0,sesotho
$T$ O KHENOLA MOPARAMENTE HAPE,TONAKHOLO,-1,sesotho
TONAKHOLO O KHENOLA MOPARAMENTE HAPE,MOPARAMENTE,0,sesotho
$T$ LE TLA ARABA TSA LEFU LA MOSEBETSI KAJENO,LETONA,-1,sesotho
LETONA LE TLA ARABA TSA LEFU LA $T$ KAJENO,MOSEBETSI,-1,sesotho
$T$ O SHAPELA TONAKHOLO LEHOFI,MOPARAMENTE OA MEHLENG,0,sesotho
MOPARAMENTE OA MEHLENG O SHAPELA $T$ LEHOFI,TONAKHOLO,1,sesotho
$T$ O TLO REKELA MAPOLESA MAKOLOI A MANG HAPE,'MUSO,1,sesotho
'MUSO O TLO REKELA $T$ MAKOLOI A MANG HAPE,MAPOLESA,0,sesotho
'MUSO O TLO REKELA MAPOLESA $T$ A MANG HAPE,MAKOLOI,1,sesotho
KE LESHANO HORE $T$ E TLO KOPANELA PUSO,PHATHI,0,sesotho
KE LESHANO HORE PHATHI E TLO KOPANELA $T$,PUSO,-1,sesotho
$T$ A 7 A 'MUSO A BATLA HO TŠELELA KA HO BOHANYETSI,MAPARAMENTE,-1,sesotho
MAPARAMENTE A 7 A $T$ A BATLA HO TŠELELA KA HO BOHANYETSI,'MUSO,0,sesotho
MAPARAMENTE A 7 A 'MUSO A BATLA HO TŠELELA KA HO $T$,BOHANYETSI,-1,sesotho
$T$ O BOELA A TSOA PUO KA TSA HO TŠOAROA HA HAE,MOPARAMENTE,-1,sesotho
BALA POLELO EA $T$ MABAPI LE MAEMO A RENANG A LIPOLOTIKI,LEKHOTLA LA LIKEREKE,0,sesotho
BALA POLELO EA LEKHOTLA LA LIKEREKE MABAPI LE $T$ A RENANG A LIPOLOTIKI,MAEMO,0,sesotho
BALA POLELO EA LEKHOTLA LA LIKEREKE MABAPI LE MAEMO A RENANG A $T$,LIPOLOTIKI,0,sesotho
$T$ O JOOA KE LINTA TSA KOBO EA HAE,MOPARAMENTE,-1,sesotho
$T$ O HLALOSA TSA TŠOARO EA HAE,MOPARAMENTE,-1,sesotho
$T$ SE TLOLA MOLAO KA HO TŠOARA MOPARAMENTE,SEPOLESA,-1,sesotho
SEPOLESA SE TLOLA MOLAO KA HO TŠOARA $T$,MOPARAMENTE,0,sesotho
$T$ A IKISA MAPOLESENG,MAPARAMENTE A BOHANYETSI,-1,sesotho
MAPARAMENTE A BOHANYETSI A IKISA $T$,MAPOLESENG,0,sesotho
$T$ O TŠOEROE,MOPARAMENTE OA BOHANYETSI,-1,sesotho
$T$ A TLO SHAPUOA,MASOLE,-1,sesotho
$T$ O FUOA BEILE,'MOLAI OA MOPARAMENTE OA MEHLENG,-1,sesotho
'MOLAI OA MOPARAMENTE OA MEHLENG O FUOA $T$,BEILE,0,sesotho
$T$ SE MAKALLA POLELO EA LITSI TSA TŠIRELETSO,SETHO SA PHATHI,-1,sesotho
SETHO SA PHATHI SE MAKALLA $T$,POLELO EA LITSI TSA TŠIRELETSO,0,sesotho
$T$ O KENYA SEPOLESA SESOLE LE MAUTLOELA TSELENG,MOPARAMENTE,1,sesotho
MOPARAMENTE O KENYA $T$ SESOLE LE MAUTLOELA TSELENG,SEPOLESA,-1,sesotho
MOPARAMENTE O KENYA SEPOLESA SESOLE LE $T$ TSELENG,MAUTLOELA,-1,sesotho
MOPARAMENTE O KENYA SEPOLESA $T$ LE MAUTLOELA TSELENG,SESOLE,-1,sesotho
$T$ O RE LIKETSO TSA HO LIEA PUSO LI KE SE ETSAHALE,MOOKAMELI,1,sesotho
MOOKAMELI O RE LIKETSO TSA HO LIEA $T$ LI KE SE ETSAHALE,PUSO,-1,sesotho
MOOKAMELI O RE $T$ TSA HO LIEA PUSO LI KE SE ETSAHALE,LIKETSO,1,sesotho
$T$ O TSOILE BOHANYETSI SHIBOBO,'MUSO,1,sesotho
'MUSO O TSOILE $T$ SHIBOBO,BOHANYETSI,-1,sesotho
$T$ LE THIBELA HO LIHELOA HA TONAKHOLO,LEKHOTLA,1,sesotho
LEKHOTLA LE THIBELA HO LIHELOA HA $T$,TONAKHOLO,0,sesotho
HA U TŠABA U TŠABE $T$,MOPARAMENTE,-1,sesotho
$T$ O RE 'MUSO OA HAE O TJAMETSOE KE HO SE QETE LILEMO TSE HLANO,TONAKHOLO,-1,sesotho
TONAKHOLO O RE $T$ OA HAE O TJAMETSOE KE HO SE QETE LILEMO TSE HLANO,'MUSO,-1,sesotho
$T$ A MANG A PHATHI A LELEKUOE,MAPARAMENTE,-1,sesotho
MAPARAMENTE A MANG A $T$ A LELEKUOE,PHATHI,0,sesotho
$T$ O FA BAHOEBI M130 000,'MUSO,1,sesotho
'MUSO O FA $T$ M130 000,BAHOEBI,0,sesotho
$T$ O BEHA TONAKHOLO POOANENG,MOPARAMENTE OA PHATHI,-1,sesotho
MOPARAMENTE OA PHATHI O BEHA $T$ POOANENG,TONAKHOLO,-1,sesotho
$T$ E TLO NYOLOHA HAMPE HAHOLO,THEKO EA NAMA LE MAHE,-1,sesotho
$T$ KE MAHLOPHA A SENYA,PULA,-1,sesotho
$T$ SE TSOA PUO KA POLAO EA MOPARAMENTE OA MEHLENG,SEPOLESA,0,sesotho
SEPOLESA SE TSOA PUO KA POLAO EA MOPARAMENTE OA MEHLENG,MOPARAMENTE OA MEHLENG,-1,sesotho
$T$ O SHAPILE MOSALI OA MOTHO HA A TLA BOLAOA,MOFU,-1,sesotho
MOFU O SHAPILE $T$ HA A TLA BOLAOA,MOSALI OA MOTHO,0,sesotho
$T$ O THUNYELITSOE LEFU KAJENO,MOPARAMENTE,-1,sesotho
MAEMONG A NEPAHETSENG HA HO $T$ EA KA JANG NAMA EA NTJA,MOTHO,0,sesotho
MAEMONG A NEPAHETSENG HA HO MOTHO EA KA JANG $T$,NAMA EA NTJA,-1,sesotho
$T$ O FUMANA TLHAPI E KHOLO,MOPARAMENTE,1,sesotho
$T$ O TŠOEROE KAMOR'A HO LEKA HO BOLAEA EO PELAELO ELENG HORE O BUILE KOMA,RAMOPHATHO,-1,sesotho
MENYENYETSI E RE HO SE HO ENA LE $T$ EA THUNTSOENG BOIPELAETSONG BA BAITHUTI BA SEKOLO SE PHAHAMENG,MOTHO,-1,sesotho
MENYENYETSI E RE HO SE HO ENA LE MOTHO EA THUNTSOENG $T$ BA BAITHUTI BA SEKOLO SE PHAHAMENG,BOIPELAETSONG,-1,sesotho
MENYENYETSI E RE HO SE HO ENA LE MOTHO EA THUNTSOENG BOIPELAETSONG BA $T$,BATHUTI BA SEKOLO SE PHAHAMENG,0,sesotho
HO UTLOAHALA HO KHABOLA HA $T$ BOIPILETSONG BA BAITHUTI BA SEKOLO SE PHAHAMENG,SETHUNYA,-1,sesotho
HO UTLOAHALA HO KHABOLA HA SETHUNYA $T$ BA BAITHUTI BA SEKOLO SE PHAHAMENG,BOIPELETSONG,-1,sesotho
HO UTLOAHALA HO KHABOLA HA SETHUNYA BOIPILETSONG BA $T$,BAITHUTI BA SEKOLO SE PHAHAMENG,0,sesotho
HO QETA HO ETSAHALA $T$ E MPE,KOTSI,-1,sesotho
$T$ O HLAJOA KA THIPA A LE LAPENG BOSIU,MOSALI,-1,sesotho
MOSALI O HLAJOA KA $T$ A LE LAPENG BOSIU,THIPA,-1,sesotho
UTLOA LITABA TSA $T$ EA BELAELLOANG KA BOSHOLU BA TLHAPI,MOSALI,-1,sesotho
UTLOA LITABA TSA MOSALI EA BELAELLOANG KA BOSHOLU BA $T$,TLHAPI,-1,sesotho
$T$ E KHUTLILE E SA KHOLA MAOBANE,METSOFE,-1,sesotho
LINTLHA-KHOLO MABAPI LE $T$ EA TŠOEROENG KA MAKOLOKOTI A TLHAPI,MOSALI,-1,sesotho
LINTLHA-KHOLO MABAPI LE MOSALI EA TŠOEROENG KA $T$,MAKOLOKOTI A TLHAPI,-1,sesotho
$T$ BA BATLA MOETAPELE A LELEKE MOPARAMENTE OA BOHLANO,BALATELI BA PHATHI,-1,sesotho
BALATELI BA PHATHI BA BATLA $T$ A LELEKE MOPARAMENTE OA BOHLANO,MOETAPELE,0,sesotho
BALATELI BA PHATHI BA BATLA MOETAPELE A LELEKE $T$ OA BOHLANO,MOPARAMENTE,-1,sesotho
$T$ O HANANA LE QETO EA MOETAPELE,MOPARAMENTE OA PHATHI,-1,sesotho
MOPARAMENTE OA PHATHI O HANANA LE QETO EA $T$,MOETAPELE,0,sesotho
HO PHETHILE $T$ A TEBETSOE BOPHELO BOHLE,MAPARAMENTE A PHATHI,-1,sesotho
LIPHUPUTSO LI THAKHOTSOE KHAHLANONG LE $T$,SEBOHOLI,-1,sesotho
$T$ O PHELISA SECHABA KA LESHANO,TONAKHOLO,-1,sesotho
TONAKHOLO O PHELISA $T$ KA LESHANO,SECHABA,0,sesotho
BA RE $T$ SE NA LE LETEMONA,SEPABALI SA BOLO,-1,sesotho
UTLOA TSA $T$ O LITULONG KAJENO,LETONA LA 'MUSO,0,sesotho
$T$ O RE O FUMANE BAREKI BA TLA REKA LIHLAHISOA TSA LIFEME TSA NAHA,TONAKHOLO,1,sesotho
TONAKHOLO O RE O FUMANE $T$ BA TLA REKA LIHLAHISOA TSA LIFEME TSA NAHA,BAREKI,1,sesotho
TONAKHOLO O RE O FUMANE BAREKI BA TLA REKA $T$,LIHLAHISOA TSA LIFEME TSA NAHA,0,sesotho
$T$ A 20 A TLALEHOA A FEFOHILE,MATLO,-1,sesotho
$T$ O HLABA MOETAPELE OA PHATHI BOHLOKONG,TONAKHOLO,-1,sesotho
TONAKHOLO O HLABA $T$ BOHLOKONG,MOETAPELA OA PHATHI,0,sesotho
HO TLOSOA $T$ OFISING,BOTO EA PHATHI,-1,sesotho
HO TLOSOA BOTO EA PHATHI $T$,OFISING,0,sesotho
$T$ SE TLO BATLOA LI-ID HO TŠELA CHELETE,SECHABA,0,sesotho
SECHABA SE TLO BATLOA $T$ HO TŠELA CHELETE,LI-ID,-1,sesotho
SECHABA SE TLO BATLOA LI-ID HO TŠELA $T$,CHELETE,0,sesotho
$T$ O LO LOKISA TSELA EA HABO KA SONTAHA,MOPARAMENTE,1,sesotho
MOPARAMENTE O LO LOKISA $T$ EA HABO KA SONTAHA,TSELA,1,sesotho
MELEMO EA HO JA $T$,NAMA EA NTJA,1,sesotho
$T$ LE NETEFATSA HORE COVID-19 E FUMANOE BANENG BA SEKOLO,LETONA,0,sesotho
LETONA LE NETEFATSA HORE $T$ E FUMANOE BANENG BA SEKOLO,COVID-19,-1,sesotho
LETONA LE NETEFATSA HORE COVID-19 E FUMANOE $T$,BANENG BA SEKOLO,-1,sesotho
$T$ E FUMANOA BANENG BA SEKOLO,COVID-19,-1,sesotho
COVID-19 E FUMANOA $T$,BANENG BA SEKOLO,-1,sesotho
$T$ O QALELETSE HO LOKISA LITSELA,'MUSO,1,sesotho
'MUSO O QALELETSE HO LOKISA $T$,LITSELA,1,sesotho
MAMELA $T$ A SHOASHOATHELA SEBOHOLI,MOOKAMELI OA SEEA-LE-MOEA,-1,sesotho
MAMELA MOOKAMELI OA SEEA-LE-MOEA A SHOASHOATHELA $T$,SEBOHOLI,0,sesotho
$T$ E 'NGOE E BEHELLA BASEBELETSI KAOFELA KA THOKO,FEME,-1,sesotho
FEME E 'NGOE E BEHELLA $T$ KAOFELA KA THOKO,BASEBELETSI,0,sesotho
BONA $T$,MAHLASIPA A SEBOHOLI,-1,sesotho
$T$ O PHAPHATHA TONAKHOLO LEHETLA,MOETAPELE OA PHATHI,1,sesotho
MOETAPELE OA PHATHI O PHAPHATHA $T$ LEHETLA,TONAKHOLO,1,sesotho
$T$ SE RE MOSEBETSI 'MOHO O MORERONG OA HO MO FENETHA,SEBOHOLI,0,sesotho
SEBOHOLI SE RE $T$ O MORERONG OA HO MO FENETHA,MOSEBETSI 'MOHO,-1,sesotho
$T$ O OELOA KE TSIETSI,MONNA,-1,sesotho
$T$ BA 15 BA HLAHELOA KE MATHATA NAHENG EA BOAHISANE,BATHO,-1,sesotho
BATHO BA 15 BA HLAHELOA KE MATHATA $T$,NAHENG EA BOAHISANE,0,sesotho
TSEBA NA $T$ O HAKAE KA MOTEBO OA SEPOLESA,MOKHOTHALETSUOA,0,sesotho
TSEBA NA MOKHOTHALETSUOA O HAKAE KA $T$,MOTEBO OA SEPOLESA,0,sesotho
$T$ O RE SECHABA SE LOKELA HO BA LIMPIMPI,TONAKHOLO,0,sesotho
TONAKHOLO O RE $T$ SE LOKELA HO BA LIMPIMPI,SECHABA,1,sesotho
$T$ SE NTSE SE SO FIHLE MOO NTJA E FUMANOENG E MOMME SETOTSOANA,SEPOLESA,-1,sesotho
SEPOLESA SE NTSE SE SO FIHLE MOO $T$ E FUMANOENG E MOMME SETOTSOANA,NTJA,-1,sesotho
SEPOLESA SE NTSE SE SO FIHLE MOO NTJA E FUMANOENG E MOMME $T$,SETOTSOANA,-1,sesotho
$T$ E NE E HLOKE MOHATLA KE HO ROMELETSA,PELA,-1,sesotho
PELA E NE E HLOKE $T$ KE HO ROMELETSA,MOHATLA,0,sesotho
$T$ O PEPESA BOFOKOLI BA TONAKHOLO,MOPARAMENTE,-1,sesotho
MOPARAMENTE O PEPESA BOFOKOLI BA $T$,TONAKHOLO,-1,sesotho
$T$ O BOELA A BITSA BAPHATLALATSI BA LITABA,TONAKHOLO,0,sesotho
TONAKHOLO O BOELA A BITSA $T$,BAPHATLALATSI BA LITABA,0,sesotho
$T$ TSE MONATE HO MATAOA,LITABA,1,sesotho
LITABA TSE MONATE HO $T$,MATAOA,-1,sesotho
HO QHOMA $T$ LE LENG HAPE,LEFU,-1,sesotho
LINTLHA-KHOLO POLELONG EA $T$ SEBOKENG SA MOKHA OA POLOTIKI,MOETAPELE,0,sesotho
LINTLHA-KHOLO POLELONG EA MOETAPELE $T$,SEBOKENG SA MOKHA OA POLOTIKI,0,sesotho
$T$ TSE NCHA,LITABA,1,sesotho
$T$ TSE MONATE HO SECHABA,LITABA,1,sesotho
LITABA TSE MONATE HO $T$,SECHABA,0,sesotho
$T$ LE HLAHELLA BOBOLUNG,LETONA,-1,sesotho
$T$ O PHOQA TONAKHOLO,MOPARAMENTE,-1,sesotho
MOPARAMENTE O PHOQA $T$,TONAKHOLO,0,sesotho
$T$ A 11 A CHELE,MATLO,-1,sesotho
$T$ KE MOLATELI OA SEHLOPHA SA BOLO,MOLIMO,1,sesotho
MOLIMO KE MOLATELI OA $T$,SEHLOPHA SA BOLO,0,sesotho
HO SETSE LIHORA $T$ A TLOSOA BOTONAKHOLONG,TONAKHOLO,-1,sesotho
$T$ O LOKELA HO OELA,TONAKHOLO,-1,sesotho
UTLOA NA HOBANENG $T$ A LELEKILE MAPARAMENTE A 3,TONAKHOLO,0,sesotho
UTLOA NA HOBANENG TONAKHOLO A LELEKILE $T$ A 3,MAPARAMENTE,-1,sesotho
$T$ EA HO NYOLLA LITEFISO TSA METSI E TLA PHATLALATSOA KAJENO,QETO,0,sesotho
QETO EA HO NYOLLA $T$ E TLA PHATLALATSOA KAJENO,LITEFISO TSA METSI,-1,sesotho
$T$,MANYELA-KOAENG,-1,sesotho
UTLOA LITABA TSA $T$ KA TONAKHOLO,MOPARAMENTE,0,sesotho
UTLOA LITABA TSA MOPARAMENTE KA $T$,TONAKHOLO,0,sesotho
UTLOA MANYALA A $T$ HO LATELA TLHALOSO EA MOPARAMENTE,'MUSO,-1,sesotho
UTLOA MANYALA A 'MUSO HO LATELA TLHALOSO EA $T$,MOPARAMENTE,0,sesotho
$T$ BA ROBONG BA TŠOEROE,BATHO,-1,sesotho
$T$ O QETA HO HLAJOA KA THIPA,MOSALI,-1,sesotho
MOSALI O QETA HO HLAJOA KA $T$,THIPA,-1,sesotho
$T$ BA TLA TSAMAEA BOSIU BA TLO AHLOLOA M10 000,BATHO,-1,sesotho
HO TLA TŠOARELOA $T$ MOO SEBOHOLI SE TIMELETSENG,THAPELO,1,sesotho
HO TLA TŠOARELOA THAPELO MOO $T$ SE TIMELETSENG,SEBOHOLI,-1,sesotho
KE $T$ BA 54 BA TIMETSENG SELEMONG SENA,BATHO,-1,sesotho
$T$ O TŠOELA POLAO EA SEBOHOLI KA SEHLETHELA-HALI SA MATHE,'MUSO,1,sesotho
'MUSO O TŠOELA POLAO EA $T$ KA SEHLETHELA-HALI SA MATHE,SEBOHOLI,-1,sesotho
$T$ O TLO NTŠA POLELO MABAPI LE LEFU LA SEBOHOLI,TONAKHOLO,0,sesotho
TONAKHOLO O TLO NTŠA POLELO MABAPI LE $T$,LEFU LA SEBOHOLI,-1,sesotho
LINTLHA-KHOLO POLAONG EA $T$,SEBOHOLI,-1,sesotho
$T$ SE THUNTSOE SE FELETSOE KE BOPHELO,SEBOHOLI,-1,sesotho
$T$ NAKONG EA TEMO VS PUSONG EA TONAKHOLO EA MEHLENG NAKONG EA TEMO,PUSONG EA TONAKHOLO,0,sesotho
PUSONG EA TONAKHOLO NAKONG EA $T$ VS PUSONG EA TONAKHOLO EA MEHLENG NAKONG EA TEMO,TEMO,0,sesotho
PUSONG EA TONAKHOLO NAKONG EA TEMO VS $T$ NAKONG EA TEMO,PUSONG EA TONAKHOLO EA MEHLENG,0,sesotho
$T$ O FUMANE KOTSI O LEMETSE,MOKOETLISI OA SEHLOPHA SA BOLO,-1,sesotho
$T$ O TŠEPISA MOSALI NTLO,MOETAPELE,1,sesotho
MOETAPELE O TŠEPISA $T$ NTLO,MOSALI,0,sesotho
MOETAPELE O TŠEPISA MOSALI $T$,NTLO,1,sesotho
NA $T$ BO TSIETSING,BOPHELO BA TONAKHOLO,-1,sesotho
$T$ O EMA LE SECHABA KHAHLANONG LE KOMPONE EA MARANG-RANG,MOPARAMENTE,1,sesotho
MOPARAMENTE O EMA LE $T$ KHAHLANONG LE KOMPONE EA MARANG-RANG,SECHABA,0,sesotho
MOPARAMENTE O EMA LE SECHABA KHAHLANONG LE $T$,KOMPONE EA MARANG-RANG,-1,sesotho
$T$ SE SEBOKO KE 'MUSO O LITULONG,SETHO SA PHATHI,-1,sesotho
SETHO SA PHATHI SE SEBOKO KE $T$ O LITULONG,'MUSO,-1,sesotho
$T$ BA EA ITHEKISA HO ETSA CHELETE,BAITHUTI,-1,sesotho
BAITHUTI BA EA ITHEKISA HO ETSA $T$,CHELETE,0,sesotho
$T$ O LLA SEBOKO SE HLOMOLANG PELO SEPETLELE,MOKULI,-1,sesotho
MOKULI O LLA SEBOKO SE HLOMOLANG PELO $T$,SEPETLELE,-1,sesotho
$T$ BA BANGATA BA TLO FELLOA KE MESEBETSI HAPE,BATHO,-1,sesotho
$T$ BA BANGATA BA TLO FELLOA KE $T$ HAPE,MESEBETSI,-1,sesotho
HA HO $T$ SEPETLELE,BAOKI,-1,sesotho
HA HO BAOKI $T$,SEPETLELE,0,sesotho
$T$ BA TEBETSOE HAPE,BASEBELETSI BA LIFEME,-1,sesotho
$T$ BA IPELAETSA KHAHLANONG LE 'MUSO,BAOKI,-1,sesotho
BAOKI BA IPELAETSA KHAHLANONG LE $T$,'MUSO,-1,sesotho
$T$ LE BOHLOKO LA MOHATSELA LE TSELENG,LEQHUBU,-1,sesotho
LEQHUBU LE BOHLOKO LA $T$ LE TSELENG,MOHATSELA,-1,sesotho
$T$ E SE E TLO KHOLA KHOELING ENA,METSOFE,-1,sesotho
MONYETLA OA $T$ KAJENO LE HOSANE O TENG,LEHLOA,0,sesotho
HO NTSENG HO NA HA SE $T$ KE MEEOKHO EA BALATELI BA SEHLOPHA SA BOLO,PULA,-1,sesotho
HO NTSENG HO NA HA SE PULA KE MEEOKHO EA $T$,BALATELI BA SEHLOPHA SA BOLO,-1,sesotho
$T$ HA O TLISE PHETOHO HOHANG,MOKHA,-1,sesotho
$T$ LE MAQHEKOANA HA A TLO KHOLA,MAQHEKU,-1,sesotho
MAQHEKU LE $T$ HA A TLO KHOLA,MAQHEKOANA,-1,sesotho
MONYETLA OA $T$ O TENG SONTAHA,LEHLOA,0,sesotho
$T$ O QALELETSE HO PATALA BAOKI,'MUSO,1,sesotho
'MUSO O QALELETSE HO PATALA $T$,BAOKI,0,sesotho
$T$ O TŠOEROE O BELAELLOA KA PETO,MORENA,-1,sesotho
$T$ SE TLO SULAFALLOA BOESA,SECHABA,-1,sesotho
$T$ TSA MOHLOLO SETEREKENG,LIBOKO,0,sesotho
LIBOKO TSA MOHLOLO $T$,SETEREKENG,0,sesotho
HO TLA THAKHOLOA $T$ E NCHA BOESA,CHELETE,1,sesotho
$T$ O TŠOARELOA HO HLABA MONNA KA THIPA,MOSALI,-1,sesotho
MOSALI O TŠOARELOA HO HLABA $T$ KA THIPA,MONNA,0,sesotho
MOSALI O TŠOARELOA HO HLABA MONNA KA $T$,THIPA,-1,sesotho
$T$ LI TLO KOPANELA PINA,LIBINI,1,sesotho
LIBINI LI TLO KOPANELA $T$,PINA,1,sesotho
$T$ OA HO TŠELA CHILISI BOTHONG BA MOSALI O SHOELE,MONNA,-1,sesotho
MONNA OA HO TŠELA CHILISI $T$ O SHOELE,BOTHONG BA MOSALI,0,sesotho
$T$ LI FETOHA LEFELA,LITŠEPISO TSA TONAKHOLO,-1,sesotho
$T$ O TSAMAEA MEHLALENG EA MEBUSO E FETILENG,'MUSO,0,sesotho
'MUSO O TSAMAEA MEHLALENG EA $T$,MEBUSO E FETILENG,0,sesotho
$T$ OA HO TŠELA CHILISI BOTHONG BA MOSALI O HLOLEHA HO HLAHA KHOTLA,MONNA,-1,sesotho
MONNA OA HO TŠELA CHILISI $T$ O HLOLEHA HO HLAHA KHOTLA,BOTHONG BA MOSALI,0,sesotho
MONNA OA HO TŠELA CHILISI BOTHONG BA MOSALI O HLOLEHA HO HLAHA $T$,KHOTLA,-1,sesotho
$T$ BO SEBOKO KE 'MUSO,BOHANYETSI,-1,sesotho
BOHANYETSI BO SEBOKO KE $T$,'MUSO,-1,sesotho
$T$ O TŠELA CHILISI KA BOTHONG BA MOSALI OA HAE,MONNA,-1,sesotho
MONNA O TŠELA CHILISI KA $T$ OA HAE,BOTHONG BA MOSALI,0,sesotho
$T$ BA BETSA KHOBA HAPE,BANNA,0,sesotho
$T$ O HLOLEHA HO BUSA O TSEKA LINAMA,TONAKHOLO,-1,sesotho
TONAKHOLO O HLOLEHA HO BUSA O TSEKA $T$,LINAMA,-2,sesotho
$T$ TSE NGATA LI KHAHLANONG LE JOALA,LITUMELO,0,sesotho
LITUMELO TSE NGATA LI KHAHLANONG LE $T$,JOALA,-1,sesotho
$T$ KE EONA E KHOLO HO FETA LITUMELO TSOHLE LEFATŠENG,TUMELO EA CHRIST,1,sesotho
TUMELO EA CHRIST KE EONA E KHOLO HO FETA $T$ TSOHLE LEFATŠENG,LITUMELO,-1,sesotho
TUMELO EA CHRIST KE EONA E KHOLO HO FETA LITUMELO TSOHLE $T$,LEFATŠENG,0,sesotho
$T$ O ROKA MOHATSA OA TONAKHOLO EA MEHLENG,MOSALI,1,sesotho
MOSALI O ROKA $T$,MOHATSA OA TONAKHOLO EA MEHLENG,1,sesotho
$T$ SE ITOMA MOHATLA,SETHO SA PHATHI,-1,sesotho
$T$ BA ITŠOARELLA KA MOSALI A LE MONG,BANNA,1,sesotho
BANNA BA BARARO BA ITŠOARELLA KA $T$ A LE MONG,MOSALI,1,sesotho
$T$ O RERETSOE BOBE,'MUSO,-1,sesotho
$T$ E JA LEFA LA 'MUSO O FETILENG,PUSO EA TONAKHOLO,1,sesotho
PUSO EA TONAKHOLO E JA LEFA LA $T$,'MUSO O FETILENG,1,sesotho
HA KE TLO NYEKA $T$,TONAKHOLO,-1,sesotho
$T$ LE LECHA LA SEBINI LE TSOILE,LETLAPA,1,sesotho
LETLAPA LE LECHA LA $T$ LE TSOILE,SEBINI,0,sesotho
$T$ TSE MONATE HO SECHABA SOHLE,LITABA,1,sesotho
LITABA TSE MONATE HO $T$ SOHLE,SECHABA,0,sesotho
$T$ O IKAKHETSE KA SETOTSOANA 'MINONG OA FAMO,MONNA OA LEKHOOA,1,sesotho
MONNA OA LEKHOOA O IKAKHETSE KA SETOTSOANA $T$,'MINONG OA FAMO,0,sesotho
LINTLHA-KHOLO $T$,POLELONG EA TONAKHOLO,0,sesotho
$T$ O TLO BAKELA NAHA KHAPHA-MALI,MORUTI,-1,sesotho
MORUTI O TLO BAKELA $T$ KHAPHA-MALI,NAHA,-1,sesotho
$T$ E BALEHISA MOKOETLISI,PHAFA,-1,sesotho
PHAFA E BALEHISA $T$,MOKOETLISI,-1,sesotho
$T$ BA CHESA HO FETA LIBAPALI,BALATELI BA SEHLOPHA SA BOLO,-1,sesotho
BALATELI BA SEHLOPHA SA BOLO BA CHESA HO FETA $T$,LIBAPALI,-1,sesotho
$T$ SE TLO NTŠA LETLAPA LE LECHA,SEBINI,1,sesotho
$T$ O ROBEHETSE KOTSING EA LIKOLOI,MOTHO,-1,sesotho
MOTHO O ROBEHETSE KOTSING EA $T$,LIKOLOI,-1,sesotho
$T$ LI TLO FELISOA,CHELETE EA LIPAMPIRI LE EA TŠEPE,0,sesotho
$T$ E JOOE KA SEHLOHO PUSONG E FETILENG,CHELETE EA SECHABA,-1,sesotho
CHELETE EA SECHABA E JOOE KA SEHLOHO $T$ E FETILENG,PUSONG,-1,sesotho
$T$ POLAONG EA SEBINI BA TŠOEROE,BABELAELLOA,1,sesotho
BABELAELLOA POLAONG EA $T$ BA TŠOEROE,SEBINI,-1,sesotho
LE $T$ ONA BATHO BA FELLOA KE MESEBETSI,'MUSONG,-1,sesotho
LE 'MUSONG ONA $T$ BA FELLOA KE MESEBETSI,BATHO,-1,sesotho
LE 'MUSONG ONA BATHO BA FELLOA KE $T$,MESEBETSI,-1,sesotho
$T$ E CHAISA NGOANA KAJENO,KOLOI,-1,sesotho
KOLOI E CHAISA $T$ KAJENO,NGOANA,-1,sesotho
$T$ BA THUNTSOE MAOBANE,BANA BA BATHO,-1,sesotho
$T$ LI TLO BOLLA TORONKONG,LITABANE,-1,sesotho
LITABANE LI TLO BOLLA $T$,TORONKONG,-1,sesotho
$T$ O TŠOARETSOE BOLOI,TELU-PUTSOA,-1,sesotho
$T$ LI ATLEHISA KHOEBO EA LIKOENA,LIPALEMA,1,sesotho
LIPALEMA LI ATLEHISA $T$,KHOEBO EA LIKOENA,-1,sesotho
$T$ O TLANGOA KA LINTLAFATSO TSEO E SENG TSA HAE,TONAKHOLO,-1,sesotho
TONAKHOLO O TLANGOA KA $T$ TSEO E SENG TSA HAE,LINTLAFATSO,1,sesotho
$T$ E BETSA KHOBA KAJENO,THELEFISHINI EA NAHA,0,sesotho
BONA $T$ EA IPOLAILENG,NGOANA OA SEKOLO,-1,sesotho
$T$ O BETSA KHOBA BASALI BA HLATSOA LIKOLOI BA HLOBOTSE,MOTSE,0,sesotho
MOTSE O BETSA KHOBA $T$ BA HLATSOA LIKOLOI BA HLOBOTSE,BASALI,-1,sesotho
MOTSE O BETSA KHOBA BASALI BA HLATSOA $T$ BA HLOBOTSE,LIKOLOI,0,sesotho
ENA HAESALE NAKO EA HO BEHA $T$ KAPA MAJOE A MORALLA MABITLENG,MASENKE,-1,sesotho
ENA HAESALE NAKO EA HO BEHA MASENKE KAPA $T$ MABITLENG,MAJOE A MORALLA,-1,sesotho
ENA HAESALE NAKO EA HO BEHA MASENKE KAPA MAJOE A MORALLA $T$,MABITLENG,0,sesotho
$T$ EA ILENG A BOLAEA MOSALI O PHONYOHA LEFU LA SETHUNYA,MONNA,1,sesotho
MONNA EA ILENG A BOLAEA $T$ O PHONYOHA LEFU LA SETHUNYA,MOSALI,-1,sesotho
MONNA EA ILENG A BOLAEA MOSALI O PHONYOHA $T$,LEFU LA SETHUNYA,-1,sesotho
SEEA-LE-MOEA SE RE $T$ A FANE KA BOPAKI BA HORE KE MOKHOLO OA HAE O REKETSENG BAHLOKI LIMPHO,TONAKHOLO,-1,sesotho
$T$ SE RE TONAKHOLO A FANE KA BOPAKI BA HORE KE MOKHOLO OA HAE O REKETSENG BAHLOKI LIMPHO,SEEA-LE-MOEA,-1,sesotho
SEEA-LE-MOEA SERE TONAKHOLO A FANE KA BOPAKI BA HORE KE $T$ OA HAE O REKETSENG BAHLOKI LIMPHO,MOKHOLO,-1,sesotho
SEEA-LE-MOEA SERE TONAKHOLO A FANE KA BOPAKI BA HORE KE MOKHOLO OA HAE O REKETSENG $T$ LIMPHO,BAHLOKI,0,sesotho
SEEA-LE-MOEA SERE TONAKHOLO A FANE KA BOPAKI BA HORE KE MOKHOLO OA HAE O REKETSENG BAHLOKI $T$,LIMPHO,1,sesotho
$T$ E QETA HO HATA BATHO E LIHELOA KE PULA,NTLO,-1,sesotho
NTLO E QETA HO HATA $T$ E LIHELOA KE PULA,BATHO,0,sesotho
NTLO E QETA HO HATA BATHO E LIHELOA KE $T$,PULA,-1,sesotho
$T$ SE TABOLA KHOMO KA LEHARE,SEFAKO,-1,sesotho
SEFAKO SE TABOLA $T$ KA LEHARE,KHOMO,-1,sesotho
KAJENO $T$ O ABELA LIKHUTSANA LIMPHO KA CHELETE EA HAE EA MOKHOLO E M600 000,TONAKHOLO,1,sesotho
KAJENO TONAKHOLO O ABELA $T$ LIMPHO KA CHELETE EA HAE EA MOKHOLO E M600 000,LIKHUTSANA,0,sesotho
KAJENO TONAKHOLO O ABELA LIKHUTSANA $T$ KA CHELETE EA HAE EA MOKHOLO E M600 000,LIMPHO,1,sesotho
KAJENO TONAKHOLO O ABELA LIKHUTSANA LIMPHO KA $T$ E M600 000,CHELETE EA HAE EA MOKHOLO,1,sesotho
$T$ E MPE EA KOLOI,KOTSI,-1,sesotho
KOTSI E MPE EA $T$,KOLOI,1,sesotho
HO QHOMA $T$ LE LECHA,LEFU,-1,sesotho
$T$ O HLAJOA KE THUPA KA LEIHLONG,NGOANA,-1,sesotho
NGOANA O HLAJOA KE $T$ KA LEIHLONG,THUPA,0,sesotho
NGOANA O HLAJOA KE THUPA KA $T$,LEIHLONG,0,sesotho
$T$,MOKHOSI,-1,sesotho
$T$ KE MOFU KAMORA HO FUMANA LENGOLO,MOITHUTI OA SEKOLO SE PHAHAMENG,-1,sesotho
MOITHUTI OA SEKOLO SE PHAHAMENG KE MOFU KAMORA HO FUMANA $T$,LENGOLO,1,sesotho
KE TSOA $T$ KE FUMANA NTATE E SE ELE MOFU,KEREKENG,0,sesotho
KE TSOA KEREKENG KE FUMANA $T$ E SE ELE MOFU,NTATE,-1,sesotho
$T$ E CHESA MOSALI MORIRI,KUKU,-1,sesotho
KUKU E CHESA $T$ MORIRI,MOSALI,0,sesotho
KUKU E CHESA MOSALI $T$,MORIRI,0,sesotho
HO FUMANOE $T$ KA LENGOPENG,SETOPO SA MOSALI,-1,sesotho
HO FUMANOE SETOPO SA MOSALI KA $T$,LENGOPENG,0,sesotho
$T$ E CHA KA MOHLOLO,CHELETE EA MOKHATLO,-1,sesotho
$T$ O QOSOA KA PETO EA MORALI OA HAE,MONNA,-1,sesotho
MONNA O QOSOA KA PETO EA $T$,MORALI OA HAE,0,sesotho
$T$ O THATA LIKAROLO TSA BOTONA HLOOHONG,MOSALI,-1,sesotho
MOSALI O THATA $T$ HLOOHONG,LIKAROLO TSA BOTONA,0,sesotho
MOSALI O THATA LIKAROLO TSA BOTONA $T$,HLOOHONG,0,sesotho
$T$ BA BOLAEA BANNA BA BA NANYETSA,BASALI,-1,sesotho
BASALI BA BOLAEA $T$ BA BA NANYETSA,BANNA,0,sesotho
KAMORA HO TSOARELANA $T$ O TSOHA BOSIU O HLABELA MONNA LEFU,MOSALI,-1,sesotho
KAMORA HO TSOARELANA MOSALI O TSOHA BOSIU O HLABELA $T$ LEFU,MONNA,-1,sesotho
$T$ O BOLAELOA M10,MOSHANYANA,-1,sesotho
$T$ EA NYAMETSENG O RE O KOETETSOE O KA HARA MOCUCU O MOHOLO,NGOANANA,-1,sesotho
NGOANANA EA NYAMETSENG O RE O KOETETSOE O KA HARA $T$ O MOHOLO,MOCUCU,-1,sesotho
$T$ O FUMANA 'M'AE A BOLAUOE,MORALI,0,sesotho
MORALI O FUMANA $T$ A BOLAUOE,'M'AE,-1,sesotho
$T$ SE UTSOA CHELETE SE BATLA HO RUOA,SEBINI SA MOKHA,-1,sesotho
SEBINI SA MOKHA SE UTSOA $T$ SE BATLA HO RUOA,CHELETE,0,sesotho
$T$ LE KHEHLETSA MAKOEBA KAMORA HO METOA KE RAKHALI OA LONA,LESEA,-1,sesotho
LESEA LE KHEHLETSA MAKOEBA KAMORA HO METOA KE $T$ OA LONA,RAKHALI,-1,sesotho
$T$ E MPE EA KOLOI,KOTSI,-1,sesotho
KOTSI E MPE EA $T$,KOLOI,-1,sesotho
$T$ O REKETSE BALISANA LINKU,TONAKHOLO,1,sesotho
TONAKHOLO O REKETSE $T$ LINKU,BALISANA,0,sesotho
TONAKHOLO O REKETSE BALISANA $T$,LINKU,0,sesotho
$T$ O FETOLA NAHA KA BEKE,TONAKHOLO,1,sesotho
TONAKHOLO O FETOLA $T$ KA BEKE,NAHA,0,sesotho
$T$ O QETA HO THUNYA MOSALI OA HAE,MONNA,-1,sesotho
MONNA O QETA HO THUNYA $T$,MOSALI OA HAE,0,sesotho
$T$ O IPOLAEA LE LESEA,MOTSOETSE,-1,sesotho
MOTSOETSE O IPOLAEA LE $T$,LESEA,-1,sesotho
$T$ O FETOHA MOSALI KAMORA HO TSUNYA-TSUNYANA LE MOHALA OA LETSOHO,MONNA,-1,sesotho
MONNA O FETOHA $T$ KAMORA HO TSUNYA-TSUNYANA LE MOHALA OA LETSOHO,MOSALI,0,sesotho
MONNA O FETOHA MOSALI KAMORA HO TSUNYA-TSUNYANA LE $T$,MOHALA OA LETSOHO,0,sesotho
$T$ UAKA O NYAMETSE KE KOPA THUSO,NTATE,-1,sesotho
UTLOA O NE A KHAKELLELITSE $T$ KA NKHO,MALI A LESEA,-1,sesotho
UTLOA O NE A KHAKELLELITSE MALI A LESEA KA $T$,NKHO,0,sesotho
$T$ O NYEKENYA NGOANA KA THIPA HO FIHLELLA A NEHELA MOEA,MONNA,-1,sesotho
MONNA O NYEKENYA NGOANA KA $T$ HO FIHLELLA A NEHELA MOEA,THIPA,0,sesotho
$T$ O APARA MAKHASI A MOROHO ORE MOJOLO OA MO NYESA,NGOANANA,-1,sesotho
NGOANANA O APARA $T$ O RE MOJOLO OA MO NYESA,MAKHASI A MOROHO,0,sesotho
NGOANANA O APARA MAKHASI A MOROHO O RE $T$ OA MO NYESA,MOJOLO,-1,sesotho
$T$ O FUMANOA A TIMETSE LEBALENG HABO,NGOANA,-1,sesotho
NGOANA O FUMANOA A TIMETSE $T$ HABO,LEBALENG,0,sesotho
$T$ O NYAMETSE,NGOANA,-1,sesotho
$T$ O THUNTSOE SEBONOANG,MOSALI,-1,sesotho
$T$ O AMOHELA LENGOLO LA HAE,MOFU,-1,sesotho
MOFU O AMOHELA $T$ LA HAE,LENGOLO,1,sesotho
$T$ O SIHILE LESEA LE THOTO EA LONA NAHA THOTHE,MOSALI,-1,sesotho
MOSALI O SIHILE $T$ LE THOTO EA LONA NAHA THOTHE,LESEA,0,sesotho
MOSALI O SIHILE LESEA LE $T$ EA LONA NAHA THOTHE,THOTO,0,sesotho
$T$ O KHETHA EKETSA LENANE LA MACANSELARA A LIVOTE LI TLAASE,TONAKHOLO,1,sesotho
TONAKHOLO O KHETHA EKETSA $T$ A LIVOTE LI TLAASE,LENANE LA MACANSELARA,0,sesotho
TONAKHOLO O KHETHA EKETSA LENANE LA MACANSELARA A $T$ LI TLAASE,LIVOTE,-1,sesotho
HO VOTILE $T$ BA LESHOME FEELA,BATHO,-1,sesotho
BA MO SENYA $T$ KA LEBAKA LA MONNA,LETLALO,-1,sesotho
BA MO SENYA LETLALO KA LEBAKA LA $T$,MONNA,-1,sesotho
$T$ A 20 A FEFOHILE TOROPONG,MATLO,-1,sesotho
MATLO A 20 A FEFOHILE $T$,TOROPONG,0,sesotho
THIBANG $T$ LE QETA HO UTSOA PHONE,LESHOLU,-1,sesotho
THIBANG LESHOLU LE QETA HO UTSOA $T$,PHONE,0,sesotho
$T$ O TORONKELA HO HLAISA MORIRI OA BOTONA HO NGOANANA,MOSHANYANA,-1,sesotho
MOSHANYANA O TORONKELA HO HLAISA $T$ HO NGOANANA,MORIRI OA BOTONA,0,sesotho
MOSHANYANA O TORONKELA HO HLAISA MORIRI OA BOTONA HO $T$,NGOANANA,-1,sesotho
BA QHAQHOLLA $T$,LEBITLA LA MOFU,-1,sesotho
$T$ O QHANYATSA NGOANA MOHAISANE OA HAE HLOOHO,MONNA,-1,sesotho
MONNA O QHANYATSA $T$ OA HAE HLOOHO,NGOANA MOHAISANE,0,sesotho
MONNA O QHANYATSA NGOANA MOHAISANE OA HAE $T$,HLOOHO,0,sesotho
$T$ SERE SE MAKHATHENG A LEFU,SEBOHOLI,-1,sesotho
$T$ O CHOATLA KOLOI EA MONNA A PALAMISITSE NYATSI,MOSALI,-1,sesotho
MOSALI O CHOATLA $T$ A PALAMISITSE NYATSI,KOLOI EA MONNA,0,sesotho
MOSALI O CHOATLA KOLOI EA MONNA A PALAMISITSE $T$,NYATSI,-1,sesotho
$T$ O QOSOA KA POLAO LE HO CHESA 'M'AE,MOSHANYANA,-1,sesotho
MOSHANYANA O QOSOA KA POLAO LE HO CHESA $T$,'M'AE,-1,sesotho
UTLOA LITABA TSA $T$ A LULANG A BETA MORALI OA HAE,NTATE,-1,sesotho
UTLOA LITABA TSA NTATE A LULANG A BETA $T$ OA HAE,MORALI,-1,sesotho
$T$ O NYA MATSETE KAMORA HO BOLAEA MOSALI EA RENG O NE A MOFA HA MONATE,MONNA,-1,sesotho
MONNA O NYA MATSETE KAMORA HO BOLAEA $T$ EA RENG O NE A MOFA HA MONATE,MOSALI,1,sesotho
$T$ O IPOLAEA KA MOTLAKASE,MOHLANKANA,-1,sesotho
MOHLANKANA O IPOLAEA KA $T$,MOTLAKASE,0,sesotho
$T$ O NOA MAFURA PHEHANG A HLOBOTSE LEHLOENG,MOHLANKANA,1,sesotho
MOHLANKANA O NOA $T$ A HLOBOTSE LEHLOENG,MAFURA A PHEHANG,0,sesotho
MOHLANKANA O NOA MAFURA PHEHANG A HLOBOTSE $T$,LEHLOENG,0,sesotho
$T$ O BONOA A HLOBOTSE LEHLOENG KAMORA HO NYESOA KE MOJOLO,NGOANANA,-1,sesotho
NGOANANA O BONOA A HLOBOTSE $T$ KAMORA HO NYESOA KE MOJOLO,LEHLOENG,0,sesotho
NGOANANA O BONOA A HLOBOTSE LEHLOENG KAMORA HO NYESOA KE $T$,MOJOLO,-1,sesotho
$T$ BA EPOLA LITOPO BA REKISA MASAPO A TSONA,BAAHI,-1,sesotho
BAAHI BA EPOLA $T$ BA REKISA MASAPO A TSONA,LITOPO,-1,sesotho
BAAHI BA EPOLA LITOPO BA REKISA $T$ A TSONA,MASAPO,-1,sesotho
$T$ EA LILEMO LI 21 O BOLAEA MONNA OA HAE KA THIPA,MOSALI,-1,sesotho
MOSALI EA LILEMO LI 21 O BOLAEA $T$ OA HAE KA THIPA,MONNA,0,sesotho
MOSALI EA LILEMO LI 21 O BOLAEA MONNA OA HAE KA $T$,THIPA,0,sesotho
KE BETILOE KE $T$ OAKA JOALE KE TŠABA HO MO TŠOARISA,NTATE OF MOKHOTSI,-1,sesotho
KA SOTLEHA KE $T$ LENYALONG ATSEBA O KENYA BANNA NTSE KE MO SHEBILE,MOSALI,-1,sesotho
KA SOTLEHA KE MOSALI LENYALONG ATSEBA O KENYA $T$ NTSE KE MO SHEBILE,BANNA,-1,sesotho
TLHALOSO EA $T$,MAEMO A LEHOLIMO,0,sesotho
$T$ O NYAHLATSA BANA LE MOHIRUOA O MATHA MOSE,MOSALI,-1,sesotho
MOSALI O NYAHLATSA $T$ LE MOHIRUOA O MATHA MOSE,BANA,0,sesotho
MOSALI O NYAHLATSA BANA LE $T$ O MATHA MOSE,MOHIRUOA,0,sesotho
$T$ BA ISA SEKOLO LEKHOTLENG,BAITHUTI BA SEKOLO SE PHAHAMENG,-1,sesotho
BAITHUTI BA SEKOLO SE PHAHAMENG BA ISA $T$ LEKHOTLENG,SEKOLO,-1,sesotho
BAITHUTI BA SEKOLO SE PHAHAMENG BA ISA SEKOLO $T$,LEKHOTLENG,0,sesotho
O TŠOARELA $T$ EA FILENG NYATSI LIFOTO TSA MAPONA-PONA,MONNA,-1,sesotho
O TŠOARELA MONNA EA FILENG $T$ LIFOTO TSA MAPONA-PONA,NYATSI,-1,sesotho
O TŠOARELA MONNA EA FILENG NYATSI $T$,LIFOTO TSA MAPONA-PONA,-1,sesotho
$T$,TLOKOTSI,-1,sesotho
$T$ E BOLAEA MOTHO KA METHOKHO,NGAKA EA SESOTHO,-1,sesotho
NGAKA EA SESOTHO E BOLAEA $T$ KA METHOKHO,MOTHO,-1,sesotho
NGAKA EA SESOTHO E BOLAEA MOTHO KA $T$,METHOKHO,-1,sesotho
$T$ OAKA O BOPA MEKOTLA KA PAPA,MOSALI,1,sesotho
MOSALI OAKA O BOPA $T$ KA PAPA,MEKOTLA,0,sesotho
MOSALI OAKA O BOPA MEKOTLA KA $T$,PAPA,0,sesotho
BONA $T$ A TŠOEROE KA LIPANTY LE THEPA EA KATLUNG,MASHOLU A BANNA,-1,sesotho
BONA MASHOLU A BANNA A TŠOEROE KA $T$ LE THEPA EA KATLUNG,LIPANTY,0,sesotho
BONA MASHOLU A BANNA A TŠOEROE KA LIPANTY LE $T$,THEPA EA KATLUNG,0,sesotho
$T$ O LEFA 30 000 KAMORA HO TŠELA MOTLAKASE KA MOROTO,MONNA,-1,sesotho
MONNA O LEFA 30 000 KAMORA HO TŠELA $T$ KA MOROTO,MOTLAKASE,-1,sesotho
MONNA O LEFA 30 000 KAMORA HO TŠELA MOTLAKASE KA $T$,MOROTO,0,sesotho
UTLOA $T$ EA ENTSOENG SEHLABELO,LITABA TSA MOSALI,-1,sesotho
$T$ E QETA HO PHETHOHA KA BAETI LEHLOENG,KOLOI,-1,sesotho
KOLOI E QETA HO PHETHOHA KA $T$ LEHLOENG,BAETI,0,sesotho
KOLOI E QETA HO PHETHOHA KA BAETI $T$,LEHLOENG,0,sesotho
$T$ EA NHLALA KA NYALOA KE NGOANA EA MO HLAHLAMANG,EX,-1,sesotho
EX EA NHLALA KA NYALOA KE $T$ EA MO HLAHLAMANG,NGOANA,1,sesotho
HO FUMANOA $T$ SE TJAPALLETSE KA HARA METSI LE LEKOALI LA MALI,SETOPO,-1,sesotho
HO FUMANOA SETOPO SE TJAPALLETSE KA HARA METSI LE LEKOALI LA $T$,MALI,-1,sesotho
HO FUMANOA SETOPO SE TJAPALLETSE KA HARA $T$ LE LEKOALI LA MALI,METSI,-1,sesotho
$T$ LE MAPOLESA A TLA NGOLA LIHLAHLOBO SEKOLONG SE PHAHAMENG,MASOLE,1,sesotho
MASOLE LE $T$ A TLA NGOLA LIHLAHLOBO SEKOLONG SE PHAHAMENG,MAPOLESA,1,sesotho
MASOLE LE MAPOLESA A TLA NGOLA LIHLAHLOBO $T$,SEKOLONG SE PHAHAMENG,0,sesotho
MASOLE LE MAPOLESA A TLA NGOLA $T$ SEKOLONG SE PHAHAMENG,LIHLAHLOBO,0,sesotho
$T$ BA CHELLA KA FEMENG,BATHO,-1,sesotho
BATHO BA CHELLA KA $T$,FEMENG,0,sesotho
$T$ O UTSOA KOLOI E MOTSOALLE OA HAE,MOSHANYANA,-1,sesotho
MOSHANYANA O UTSOA $T$ E MOTSOALLE OA HAE,KOLOI,0,sesotho
MOSHANYANA O UTSOA KOLOI E $T$,MOTSOALLE OA HAE,0,sesotho
HO FUMANOA $T$ KA HARA MOFILIBITHI OA MOHLOA,LITOPO,-1,sesotho
HO FUMANOA LITOPO KA HARA MOFILIBITHI OA $T$,MOHLOA,-1,sesotho
$T$ E JOETSA MOSALI HORE E MO NKETSE MONNA,NYATSI,-1,sesotho
NYATSI E JOETSA $T$ HORE E MO NKETSE MONNA,MOSALI,0,sesotho
NYATSI E JOETSA MOSALI HORE E MO NKETSE $T$,MONNA,-1,sesotho
$T$ KOTSI EA EXTENSION CORD,TLHOKOMELISO,0,sesotho
TLHOKOMELISO KOTSI EA $T$,EXTENSION CORD,-1,sesotho
$T$ EA HO TSAMAEA O TSOTSE,MELEMO,1,sesotho
$T$ O FA NGOANA CHEFO EA TERENKI,MONNA,-1,sesotho
MONNA O FA $T$ CHEFO EA TERENKI,NGOANA,0,sesotho
MONNA O FA NGOANA $T$,CHEFO EA TERENKI,-1,sesotho
$T$ O NYAMETSE HAKE TEREKA PHONE TSA BONA LI HLAHA MORUNG,NGOANESO,-1,sesotho
NGOANESO O NYAMETSE HAKE TEREKA $T$ TSA BONA LI HLAHA MORUNG,PHONE,0,sesotho
NGOANESO O NYAMETSE HAKE TEREKA PHONE TSA BONA LI HLAHA $T$,MORUNG,-1,sesotho
$T$ O BETELOA MAHLONG A 'MAE KE NYATSI,NGOANA,-1,sesotho
NGOANA O BETELOA MAHLONG A $T$ KE NYATSI,'MAE,-1,sesotho
NGOANA O BETELOA MAHLONG A 'MAE KE $T$,NYATSI,-1,sesotho
$T$ O NYAMETSE ESALE A RE O EA TOROPONG LE BOYFRIEND,AUSI,-1,sesotho
AUSI O NYAMETSE ESALE A RE O EA $T$ LE BOYFRIEND,TOROPONG,0,sesotho
AUSI O NYAMETSE ESALE A RE O EA TOROPONG LE $T$,BOYFRIEND,0,sesotho
BONA MOO $T$ A NENG A HLOKAHALLE TENG,MOITHUTI OA SEKOLO,-1,sesotho
$T$ O NYAHLALITSE NGOANA TOROPONG,MOSALI,-1,sesotho
MOSALI O NYAHLALITSE $T$ TOROPONG,NGOANA,0,sesotho
MOSALI O NYAHLALITSE NGOANA $T$,TEROPONG,-1,sesotho
$T$ O HLAHA KHOTLA KA POLAO EA MONNA OA HAE,MOSALI,-1,sesotho
MOSALI O HLAHA $T$ KA POLAO EA MONNA OA HAE,KHOTLA,0,sesotho
MOSALI O HLAHA KHOTLA KA POLAO EA $T$ OA HAE,MONNA,-1,sesotho
$T$ O TJAPALLETSE KEITING EA KOKELO MANESE A HANA KA LITŠEBELETSO,MOKULI,-1,sesotho
MOKULI O TJAPALLETSE $T$ MANESE A HANA KA LITŠEBELETSO,KEITING EA KOKELO,0,sesotho
MOKULI O TJAPALLETSE KEITING EA KOKELO $T$ A HANA KA LITŠEBELETSO,MENESE,-1,sesotho
MOKULI O TJAPALLETSE KEITING EA KOKELO MANESE A HANA KA $T$,LITŠEBELETSO,0,sesotho
BONA $T$ SEO NGOANA EA LILEMO LI 'NE A OETSENG HO SONA,SEKOTI SA NTLOANA,-1,sesotho
BONA SEKOTI SA NTLOANA SEO $T$ EA LILEMO LI 'NE A OETSENG HO SONA,NGOANA,-1,sesotho
$T$ ESALE A NYAMELA O FUMANOA NTLOANENG EA SEKOLO E LE MOFU,NGOANA,-1,sesotho
NGOANA ESALE A NYAMELA O FUMANOA $T$ E LE MOFU,NTLOANENG SA SEKOLO,-1,sesotho
TSA MORAO-RAO KA $T$ EA BOLAILOENG KA CHEFO JOALENG,MOITHUTI,-1,sesotho
TSA MORAO-RAO KA MOITHUTI EA BOLAILOENG KA $T$ JOALENG,CHEFO,-1,sesotho
TSA MORAO-RAO KA MOITHUTI EA BOLAILOENG KA CHEFO $T$,JOALENG,-1,sesotho
KE MAEMONG AFENG AO U KA ITLOSANG PELA $T$ OA HAU FELA U NTSE U MO RATA,MORATUOA,1,sesotho
KE $T$ AFENG AO U KA ITLOSANG PELA MORATUOA OA HAU FELA U NTSE U MO RATA,MAEMONG,-1,sesotho
$T$ EA BOLAEANG O TŠOEROE,MOSALI,-1,sesotho
$T$ O MATHA LE NYATSI BOBELI BO BOLLOTSE JOALE BA MO KHAKHATHILE,MONNA'KA,-1,sesotho
MONNA'KA O MATHA LE $T$ BOBELI BO BOLLOTSE JOALE BA MO KHAKHATHILE,NYATSI,-1,sesotho
$T$ HAESA 'NATEFELA SEKE BOHOLA FELA HORE MONNA A NRATE,THOBALANO,-1,sesotho
THOBALANO HAESA 'NATEFELA SEKE BOHOLA FELA HORE $T$ A NRATE,MONNA,1,sesotho
$T$ ENOA O FUMANOE A NTSE A TAKA MAKOLOI LE LIKEITI TSA BATHO KA MERIANA,MONNA,-1,sesotho
MONNA ENOA O FUMANOE A NTSE A TAKA $T$ LE LIKEITI TSA BATHO KA MERIANA,MAKOLOI,0,sesotho
MONNA ENOA O FUMANOE A NTSE A TAKA MAKOLOI LE $T$ TSA BATHO KA MERIANA,LIKEITI,0,sesotho
MONNA ENOA O FUMANOE A NTSE A TAKA MAKOLOI LE LIKEITI TSA BATHO KA $T$,MERIANA,-1,sesotho
$T$ O RE O TSOA MANTLE KA BOTHONG,MOSALI,0,sesotho
MOSALI O RE O TSOA $T$ KA BOTHONG,MANTLE,-1,sesotho
MOSALI O RE O TSOA MANTLE KA $T$,BOTHONG,-1,sesotho
$T$ O QOSOA KA HO HLEKEFETSA SETLOHOLO KA MOTABO,MOKHALAKAJOE,-1,sesotho
MOKHALAKAJOE O QOSOA KA HO HLEKEFETSA $T$ KA MOTABO,SETLOHOLO,0,sesotho
$T$ EA HOEBANG KA 'MELE O RE  O KHATHETSE O KOPA MONNA,MOSALI,1,sesotho
MOSALI EA HOEBANG KA 'MELE O RE  O KHATHETSE O KOPA $T$,MONNA,0,sesotho
$T$ E KOAHELA BOTŠEHALI LE MATSOELE KA NAMA EA KHOHO,KHAREBE,-1,sesotho
KHAREBE E KOAHELA $T$ LE MATSOELE KA NAMA EA KHOHO,BOTŠEHALI,0,sesotho
KHAREBE E KOAHELA BOTŠEHALI LE $T$ KA NAMA EA KHOHO,MATSOELE,0,sesotho
KHAREBE E KOAHELA BOTŠEHALI LE MATSOELE KA $T$,NAMA EA KHOHO,0,sesotho
$T$ EA ILENG A BETOA HABELI O PHETA MASISA-PELO,NGOANANA,-1,sesotho
$T$ O TŠELLOA CHEFO KA JOALENG,MOITHUTI OA SEKOLO SE SEHOLO,0,sesotho
MOITHUTI OA SEKOLO SE SEHOLO O TŠELLOA $T$ KA JOALENG,CHEFO,-1,sesotho
MOITHUTI OA SEKOLO SE SEHOLO O TŠELLOA CHEFO KA $T$,JOALENG,-1,sesotho
UTLOA $T$ BA BARARO BA MOFU PHUPUNG KAJENO,MANTSOE A BARA,0,sesotho
UTLOA MANTSOE A BARA BA BARARO BA MOFU $T$ KAJENO,PHUPUNG,-1,sesotho
KE NYETSE $T$ EO KE SA MO RATENG KA LEBAKA LA MPA,MOTHO,-1,sesotho
KE NYETSE MOTHO EO KE SA MO RATENG KA LEBAKA LA $T$,MPA,0,sesotho
$T$ O CHATA LE NYATSI MAHLONG A MOSALI LE NGOANA,MONNA,-1,sesotho
MONNA O CHATA LE $T$ MAHLONG A MOSALI LE NGOANA,NYATSI,-1,sesotho
MONNA O CHATA LE NYATSI MAHLONG A $T$ LE NGOANA,MOSALI,0,sesotho
MONNA O CHATA LE NYATSI MAHLONG A MOSALI LE $T$,NGOANA,0,sesotho
$T$ KE MOFU,MONNA,-1,sesotho
$T$ O THUNYETSOA LEBALENG HA HAE,MONNA,-1,sesotho
MONNA O THUNYETSOA $T$ HA HAE,LEBALENG,0,sesotho
KE ILE KA MO REKELA $T$ HOBANE E TELELE EBILE E CHIPI KE NE NEKE CHONNE KE SE NA EA SAVANNA,COTHO EA BLACK LABEL,1,sesotho
KE ILE KA MO REKELA COTHO EA BLACK LABEL HOBANE E TELELE EBILE E CHIPI KE NE NEKE CHONNE KE SE NA EA $T$,SAVANNA,-1,sesotho
$T$ O HLAHA KHOTLA,MOHLASELI OA SEPETLELE,-1,sesotho
MOHLASELI OA SEPETLELE O HLAHA $T$,KHOTLA,0,sesotho
$T$ O FENETHA LELAPA KAOFELA,MONNA,-1,sesotho
MONNA O FENETHA $T$ KAOFELA,LELAPA,0,sesotho
$T$ O QOSOA KA POLAO EA BATHO BA BABELI A NTSE A LE BEILING EA POLAO EA BATHO BA BANG BA BABELI,MONNA,-1,sesotho
MONNA O QOSOA KA POLAO EA $T$ BA BABELI A NTSE A LE BEILING EA POLAO EA BATHO BA BANG BA BABELI,BATHO,-1,sesotho
MONNA O QOSOA KA POLAO EA BATHO BA BABELI A NTSE A LE $T$ EA POLAO EA BATHO BA BANG BA BABELI,BEILING,0,sesotho
MONNA O QOSOA KA POLAO EA BATHO BA BABELI A NTSE A LE BEILING EA POLAO EA $T$ BA BANG BA BABELI,BATHO,-1,sesotho
$T$ BA TLAMISOA THOTO KA NKANE,BAITHUTI BA SEKOLO SE PHAHAMENG,-1,sesotho
BA SE BA SUNTSE $T$ SEETA BAITHUTI BA SEKOLO,LEPOLESA,0,sesotho
BA SE BA SUNTSE LEPOLESA SEETA $T$,BAITHUTI BA SEKOLO,-1,sesotho
$T$ BA TERAEKILE HAPE,BAITHUTI BA SEKOLO SE SEHOLO,-1,sesotho
$T$ E FUOA LENGOLO LA JUNIFESITHI,NTJA,1,sesotho
NTJA E FUOA $T$,LENGOLO LA JUNIFESITHI,1,sesotho
$T$ O LIHA KOLOI KA COTHO EA JOALA,MOQHOBI,-1,sesotho
MOQHOBI O LIHA $T$ KA COTHO EA JOALA,KOLOI,0,sesotho
MOQHOBI O LIHA KOLOI KA $T$,COTHO EA JOALA,-1,sesotho
$T$ O CHOATLILE LEHO TABOLA LIBUKA TSA BAKULI SEPETLELE KA LE RENG BAOKI BA BOLAILE NTAT'AE,MONNA,-1,sesotho
MONNA O CHOATLILE LEHO TABOLA $T$ SEPETLELE KA LE RENG BAOKI BA BOLAILE NTAT'AE,LIBUKA TSA BAKULI,-1,sesotho
MONNA O CHOATLILE LEHO TABOLA LIBUKA TSA BAKULI $T$ KA LE RENG BAOKI BA BOLAILE NTAT'AE,SEPETLELE,0,sesotho
MONNA O CHOATLILE LEHO TABOLA LIBUKA TSA BAKULI SEPETLELE KA LE RENG $T$ BA BOLAILE NTAT'AE,BAOKI,-1,sesotho
MONNA O CHOATLILE LEHO TABOLA LIBUKA TSA BAKULI SEPETLELE KA LE RENG BAOKI BA BOLAILE $T$,NTAT'AE,0,sesotho
$T$ NTSE BA TSOELA PELE HO ITLONTLOLLA,BANNA,-1,sesotho
$T$ BA NKELA E MONG MOSALI KA SETHUNYA,BANNA,-1,sesotho
BANNA BA NKELA E MONG $T$ KA SETHUNYA,MOSALI,0,sesotho
BANNA BA NKELA E MONG MOSALI KA $T$,SETHUNYA,-1,sesotho
$T$ LI HLASELA BANKA,LINOKOANE,-1,sesotho
LINOKOANE LI HLASELA $T$,BANKA,0,sesotho
$T$ O NEHELA MOEA A NTSE A BETOA,MOSALI,-1,sesotho
$T$ LE TLA POTOLOHA LE LITEREKE,LEBONE LA TSOSOLOSO,1,sesotho
LEBONE LA TSOSOLOSO LE TLA POTOLOHA LE $T$,LITEREKE,0,sesotho
$T$ O THOPHOTHETSA THUTO KA TLHEKEFETSO,MOKHATLO,0,sesotho
MOKHATLO O THOPHOTHETSA $T$,THUTO KA TLHEKEFETSO,1,sesotho
$T$ BA TŠOARA MOHOANTO HOSANE,BAHOEBI BA LIKHOHO,0,sesotho
BAHOEBI BA LIKHOHO BA TŠOARA $T$ HOSANE,MOHOANTO,0,sesotho
$T$ O TŠOAROA HOTELENG LE BOSIU,MOLOI,-1,sesotho
MOLOI O TŠOAROA $T$ LE BOSIU,HOTELENG,0,sesotho
$T$ O BATLA M3 MILIONE,MONGA' SOMETHING KAOFELA,-1,sesotho
$T$ A THIBELOA HO EA JOALENG BOSIU HO TLOHA BEKENG E TLANG,MAPOLESA,0,sesotho
MAPOLESA A THIBELOA HO EA $T$ BOSIU HO TLOHA BEKENG E TLANG,JOALENG,1,sesotho
$T$ SE TSOA PUO KA NGAKA E QOSOANG KA PETO EA NGOANANA,SEPETLELE,0,sesotho
SEPETLELE SE TSOA PUO KA $T$ E QOSOANG KA PETO EA NGOANANA,NGAKA,-1,sesotho
SEPETLELE SE TSOA PUO KA NGAKA E QOSOANG KA PETO EA $T$,NGOANANA,0,sesotho
$T$ SE FANA KA THUTO E MATLA SEKOLONG SE PHAHAMENG,SESOLE,1,sesotho
SESOLE SE FANA KA $T$ E MATLA SEKOLONG SE PHAHAMENG,THUTO,1,sesotho
SESOLE SE FANA KA THUTO E MATLA $T$,SEKOLONG SE PHAHAMENG,0,sesotho
$T$ BA HOANTELA TONAKHOLO KA MOSO,BARUI BA LIKHOHO,0,sesotho
BARUI BA LIKHOHO BA HOANTELA $T$ KA MOSO,TONAKHOLO,-1,sesotho
BACHA BA MOKHA OA POLOTIKI BA RE $T$ O MASOBA,MOLAO,-1,sesotho
$T$ BA RE MOLAO O MASOBA,BACHA BA MOKHA OA POLOTIKI,0,sesotho
$T$ KHOTLA KA TJOTJO,OFISIRI EA 'MUSO,-1,sesotho
OFISIRI EA 'MUSO $T$ KA TJOTJO,KHOTLA,0,sesotho
$T$ SE AHLOLOA LILEMO TSE 54,SENOKOANE,1,sesotho
$T$ KA THIBELO EA MOLAOLI HO FANA KA THUTO SEKOLONG,MAIKUTLO A SESOLE,0,sesotho
MAIKUTLO A SESOLE KA THIBELO EA $T$ HO FANA KA THUTO SEKOLONG,MOLAOLI,-1,sesotho
MAIKUTLO A SESOLE KA THIBELO EA MOLAOLI HO FANA KA $T$ SEKOLONG,THUTO,0,sesotho
MAIKUTLO A SESOLE KA THIBELO EA MOLAOLI HO FANA KA THUTO $T$,SEKOLONG,0,sesotho
$T$ LE LAELA SEPOLESA HO PHENYEKOLLA HA MOPARAMENTE,LEKHOTLA,1,sesotho
LEKHOTLA LE LAELA $T$ HO PHENYEKOLLA HA MOPARAMENTE,SEPOLESA,0,sesotho
LEKHOTLA LE LAELA SEPOLESA HO PHENYEKOLLA HA $T$,MOPARAMENTE,-1,sesotho
$T$ O TŠOEROE,MOHLANKA OA LEKALA,-1,sesotho
$T$ O KOETELA LESOLE,MOSALI,-1,sesotho
MOSALI O KOETELA $T$,LESOLE,0,sesotho
$T$ SE KOALA SEEA-LE-MOEA,SETSI,0,sesotho
SETSI SE KOALA $T$,SEEA-LE-MOEA,-1,sesotho
$T$ LE QOSOA KA LESHANO,LETONA LA MEHLENG,-1,sesotho
$T$ O HLAHISA LITSIETSI TSE TOBILENG SECHABA,MOETAPELE,-1,sesotho
MOETAPELE O HLAHISA LITSIETSI TSE TOBILENG $T$,SECHABA,0,sesotho
$T$ E QOSOA KA HO SEBELISA FITIEO EA MONNA,KOMPONE EA MARANGRANG,-1,sesotho
KOMPONE EA MARANGRANG E QOSOA KA HO SEBELISA $T$,FITIEO EA MONNA,0,sesotho
$T$ EA PELE NYEOENG EA POLAO E FANA KA BOPAKI,PAKI,1,sesotho
PAKI EA PELE $T$ EA POLAO E FANA KA BOPAKI,NYEOENG,-1,sesotho
$T$ A HLAHA KA LIMAKATSO KHOTLA,MASOLE,0,sesotho
MASOLE A HLAHA KA LIMAKATSO $T$,KHOTLA,0,sesotho
$T$ POLAONG BA KHOTLA,BABELAELLOA,-1,sesotho
BABELAELLOA POLAONG BA $T$,KHOTLA,0,sesotho
$T$ LE FANA KA BOPAKI NYEOENG EA NYATSI,LESOLE,0,sesotho
LESOLE LE FANA KA BOPAKI NYEOENG EA $T$,NYATSI,-1,sesotho
LESOLE LE FANA KA BOPAKI $T$ EA NYATSI,NYEOENG,0,sesotho
$T$ O KETEKA LETSATSI LA LEFATŠE LA BANA,MOKHATLO,0,sesotho
MOKHATLO O KETEKA $T$,LETSATSI LA LEFATŠE LA BANA,1,sesotho
$T$ LE HLOLOA HO LEFA SEKOLOTO,LETONA LA MEHLENG,-1,sesotho
LETONA LA MEHLENG LE HLOLOA HO LEFA $T$,SEKOLOTO,-1,sesotho
$T$ O PHETA LITABA TSE SISIMOSANG KA MORALI OA HAE,MOTSOALI,-1,sesotho
MOTSOALI O PHETA $T$ TSE SISIMOSANG KA MORALI OA HAE,LITABA,-1,sesotho
MOTSOALI O PHETA LITABA TSE SISIMOSANG KA $T$,MORALI OA HAE,-1,sesotho
$T$ O AHLOLOA LILEMO TSE HLANO KA HO NTŠA MPA,MOSALI,-1,sesotho
MOSALI O AHLOLOA LILEMO TSE HLANO KA HO NTŠA $T$,MPA,-1,sesotho
$T$ A QOSOA KA HO HLASELA 'MOSHARA LE HO UTSOA LITHUNYA,MACHAENA,-1,sesotho
MACHAENA A QOSOA KA HO HLASELA $T$ LE HO UTSOA LITHUNYA,'MOSHARA,0,sesotho
MACHAENA A QOSOA KA HO HLASELA 'MOSHARA LE HO UTSOA $T$,LITHUNYA,0,sesotho
$T$ O THAKHOLA TŠEBETSO EA HO RULELA MATLO A FEFOHILENG,'MUSO,1,sesotho
'MUSO O THAKHOLA TŠEBETSO EA HO RULELA $T$ A FEFOHILENG,MATLO,-1,sesotho
$T$ E KHOTHALETSA PHETISO EA TLHOPHO BOCHA,NTLO EA PUSO,1,sesotho
$T$ A FANYEHA MOHOANTO,MATICHERE,1,sesotho
BOPAKI BO HAROLANG POLAONG EA $T$,MOK'HANSELARA,-1,sesotho
$T$ BO HAROLANG POLAONG EA MOK'HANSELARA,BOPAKI,-1,sesotho
$T$ A HOANTELA TONAKHOLO LABORARO,MATICHERE,0,sesotho
MATICHERE A HOANTELA $T$ LABORARO,TONAKHOLO,-1,sesotho
$T$ O QOSA MOKHA HAPE,MOSALI,0,sesotho
MOSALI O QOSA $T$ HAPE,MOKHA,-1,sesotho
$T$ E UTSUOENG E EA FUMANOA,CHELETE,1,sesotho
$T$ O PHALLELA SECHABA,'MUSO,1,sesotho
'MUSO O PHALLELA $T$,SECHABA,0,sesotho
$T$ LEA ATOLOSOA,LEKHOTLA LA MATONA,1,sesotho
$T$ LE HLAKOLA TŠOARO EA MOPARAMENTE,LEKHOTLA,1,sesotho
LEKHOTLA LE HLAKOLA TŠOARO EA $T$,MOPARAMENTE,-1,sesotho
$T$ LE FETOLA MAOA,LETOFE,0,sesotho
$T$ O AHLOLOA LILEMO TSE 20 KA HO SELAKHA MOTHO,MONNA,-1,sesotho
MONNA O AHLOLOA LILEMO TSE 20 KA HO SELAKHA $T$,MOTHO,-1,sesotho
$T$ O TSOA PUO KA TŠOARO EA HAE,MOPARAMENTE,1,sesotho
$T$ LE TORONKELA HO BOLAEA MOTHO,LEPOLESA,-1,sesotho
LEPOLESA LE TORONKELA HO BOLAEA $T$,MOTHO,0,sesotho
$T$ TSA LIKOLOI TSA SEPOLESA LIA HLALOSOA,LITJEO,0,sesotho
LITJEO TSA $T$ LIA HLALOSOA,LIKOLOI TSA SEPOLESA,0,sesotho
$T$ BA HLAHA KHOTLA KA BOSHOLU,BANNA,-1,sesotho
BANNA BA HLAHA $T$ KA BOSHOLU,KHOTLA,0,sesotho
$T$ KA LEFU LA MOSALI,TLALEHO EA SEPOLESA,0,sesotho
TLALEHO EA SEPOLESA KA LEFU LA $T$,MOSALI,-1,sesotho
$T$ O PHATLATSA SELEKANE SE SECHA,'MUSO,0,sesotho
'MUSO O PHATLATSA $T$ SE SECHA,SELEKANE,1,sesotho
$T$ EA BOBELI EA HO THIBELA MOPARAMENTE HO BA TONAKHOLO,NYEOE,-1,sesotho
NYEOE EA BOBELI EA HO THIBELA $T$ HO BA TONAKHOLO,MOPARAMENTE,-1,sesotho
NYEOE EA BOBELI EA HO THIBELA MOPARAMENTE HO BA $T$,TONAKHOLO,0,sesotho
$T$ KHAHLANONG LE HO KETOLOA HOA 'MUSO,BOIPELAETSO,1,sesotho
BOIPELAETSO KHAHLANONG LE HO KETOLOA HOA $T$,'MUSO,-1,sesotho
$T$ O MATHELA SADC,'MUSO,1,sesotho
$T$ LI HANA KAHLOLO,LITHO TSA MOKHA,-1,sesotho
$T$ BA 4 BA LO BOLLA TORONKONG,BATHO,-1,sesotho
BATHO BA 4 BA LO BOLLA $T$,TORONKONG,0,sesotho
$T$ O SIBOLLA MASISA-PELO,MONAMOLI,-1,sesotho
$T$ O NEHELANA KA LIKOLOI HO SEPOLESA,'MUSO,1,sesotho
'MUSO O NEHELANA KA $T$ HO SEPOLESA,LIKOLOI,0,sesotho
'MUSO O NEHELANA KA LIKOLOI HO $T$,SEPOLESA,0,sesotho
$T$ O MATJALENG,MOPARAMENTE,-1,sesotho
$T$ A MABELI A TEBETSOE,MAPOLESA,-1,sesotho
MOKHA O MO LAHLELA $T$ LEMO TSE 12,TORONKONG,0,sesotho
$T$ O MO LAHLELA TORONKONG LEMO TSE 12,MOKHA,-1,sesotho
$T$ LE AHLOLELA MOKHA NAKOANA,LEKHOTLA,1,sesotho
LEKHOTLA LE AHLOLELA $T$ NAKOANA,MOKHA,0,sesotho
$T$ BA MEHLENG BA MAKALLA TONAKHOLO,BABUSI,0,sesotho
BABUSI BA MEHLENG BA MAKALLA $T$,TONAKHOLO,-1,sesotho
$T$ LE PHATLALATSA TABA EA LIPEO LE MANYOLO,LETONA,0,sesotho
LETONA LE PHATLALATSA TABA EA $T$ LE MANYOLO,LIPEO,0,sesotho
LETONA LE PHATLALATSA TABA EA LIPEO LE $T$,MANYOLO,0,sesotho
$T$ O THIBELA HO KENA HOA LIKHOHO MALIBOHONG,'MUSO,0,sesotho
'MUSO O THIBELA HO KENA HOA $T$ MALIBOHONG,LIKHOHO,-1,sesotho
'MUSO O THIBELA HO KENA HOA LIKHOHO $T$,MALIBOHONG,0,sesotho
$T$ EA TŠITŠINYO EA TŠEPO E EA MAMELOA,NYEOE,1,sesotho
$T$ O ITOKOLLA PARAMENTENG,MOPARAMENTE,-1,sesotho
MOPARAMENTE O ITOKOLLA $T$,PARAMENTENG,0,sesotho
$T$ O PHURA LESHOETLA LE MOPAPA,MORENA,0,sesotho
MORENA O PHURA LESHOETLA LE $T$,MOPAPA,0,sesotho
$T$ O BOLOKA BAFU BA 29,'MUSO,-1,sesotho
$T$ O FUPUTSOA KA LIPELAELLO TSE THARO,MOPARAMENTE,-1,sesotho
MOPARAMENTE O FUPUTSOA KA $T$ TSE THARO,LIPELAELLO,-1,sesotho
SESOSA SA TŠOARO EA $T$ SEA HLAHELLA,MOPARAMENTE,-1,sesotho
$T$ E TŠOHLA TŠOARO EA MOPARAMENTE,PARAMENTE,0,sesotho
PARAMENTE E TŠOHLA TŠOARO EA $T$,MOPARAMENTE,-1,sesotho
$T$ BA RE TŠITŠINYO EA MOPARAMENTE E KA THOKO HO MOLAO,BACHA,0,sesotho
BACHA BA RE TŠITŠINYO EA $T$ E KA THOKO HO MOLAO,MOPARAMENTE,-1,sesotho
$T$ O RE 'MUSO O NA LE LIPALO TSE LEKANENG HO BUSA,MOPOLOKITI,0,sesotho
MOPOLOTIKI O RE $T$ O NA LE LIPALO TSE LEKANENG HO BUSA,'MUSO,1,sesotho
MOPOLOTIKI O RE 'MUSO ONA LE $T$ TSE LEKANENG HO BUSA,LIPALO,1,sesotho
$T$ E KHALEMELA MAFAPHA A TŠIRELETSO,MEKHATLO,1,sesotho
MEKHATLO E KHALEMELA $T$,MAFAPHA A TŠIRELETSO,0,sesotho
$T$ A NKILE 'MUSO,MAFAPHA A TŠIRELETSO,-1,sesotho
MAFAPHA A TŠIRELETSO A NKILE $T$,'MUSO,0,sesotho
$T$ E SITOA HO TSOELA PELE,TŠITŠINYO EA HO HLOKA TŠEPO,1,sesotho
$T$ O THIBELA TŠITŠINYO EA HO LIA TONAKHOLO,MOKHETHOA,1,sesotho
MOKHETHOA O THIBELA $T$ EA HO LIA TONAKHOLO,TŠITŠINYO,0,sesotho
MOKHETHOA O THIBELA TŠITŠINYO EA HO LIA $T$,TONAKHOLO,-1,sesotho
$T$ OA MEHLENG O HLALOSA SE ETSAHETSENG HA A TLA MO BOLAEA,'MOLAI OA MOPARAMENTE,-1,sesotho
$T$ E POTLAKILENG,TSEBISO,0,sesotho
$T$ A UTSOA SEKOLONG SA 'MUSO,MASHOLU,-1,sesotho
MASHOLU A UTSOA SEKOLONG SA $T$,'MUSO,0,sesotho
$T$ OA MOPARAMENTE OA MEHLENG O HLAHA KHOTLA,'MOLAI,-1,sesotho
'MOLAI OA $T$ O HLAHA KHOTLA,MOPARAMENTE OA MEHLENG,0,sesotho
$T$ E THAKHOLA SETLABOCHA,KOMPONE EA MARANG-RANG,1,sesotho
$T$ O RE SETSI SE PHENYE MONNA MAHAFI,MOKHATLO,0,sesotho
MOKHATLO O RE $T$ SE PHENYE MONNA MAHAFI,SETSI,0,sesotho
MOKHATLO O RE SETSI SE PHENYE $T$ MAHAFI,MONNA,-1,sesotho
RE NTSE RE LE $T$,LITHO TSA MOKHA,1,sesotho
$T$ E BEBOFATSA KAMOHELO EA CHELETE HO TSOA KANTLE HO NAHA,KOMPONE EA MARANG-RANG,1,sesotho
KOMPONE EA MARANG-RANG E BEBOFATSA KAMOHELO EA $T$ HO TSOA KANTLE HO NAHA,CHELETE,1,sesotho
KOMPONE EA MARANG-RANG E BEBOFATSA KAMOHELO EA CHELETE HO TSOA KANTLE HO $T$,NAHA,0,sesotho
$T$ O AHLOLOA HO HLOLA BOPHELO BOHLE CHANKANENG,MOLISANA,-1,sesotho
MOLISANA O AHLOLOA HO HLOLA BOPHELO BOHLE $T$,CHANKANENG,0,sesotho
$T$ LE QOSOA KA POLAO EA MOTHO,LEPOLESA,-1,sesotho
LEPOLESA LE QOSOA KA POLAO EA $T$,MOTHO,-1,sesotho
$T$ BA QOSOA KA HO UTSOA MATSEBETSEBE A 'MUSO,BABELAELLOA,-1,sesotho
BABELAELLOA BA QOSOA KA HO UTSOA MATSEBETSEBE A $T$,'MUSO,0,sesotho
$T$ E TIISA LEANO LA TŠIRELETSO EA BOQAPI,NAHA,1,sesotho
NAHA E TIISA $T$,LEANO LA TŠIRELETSO EA BOQAPI,0,sesotho
$T$ O FANA KA TLALEHO EA TŠEBETSO,MOKHATLO,1,sesotho
HO BOLAUOE $T$ HAPE,MOTHO,-1,sesotho
$T$ BA KHETHILE KA MONYEBE,BATHO,-1,sesotho
$T$ O PHAHLOLA MERERO EA TONAKHOLO EA SEKHUKHU,MOPOLOTIKI,1,sesotho
MOPOLOTIKI O PHAHLOLA $T$ EA SEKHUKHU,MERERO EA TONAKHOLO,-1,sesotho
$T$ POLAONG EA SEBOHOLI O HANELOA KA BEILI,'MELAELLOA,-1,sesotho
'MELAELLOA POLAONG EA $T$ O HANELOA KA BEILI,SEBOHOLI,-1,sesotho
'MELAELLOA POLAONG EA SEBOHOLI O HANELOA KA $T$,BEILI,0,sesotho
$T$ A THIBELA MONNA LEKHOTLENG,MAPOLESA,-1,sesotho
MAPOLESA A THIBELA $T$ LEKHOTLENG,MONNA,0,sesotho
MAPOLESA A THIBELA MONNA $T$,LEKHOTLENG,0,sesotho
$T$ O TSEKA LEFA LA NTATAE A SA NYALA 'M'AE,NGOANANA,-1,sesotho
NGOANANA O TSEKA $T$ A SA NYALA 'M'AE,LEFA LA NTATAE,0,sesotho
NGOANANA O TSEKA LEFA LA NTATAE A SA NYALA $T$,'M'AE,0,sesotho
$T$ O THAKHOLA BOITUKISO LIKOLUOENG,MOKHATLO,1,sesotho
MOKHATLO O THAKHOLA BOITUKISO $T$,LIKOLUOENG,-1,sesotho
$T$ O TŠOELA KA MATHE LIKHOBOSO TSA LENYALO LA MOSALI,MOKHATLO,1,sesotho
MOKHATLO O TŠOELA KA MATHE $T$ TSA LENYALO LA MOSALI,LIKHOBOSO,-1,sesotho
MOKHATLO O TŠOELA KA MATHE LIKHOBOSO TSA $T$,LENYALO LA MOSALI,0,sesotho
$T$ O QOSOA KA HO TLEPETSA MOKHETHOA KA MAJOE,MONNA,-1,sesotho
MONNA O QOSOA KA HO TLEPETSA $T$ KA MAJOE,MOKHETHOA,-1,sesotho
MONNA O QOSOA KA HO TLEPETSA MOKHETHOA KA $T$,MAJOE,0,sesotho
$T$ O BATLA HO LIA 'MUSO KHOTLA,MONNA,-1,sesotho
MONNA O BATLA HO LIA $T$ KHOTLA,'MUSO,0,sesotho
MONNA O BATLA HO LIA 'MUSO $T$,KHOTLA,0,sesotho
$T$ E NTŠA PUO KA TLHEKEFETSO EA MOSALI,KOMPONE EA LITAEMANE,1,sesotho
KOMPONE EA LITAEMANE E NTŠA PUO KA TLHEKEFETSO EA $T$,MOSALI,-1,sesotho
$T$ BA OELA HANONG LA TAU,BATHO,-1,sesotho
$T$ O NYEHLISA LEKHETHO LA JOALA LE KOAE,'MUSO,1,sesotho
'MUSO O NYEHLISA $T$,LEKHETHO LA JOALA LE KOAE,1,sesotho
$T$ O QOSA KOMITI EA MOKHA,MONNA,-1,sesotho
MONNA O QOSA $T$,KOMITI EA MOKHA,0,sesotho
$T$ O OA NYALA,MOSALI,1,sesotho
$T$ O BOLAEA LE HO CHESA 'M'AE,MORA,-1,sesotho
MORA O BOLAEA LE HO CHESA $T$,'M'AE,-1,sesotho
$T$ E EA LOELA,NTOA EA MARENA,-1,sesotho
KE HLOLOA HO BA LE $T$,BANA,-1,sesotho
$T$ OA KA O JOLANA LE BAPOROFETA BA BASALI,MONNA,-1,sesotho
MONNA OA KA O JOLANA LE $T$,BAPOROFETA BA BASALI,-1,sesotho
$T$ BA NYOLLELOA KA 6.5%,BASEBETSI BA LIFEME,1,sesotho
$T$ O RUTA NGOANA HO ETSA THOBALANO,MOSALI,-1,sesotho
MOSALI O RUTA $T$ HO ETSA THOBALANO,NGOANA,0,sesotho
$T$ OA KA O RE MAFELO A BEKE EENA KE MOFE SEBAKA LE MOSALI EA ENTSENG NGOANA LE ENA,MONNA,-1,sesotho
MONNA OA KA O RE MAFELO A BEKE EENA KE MOFE SEBAKA LE $T$ EA ENTSENG NGOANA LE ENA,MOSALI,-1,sesotho
MONNA OA KA O RE MAFELO A BEKE EENA KE MOFE SEBAKA LE MOSALI EA ENTSENG $T$ LE ENA,NGOANA,0,sesotho
$T$ E NGALISA BOPHATLALATSI TŠEBETSO,POLELO EA BORABELE,-1,sesotho
POLELO EA BORABELE E NGALISA $T$ TŠEBETSO,BOPHATLALATSI,0,sesotho
POLELO EA BORABELE E NGALISA BOPHATLALATSI $T$,TŠEBETSO,0,sesotho
$T$ O UTSOETSA SECHABA,MOKHETHOA,-1,sesotho
MOKHETHOA O UTSOETSA $T$,SECHABA,0,sesotho
$T$ BA IKAKHETSE KA HARA SESOLE HAPE HISTORI E EA IPHETA,BARUTI,-1,sesotho
BARUTI BA IKAKHETSE KA HARA $T$ HAPE HISTORI E EA IPHETA,SESOLE,0,sesotho
$T$ LI LLA SEBOKO SA PHOHOMELA,LITICHERE,-1,sesotho
UTLOA SEALUMA SE HLAHILENG $T$,MOTSENG,-1,sesotho
$T$ KE MOFEREKANYI EA LESHANO,MOOKAMELI,-1,sesotho
UTLOA $T$ TSE ETSAHETSENG TOROPONG,LITABA,0,sesotho
UTLOA LITABA TSE ETSAHETSENG TOROPONG,TOROPONG,0,sesotho
$T$ O LLELOA KE LITŠEPE,MOHATSA OA MOPORESITENTE,-1,sesotho
HO HOBE HO $T$,MASHOLU,-1,sesotho
$T$ A  BOLAILE LINOKOANE TSE 18,MAPOLESA,1,sesotho
MAPOLESA A  BOLAILE $T$ TSE 18,LINOKOANE,-1,sesotho
$T$ A KETOLA 'MUSO,MASOLE,-1,sesotho
MASOLE A KETOLA $T$,'MUSO,0,sesotho
$T$ O THEHA MOKHA O MOCHA,MONGOLI,0,sesotho
MONGOLI O THEHA $T$ O MOCHA,MOKHA,1,sesotho
$T$ O OELOA KE KOLUOA,MOOKAMELI,-1,sesotho
$T$ EA MEHLENG O NE A BUSA JOALO KA CHAKA,TONAKHOLO,-1,sesotho
TONAKHOLO EA MEHLENG O NE A BUSA JOALO KA $T$,CHAKA,-1,sesotho
$T$ E TSEKA HORE BATHO BA JANE MAOTOANA,BANKA,-1,sesotho
BANKA E TSEKA HORE $T$ BA JANE MAOTOANA,BATHO,-1,sesotho
$T$ O MAKATSA BASEBETSI BA LEKALA,MATOETOE,0,sesotho
MATOETOE O MAKATSA $T$,BASEBETSI BA LEKALA,0,sesotho
$T$ A SETEREKENG A BOLAELA MOTHO LITLAMONG,MAPOLESA,-1,sesotho
MAPOLESA A SETEREKENG A BOLAELA $T$ LITLAMONG,MOTHO,-1,sesotho
$T$ LI NYAMELA MOTEBONG OA SEPOLESA,LITHUNYA,-1,sesotho
LITHUNYA LI NYAMELA $T$,MOTEBONG OA SEPOLESA,0,sesotho
TSEBA KA $T$ SEKA HOLIMO HO MOLAO,SENONNORI SA MOLATA,-1,sesotho
TSEBA KA SENONNORI SA MOLATA SEKA HOLIMO HO $T$,MOLAO,0,sesotho
$T$ E ROHAKEHILE,NAHA,-1,sesotho
$T$ O NGALA LIPOTSONG,MOOKAMELI,-1,sesotho
MOOKAMELI O NGALA $T$,LIPOTSONG,0,sesotho
$T$ BA BEHELLOA KA THOKO HO MOSEBETSI,BAAHLOLI,-1,sesotho
BAAHLOLI BA BEHELLOA KA THOKO HO $T$,MOSEBETSI,0,sesotho
$T$ LE LEBOHELA MASOLE,LESELINYANA,0,sesotho
LESELINYANA LE LEBOHELA $T$,MASOLE,1,sesotho
NYA MATSETE $T$ HO ILENG KE NAKO,MOETAPELE,-1,sesotho
$T$ O OA PHOTHOLEHA,MOOKAMELI,-1,sesotho
$T$ LE SHANOTSA BOPAKI,LEPOLESA,0,sesotho
LEPOLESA LE SHANOTSA $T$,BOPAKI,-1,sesotho
$T$ O BAKETSE NAHA BOMALIMABE,TONAKHOLO,-1,sesotho
TONAKHOLO O BAKETSE $T$ BOMALIMABE,NAHA,0,sesotho
$T$ E SITOA HO NETEFATSA LITOPO TSA LETAMONG,NGAKA,-1,sesotho
NGAKA E SITOA HO NETEFATSA $T$,LITOPO TSA LETAMONG,-1,sesotho
$T$ O LOHOTHA HO THEHA  PHATHI E NCHA,MOOKAMELI,0,sesotho
MOOKAMELI  O LOHOTHA HO THEHA  $T$ E NCHA,PHATHI,1,sesotho
$T$ O SENOLA LEQULOANA LA LITSOTSI,MOETAPELE,0,sesotho
MOETAPELE O SENOLA $T$,LEQULOANA LA LITSOTSI,-1,sesotho
$T$ O LIHELLETSE MOTLATSI OA TONAKHOLO TORA,MOOKAMELI,-1,sesotho
MOOKAMELI O LIHELLETSE $T$ TORA,MOTLATSI OA TONAKHOLO,-1,sesotho
$T$ EKARE KE LITŠOMO,LITABA TSA MAKHOTLA,-1,sesotho
$T$ O JESA LIOFISIRI MAKAKA,MOOKAMELI,-1,sesotho
MOOKAMELI  O JESA $T$ MAKAKA,LIOFISIRI,0,sesotho
$T$ O MENYELETSA 'MUSO,MOOKAMELI,-1,sesotho
MOOKAMELI  O MENYELETSA $T$,'MUSO,0,sesotho
TSEBA KA $T$ BA FUOENG MOSEBETSI MAKALENG A MUSO,BAPALOTIKI,0,sesotho
TSEBA KA BAPOLOTIKI BA FUOENG $T$ MAKALENG A MUSO,MOSEBETSI,1,sesotho
TSEBA KA BAPOLOTIKI BA FUOENG MOSEBETSI $T$,MAKALENG A 'MUSO,0,sesotho
$T$ EA LETSOA-NTLE E LEQETSA LICHELETE TSA SECHABA,TSOTSI,-1,sesotho
TSOTSI EA LETSOA-NTLE E LEQETSA $T$ TSA SECHABA,LICHELETE,-1,sesotho
TSOTSI EA LETSOA-NTLE E LEQETSA LICHELETE TSA $T$,SECHABA,0,sesotho
$T$ O AMEHA BOSHOLUNG BA LIPHOOFOLO,MOOKAMELI,-1,sesotho
MOOKAMELI O AMEHA BOSHOLUNG BA $T$,LIPHOOFOLO,0,sesotho
$T$ KE MOSALI MOHOLO NTHOE,MOOKAMELI,-1,sesotho
$T$ BA TSEKA NYATSI,BAOKAMELI,-1,sesotho
BAOKAMELI BA TSEKA $T$,NYATSI,-1,sesotho
$T$E ITOMA MALEME KA KHOTLA E FETOHELA BOPAKI BA EONA,PAKI,-1,sesotho
PAKI E ITOMA MALEME KA $T$ E FETOHELA BOPAKI BA EONA,KHOTLA,0,sesotho
$T$ SE HLASELA 'MUSO,SEBOHOLI,-1,sesotho
SEBOHOLI SE HLASELA $T$,'MUSO,0,sesotho
$T$ LE THEHILOENG KE TONAKHOLO LE HULANYA MAOTO,LEBOTHO,-1,sesotho
LEBOTHO LE THEHILOENG KE $T$ LE HULANYA MAOTO,TONAKHOLO,0,sesotho
$T$ O REKA LIKOLOI TSE PELI TSE NCHA CASH,MOETAPELE,1,sesotho
MOETAPELE O REKA $T$ TSE PELI TSE NCHA CASH,LIKOLOI,1,sesotho
$T$ HA SE PILOT LE KHANNA SEFOFANE SA LITERATA,LESOLE,-1,sesotho
LESOLE HA SE $T$ LE KHANNA SEFOFANE SA LITERATA,PILOT,0,sesotho
LESOLE HA SE PILOT LE KHANNA $T$,SEFOFANE SA LITERATA,-1,sesotho
$T$ O HANA HO EA HAE O BATLA HO SHOELLA SESOLENG,MOSEBETSI,-1,sesotho
MOSEBETSI O HANA HO EA HAE O BATLA HO SHOELLA $T$,SESOLENG,0,sesotho
$T$ A TSOANG NTOENG A PHOQOA,MASOLE,-1,sesotho
MASOLE A TSOANG $T$ A PHOQOA,NTOENG,0,sesotho
$T$ LE AMEHA POLAONG EA LIPAKI,LEKHOTLA LE PHAHAMENG,-1,sesotho
LEKHOTLA LE PHAHAMENG LE AMEHA POLAONG EA $T$,LIPAKI,-1,sesotho
MEHLOLO OFISING EA $T$,BOCHOCHISI,0,sesotho
$T$ E FETOHELA BAPAKI BA EONA KA KHOTLA,PAKI,-1,sesotho
PAKI E FETOHELA $T$ BA EONA KA KHOTLA,BAPAKI,0,sesotho
PAKI E FETOHELA BAPAKI BA EONA KA $T$,KHOTLA,0,sesotho
$T$ LE RE BASEBETSI BA TLO LELEKOA,LETONA,-1,sesotho
LETONA LE RE $T$ BA TLO LELEKOA,BASEBETSI,0,sesotho
$T$ O SESA KA HARA LEKOALIBA LA BOBOLU,MOOKAMELI,-1,sesotho
MOOKAMELI O SESA KA HARA LEKOALIBA LA $T$,BOBOLU,-1,sesotho
$T$ SE BOLAOA JOALO KA LINYAMATSANE,SECHABA,-1,sesotho
$T$ BA LALASA,BO RASETHUNYA,-1,sesotho
RE EA LI HOPOLA LE $T$,TSONA,0,sesotho
$T$ OA KEREKE O BOLAOA KA HO CHESOA,MORUTI,-1,sesotho
MORUTI OA $T$ O BOLAOA KA HO CHESOA,KEREKE,0,sesotho
HO SIBOLLOA MOFUTA O MOCHA OA $T$,CORONA,-1,sesotho
$T$ O TŠOEROE,MOTLATSI OA PRESIDENT,-1,sesotho
$T$ O TLO QOSOA,MOCHOCHISI OA MOLATA,-1,sesotho
$T$ O KAKALATSOA KE NYEOE,MOKHOENYANA OA LELAPA LA TONAKHOLO,-1,sesotho
$T$ E TSOLISA BOOKAMELI BA SEPOLESA,AKHENTE,-1,sesotho
AKHENTE E TSOLISA $T$,BOOKAMELI BA SEPOLESA,-1,sesotho
$T$ EA LILEMO LI 8 O BOLAEA NOHA EA MASUMU KA MENO,NGOANA,1,sesotho
NGOANA EA LILEMO LI 8 O BOLAEA $T$ KA MENO,NOHA EA MASUMU,0,sesotho
NGOANA EA LILEMO LI 8 O BOLAEA NOHA EA MASUMU KA $T$,MENO,0,sesotho
$T$ E BITSA LIKHETHO,KOMISI,1,sesotho
KOMISI E BITSA $T$,LIKHETHO,0,sesotho
$T$ SE RE TONAKHOLO E THEHE KOMISI EA LIPATLISISO,SECHABA,1,sesotho
SECHABA SE RE $T$ E THEHE KOMISI EA LIPATLISISO,TONAKHOLO,1,sesotho
SECHABA SE RE TONAKHOLO E THEHE $T$,KOMISI EA LIPATLISISO,0,sesotho
$T$ KE LINYONTŠA E LOKELA E QHALOE,KOMISI,-1,sesotho
$T$ E KHUBELU O TSEKA MALEO,PELO EA MORENA,-1,sesotho
PELO EA MORENA E KHUBELU O TSEKA $T$,MALEO,0,sesotho
$T$ O TELLA SECHABA,MOETAPELE,-1,sesotho
MOETAPELE O TELLA $T$,SECHABA,0,sesotho
TSEBA KA $T$ BA UTSOITSENG CHELETE EA BOEA BA LIHOAI,BAPOLOTIKI,-1,sesotho
TSEBA KA BAPOLOTIKI BA UTSOITSENG $T$ EA BOEA BA LIHOAI,CHELETE,0,sesotho
TSEBA KA BAPOLOTIKI BA UTSOITSENG CHELETE EA $T$,BOEA BA LIHOAI,0,sesotho
$T$ E MATHA LIPOLITIKING,NYATSI,-1,sesotho
NYATSI E MATHA $T$,LIPOLITIKING,0,sesotho
$T$ O PHOQILE SECHABA,MOKHA,-1,sesotho
MOKHA O PHOQILE $T$,SECHABA,0,sesotho
$T$ O NGALA LINYEOE,MOCHOCHISI,-1,sesotho
MOCHOCHISI O NGALA $T$,LINYEOE,0,sesotho
$T$ O KOLOTA SECHABA TLHALOSO,TONAKHOLO,-1,sesotho
TONAKHOLO O KOLOTA $T$ TLHALOSO,SECHABA,0,sesotho
TONAKHOLO O KOLOTA SECHABA $T$,TLHALOSO,0,sesotho
$T$ KE TŠUPA E QETILE CHELETE EA 'MUSO,MOKHA,-1,sesotho
MOKHA KE $T$ E QETILE CHELETE EA 'MUSO,TŠUPA,-1,sesotho
MOKHA KE TŠUPA E QETILE $T$,CHELETE EA 'MUSO,0,sesotho
$T$ A SHOELLA NTAT'A SELALA,MASOLE,-1,sesotho
$T$ A SE KE A MPA A CHESA TOROPO HAPE,MORENA,-1,sesotho
MORENA A SE KE A MPA A CHESA $T$ HAPE,TOROPO,0,sesotho
$T$ BA BATLOA KA LIPOLAO TSA BATHO,BANNA,-1,sesotho
BANNA BA BATLOA KA LIPOLAO TSA $T$,BATHO,0,sesotho
$T$ O BOLAOA SEHLABENG,MOHOEBI,-1,sesotho
MOHOEBI O BOLAOA $T$,SEHLABENG,0,sesotho
$T$ O TŠEHETSA LIKOETA,MOETAPELE,-1,sesotho
MOETAPELE O TŠEHETSA $T$,LIKOETA,0,sesotho
$T$ LE KHAKHATHUOENG LE HLOKAHETSE,LEREKURUTI,-1,sesotho
$T$ O QOSA MORENA,MOETAPELE,-1,sesotho
MOETAPELE O QOSA $T$,MORENA,0,sesotho
$T$ SE KHALEMELA MOKHA,SESOLE,1,sesotho
SESOLE SE KHALEMELA $T$,MOKHA,-1,sesotho
$T$ E TLO BULOA,PARAMENTE,1,sesotho
$T$ O HOBOLETSE CHELETE EA BANNA MAHLO,MOKHA,-1,sesotho
MOKHA O HOBOLETSE $T$ MAHLO,CHELETE EA BANNA,0,sesotho
$T$ O SELEBALLETSOE,'MAMPOLI,-1,sesotho
$T$ LI KOETSOE,LIOFISI TSA LEKALA,-1,sesotho
$T$ O TŠELA MASOLE KA METSI A BATANG,MOOKAMELI,-1,sesotho
MOOKAMELI  O TŠELA $T$ KA METSI A BATANG,MASOLE,0,sesotho
$T$ A FEPJOA PAPA KA IMANA LE LIKHOBE,MASOLE,-1,sesotho
MASOLE A FEPJOA PAPA KA $T$ LE LIKHOBE,IMANA,-1,sesotho
MASOLE A FEPJOA PAPA KA IMANA LE $T$,LIKHOBE,-1,sesotho
MASOLE A FEPJOA $T$ KA IMANA LE LIKHOBE,PAPA,-1,sesotho
$T$ LE RE KOMISI E FOSITSE,LEKHOTLA,0,sesotho
LEKHOTLA LE RE $T$ E FOSITSE,KOMISI,-1,sesotho
$T$ BO ITJELLA CHELETE EA MAPOLESA MAPOLESA A FUOA LI BISCUITS,BOOKAMELI,-1,sesotho
BOOKAMELI BO ITJELLA $T$ MAPOLESA A FUOA LI BISCUITS,CHELETE EA MAPOLESA,0,sesotho
BOOKAMELI BO ITJELLA CHELETE EA MAPOLESA $T$ A FUOA LI BISCUITS,MAPOLESA,0,sesotho
BOOKAMELI BO ITJELLA CHELETE EA MAPOLESA MAPOLESA A FUOA $T$,LI BISCUITS,-1,sesotho
$T$ O AHLOLELOA BOPHELO BOHLE CHANKANENG HABELI,MONNA,-1,sesotho
MONNA O AHLOLELOA BOPHELO BOHLE $T$ HABELI,CHANKANENG,0,sesotho
$T$ E TSOIBILA LI MISSILE TSE 400,NAHA,-1,sesotho
NAHA E TSOIBILA LI $T$ TSE 400,MISSILE,-1,sesotho
$T$ E HIRILE LIKOLOI TSA BOSHOLU 'MUSONG,PHATHI,-1,sesotho
PHATHI E HIRILE $T$ TSA BOSHOLU 'MUSONG,LIKOLOI,-1,sesotho
PHATHI E HIRILE LIKOLOI TSA BOSHOLU $T$,'MUSONG,0,sesotho
$T$ O TIMA MOTLAKASE LEKHOTLENG LE PHAHAMENG,MOOKAMELI,-1,sesotho
MOOKAMELI O TIMA $T$ LEKHOTLENG LE PHAHAMENG,MOTLAKASE,0,sesotho
MOOKAMELI O TIMA MOTLAKASE $T$,LEKHOTLENG LE PHAHAMENG,0,sesotho
$T$ O TOBA MOKHA KA 'NETE,TONAKHOLO,1,sesotho
TONAKHOLO O TOBA $T$ KA 'NETE,MOKHA,0,sesotho
$T$ SE KETEKA SELEMO SA NAHA LE SEEA-LE-MOEA,SEROKI,1,sesotho
SEROKI SE KETEKA $T$ LE SEEA-LE-MOEA,SELEMO SA NAHA,1,sesotho
SEROKI SE KETEKA SELEMO SA NAHA LE $T$,SEEA-LE-MOEA,0,sesotho
$T$ KE LEHLABA-PHIEO O LOKELA HORE A TŠOAROE,MOOKAMELI,-1,sesotho
HO NKHA SEPUTA SA BOBOLU LIOFISING TSA $T$ OA 'MUSO,RAMOLAO E MOHOLO,-1,sesotho
HO NKHA SEPUTA SA BOBOLU LIOFISING TSA RAMOLAO E MOHOLO OA $T$,'MUSO,0,sesotho
$T$ TORONKONG KA MORA HO HANA HO BITSA SETABANE NGOANANA,MONNA,-1,sesotho
MONNA $T$ KA MORA HO HANA HO BITSA SETABANE NGOANANA,TORONKONG,-1,sesotho
MONNA TORONKONG KA MORA HO HANA HO BITSA $T$ NGOANANA,SETABANE,-1,sesotho
MONNA TORONKONG KA MORA HO HANA HO BITSA SETABANE $T$,NGOANANA,0,sesotho
$T$ E LLELA HO KENA PUSONG,PHATHI,0,sesotho
PHATHI E LLELA HO KENA $T$,PUSONG,1,sesotho
$T$ SE BUA MASA-A-KOKOMETSE,SETHO SA PHATHI,-1,sesotho
$T$ O BOHLA KHOSHANE O ROHAKA SECHABA,MOOKAMELI,-1,sesotho
MOOKAMELI O BOHLA KHOSHANE O ROHAKA $T$,SECHABA,0,sesotho
$T$ E HLAPAOLA NAHA,PHALA EA 'MUSO,-1,sesotho
PHALA EA 'MUSO E HLAPAOLA $T$,NAHA,0,sesotho
$T$ E TŠOHILE JOALO KA NONYANA,NAHA,-1,sesotho
NAHA E TŠOHILE JOALO KA $T$,NONYANA,-1,sesotho
$T$ O LLA KA SEPOLESA,MOOKAMELI,0,sesotho
MOOKAMELI O LLA KA $T$,SEPOLESA,-1,sesotho
BA RE $T$ LE FETOA KE LA KATSE,LEBITLA LA MOHATSA TONAKHOLO OA MEHLENG,-1,sesotho
BA RE LEBITLA LA MOHATSA TONAKHOLO EA MEHLENG LE FETOA KE LA $T$,KATSE,0,sesotho
$T$ O RE O MOTLOTLO KA SECHABA,MOETAPELE,1,sesotho
MOETAPELE O RE O MOTLOTLO KA $T$,SECHABA,1,sesotho
$T$ E ETSA LIHLOOHO TSA LITABA LEFATŠENG KA BOTLOKOTSEBE,NAHA,-1,sesotho
NAHA E ETSA LIHLOOHO TSA LITABA $T$ KA BOTLOKOTSEBE,LEFATŠENG,0,sesotho
$T$ BO PHOQA MASOLE,BOLAOLI,-1,sesotho
BOLAOLI BO PHOQA $T$,MASOLE,0,sesotho
$T$ E RE E TLA FINA SELELU,NAHA,-1,sesotho
$T$ LI ITSETETSE KA HARA SESOLE,LITLOKOTSEBE TSA BANNA,-1,sesotho
LITLOKOTSEBE TSA BANNA LI ITSETETSE KA HARA $T$,SESOLE,-1,sesotho
$T$ E TSOELA MOLAOLI TAOLONG,OFISIRI,-1,sesotho
OFISIRI E TSOELA $T$ TAOLONG,MOLAOLI,0,sesotho
$T$ O BOLILE JOALO KA LIRUOA,MOCHOCHISI,-1,sesotho
MOCHOCHISI O BOLILE JOALO KA $T$,LIRUOA,-1,sesotho
$T$ E LLA KA MELATA,PHATHI,-1,sesotho
PHATHI E LLA KA $T$,MELATA,-1,sesotho
LIHLOA LEKHOARA KAHARA $T$,PHATHI,-1,sesotho
KE MPHETE KE O FETE $T$,MABALENG A LIPOLOTIKI,-1,sesotho
HO TLA SHOA $T$ KA MONA,MOTHO,-1,sesotho
$T$ O IMENYAMENYA KA MOSALI OA LESOLE,MOOKAMELI,-1,sesotho
MOOKAMELI  O IMENYAMENYA KA $T$,MOSALI OA LESOLE,0,sesotho
$T$ O RE O TLO BULA PARAMENTE,MOETAPELE,1,sesotho
MOETAPELE O RE O TLO BULA $T$,PARAMENTE,1,sesotho
$T$ A TSOANG NTOENG A LEBOHUOA KA HO SILILOA MEKOKOTLO,MASOLE,-1,sesotho
MASOLE A TSOANG $T$ A LEBOHUOA KA HO SILILOA MEKOKOTLO,NTOENG,-1,sesotho
MASOLE A TSOANG NTOENG A LEBOHUOA KA HO SILILOA $T$,MEKOKOTLO,0,sesotho
$T$ SE SOSOTHELA MOKHA OA LIPOLOTIKI,SECHABA,-1,sesotho
SECHABA SE SOSOTHELA $T$,MOKHA OA LIPOLOTIKI,-1,sesotho
$T$ LE  NYAKALLETSE,LETONA,1,sesotho
$T$ O RE O TLO KENYA BOTABANE MOLAONG,MOKHA OA POLOTIKI,0,sesotho
MOKHA OA POLOTIKI O RE O TLO KENYA $T$ MOLAONG,BOTABANE,-1,sesotho
MOKHA OA POLOTIKI O RE O TLO KENYA BOTABANE $T$,MOLAONG,0,sesotho
$T$ O HANA HO AMOHELA MASOLE A TSOANG NTOENG,TONAKHOLO,-1,sesotho
TONAKHOLO O HANA HO AMOHELA $T$ A TSOANG NTOENG,MASOLE,0,sesotho
TONAKHOLO O HANA HO AMOHELA MASOLE A TSOANG $T$,NTOENG,0,sesotho
$T$ E RE LITHO TSA PHATHI LI EA TSEBA KA NYATSI EA MOETAPELE,KHATISO,-1,sesotho
KHATISO E RE $T$ LI EA TSEBA KA NYATSI EA MOETAPELE,LITHO TSA PHATHI,-1,sesotho
KHATISO E RE LITHO TSA PHATHI LI EA TSEBA KA $T$,NYATSI EA MOETAPELE,-1,sesotho
$T$ O AMOHELOA KE MARENA A 15,MOETAPELE,1,sesotho
MOETAPELE O AMOHELOA KE $T$ A 15,MARENA,0,sesotho
6 BILLION MALOTI E NYAMETSENG E BOTSOE $T$,PHATHI,-1,sesotho
$T$ O UTSOA 6 BILLION EA SECHABA,'MUSO,-1,sesotho
'MUSO O UTSOA 6 BILLION EA $T$,SECHABA,0,sesotho
HO TŠOAROA HOA $T$ KE 'MOMORI O HLOPHISITSOENG,MOETAPELE,-1,sesotho
$T$ SE HANA LIMPHO TSA MOHATSA OA TONAKHOLO,SECHABA,-1,sesotho
SECHABA SE HANA $T$ TSA MOHATSA OA TONAKHOLO,LIMPHO,-1,sesotho
SECHABA SE HANA LIMPHO TSA $T$,MOHATSA TONAKHOLO,0,sesotho
$T$ O MAKALLA HO TŠOAROA HA MOETAPELE,MOOKAMELI,0,sesotho
MOOKAMELI O MAKALLA HO TŠOAROA HA $T$,MOETAPELE,-1,sesotho
$T$ O MAKATSA SECHABA,MOKHOTHALETSUOA,1,sesotho
$T$ SE PHEPHETHELA MOKHOTHALETSUOA,SECHABA,0,sesotho
SECHABA SE PHEPHETHELA $T$,MOKHOTHALETSUOA,-1,sesotho
$T$ E SULUBANTSOE FATŠE LEFUNG,TENTE,-1,sesotho
TENTE E SULUBANTSOE FATŠE $T$,LEFUNG,-1,sesotho
$T$ E PHELA MATSOALONG,TONAKHOLO EA MEHLENG,-1,sesotho
KE MADAMPA-DAMPA KAHARA $T$,PHATHI,-1,sesotho
$T$ LE TJEBELA BOKHOPO BA MOOKAMELI MATJOING,LEKHOTLA,1,sesotho
LEKHOTLA LE TJEBELA BOKHOPO BA $T$ MATJOING,MOOKAMELI,-1,sesotho
$T$ O FETOHILE,MOALO OA LIKHETHO,0,sesotho
$T$ KE LESHOLU,SEBOHOLI,-1,sesotho
$T$ LE KHAKHATHILE PAKI,LEPOLESA,-1,sesotho
LEPOLESA LE KHAKHATHILE $T$,PAKI,0,sesotho
$T$ SEPETLELE,LIJO TSA BAKULI,0,sesotho
LIJO TSA BAKULI $T$,SEPETLELE,0,sesotho
$T$ KE RALESHANO OA LEQITOLO LA TSOTSI,MOOKAMELI,-1,sesotho
MOOKAMELI KE RALESHANO OA LEQITOLO LA $T$,TSOTSI,-1,sesotho
$T$ O BUA LESHANO LE MPIPI KA KA KHOTLA,MOOKAMELI,-1,sesotho
MOOKAMELI O BUA LESHANO LE MPIPI KA KA $T$,KHOTLA,0,sesotho
$T$ O TŠIRELETSA BABOLAI BA MOITHUTI,MOOKAMELI,-1,sesotho
MOOKAMELI O TŠIRELETSA $T$ BA MOITHUTI,BABOLAI,-1,sesotho
MOOKAMELI O TŠIRELETSA BABOLAI BA $T$,MOITHUTI,0,sesotho
$T$ O HLOHLELLETSA MEFEREFERE SEKOLONG SE SEHOLO,MOETAPELE,-1,sesotho
MOETAPELE O HLOHLELLETSA MEFEREFERE $T$,SEKOLONG SE SEHOLO,0,sesotho
$T$ O HULA TŠIRELETSO EA MOCHOCHISI E MOHOLO,MOOKAMELI,-1,sesotho
MOOKAMELI O HULA TŠIRELETSO EA $T$,MOCHOCHISI E MOHOLO,0,sesotho
$T$ E BOLISITSE LEKALA HO NKHA HORE PHU,PHATHI,-1,sesotho
PHATHI E BOLISITSE $T$ HO NKHA HORE PHU,LEKALA,-1,sesotho
$T$ O KHOLA M50 000 KA LETSATSI,MOCHOCHISI,-1,sesotho
$T$ E RE HA E BATLE MOSALI EA TANTŠANG A TSOTSE,NAHA,0,sesotho
NAHA E RE HA E BATLE $T$ EA TANTŠANG A TSOTSE,MOSALI,-1,sesotho
$T$ O BOLAOA A KAKATETSE LITAEMANE,NGOANA OA MOHOLOANE OA MOETAPELE,-1,sesotho
NGOANA OA MOHOLOANE OA MOETAPELE O BOLAOA A KAKATETSE $T$,LITAEMANE,-1,sesotho
$T$ O TSEBA KA MORERO OA POLAO EA LIOFISIRI,MOOKAMELI,-1,sesotho
MOOKAMELI O TSEBA KA MORERO OA POLAO EA $T$,LIOFISIRI,-1,sesotho
$T$ O CHAKELA BANNA BOESA,MOETAPELE,1,sesotho
MOETAPELE O CHAKELA $T$ BOESA,BANNA,0,sesotho
$T$ O HAHA SEKOLO SETEREKENG,MOHOEBI,1,sesotho
MOHOEBI O HAHA $T$ SETEREKENG,SEKOLO,0,sesotho
MOHOEBI O HAHA SEKOLO $T$,SETEREKENG,0,sesotho
BA RE $T$ A QOSETSOE BOHLABA-PHIEO,MOOKAMELI,-1,sesotho
$T$ O KHANNGOE KE LIPOTSO KA KHOTLA,MOOKAMELI,-1,sesotho
MOOKAMELI O KHANNGOE KE LIPOTSO KA $T$,KHOTLA,0,sesotho
$T$ O ITSE MAFU  A SE KE A BATLISISOA,RAMOLAO,-1,sesotho
$T$ O KOPA TŠOARELO,MOOKAMELI,1,sesotho
$T$ O HLASELA BABUSI LEFUNG,MOOKAMELI,-1,sesotho
MOOKAMELI O HLASELA $T$ LEFUNG,BABUSI,0,sesotho
$T$ O PATELA LEKHOTLA LITABA TSA HAE,MOOKAMELI,-1,sesotho
MOOKAMELI O PATELA $T$ LITABA TSA HAE,LEKHOTLA,0,sesotho
MOOKAMELI O PATELA LEKHOTLA $T$ TSA HAE,LITABA,-1,sesotho
$T$ O BOLAEA BATHO BA 21,RASETHUNYA,-1,sesotho
RASETHUNYA O BOLAEA $T$ BA 21,BATHO,-1,sesotho
$T$ O ITAHLETSE KA HARA SEKOTI SA LIHELE,MOOKAMELI,-1,sesotho
$T$ O PEPETLA BAMAMELI KA LESHANO,MONNA,-1,sesotho
MONNA  O PEPETLA $T$ KA LESHANO,BAMANELI,0,sesotho
$T$ LE RE MAFUTSANA A LO CHA LIHELENG KOANA,LETONA,-1,sesotho
LETONA LE RE $T$ A LO CHA LIHELENG KOANA,MAFUTSANA,-1,sesotho
LETONA LE RE MAFUTSANA A LO CHA $T$ KOANA,LIHELENG,-1,sesotho
$T$ O LATOLA PHATHI HARARO PELE MOKOKO O LLA,MOTLATSI OA MOETAPELE,-1,sesotho
MOTLATSI OA MOETAPELE O LATOLA $T$ HARARO PELE MOKOKO O LLA,PHATHI,0,sesotho
$T$ KE LEMENEMENE LE FETANG JUDAS ISCARIOT OA BIBELENG,MOOKAMELI,-1,sesotho
$T$ E HALEFISA MOTSAMAISI OA BOLO,KONTERAKA EA SEBAPALI,-1,sesotho
KONTERAKA EA SEBAPALI E HALEFISA $T$,MOTSAMAISI OA BOLO,-1,sesotho
$T$ E RE MOOKAMELI O BUA LESHANO LE LETALA KA KHOTLA,OFISIRI,0,sesotho
OFISIRI E RE $T$ O BUA LESHANO LE LETALA KA KHOTLA,MOOKAMELI,-1,sesotho
OFISIRI E RE MOOKAMELI O BUA LESHANO LE LETALA KA $T$,KHOTLA,0,sesotho
$T$  O TLO FANA KA BOPAKI BO PHEUOENG KA KHOTLA HOSANE,MOOKAMELI,-1,sesotho
MOOKAMELI  O TLO FANA KA BOPAKI BO PHEUOENG KA $T$ HOSANE,KHOTLA,0,sesotho
$T$ O TŠEHA BAITŠOKOLI,MOETAPELE,-1,sesotho
$T$ O LITLAMONG TSA SEPOLESA KA HO JA MOLISANA MAOTOANA,MOOKAMELI,-1,sesotho
MOOKAMELI O LITLAMONG TSA SEPOLESA KA HO JA $T$ MAOTOANA,MOLISANA,-1,sesotho
$T$ O FANYEHA MOLAO OA MOTHEO,MOOKAMELI,-1,sesotho
MOOKAMELI O FANYEHA $T$,MOLAO OA MOTHEO,0,sesotho
$T$ O RE HO LEKANE KA BAAHLOLI BA MELATA,MOAHLOLI E MOHOLO,0,sesotho
MOAHLOLI E MOHOLO O RE HO LEKANE KA $T$,BAAHLOLI BA MELATA,-1,sesotho
HO BULOA $T$ SETEREKENG,LEKHOTLA LE PHAHAMENG,1,sesotho
$T$ E E TLO QHALOA,NYEOE EA TONAKHOLO LE MOHATSA OA HAE,1,sesotho
$T$ O PHOLOSA BOPHELO BA MOITHUTI,MOETAPELE,1,sesotho
MOETAPELE  O PHOLOSA BOPHELO BA $T$,MOITHUTI,-1,sesotho
$T$ O RINYA BATHO BA BATŠO BA 10,RASETHUNYA,-1,sesotho
RASETHUNYA O RINYA $T$ BA 10,BATHO BA BATŠO,-1,sesotho
$T$ SE TEBELLOA HO PHINYA HAHOLO LEHO TŠEHA HA QETA,SEBAPALI,-1,sesotho
$T$ O BEHILE TŠIRELETSO EA NAHA TSIETSING O HLAHLELLA LINOKOANE KA LITHUNYA,MOOKAMELI,-1,sesotho
MOOKAMELI O BEHILE TŠIRELETSO EA $T$ TSIETSING O HLAHLELLA LINOKOANE KA LITHUNYA,NAHA,-1,sesotho
$T$ OA BOLAOA,MOLULASETULO OA BACHA,-1,sesotho
$T$ O PHALLELA SECHABA KEREKE,MOETAPELE,1,sesotho
MOETAPELE O PHALLELA $T$ KEREKE,SECHABA,0,sesotho
MOETAPELE O PHALLELA SECHABA $T$,KEREKE,0,sesotho
$T$ TSE 180 LI NYAMETSE SEPOLESENG,LITHUNYA,-1,sesotho
LITHUNYA TSE 180 LI NYAMETSE $T$,SEPOLESENG,-1,sesotho
$T$ O KOETELA PROJECT EA LEKALA,MOETAPELE,-1,sesotho
MOETAPELE O KOETELA $T$,PROJECT EA LEKALA,0,sesotho
$T$ MATJALENG KA HO TONOSETSA MABITLA,MOITHUTI,-1,sesotho
MOITHUTI MATJALENG KA HO TONOSETSA $T$,MABITLA,0,sesotho
$T$ E BUBURILE CHELETE KAOFELA,PHATHI,-1,sesotho
PHATHI E BUBURILE $T$ KAOFELA,CHELETE,0,sesotho
$T$ O BOLAISOA LIOPAPINA E MONG O LLELOA KE LITŠEPE,MONNA,-1,sesotho
$T$ O ABELOA LENGOLO LA THUTO E PHAHAMENG,MOETAPELE,1,sesotho
MOETAPELE O ABELOA $T$,LENGOLO LA THUTO E PHAHAMENG,0,sesotho
$T$ SE SEHOLO LEFATŠENG SE RE HA SE NA HASONA,SEKHORANE,-1,sesotho
SEKHORANE SE SEHOLO $T$ SE RE HA SE NA HASONA,LEFATŠENG,0,sesotho
HO NTŠOA $T$ A 77 LE LITOPO TSE HLANO MOKOTING EBILE BA LLELOA KE LITŠEPE,MAKHOMOSA,-1,sesotho
HO NTŠOA MAKHOMOSHA A 77 LE $T$ TSE HLANO MOKOTING EBILE BA LLELOA KE LITŠEPE,LITOPO,-1,sesotho
HO TSONGOA $T$ LE KA LINTJA,LITOPO,-1,sesotho
HO TSONGA LITOPO LE KA $T$,LINTJA,1,sesotho
$T$ KE LEHLABA-PHIEEO,MOTLATSI OA MOLAOLI,-1,sesotho
$T$ EBILE E MAHLONOKO E NKILENG MAPHELO A BATHO,PASEKA,-1,sesotho
PASEKA EBILE E MAHLONOKO E NKILENG MAPHELO A $T$,BATHO,0,sesotho
$T$ O QETA SECHABA MAPOLESA A SHEBELETSE,RASETHUNYA,-1,sesotho
RASETHUNYA O QETA SECHABA $T$ A SHEBELETSE,MAPOLESA,-1,sesotho
RASETHUNYA O QETA $T$ MAPOLESA A SHEBELETSE,SECHABA,0,sesotho
$T$ O TSIETSIENG EA HO LAHLELOA KE LITHO,MOKHA,-1,sesotho
MOKHA O TSIETSIENG EA HO LAHLELOA KE $T$,LITHO,0,sesotho
BA RE $T$ KE NOHA EA TLHOARE,MOHATSA OA TONAKHOLO,-1,sesotho
$T$ O BUA LESHANO KA KHOTLA O RE LELEME LE THELETSE,MOAHLOLI,-1,sesotho
MOAHLOLI O BUA LESHANO KA $T$ O RE LELEME LE THELETSE,KHOTLA,0,sesotho
$T$ O FUPARISITSOE M30 000 HO SENYA NYEOE EA MOHOEBI,MOCHOCHISI,-1,sesotho
MOCHOCHISI O FUPARISITSOE M30 000 HO SENYA $T$,NYEOE EA MOHOEBI,-1,sesotho
UTLOA KA LITABA TSA BO $T$ BA HANANG HO EA KHOTLA,'MAMPOLI,-1,sesotho
UTLOA KA LITABA TSA BO 'MAMPOLI BA HANANG HO EA $T$,KHOTLA,-1,sesotho
$T$ LE QOETSE KA M700 000 MALOTI,LETONA LA MEHLENG,-1,sesotho
$T$ O NEHELA MOEA BALATELI BA EONA BA PHASA-PHASA,MOKHA,-1,sesotho
MOKHA O NEHELA MOEA $T$ BA EONA BA PHASA PHASA,BALATELI,-1,sesotho
$T$ O TŠOHILE JOALO KA NONYANA,MOETAPELE,-1,sesotho
MOETAPELE O TŠOHILE JOALO KA $T$,NONYANA,1,sesotho
$T$ O KH'OEFELA MOCHOCHISI KA SEHLETHELA SA MATHE,OFISIRI,0,sesotho
OFISIRI O KH'OEFELA $T$ KA SEHLETHELA SA MATHE,MOCHOCHISI,-1,sesotho
$T$ O TABOLA BOLUMARA BA MOHATSA OA TONAKHOLO EA MEHLENG,TONAKHOLO,-1,sesotho
TONAKHOLO O TABOLA $T$ BA MOHATSA OA TONAKHOLO EA MEHLENG,BOLUMARA,0,sesotho
TONAKHOLO O TABOLA BOLUMARA BA $T$,MOHATSA OA TONAKHOLO EA MEHLENG,0,sesotho
$T$ O HAHELA MORENA OFISI LE HOLO,MOETAPELE,1,sesotho
MOETAPELE O HAHELA $T$ OFISI LE HOLO,MORENA,0,sesotho
MOETAPELE O HAHELA MORENA $T$ LE HOLO,OFISI,1,sesotho
MOETAPELE O HAHELA MORENA OFISI LE $T$,HOLO,1,sesotho
$T$ O HOOA KA NTSOE LE PHEFA,KHOSATSANA,1,sesotho
$T$ MATJALENG,MONNA,-1,sesotho
$T$ O RE MOAHLOLI A ILO IPHANYEHA,MOOKAMELI,0,sesotho
MOOKAMELI O RE $T$ A ILO IPHANYEHA,MOAHLOLI,-1,sesotho
$T$ EA MEHLENG KHOTLA KA LEFU LA MOHATSA OA MEHLENG,TONAKHOLO,-1,sesotho
TONAKHOLO EA MEHLENG $T$ KA LEFU LA MOHATSA OA MEHLENG,KHOTLA,0,sesotho
TONAKHOLO EA MEHLENG KHOTLA KA LEFU LA $T$,MOHATSA OA MEHLENG,-1,sesotho
$T$ TSE KHOLO LI ITUKISETSA NTOA,LINAHA,-1,sesotho
$T$ A HA LI SA SEBETSA,LIKARETE TSA LI BANKA,-1,sesotho
MAHOSANA A RE A SOABISITSOE KE BOITŠOARO BA $T$,MAPARAMENTE,-1,sesotho
$T$ A RE A SOABISITSOE KE BOITŠOARO BA MAPARAMENTE,MAHOSANA,-1,sesotho
BA KHOLANG $T$ E TLASE HA BA NA ANGOA KE LEKHETHO,MEPUTSO,-1,sesotho
BA KHOLANG MEPUTSO E TLASE HA BA NA ANGOA KE $T$,LEKHETHO,1,sesotho
$T$ O HANA HO QOSA LESHOLU,MOCHOCHISI,-1,sesotho
MOCHOCHISI O HANA HO QOSA $T$,LESHOLU,-1,sesotho
$T$ E RE E IPATLA BOHANYETSING,PHATHI,1,sesotho
PHATHI E RE E IPATLA $T$,BOHANYETSING,-1,sesotho
$T$ LE INKA SELFIE LE BA BAHOLO KE THABO,LETONA,1,sesotho
LETONA LE INKA $T$ LE BA BAHOLO KE THABO,SELFIE,0,sesotho
$T$ SE PHELANG UKRAINE SE BOLOKOHILE,SECHABA,1,sesotho
$T$ O RERELOA LEFU,MOAHLOLI,-1,sesotho
$T$ O TŠOEROE KA BOSHOLU,MOKHETHOA,-1,sesotho
$T$ O NYELISA KAHLOLO EA LEKHOTLA HAPE O E SHEBA FEELA JOALOKA NTHO'A NGOANA,MOOKAMELI,-1,sesotho
MOOKAMELI O NYELISA $T$ HAPE O E SHEBA FEELA JOALOKA NTHO'A NGOANA,KAHLOLO EA LEKHOTLA,0,sesotho
$T$ O HLASELA SETHO SA PHATHI,MOETAPELE,-1,sesotho
MOETAPELE O HLASELA $T$,SETHO SA PHATHI,0,sesotho
$T$ E UTSOA LIKHOMO,OFISIRI,-1,sesotho
OFISIRI E UTSOA $T$,LIKHOMO,0,sesotho
$T$ O PATALLA MONNA OA LEKOEREKOERE,MOCHOCHISI,-1,sesotho
MOCHOCHISI O PATALLA $T$,MONNA OA LEKOEREKOERE,0,sesotho
$T$ E ETSA TLHOLOSANO EA HO HAPA LIKOLOI,PHATHI,1,sesotho
PHATHI  E ETSA $T$,TLHOLOSANO EA HO HAPA LIKOLOI,1,sesotho
$T$ E FETOHILE SELAKHAPHANE,NAHA,-1,sesotho
$T$ E FETOHILE SELAKHAPHANE,SELAKHAPANE,0,sesotho
$T$ LE TLO PHOTHOLA PAKI EA LESHANO,LEKHOTLA,1,sesotho
LEKHOTLA LE TLO PHOTHOLA $T$ EA LESHANO,PAKI,-1,sesotho
$T$ TSA MOHALE LI PELEKANYA MALEME,LIPAKI NYEOENG EA LITOPO,-1,sesotho
LIPAKI $T$ LI PELEKANYA MALEME,NYEOENG EA LITOPO,-1,sesotho
$T$ LE FA LIKEBEKOA TŠIRELETSO,LETONA,-1,sesotho
LETONA LE FA $T$ TŠIRELETSO,LIKEBEKOA,-1,sesotho
$T$ LE BOHLOKO KE LESHANO LA LETONA,LELAPA LA MOFU,-1,sesotho
LELAPA LA MOFU LE BOHLOKO KE LESHANO LA $T$,LETONA,-1,sesotho
$T$ O RE O PHONYOHILE TORONKO,MOKHETHOA,1,sesotho
MOKHETHOA O RE O PHONYOHILE $T$,TORONKO,0,sesotho
$T$ E RE HA TSEBE LETHO KA LEFU LA LESOLE,PAKI,-1,sesotho
PAKI E RE HA TSEBE LETHO KA LEFU LA $T$,LESOLE,-1,sesotho
$T$ O RAHA MOCHOCHISI MALING A MPA,MOAHLOLI,1,sesotho
MOAHLOLI O RAHA $T$ MALING A MPA,MOCHOCHISI,-1,sesotho
UTLOA KA TSA $T$ TSA MOCHOCHISI,LINAKELI,-1,sesotho
UTLOA KA TSA LINAKELI TSA $T$,MOCHOCHISI,0,sesotho
$T$ O RE PAKI E TŠOAROE,MOCHOCHISI,0,sesotho
MOCHOCHISI O RE $T$ E TŠOAROE,PAKI,-1,sesotho
$T$ SE PHONYOHA LEFU KA SOBA LA NALE,SEBAPALI,1,sesotho
$T$ O BELAELLOA POLAONG EA MOHOEBI,MOPARAMENTE,-1,sesotho
MOPARAMENTE O BELAELLOA POLAONG EA $T$,MOHOEBI,-1,sesotho
$T$ O RE HA A BATLE BAAHLOLI BA NAHA,MOCHOCHISI,-1,sesotho
MOCHOCHISI O RE HA A BATLE $T$,BAAHLOLI BA NAHA,0,sesotho
$T$ O RE AKHANETE E IKHULE NYEOENG EA TREASON,MOCHOCHISI,0,sesotho
MOCHOCHISI O RE $T$ E IKHULE NYEOENG EA TREASON,AKHENTE,-1,sesotho
MOCHOCHISI O RE AKHANETE E IKHULE $T$ EA TREASON,NYEOENG,-1,sesotho
$T$ BA MAMENEMENE MATJALENG,BACHOCHISI,-1,sesotho
$T$ O MATJALENG O QOSOA OA KA LETOTO LA LITLOLO TSA MOLAO,MOCHOCHISI,-1,sesotho
MOCHOCHISI O MATJALENG O QOSOA OA KA LETOTO LA $T$,LITLOLO TSA MOLAO,-1,sesotho
$T$ E LOKISA LITSELA MOO E HAPILENG LIKHETHO,PHATHI,1,sesotho
PHATHI E LOKISA $T$ MOO E HAPILENG LIKHETHO,LITSELA,1,sesotho
PHATHI E LOKISA LITSELA MOO E HAPILENG $T$,LIKHETHO,0,sesotho
$T$ O FEPA MASOLE NAMA EA BOSHOLU,MOPARAMENTE,-1,sesotho
MOPARAMENTE O FEPA $T$ NAMA EA BOSHOLU,MASOLE,0,sesotho
MOPARAMENTE O FEPA MASOLE $T$ EA BOSHOLU,NAMA,-1,sesotho
$T$ O ROETSE KA BOBOLU,TONAKHOLO,-1,sesotho
$T$ A QOBELLOA HO PAKA NYEOENG EA TREASON,MASOLE,-1,sesotho
MASOLE A QOBELLOA HO PAKA $T$ EA TREASON,NYEOENG,-1,sesotho
$T$ O TŠABA HO EMA KA PELA MOAHLOLI,MOCHOCHISI,-1,sesotho
MOCHOCHISI O TŠABA HO EMA KA PELA $T$,MOAHLOLI,0,sesotho
$T$ O HANA HO FANA KA BOPAKI,TONAKHOLO,-1,sesotho
$T$ O RE NYEOE EA TREASON E QHALOE,RAMOLAO,0,sesotho
RAMOLAO O RE $T$ EA TREASON E QHALOE,NYEOE,-1,sesotho
$T$  EA TREASON E FARETSE BOPAKI BO MAFEKEFEKE,NYEOE,-1,sesotho
UTLOA MEK'HAEFETE EA $T$,MOHLOMPHEHI,-1,sesotho
$T$ BA QOSOA KA HO SENYA SERITI SA LELAPA LA BORENA,BANNA,-1,sesotho
BANNA BA QOSOA KA HO SENYA $T$ SA LELAPA LA BORENA,SERITI,-1,sesotho
BANNA BA QOSOA KA HO SENYA SERITI SA $T$,LELAPA LA BORENA,0,sesotho
$T$ KA KOTSI EA MOLLO,TLHOKOMELISO,-1,sesotho
$T$ EA LITABA,PHATLALATSO,0,sesotho
$T$ LE FUMANA BANNA BA LE MOLATO,LEKHOTLA,0,sesotho
LEKHOTLA LE FUMANA $T$ BA LE MOLATO,BANNA,-1,sesotho
LEHLAKORE LA $T$ MABAPI LE LITABA TSA POLAO EA MONNA,SEPOLESA,-1,sesotho
LEHLAKORE LA SEPOLESA MABAPI LE LITABA TSA POLAO EA $T$,MONNA,-1,sesotho
$T$ A HLATSISOA LIKHOMO TSE 12,MASHOLU,1,sesotho
MASHOLU A HLATSISOA $T$ TSE 12,LIKHOMO,0,sesotho
$T$ O RE O NE A SA BO HLOTHE,MOPARAMENTE,-1,sesotho
BA HLAHOA LESUMATHA KE $T$,MOFETA-KA-TSELA,1,sesotho
$T$ LA HO HLOEKISA NAHA LE TSOELA PELE,LETŠOLO,1,sesotho
LETŠOLO LA HO HLOEKISA $T$ LE TSOELA PELE,NAHA,1,sesotho
$T$ SE TŠOARELA MAHOKELA THUPELO,SEPOLESA,1,sesotho
SEPOLESA SE TŠOARELA $T$ THUPELO,MAHOKELA,0,sesotho
SEPOLESA SE TŠOARELA MAHOKELA $T$,THUPELO,1,sesotho
$T$ LI ETELOA KE SEPOLESA,LIHLOPHA TSA BOIPELETSO,1,sesotho
LIHLOPHA TSA BOIPELETSOLI ETELOA KE $T$,SEPOLESA,0,sesotho
BA HLAHA KHOTLA KA BOSHOLU BA $T$,LIPHOOFOLO,-1,sesotho
BA HLAHA $T$ KA BOSHOLU BA LIPHOOFOLO,KHOTLA,0,sesotho
$T$ LI ABELOA LIKHAU KE MORENA,LITHO TSA SEPOLESA,1,sesotho
LITHO TSA SEPOLESA LI ABELOA LIKHAU KE $T$,MORENA,0,sesotho
$T$ O AHLOLOA LILEMO TSE 10 CHANKANENG,MOSALI,-1,sesotho
$T$ E ILENG EA UTSUOA KEREKENG E FUMANOA NAHENG E 'NGOE,KOLOI,1,sesotho
KOLOI E ILENG EA UTSUOA $T$ E FUMANOA NAHENG E 'NGOE,KEREKENG,0,sesotho
$T$ EO E SA LENG A BATLOA KE SEPOLESA OA INEHELA,MONNA,1,sesotho
MONNA EO E SA LENG A BATLOA KE $T$ OA INEHELA,SEPOLESA,0,sesotho
$T$ SE THIBA MEKOKO HO ISA NAHA HO MAKHAOLA-KHANG,SEBAPALI,1,sesotho
SEBAPALI SE THIBA MEKOKO HO ISA $T$ HO MAKHAOLA-KHANG,NAHA,1,sesotho
$T$ E LEBOHELA MORENA KA MPHO EA SEHLABELO SA 'MISA,KEREKE,1,sesotho
KEREKE E LEBOHELA $T$ KA MPHO EA SEHLABELO SA 'MISA,MORENA,1,sesotho
KEREKE E LEBOHELA MORENA KA $T$,MPHO EA SEHLABELO SA 'MISA,1,sesotho
$T$ EA BOPHATLALATSI,MEMO,0,sesotho
$T$ O HLAHA KHOTLA KA QOSO EA POLAO EA MOTHO,MONNA,-1,sesotho
MONNA O HLAHA $T$ KA QOSO EA POLAO EA MOTHO,KHOTLA,0,sesotho
MONNA O HLAHA KHOTLA KA QOSO EA POLAO EA $T$,MOTHO,-1,sesotho
PHATLALATSO EA $T$,LITABA,0,sesotho
$T$ BA LIPOLAO TSE SEHLOHO BA QHAUTSOA KE SEPOLESA,BABELAELLOA,-1,sesotho
BABELAELLOA BA $T$ TSE SEHLOHO BA QHAUTSOA KE SEPOLESA,LIPOLAO,-1,sesotho
BABELAELLOA BA LIPOLAO TSE SEHLOHO BA QHAUTSOA KE $T$,SEPOLESA,1,sesotho
$T$ O QOSOA KA BOQHEKANYETSI BA LIMILIONE,MOSEBELETSI OA BANKA,-1,sesotho
$T$ O FUMANOA KA HARA LEKOALIBA LA MALI,MOSALI,-1,sesotho
MOSALI O FUMANOA KA HARA LEKOALIBA LA $T$,MALI,-1,sesotho
$T$ O QOSOA KA HO HLOKOFATSA BANA,MONNA,-1,sesotho
MONNA O QOSOA KA HO HLOKOFATSA $T$,BANA,-1,sesotho
$T$ EA NENG A NYAMELE OA TSETOLLOA,MONNA,1,sesotho
$T$ SE MATLAFATSA MOKHOA OA BOIPOLESO,SEPOLESA,1,sesotho
$T$ O FUMANOA KA LITHETHEFATSI TSE SENG MOLAONG,MONNA,-1,sesotho
MONNA O FUMANOA KA $T$ TSE SENG MOLAONG,LITHETHEFATSI,-1,sesotho
$T$ O FUMANOA A EPETSOE KA JARETENG,MONNA,-1,sesotho
MONNA O FUMANOA A EPETSOE KA $T$,JARETENG,0,sesotho
$T$ E LAHLEHELOA KE MATSEBE-TSEBE A MALOTI KA BOKHOSHELI,KOMPONE EA MARANGRANG,-1,sesotho
$T$ EA SEPOLESA,TSEBISO,0,sesotho
$T$ O THUNYETSA MOHOE LEFU,MOKHOENYANA,-1,sesotho
MOKHOENYANA O THUNYETSA $T$ LEFU,MOHOE,-1,sesotho
$T$ O PHURA LESHOETLA LE BASALI,MOKHATLO,1,sesotho
MOKHATLO O PHURA LESHOETLA LE $T$,BASALI,1,sesotho
$T$ EA HOEBANG KA 'MELE O HLAHA KHOTLA KA POLAO,MOSALI,-1,sesotho
MOSALI EA HOEBANG KA 'MELE O HLAHA $T$ KA POLAO,KHOTLA,0,sesotho
$T$ SE TEKENA SELEKANE SA TŠEBELISANO  LE MOKHATLO OA MASUPA-TSELA,SEPOLESA,1,sesotho
SEPOLESA SE TEKENA $T$ SA TŠEBELISANO  LE MOKHATLO OA MASUPA-TSELA,SELEKANE,1,sesotho
SEPOLESA SE TEKENA SELEKANE SA TŠEBELISANO  LE $T$,MOKHATLO OA MASUPA-TSELA,1,sesotho
$T$ BA EA CHANKANENG KA BOSHOLU,BANNA,-1,sesotho
BANNA BA EA $T$ KA BOSHOLU,CHANKANENG,0,sesotho
$T$ SE TŠOARELOA THUPELO,SEPOLESA,1,sesotho
SEPOLESA SE TŠOARELOA $T$,THUPELO,1,sesotho
$T$ O QOSOA KA LETOTO LA LITLOLO TSA MOLAO,MONNA,-1,sesotho
MONNA O QOSOA KA LETOTO LA $T$,LITLOLO TSA MOLAO,-1,sesotho
$T$ O ELETSA BACHA HO KHOA LITLOLONG TSA MOLAO,MOOKAMELI,1,sesotho
MOOKAMELI O ELETSA $T$ HO KHOA LITLOLONG TSA MOLAO,BACHA,0,sesotho
MOOKAMELI O ELETSA BACHA HO KHOA $T$,LITLOLONG TSA MOLAO,-1,sesotho
LETŠOLO LA 'MUSO LA HO HLOEKISA $T$,NAHA,1,sesotho
$T$ LA HO HLOEKISA NAHA,LETŠOLO LA 'MUSO,0,sesotho
$T$ LE RUPELA LITICHERE,LEFAPHA LA LITIMA-MOLLO LE PHOLOSO,1,sesotho
LEFAPHA LA LITIMA-MOLLO LE PHOLOSO LE RUPELA $T$,LITICHERE,0,sesotho
BA QETA LILEMO TSE 25 BA NTSE BA SEBELETSA $T$,SECHABA,0,sesotho
BA QOSOA KA BOSHOLU BA $T$,MERATHATHA,-1,sesotho
$T$ SE FUOA MABONE KE KOMPONE,SEPOLESA,1,sesotho
SEPOLESA SE FUOA $T$ KE KOMPONE,MABONE,0,sesotho
SEPOLESA SE FUOA MABONE KE $T$,KOMPONE,1,sesotho
KHABARENG $T$ O LUMELA MOLATO,MONNA,1,sesotho
$T$,LITEBOHO,1,sesotho
$T$ A MACHA A FUMANTŠOA THUPELO,MAPOLESA,0,sesotho
MAPOLESA A MACHA A FUMANTŠOA $T$,THUPELO,1,sesotho
BA HLAHA KHOTLA KA BOSHOLU BA $T$,LITLHARE,-1,sesotho
$T$ O AHLOLOA M8 000 KA HO HLOMPHOLLA BORENA,MONNA,-1,sesotho
MONNA O AHLOLOA M8 000 KA HO HLOMPHOLLA $T$,BORENA,0,sesotho
$T$ O FUMANOA A LE MOLATO OA HO RUA SETHUNYA KA THOKO HO MOLAO,MONNA,-1,sesotho
MONNA O FUMANOA A LE MOLATO OA HO RUA $T$ KA THOKO HO MOLAO,SETHUNYA,-1,sesotho
MONNA O FUMANOA A LE MOLATO OA HO RUA SETHUNYA KA THOKO HO $T$,MOLAO,0,sesotho
$T$ SE FUMANTŠOA THUPELO,SEPOLESA,0,sesotho
SEPOLESA SE FUMANTŠOA $T$,THUPELO,1,sesotho
$T$ O QOSOA KA HO TLOLA MELAO EA NAHA,MONNA,-1,sesotho
MONNA O QOSOA KA HO TLOLA $T$,MELAO EA NAHA,0,sesotho
$T$ BA FUMANOA HAHA BA NTSE BA HLABA LIPOLI,BANNA,-1,sesotho
BANNA BA FUMANOA HAHA BA NTSE BA HLABA $T$,LIPOLI,0,sesotho
$T$ A ETELA SEKOLO,MAPOLESA A BASALI,1,sesotho
MAPOLESA A BASALI A ETELA $T$,SEKOLO,0,sesotho
$T$ E POTLAKILENG,TSEBISO,0,sesotho
TLHOKOMELISO HO $T$,SECHABA,0,sesotho
$T$ BA ITLHAPHOLA KA NKU EA MONG’A EONA,BATŠOARUOA,-1,sesotho
BATŠOARUOA BA ITLHAPHOLA KA $T$ EA MONG’A EONA,NKU,0,sesotho
$T$ E TLABOLA SELEKANE,MEKHATLO,1,sesotho
MEKHATLO E TLABOLA $T$,SELEKANE,0,sesotho
$T$ O AHLOLOA SELEMO CHANKANENG KA HO BA LE KHOMO EA FATŠE,MONNA,-1,sesotho
MONNA O AHLOLOA SELEMO $T$ KA HO BA LE KHOMO EA FATŠE,CHANKANENG,0,sesotho
MONNA O AHLOLOA SELEMO CHANKANENG KA HO BA LE $T$,KHOMO EA FATŠE,0,sesotho
$T$ SE PHUTHA MASAPO A MOTHO MOTEBONG OA SESOLE,SEPOLESA,1,sesotho
SEPOLESA SE PHUTHA $T$ MOTEBONG OA SESOLE,MASAPO A MOTHO,-1,sesotho
SEPOLESA SE PHUTHA MASAPO A MOTHO $T$,MOTEBONG OA SESOLE,0,sesotho
$T$ O TOBANE LE LINYEOE TSE THARO,MONNA,-1,sesotho
MONNA O TOBANE LE $T$ TSE THARO,LINYEOE,0,sesotho
$T$ BA HLOTHA MOKOTLA O TŠETSENG MATSEBETSEBE KA SENYANYATSI,BANNA,-1,sesotho
BANNA BA HLOTHA $T$ O TŠETSENG MATSEBETSEBE KA SENYANYATSI,MOKOTLA,1,sesotho
BANNA BA HLOTHA MOKOTLA O TŠETSENG MATSEBETSEBE KA $T$,SENYANYATSI,-1,sesotho
BANA BA BELAELLOA POLAONG EA $T$ KA MOTHAMAHANE BA HLAHA KHOTLA,MOSALI,-1,sesotho
BANA BA BELAELLOA POLAONG EA MOSALI KA MOTHAMAHANE BA HLAHA $T$,KHOTLA,0,sesotho
$T$ BA AHLOLOA KA LITHUNYA TSE SENG MOLAONG,BANNA,-1,sesotho
BANNA BA AHLOLOA KA $T$ TSE SENG MOLAONG,LITHUNYA,-1,sesotho
$T$ O FUMANA KAHLOLO EA KHOEBISANO KA BATHO,MONNA,-1,sesotho
MONNA O FUMANA KAHLOLO EA KHOEBISANO KA $T$,BATHO,-1,sesotho
$T$ LE FUMANA MONNA A LE MOLATO KA BOSHOLU BA LIPHOOFOLO,LEKHOTLA,0,sesotho
LEKHOTLA LE FUMANA $T$ A LE MOLATO KA BOSHOLU BA LIPHOOFOLO,MONNA,-1,sesotho
LEKHOTLA LE FUMANA MONNA A LE MOLATO KA BOSHOLU BA $T$,LIPHOOFOLO,-1,sesotho
$T$ LI FUMANOA LI SOLLA THABENG,LIKHOMO,-1,sesotho
LIKHOMO LI FUMANOA LI SOLLA $T$,THABENG,0,sesotho
$T$ BA MATJALENG KA HO HLABA RAMO EA MOTHO,BANNA,-1,sesotho
BANNA BA MATJALENG KA HO HLABA $T$ EA MOTHO,RAMO,-1,sesotho
$T$ O TŠOARA MOLEPO,MOKHATLO,0,sesotho
MOKHATLO O TŠOARA $T$,MOLEPO,0,sesotho
$T$ EA LITABA,PHATLALATSO,0,sesotho
$T$ SE FUMANA THEPA EA BOSHOLU KA HO SALA MONYENYETSI MORAO,SEPOLESA,1,sesotho
SEPOLESA SE FUMANA $T$ KA HO SALA MONYENYETSI MORAO,THEPA EA BOSHOLU,-1,sesotho
$T$ O TŠOEROE,MONNA,-1,sesotho
BA TSOHELA $T$ MATLA,LEPOLESA LA MOSALI,-1,sesotho
$T$ O TJAMETSOE KE QOSO EA HO KHAKHATHA MOTHO,MONNA,-1,sesotho
MONNA O TJAMETSOE KE QOSO EA HO KHAKHATHA $T$,MOTHO,-1,sesotho
$T$ LI INOLA MOTHO,LIQOILI TSA SEPOLESA,1,sesotho
LIQOILI TSA SEPOLESA LI INOLA $T$,MOTHO,0,sesotho
$T$ SE PHURA LESHOETLA LE BAITŠUKULI,SEPOLESA,1,sesotho
SEPOLESA SE PHURA LESHOETLA LE $T$,BAITŠUKULI,0,sesotho
$T$ BA ETELOA KE MOKHATLO OA MAPOLESA A BASALI,BARUTOA BA SEKOLO,1,sesotho
BARUTOANA BA SEKOLO BA ETELOA KE $T$,MOKHATLO OA MAPOLESA A BASALI,0,sesotho
O BATLA $T$ A M30 000,MASIBA A MPSHE,-1,sesotho
$T$ A TLA RE KHALO MOSE,MAPOLESA,1,sesotho
MAPOLESA A TLA RE KHALO $T$,MOSE,0,sesotho
$T$ LE LAHLELA MOLATA KA BANNENG,LEKHOTLA,0,sesotho
LEKHOTLA LE LAHLELA $T$ KA BANNENG,MOLATA,-1,sesotho
$T$ O TOBANE LE NYEOE EA TEKO EA BOQHEKANYETSI,MOSALI,-1,sesotho
MOSALI O TOBANE LE $T$ EA TEKO EA BOQHEKANYETSI,NYEOE,-1,sesotho
SEKOLO SE PHAHAMENG SE ETELOA KE $T$,SEPOLESA,0,sesotho
$T$ SE ETELOA KE SEPOLESA,SEKOLO SE PHAHAMENG,1,sesotho
$T$ BA KHOLA PHALO HA BA ELELLOA HORE BA KENTSOE MEREBELE,BANNA,-1,sesotho
$T$ O IPHANYEHA PONTŠENG EA NGOANA,MONNA,-1,sesotho
MONNA O IPHANYEHA PONTŠENG EA $T$,NGOANA,0,sesotho
$T$ BA PHOLOSA LIKHOMO LEHANONG LA TAU,BANNA,1,sesotho
BANNA BA PHOLOSA $T$ LEHANONG LA TAU,LIKHOMO,0,sesotho
$T$ O HLAHA KHOTLA HAPE KA LITLOLO TSA MOLAO,MONNA,-1,sesotho
MONNA O HLAHA $T$ HAPE KA LITLOLO TSA MOLAO,KHOTLA,0,sesotho
MONNA O HLAHA KHOTLA HAPE KA $T$,LITLOLO TSA MOLAO,-1,sesotho
$T$ O HLABELA MOSALI OA HAE LEFU,MONNA,-1,sesotho
MONNA O HLABELA $T$ OA HAE LEFU,MOSALI,-1,sesotho
$T$ BA SEBETSANG BA ETELA KEREKE,BASALI,1,sesotho
BASALI BA SEBETSANG BA ETELA $T$,KEREKE,0,sesotho
$T$ SE THEHA SETSOALLE LE TAMENE,SEPOLESA,1,sesotho
SEPOLESA SE THEHA SETSOALLE LE $T$,TAMENE,1,sesotho
O KOKONA $T$ E IKETSENG,KOMPONE,-1,sesotho
$T$ LIA NYAMELA,LINKU TSA NKHONO,-1,sesotho
$T$ BA BEHOA KA PELE HO MAKHOTLA KA LEBAKA LA BOHLASOA,BATHO,-1,sesotho
BATHO BA BEHOA KA PELE HO $T$ KA LEBAKA LA BOHLASOA,MAKHOTLA,0,sesotho
$T$ LI TSOA KANO TLASE,LITHO TSA SEPOLESA,-1,sesotho
LITHO TSA SEPOLESA LI TSOA $T$ TLASE,KANO,0,sesotho
$T$ O QOSOA KA BOMENEMENE,MOPOLOTIKI,-1,sesotho
RUA TSEBO KA $T$ SA HENO,MAFAPHA A SEPOLESA,0,sesotho
$T$ E FA SEPOLESA KOLOI,KOMPONE EA LITAEMANE,1,sesotho
KOMPONE EA LITAEMANE E FA $T$ KOLOI,SEPOLESA,0,sesotho
KOMPONE EA LITAEMANE E FA SEPOLESA $T$,KOLOI,0,sesotho
$T$ LE ETELA METEBO EA SEPOLESA,LETONA,1,sesotho
LETONA LE ETELA $T$,METEBO EA SEPOLESA,0,sesotho
$T$ O KETEKA LE BASALI,MOTLATSI OA TONAKHOLO,1,sesotho
MOTLATSI OA TONAKHOLO O KETEKA LE $T$,BASALI,1,sesotho
SEKOLO SE PHAHAMENG SE ETELOA KE $T$,TONAKHOLO,0,sesotho
$T$ SE ETELOA KE TONAKHOLO,SEKOLO SE PHAHAMENG,1,sesotho
$T$ O NKHA LEFOTHA LEFUNG LA MONNA OA HAE,MOSALI,-1,sesotho
MOSALI O NKHA LEFOTHA LEFUNG LA $T$,MONNA OA HAE,-1,sesotho
HO QHOMA $T$ E MAHLO-MAFUBELU,NTOA,-1,sesotho
$T$ E KOALA KHOELI EA BASALI KA NOTO E HOLIMO,KEREKE,1,sesotho
KEREKE E KOALA $T$ KA NOTO E HOLIMO,KHOELI EA BASALI,0,sesotho
$T$ O FUMANOA A LE MOLATO OA HO BA LE MAHLAAHLELA,MONNA,-1,sesotho
MONNA O FUMANOA A LE MOLATO OA HO BA LE $T$,MAHLAAHLELA,-1,sesotho
$T$ O BEHOA KA PELE HO LEKHOTLA KA LEBAKA LA MOSESE,MOQHOBI,-1,sesotho
MOQHOBI O BEHOA KA PELE HO $T$ KA LEBAKA LA MOSESE,LEKHOTLA,0,sesotho
MOQHOBI O BEHOA KA PELE HO LEKHOTLA KA LEBAKA LA $T$,MOSESE,0,sesotho
$T$ SE BUA LE SECHABA,SEPOLESA,1,sesotho
SEPOLESA SE BUA LE $T$,SECHABA,1,sesotho
$T$ O AHLOLOA LILEMO TSE 12 NTLE LE HO ITEFELLA,MOHLORISI OA LIHOAI,-1,sesotho
$T$ LE BUA LE BANNA BA THABA,LEPOLESA,1,sesotho
LEPOLESA LE BUA LE $T$,BANNA BA THABA,1,sesotho
$T$ E ETSA LETSOHO LA MONNA KE MOKOLLA,KOMPONE EA INSURANCE,1,sesotho
$T$ TSE ILENG TSA FUMANOA LI SOLLA LI KHUTLELA NAHENG EA BOAHISANE,LIKHOMO,1,sesotho
LIKHOMO TSE ILENG TSA FUMANOA LI SOLLA LI KHUTLELA $T$,NAHENG EA BOAHISANE,0,sesotho
$T$ O BELAELLOA KA BOQHEKANYETSI BA JOALA BA M90 000,MOSHANYANA,-1,sesotho
MOSHANYANA O BELAELLOA KA BOQHEKANYETSI BA $T$ BA M90 000,JOALA,1,sesotho
$T$ SE PHAHLA LIBETSA TSE KOTSI MATSOHONG A SELE,SEPOLESA,1,sesotho
SEPOLESA SE PHAHLA $T$ TSE KOTSI MATSOHONG A SELE,LIBETSA,-1,sesotho
$T$ O FUMANOA A KHAOTSOE HLOOHO,MONNA,-1,sesotho
MONNA O FUMANOA A KHAOTSOE $T$,HLOOHO,0,sesotho
$T$ A MENGOA KE LEHAE LA LIKHUTSANA,MAPOLESA A BASALI,1,sesotho
MAPOLESA A BASALI A MENGOA KE $T$,LEHAE LA LIKHUTSANA,0,sesotho
$T$ BA ETELA LIKOLO,BASALI BA SEPOLESA LE MAKOSTABOLE,1,sesotho
BASALI BA SEPOLESA LE MAKOSTABOLE BA ETELA $T$,LIKOLO,0,sesotho
$T$ BA BEHA KHUTLO KETEKELO EA KHOELI EA MOSALI OA MOAFRIKA,BASALI,1,sesotho
BASALI BA BEHA KHUTLO $T$,KETEKELO EA KHOELI EA MOSALI OA MOAFRIKA,1,sesotho
$T$ BA BEHA MEJA FATŠE HO EA QALA BOPHELO BOCHA,BATHO,1,sesotho
BANNA BA AHLOLOA LIKHOELI TSE HLANO $T$,SAKALEHOLO,0,sesotho
$T$ BA AHLOLOA LIKHOELI TSE HLANO $T$,BANNA,-1,sesotho
$T$ E IPHETOLA LITHO TSA SEPOLESA,MEKHALAJOE,-1,sesotho
MEKHALAJOE E IPHETOLA $T$,LITHO TSA SEPOLESA,0,sesotho
$T$ E FA SEPOLESA KOLOI,MEKHATLO,1,sesotho
MEKHATLO E FA $T$ KOLOI,SEPOLESA,0,sesotho
MEKHATLO E FA SEPOLESA $T$,KOLOI,0,sesotho
$T$ SE KOALA KHOELI EA MOSALI OA MO-AFRIKA,SETEREKE,1,sesotho
SETEREKE SE KOALA $T$,KHOELI EA MOSALI OA MO-AFRIKA,0,sesotho
$T$ BA LIPOLAO TSE SOTO BA HLAHA KHOTLA,BABELAELLOA,-1,sesotho
BABELAELLOA BA LIPOLAO TSE SOTO BA HLAHA $T$,KHOTLA,0,sesotho
$T$ O TOBANE LE QOSO EA HO QHEKETSA,MOHLANKA,-1,sesotho
$T$ SE EPELA SECHABA PITSO,SEPOLESA,1,sesotho
SEPOLESA SE EPELA $T$ PITSO,SECHABA,0,sesotho
SEPOLESA SE EPELA SECHABA $T$,PITSO,1,sesotho
$T$ O FENETHOA LE PELE A PATA MOHATSA’E,MONNA,-1,sesotho
MONNA O FENETHOA LE PELE A PATA $T$,MOHATSA'E,0,sesotho
$T$ A KHOTHATSA MAPOLESA A BASALI,MAHOKELA,1,sesotho
MAHOKELA A KHOTHATSA $T$,MAPOLESA A BASALI,0,sesotho
$T$O LLELOA KE LITŠEPE KA POLAO,MOSHANYANA,-1,sesotho
$T$ O HLAHA KHOTLA KA HO HLEKEFETSA KA MOTABO,MONNA,-1,sesotho
MONNA O HLAHA $T$ KA HO HLEKEFETSA KA MOTABO,KHOTLA,0,sesotho
$T$ O FUMANOA KA HAR’A LETAMO LA MALI,MONNA,-1,sesotho
MONNA O FUMANOA KA HAR’A LETAMO LA $T$,MALI,-1,sesotho
$T$ O QOSOA KA POLAO LE BOSHOLU BA BOQHOBANE,MONNA,-1,sesotho
$T$ O FELLOA KE BOPHELO KA PELAELLO EA PETO,MONNA,-1,sesotho
$T$ O TLOTLA LITHO TSE PELI TSA SEPOLESA,MOKHATLO,1,sesotho
MOKHATLO O TLOTLA LITHO TSE PELI TSA $T$,SEPOLESA,1,sesotho
HO FUMANOA $T$,SETOPO SA MOSALI,-1,sesotho
$T$ E TŠOELA TLHEKEFETSO KA MATHE,KOMPONE EA MARANGRANG,1,sesotho
$T$ EA BAHOEBI BA BANYENYANE,MEMO,1,sesotho
MEMO EA $T$,BAHOEBI BA BANYENYANE,0,sesotho
$T$ O QOSETSOA HO IKETSA MOOKAMELI OA SEPOLESA,MONNA,-1,sesotho
MONNA O QOSETSOA HO IKETSA $T$,MOOKAMELI OA SEPOLESA,0,sesotho
$T$ O QOSOA KA POLAO LE HO CHESA 'M'AE,MONNA,-1,sesotho
MONNA O QOSOA KA POLAO LE HO CHESA $T$,'M'AE,-1,sesotho
$T$ BA AHLOLELOA HO SITISA MAPOLESA HO SEBETSA,BANNA,-1,sesotho
BANNA BA AHLOLELOA HO SITISA $T$ HO SEBETSA,MAPOLESA,-1,sesotho
$T$ O NKELOA CHELETE KA MASENE,MOKHATLO,-1,sesotho
MOKHATLO O NKELOA $T$ KA MASENE,CHELETE,0,sesotho
$T$ BA HAPA CHELETE E HAKANYETSOANG HO M80 000 KA BOQHEKANYETSI,BANNA,-1,sesotho
BANNA BA HAPA $T$ E HAKANYETSOANG HO M80 000 KA BOQHEKANYETSI,CHELETE,1,sesotho
BA QOSOA KA HO BULA $T$ KA THOKO HO MOLAO,SEKOLO,-1,sesotho
BA QOSOA KA HO BULA SEKOLO KA THOKO HO $T$,MOLAO,0,sesotho
$T$ A MO HLAHA LESUMATHA,MAFOKISI,1,sesotho
$T$ E NEHELANA KA MOAHO HO SEPOLESA,KOMPONE,1,sesotho
KOMPONE E NEHELANA KA $T$ HO SEPOLESA,MOAHO,0,sesotho
KOMPONE E NEHELANA KA MOAHO HO $T$,SEPOLESA,0,sesotho
$T$ HETLA MORAO MOO RE TSOANG TENG,RE,0,sesotho
$T$ O REKISETSA BATHO LITOKOMANE TSA MOKUNYATA,MONNA,-1,sesotho
MONNA O REKISETSA $T$ LITOKOMANE TSA MOKUNYATA,BATHO,0,sesotho
MONNA O REKISETSA BATHO $T$ TSA MOKUNYATA,LITOKOMANE,-1,sesotho
$T$ O MO BATA LE SA TŠELOENG KE NTA HO TSEKOA PAMPIRI EA KOAE,MONNA,-1,sesotho
MONNA O MO BATA LE SA TŠELOENG KE NTA HO TSEKOA $T$,PAMPIRI EA KOAE,0,sesotho
$T$ SE ETELA SECHABA,SEPOLESA,1,sesotho
SEPOLESA SE ETELA $T$,SECHABA,0,sesotho
$T$ BA QOSOA KA BOSHOLU BA THEPA EA BOLENG BA M265 000,BANNA,-1,sesotho
BANNA BA QOSOA KA BOSHOLU BA $T$ EA BOLENG BA M265 000,THEPA,1,sesotho
$T$ O AHLOLOA LILEMO TSE LESHOME KE LEKHOTLA,MONNA,-1,sesotho
MONNA O AHLOLOA LILEMO TSE LESHOME KE $T$,LEKHOTLA,0,sesotho
HA BA RE TLA BA THULANA LE $T$ MOTSENG,THIBELLA,-1,sesotho
$T$ O EMETSE NYEOE EA POLAO A LE KA TORONKONG,MONNA,-1,sesotho
MONNA O EMETSE $T$ EA POLAO A LE KA TORONKONG,NYEOE,-1,sesotho
MONNA O EMETSE NYEOE EA POLAO A LE KA $T$,TORONKONG,0,sesotho
RE HETLA MORAO RE KENA KA $T$,OFISING EA MOOKAMELI OA SEPOLESA,0,sesotho
$T$ HA O BUTSOE HO LATELA TAKATSO EA TŠOENE,MONOKOTŠOAI,-1,sesotho
MONOKOTŠOAI HA O BUTSOE HO LATELA $T$,TAKATSO EA TŠOENE,0,sesotho
$T$ SE KENA LIPAKENG,SEPOLESA,1,sesotho
$T$ LE MAHOKELA BA PHURA LESHOETLA,SEPOLESA,1,sesotho
SEPOLESA LE $T$ BA PHURA LESHOETLA,MAHOKELA,1,sesotho
$T$ SE HLAHLOBA MEHLAPE,SEPOLESA,1,sesotho
SEPOLESA SE HLAHLOBA $T$,MEHLAPE,0,sesotho
$T$ LE MAHOKELA BA ETSA MERALO,SEPOLESA,1,sesotho
SEPOLESA LE $T$ BA ETSA MERALO,MAHOKELA,1,sesotho
$T$ O FA SEPOLESA MOAHO,MOKHATLO,1,sesotho
MOKHATLO O FA $T$ MOAHO,SEPOLESA,0,sesotho
MOKHATLO O FA SEPOLESA $T$,MOAHO,0,sesotho
$T$ BA KENA-KENANA LE LEBITLA BA KHAOLA SETOPO HLOOHO,BANNA,-1,sesotho
BANNA BA KENA-KENANA LE $T$ BA KHAOLA SETOPO HLOOHO,LEBITLA,0,sesotho
BANNA BA KENA-KENANA LE LEBITLA BA KHAOLA $T$ HLOOHO,SETOPO,-1,sesotho
BANNA BA KENA-KENANA LE LEBITLA BA KHAOLA SETOPO $T$,HLOOHO,0,sesotho
$T$ O BOLAELOA SETHIBA-MATHE,MONNA,-1,sesotho
MONNA O BOLAELOA $T$,SETHIBA-MATHE,0,sesotho
$T$ BANA BA NTSE BA BATLOA KE SEPOLESA,BANNA,-1,sesotho
BANNA BANA BA NTSE BA BATLOA KE $T$,SEPOLESA,0,sesotho
$T$ SE FUMANA SETOPO SA MOHLOMPHEHI KA BUTING,SEPOLENG,-1,sesotho
SEPOLESA SE FUMANA $T$ SA MOHLOMPHEHI KA BUTING,SETOPO,-1,sesotho
SEPOLESA SE FUMANA SETOPO SA MOHLOMPHEHI KA $T$,BUTING,0,sesotho
$T$ O TSOA KA NTŠOE LI SA FOHLOA MOTSENG,MONNA,-1,sesotho
MONNA O TSOA KA NTŠOE LI SA FOHLOA $T$,MOTSENG,0,sesotho
$T$ O NYAMETSE,POLICE CONSTABLE,-1,sesotho
$T$ A PHUTHOA KE SEPOLESA,MASAPO A MONNA,-1,sesotho
MASAPO A MONNA A PHUTHOA KE $T$,SEPOLESA,0,sesotho
RE TLA SEBELETSA $T$ KA BOITELO KA LINAKO TSOHLE,SECHABA,0,sesotho
$T$ TLA SEBELETSA SECHABA KA BOITELO KA LINAKO TSOHLE,RE,1,sesotho
$T$ SE ETELOA KE SEPOLESA,SECHABA,1,sesotho
SECHABA SE ETELOA KE $T$,SEPOLESA,0,sesotho
$T$ BA LLELOA KE LITŠEPE,BANNA,-1,sesotho
$T$ LI HLATSISOA RAPOLASI,LIKHOMO,1,sesotho
LIKHOMO LI HLATSISOA $T$,RAPOLASI,-1,sesotho
MONNA O QOSOA KA HO KENA KA HARA $T$ KA KHOROANA TSA MATSA,NAHA,0,sesotho
$T$ O QOSOA KA HO KENA KA HARA NAHA KA KHOROANA TSA MATSA,MONNA,-1,sesotho
HO CHA $T$ HO SALA MOLORA,KHONG,-1,sesotho
HO CHA KHONG HO SALA $T$,MOLORA,0,sesotho
$T$ O PHUTHOA KE SEPOLESA E SE E LE MOFU,MOTHO,-1,sesotho
MOTHO O PHUTHOA KE $T$ E SE E LE MOFU,SEPOLESA,0,sesotho
MOTHO O PHUTHOA KE SEPOLESA E SE E LE $T$,MOFU,-1,sesotho
$T$ BA FUMANOA BA BAPALA PAPALI E SENG MOLAONG,BANNA,-1,sesotho
BANNA BA FUMANOA BA BAPALA $T$ E SENG MOLAONG,PAPALI,-1,sesotho
$T$ BA FUOA THUPELO KA KOTSI E KA BAKOANG KE MOLLO,BANA,1,sesotho
BANA BA FUOA $T$ KA KOTSI E KA BAKOANG KE MOLLO,THUPELO,1,sesotho
BANA BA FUOA THUPELO KA KOTSI E KA BAKOANG KE $T$,MOLLO,-1,sesotho
$T$ O ILE 'MOKENG OA TSEBELISANO EA SEPOLESA HLOAHLOENG EA AFRIKA,MOOKAMELI OA SEPOLESA,1,sesotho
MOOKAMELI OA SEPOLESA O ILE $T$ OA TSEBELISANO EA SEPOLESA HLOAHLOENG EA AFRIKA,'MOKENG,1,sesotho
MOOKAMELI OA SEPOLESA O ILE 'MOKENG OA TSEBELISANO EA SEPOLESA HLOAHLOENG EA $T$,AFRIKA,0,sesotho
$T$ BA PHURA LESHOETLA,BASALI,1,sesotho
$T$ TSA NKHONO LI FUMANOA NAHENG E 'NGOE,LIKHOMO,1,sesotho
LIKHOMO TSA NKHONO LI FUMANOA $T$ E 'NGOE,NAHENG,0,sesotho
$T$ O HLAHA KHOTLA KA TLHEKEFETSO KA MOTABO,MONNA,-1,sesotho
MONNA O HLAHA $T$ KA TLHEKEFETSO KA MOTABO,KHOTLA,0,sesotho
MONNA O HLAHA KHOTLA KA $T$ KA MOTABO,TLHEKEFETSO,-1,sesotho
$T$ LA HO HLOEKISA NAHA LE TSOELA PELE,LETŠOLO,1,sesotho
LETŠOLO LA HO HLOEKISA $T$ LE TSOELA PELE,NAHA,-1,sesotho
$T$ O QOSOA KA HO QHEKETSA LE HO  INKELA MOO A SA BEHANG,MONNA,-1,sesotho
$T$ E CHOPHOHILE KA MATSOHONG,TAEMANE,-1,sesotho
TAEMANE E CHOPHOHILE KA $T$,MATSOHONG,0,sesotho
$T$ O FENETHA MOTHO,MONNA,-1,sesotho
MONNA O FENETHA $T$,MOTHO,0,sesotho
$T$ LE BA LIKELLA TSELENG,LETSATSI,-1,sesotho
$T$ A MABAPI LE BOQHEKANYETSI HO MARANG-RANG,PHATLALATSO EA SEPOLESA,0,sesotho
$T$ BO MO ROMELLA CHANKANENG LILEMO TSE 15,BOEA,-1,sesotho
BOEA BO MO ROMELLA $T$ LILEMO TSE 15,CHANKANENG,0,sesotho
$T$ O QOSOA KA BOSHOLU BA THEPA EA MARANG-RANG,MONNA,-1,sesotho
MONNA O QOSOA KA BOSHOLU BA $T$,THEPA EA MARANG-RANG,0,sesotho
$T$ O QOSOA KA KOLOI E SE NANG LINOMORO,MONNA,-1,sesotho
MONNA O QOSOA KA $T$ E SE NANG LINOMORO,KOLOI,-1,sesotho
MONNA O QOSOA KA KOLOI E SE NANG $T$,LINOMORO,0,sesotho
$T$ BA TŠOELISA LESHOLU LIKHOMO,BALISANA,1,sesotho
BALISANA BA TŠOELISA $T$ LIKHOMO,LESHOLU,-1,sesotho
BALISANA BA TŠOELISA LESHOLU $T$,LIKHOMO,0,sesotho
$T$ O INEHELA SEPOLESENG KA MORA HO HLABA MOTHO KA THIPA,MONNA,-1,sesotho
MONNA O INEHELA $T$ KA MORA HO HLABA MOTHO KA THIPA,SEPOLESENG,0,sesotho
MONNA O INEHELA SEPOLESENG KA MORA HO HLABA $T$ KA THIPA,MOTHO,-1,sesotho
MONNA O INEHELA SEPOLESENG KA MORA HO HLABA MOTHO KA $T$,THIPA,0,sesotho
$T$ BA QOSOA KA HO REKISETSA BAREKI LIJO TSE FELLETSOENG KE NAKO,BAHOEBI,-1,sesotho
BAHOEBI BA QOSOA KA HO REKISETSA $T$ LIJO TSE FELLETSOENG KE NAKO,BAREKI,0,sesotho
BAHOEBI BA QOSOA KA HO REKISETSA BAREKI $T$ TSE FELLETSOENG KE NAKO,LIJO,-1,sesotho
$T$ O KHAMA OA HAE OA LITJEPA,MONNA,-1,sesotho
MONNA O KHAMA $T$,OA HAE OA LITJEPA,0,sesotho
FANA KA $T$ KHAFETSA O PHOLOSE BOPHELO,MALI,1,sesotho
$T$ O QOSOA KA POLAO EA MOPARAMENTE,MONNA,-1,sesotho
MONNA O QOSOA KA POLAO EA $T$,MOPARAMENTE,0,sesotho
TSEBA KA $T$,LEFAPHA LA TAOLO EA LITAEMANE LE LITHETHEFATSI,0,sesotho
$T$ OA MOFU O MATJALENG,MELAELLOA,-1,sesotho
MELAELLOA OA $T$ O MATJALENG,MOFU,-1,sesotho
$T$  BA SALA MONYENYETSI MORAO,BA 'MUSO,1,sesotho
$T$ SE ETELOA KE SEPOLESA,SECHABA,1,sesotho
SECHABA SE ETELOA KE $T$,SEPOLESA,0,sesotho
$T$ BA FANA KA KOLOI SEPOLESENG,BAFANI,1,sesotho
BAFANI BA FANA KA $T$ SEPOLESENG,KOLOI,0,sesotho
BAFANI BA FANA KA KOLOI $T$,SEPOLESENG,0,sesotho
$T$ LE BA KENYA MEREBELE,LEPOLESA,1,sesotho
$T$ LE BA BOLAISA SEPHALI,LEKHOTLA,1,sesotho
LEKHOTLA LE BA BOLAISA $T$,SEPHALI,0,sesotho
$T$ O NYEKENYA NGOANA KA THIPA MAKHETLO A 'MALOA,MONNA,-1,sesotho
MONNA O NYEKENYA $T$ KA THIPA MAKHETLO A 'MALOA,NGOANA,-1,sesotho
MONNA O NYEKENYA NGOANA KA $T$ MAKHETLO A 'MALOA,THIPA,0,sesotho
$T$ O  TJAMETSOE KE NYEOE EA HO HLEKEFETSA MOSHANYANA KA MOTABO,'MELAELLOA,-1,sesotho
'MELAELLOA O  TJAMETSOE KE $T$ EA HO HLEKEFETSA MOSHANYANA KA MOTABO,NYEOE,-1,sesotho
'MELAELLOA O  TJAMETSOE KE NYEOE EA HO HLEKEFETSA $T$ KA MOTABO,MOSHANYANA,-1,sesotho
$T$ O QOSOA KA BOSHOLU BA THEPA EA MOO A SEBETSANG,'MELAELLOA,-1,sesotho
'MELAELLOA O QOSOA KA BOSHOLU BA $T$ EA MOO A SEBETSANG,THEPA,0,sesotho
$T$ O LLELOA KE LITŠEPE KA NYELISO EA LEKHOTLA,MONNA,-1,sesotho
MONNA O LLELOA KE LITŠEPE KA NYELISO EA $T$,LEKHOTLA,-1,sesotho
$T$ BA KENA KA MARULELO JOALOKA LITALI,BANNA,-1,sesotho
BANNA BA KENA KA $T$ JOALOKA LITALI,MARULELO,0,sesotho
BANNA BA KENA KA MARULELO JOALOKA $T$,LITALI,-1,sesotho
$T$ O IKETSA LESOLE 'MOTOANA HO MARANG-RANG,MONNA,-1,sesotho
MONNA O IKETSA $T$ HO MARANG-RANG,LESOLE 'MOTOANA,-1,sesotho
$T$ SE PHOLOSA LIKHOMO TSE THARO,SEPOLESA,1,sesotho
SEPOLESA SE PHOLOSA $T$ TSE THARO,LIKHOMO,0,sesotho
$T$ O APOLA NGOANANA LIKOBO KA SHESHE,MONNA,-1,sesotho
MONNA O APOLA $T$ LIKOBO KA SHESHE,NGOANANA,0,sesotho
MONNA O APOLA NGOANANA $T$ KA SHESHE,LIKOBO,0,sesotho
$T$ SE AHLOLOA M5 000 KA HO RUA SETHUNYA,SEBINI,-1,sesotho
SEBINI SE AHLOLOA M5 000 KA HO RUA $T$,SETHUNYA,0,sesotho
BA KETEKA $T$,LETSATSI LA MACHABA LA BOKOOA BA PONO,1,sesotho
$T$ O MATJALENG KA HO HENAHENA NGOANA,MONNA,-1,sesotho
MONNA O MATJALENG KA HO HENAHENA $T$,NGOANA,0,sesotho
$T$ O  HLAHA KHOTLA HAPE KA BOSHOLU BA THEPA EA 'MUSO,MONNA,-1,sesotho
MONNA O  HLAHA $T$ HAPE KA BOSHOLU BA THEPA EA 'MUSO,KHOTLA,0,sesotho
MONNA O  HLAHA KHOTLA HAPE KA BOSHOLU BA $T$,THEPA EA 'MUSO,0,sesotho
$T$ O BOLOKA BAFU BA SA TSEJOENG,'MUSO,1,sesotho
'MUSO O BOLOKA $T$ BA SA TSEJOENG,BAFU,-1,sesotho
$T$ O KETEKA LE SEPOLESA LE LEKALA,MOKHATLO OA LEFATŠE OA BOPHELO,1,sesotho
MOKHATLO OA LEFATŠE OA BOPHELO O KETEKA LE $T$LE LEKALA,SEPOLESA,1,sesotho
MOKHATLO OA LEFATŠE OA BOPHELO O KETEKA LE SEPOLESA LE $T$,LEKALA,1,sesotho
$T$,PITSO EA SECHABA,0,sesotho
$T$ BANA BA BATLOA KE SEPOLESA,BANNA,-1,sesotho
BANNA BANA BA BATLOA KE $T$,SEPOLESA,0,sesotho
$T$ BA IPHETOLA TŠUPA THEPENG EA SECHABA,BANNA,-1,sesotho
BANNA BA IPHETOLA TŠUPA $T$,THEPENG EA SECHABA,0,sesotho
LILEMO LI LESHOME $T$ KA HO UTSOETSA KEREKE,CHANKANENG,0,sesotho
LILEMO LI LESHOME CHANKANENG KA HO UTSOETSA $T$,KEREKE,-1,sesotho
$T$ O LITLAMONG KA HO HLEKEFETSA BANA,MOLEBELI,-1,sesotho
MOLEBELI O LITLAMONG KA HO HLEKEFETSA $T$,BANA,-1,sesotho
$T$ O  KENA NTLOANA-TŠOANA KA HO HLEKEFETSA MOSALI OA HAE,MONNA,-1,sesotho
MONNA O  KENA $T$ KA HO HLEKEFETSA MOSALI OA HAE,NTLOANA-TŠOANA,0,sesotho
MONNA O  KENA NTLOANA-TŠOANA KA HO HLEKEFETSA $T$ OA HAE,MOSALI,-1,sesotho
$T$ SE KENYA LETSOHO NTLAFATSONG EA SEPOLESA,SEKOLO SE SEHOLO,1,sesotho
SEKOLO SE SEHOLO SE KENYA LETSOHO NTLAFATSONG EA $T$,SEPOLESA,1,sesotho
$T$ O ABELA SEPOLESA MAKOLOI,'MUSO,1,sesotho
'MUSO O ABELA $T$ MAKOLOI,SEPOLESA,0,sesotho
'MUSO O ABELA SEPOLESA $T$,MAKOLOI,0,sesotho
$T$ BA HLAHA KHOTLA KA TLHEKEFETSO EA MOTABO,BANNA,-1,sesotho
BANNA BA HLAHA $T$ KA TLHEKEFETSO EA MOTABO,KHOTLA,0,sesotho
BANNA BA HLAHA KHOTLA KA $T$ EA MOTABO,TLHEKEFETSO,-1,sesotho
$T$ SE PHURA LESHOETLA KA THIBELO EA LITLOLO TSA MOLAO,SEPOLESA,1,sesotho
SEPOLESA SE PHURA LESHOETLA KA THIBELO EA $T$,LITLOLO TSA MOLAO,-1,sesotho
$T$ E OTLOLLOA E SA LE METSI,THUPA,1,sesotho
TSEBA KA $T$,LEKALA,0,sesotho
$T$ O NTSE A BATLOA,MONNA,-1,sesotho
$T$ O KENYA METSI KA MOELI,MOSALI,-1,sesotho
$T$ BA FUMANOA BA HOEBA KA LITHETHEFATSI KA THOKO HO MOLAO,BABELAELLOA,-1,sesotho
BABELAELLOA BA FUMANOA BA HOEBA KA $T$ KA THOKO HO MOLAO,LITHETHEFATSI,-1,sesotho
BABELAELLOA BA FUMANOA BA HOEBA KA LITHETHEFATSI KA THOKO HO $T$,MOLAO,0,sesotho
$T$ O FUMANOA KA SETHUNYA SE SE NANG MANGOLO,MONNA,-1,sesotho
MONNA O FUMANOA KA $T$ SE SE NANG MANGOLO,SETHUNYA,-1,sesotho
$T$ KE EA MALULA-'MOHO,NTOA,1,sesotho
$T$ SE PHOLOSA LIPHOOFOLO TSA BOSHOLU,SEPOLESA,1,sesotho
SEPOLESA SE PHOLOSA $T$,LIPHOOFOLO TSA BOSHOLU,-1,sesotho
$T$ A THEPA A AHLOLOA LILEMO TSE MASHOME A MARARO,MASHOLU,1,sesotho
BA QOSOA KA BOSHOLU BA $T$,THEPA EA KHOEBO,-1,sesotho
$T$ SE POTOLOHA LE LIKOLO HO BUOA LE BANA,SEPOLESA,1,sesotho
SEPOLESA SE POTOLOHA LE $T$ HO BUOA LE BANA,LIKOLO,0,sesotho
SEPOLESA SE POTOLOHA LE LIKOLO HO BUOA LE $T$,BANA,0,sesotho
$T$ LI EPA PITSO MOTSENG,LITSI TSA TŠIRELETSO,0,sesotho
LITSI TSA TŠIRELETSO LI EPA $T$ MOTSENG,PITSO,0,sesotho
LITSI TSA TŠIRELETSO LI EPA PITSO $T$,MOTSENG,0,sesotho
$T$ LE LAELA HORE MONNA EA NANG LE BOFOFU A LOKOLLELOE SETHUNYA,LEKHOTLA,1,sesotho
LEKHOTLA LE LAELA HORE $T$ EA NANG LE BOFOFU A LOKOLLELOE SETHUNYA,MONNA,0,sesotho
LEKHOTLA LE LAELA HORE MONNA EA NANG LE BOFOFU A LOKOLLELOE $T$,SETHUNYA,0,sesotho
HLATHE E LELEKISA TSEBE HO $T$,MOOKAMELI OA SEPOLESA,1,sesotho
O EKOA KE $T$ KA LEBAKA LA LIKOBO,NGOAN’ABO,-1,sesotho
O EKOA KE $T$ KA LEBAKA LA $T$,LIKOBO,0,sesotho
O EMETSE $T$ EA POLAO KA LEBAKA LA BB,NYEOE,-1,sesotho
O EMETSE NYEOE EA POLAO KA LEBAKA LA $T$,BB,0,sesotho
$T$ LE HAPA M4 180 EA BAKHOSHELI,LEKHOTLA,1,sesotho
LEKHOTLA LE HAPA M4 180 EA $T$,BAKHOSHELI,-1,sesotho
$T$ O PHOLOSA 'M'AE LITLENENG TSA TAU,NGOANA,1,sesotho
NGOANA O PHOLOSA $T$ LITLENENG TSA TAU,'M'AE,0,sesotho
$T$ O PHOLOSA 'M'AE $T$ TSA TAU,LITLENENG,-1,sesotho
$T$ O JEOA KE NTA TSA KOBO EA HAE,MONNA,-1,sesotho
$T$ LE SEBETSANANG LE BOBOLU BA LATA LI-MILLION NAHENG EA BOAHISANE,LEKALA,1,sesotho
LEKALA LE SEBETSANANG LE BOBOLU BA LATA LI-MILLION $T$,NAHENG EA BOAHISANE,0,sesotho
$T$ MABAPI LE HO KHAFELOA HOA LITHUNYA,PHATLALATSO EA SEPOLESA,0,sesotho
PHATLALATSO EA SEPOLESA MABAPI LE HO KHAFELOA HOA $T$,LITHUNYA,0,sesotho
$T$ BA HLAHA KHOTLA KA POLAO EA MOLISANA,BANNA,-1,sesotho
BANNA BA HLAHA $T$ KA POLAO EA MOLISANA,KHOTLA,0,sesotho
BANNA BA HLAHA KHOTLA KA POLAO EA $T$,MOLISANA,-1,sesotho
$T$ TSA SEPOLESA,lITEBOHO,1,sesotho
$T$ O HLEKEFETSOA KA MOTABO,MOSALI,-1,sesotho
O LAHLEHELOA KE BOPHELO KA LEBAKA LA $T$,METSI,-1,sesotho
$T$ O QOSOA KA POLAO EA MOTHO,MONNA,-1,sesotho
MONNA O QOSOA KA POLAO EA $T$,MOTHO,-1,sesotho
$T$ BA POLAO EA MONNA BA HLAHA KHOTLA,BABELAELLOA,-1,sesotho
BABELAELLOA BA POLAO EA $T$ BA HLAHA KHOTLA,MONNA,-1,sesotho
BABELAELLOA BA POLAO EA MONNA BA HLAHA $T$,KHOTLA,0,sesotho
$T$ LE HLAHA KHOTLA KA PELAELLO EA POLAO,LEPOLESA,-1,sesotho
LEPOLESA LE HLAHA $T$ KA PELAELLO EA POLAO,KHOTLA,0,sesotho
$T$ O HLAHA KA PEL'A LEKHOTLA KA POLAO,MONNA,-1,sesotho
MONNA O HLAHA KA PEL'A $T$ KA POLAO,LEKHOTLA,0,sesotho
$T$ SE QHAUTSA SESINYI SA KOMPONE EA MARANGRANG,SEPOLESA,1,sesotho
SEPOLESA SE QHAUTSA $T$ SA KOMPONE EA MARANGRANG,SESINYI,-1,sesotho
SEPOLESA SE QHAUTSA SESINYI SA $T$,KOMPONE EA MARANGRANG,0,sesotho
$T$ O BATLOA KAHO QHEKETSA LE BOSHOLU,MONNA,-1,sesotho
$T$ SE PHUTHA LITOPO,SEPOLESA,1,sesotho
SEPOLESA SE PHUTHA $T$,LITOPO,-1,sesotho
$T$ BA TŠOAROA KA BOSHOLU BA LIPHOOFOLO,BABELAELLOA,-1,sesotho
BABELAELLOA BA TŠOAROA KA BOSHOLU BA $T$,LIPHOOFOLO,0,sesotho
$T$ E MONYANE O ETELA MAPOLESA,MOHLOLI,1,sesotho
MOHLOLI E MONYANE O ETELA $T$,MAPOLESA,0,sesotho
$T$ O THUNYETSA MOSALI OA HAE LEFU,MONNA,-1,sesotho
MONNA O THUNYETSA $T$ LEFU,MOSALI OA HAE,-1,sesotho
$T$ BA QHAUTSOA KA MOR'A HO TIMETSA LEPOLESA,BABELAELLOA,-1,sesotho
BABELAELLOA BA QHAUTSOA KA MOR'A HO TIMETSA $T$,LEPOLESA,-1,sesotho
$T$ BA TŠOELISA MASHOLU LIPHOOFOLO,BA TŠIRELETSO,1,sesotho
BA TŠIRELETSO BA TŠOELISA $T$ LIPHOOFOLO,MASHOLU,-1,sesotho
BA TŠIRELETSO BA TŠOELISA MASHOLU $T$,LIPHOOFOLO,0,sesotho
$T$ EA SEPOLESA KA LEFAPHA LA BATHO BA NANG LE BOKOOA,THUPELO,1,sesotho
THUPELO EA SEPOLESA KA $T$ LA BATHO BA NANG LE BOKOOA,LEFAPHA,0,sesotho
$T$ SE BUA LE BANA BA SEKOLO,SEPOLESA,1,sesotho
SEPOLESA SE BUA LE $T$,BANA BA SEKOLO,1,sesotho
$T$ O PATA TLHAHO EA LESEA,MOSALI,-1,sesotho
MOSALI O PATA $T$,TLHAHO EA LESEA,0,sesotho
$T$ LE FUMANA BABELAELLOA BA LE MOLATO,LEKHOTLA,-1,sesotho
LEKHOTLA LE FUMANA $T$ BA LE MOLATO,BABELAELLOA,-1,sesotho
QHAQHANG-QHANG $T$,NTLONG EA THITELO,-1,sesotho
$T$ SE MO HLOMPHISA MOLAO,SEPOLESA,1,sesotho
SEPOLESA SE MO HLOMPHISA $T$,MOLAO,0,sesotho
$T$ O LITLAMONG KA PELAELLO EA HO HLEKEFETSA KA MOTABO,MONNA,-1,sesotho
MONNA O $T$ KA PELAELLO EA HO HLEKEFETSA KA MOTABO,LITLAMONG,0,sesotho
$T$ SE TŠIRELETSA BOPHELO LE THEPA,SEPOLESA,1,sesotho
SEPOLESA SE TŠIRELETSA BOPHELO LE $T$,THEPA,0,sesotho
SEPOLESA SE TŠIRELETSA $T$ LE THEPA,BOPHELO,0,sesotho
TSEBA KA $T$,SEKOLO SA KOETLISO,0,sesotho
$T$ BA TŠOENYEHILE KE BANANA BA KENENG KA MATLA TAING,BATSOALI,-1,sesotho
BATSOALI BA TŠOENYEHILE KE $T$ BA KENENG KA MATLA TAING,BANANA,-1,sesotho
BATSOALI BA TŠOENYEHILE KE BANANA BA KENENG KA MATLA $T$,TAING,0,sesotho
$T$ BA AHLOLOA LILEMO TSE MASHOME A MARARO,BABELAELLOA,-1,sesotho
$T$ O QOSOA KA HO NTŠA MOTHO LIKOTSI,MONNA,-1,sesotho
MONNA O QOSOA KA HO NTŠA $T$ LIKOTSI,MOTHO,-1,sesotho
$T$ O LLELOA KE LITŠEPE,MOHLEKEFETSI OA NGOANA,1,sesotho
BA FUMANOA BA LE MOLATO KA HO REKISA $T$,MAHLAHLELA A LITHUNYA,-1,sesotho
$T$ BA MATJALENG KA HO TSEKA LENTSOE MONNA,BANNA,-1,sesotho
$T$ SE MO KHAKHATHELA LEFU,SECHABA,-1,sesotho
$T$ O QOSOA KA PETO EA NGOANANA,MONNA,-1,sesotho
MONNA O QOSOA KA PETO EA $T$,NGOANANA,-1,sesotho
$T$ SE KENYA BABELAELLOA MEREBELE,SECHABA,1,sesotho
SECHABA SE KENYA $T$ MEREBELE,BABELAELLOA,-1,sesotho
$T$ O LLELOA KE LITŠEPE KA POLAO EA MOHOLOANE OA HAE,MONNA,-1,sesotho
MONNA O LLELOA KE LITŠEPE KA POLAO EA $T$,MOHOLOANE OA HAE,-1,sesotho
$T$ KE MOLOI,LEOTO,-1,sesotho
$T$ A SHATELA MAPOLESA,MASHOLU,-1,sesotho
MASHOLU A SHATELA $T$,MAPOLESA,0,sesotho
$T$ O AHLOLOA LILEMO TSE PELI,NGOANANA,-1,sesotho
$T$ O THEOHELA KA BANNENG KA LEBAKA LA TEROLI,MONNA,-1,sesotho
MONNA O THEOHELA KA $T$ KA LEBAKA LA TEROLI,BANNENG,0,sesotho
MONNA O THEOHELA KA BANNENG KA LEBAKA LA $T$,TEROLI,0,sesotho
$T$ O NTSE A PANYAPANYA KA SETSING KA HO IKETSA POHO EA KHOTHU,MONNA,-1,sesotho
MONNA O NTSE A PANYAPANYA KA $T$ KA HO IKETSA POHO EA KHOTHU,SETSING,0,sesotho
MONNA O NTSE A PANYAPANYA KA SETSING KA HO IKETSA $T$,POHO EA KHOTHU,-1,sesotho
$T$ O QHAUTSOA KA BOQHEKANYETSI,MONNA,-1,sesotho
$T$ O LAHLOA KE SEPOKO,MONNA,-1,sesotho
MONNA O LAHLOA KE $T$,SEPOKO,-1,sesotho
HO TŠEPA $T$ KE HO POKOTHA NOHA,MOTHO,-1,sesotho
HO TŠEPA MOTHO KE HO POKOTHA $T$,NOHA,-1,sesotho
$T$ O ABELA LITEREKE LIKOLOI TSE NCHA,MOOKAMELI,1,sesotho
MOOKAMELI O ABELA $T$ LIKOLOI TSE NCHA,LITEREKE,0,sesotho
MOOKAMELI O ABELA LITEREKE $T$ TSE NCHA,LIKOLOI,1,sesotho
$T$ BA TŠOAROA KA BOSHOLU BA BOQHOBANE,BANNA,-1,sesotho
$T$ O QOSOA KA PETO EA MORALI OA HAE,MONNA,-1,sesotho
MONNA O QOSOA KA PETO EA $T$,MORALI OA HAE,-1,sesotho
$T$ BA TŠOARELOA THUPELO,BAHOEBI,0,sesotho
BAHOEBI BA TŠOARELOA $T$,THUPELO,1,sesotho
$T$ O QOSOA KA BOSHOLU BA LIPHOOFOLO,MONNA,-1,sesotho
MONNA O QOSOA KA BOSHOLU BA $T$,LIPHOOFOLO,-1,sesotho
$T$ SE HLAHLELLA BANA,SEPOLESA,1,sesotho
SEPOLESA SE HLAHLELLA $T$,BANA,0,sesotho
$T$ LI FUMANOA KA MORUNG,LIKHOMO,1,sesotho
LIKHOMO LI FUMANOA KA $T$,MORUNG,0,sesotho
$T$ BA HLAHELLA HAPE KA PEL'A LEKHOTLA KA BOSHOLU BA THEPA,BABELAELLOA,-1,sesotho
BABELAELLOA BA HLAHELLA HAPE KA PEL'A $T$ KA BOSHOLU BA THEPA,LEKHOTLA,0,sesotho
BABELAELLOA BA HLAHELLA HAPE KA PEL'A LEKHOTLA KA BOSHOLU BA $T$,THEPA,-1,sesotho
$T$ LE MOKHATLO LI KETEKA LETSATSI LA MONNA,SEPOLESA,1,sesotho
SEPOLESA LE $T$ LI KETEKA LETSATSI LA MONNA,MOKHATLO,1,sesotho
SEPOLESA LE MOKHATLO LI KETEKA $T$,LETSATSI LA MONNA,1,sesotho
$T$ SE FANA KA MALI,SEPOLESA,1,sesotho
SEPOLESA SE FANA KA $T$,MALI,0,sesotho
$T$ O QOSOA KA HO NTŠA MAKUNUTU A 'MUSO,MOSALI,-1,sesotho
MOSALI O QOSOA KA HO NTŠA MAKUNUTU A $T$,'MUSO,0,sesotho
$T$ SE PHUTHA LITOPO,SEPOLESA,1,sesotho
SEPOLESA SE PHUTHA $T$,LITOPO,-1,sesotho
$T$ E FUMANOENG EA MALAHLEHA,THOTO,1,sesotho
$T$ SE TŠOARA THAPELO NAHA EOHLE,SEPOLESA,1,sesotho
SEPOLESA SE TŠOARA $T$ NAHA EOHLE,THAPELO,1,sesotho
SEPOLESA SE TŠOARA THAPELO $T$ EOHLE,NAHA,0,sesotho
$T$ O FUMANA LESAKA LE OMME,MONNA,0,sesotho
MONNA O FUMANA $T$ LE OMME,LESAKA,-1,sesotho
$T$ BA PHURA LESHOETLA LE SECHABA,BASALI BA SEPOLESA,1,sesotho
BASALI BA SEPOLESA BA PHURA LESHOETLA LE $T$,SECHABA,1,sesotho
$T$ O KHAKHATHELA MOROETSANA HO HANA HO BUA LE EENA KA TSA LEFEREHO,MONNA,-1,sesotho
MONNA O KHAKHATHELA $T$ HO HANA HO BUA LE EENA KA TSA LEFEREHO,MOROETSANA,0,sesotho
$T$ SE TSOELA PELE KA HO ETELA LIKOLO,SEPOLESA,1,sesotho
SEPOLESA SE TSOELA PELE KA HO ETELA $T$,LIKOLO,0,sesotho
$T$ SE HAPA LIBETSA TSE KOTSI,SEPOLESA,1,sesotho
SEPOLESA SE HAPA $T$ TSE KOTSI,LIBETSA,-1,sesotho
$T$ EA IPHETOTSENG LETSA O THEOHELA KA SETSING,MONNA,-1,sesotho
MONNA EA IPHETOTSENG LETSA O THEOHELA KA $T$,SETSING,1,sesotho
MASUPA-TSELA A FUOA $T$,THUPELO,1,sesotho
$T$ A FUOA THUPELO,MASUPA-TSELA,0,sesotho
$T$ LI ETELOA KE SEPOLESA,LIKEREKE,0,sesotho
LIKEREKE LI ETELOA KE $T$,SEPOLESA,1,sesotho
$T$ SE LATA LIKHOMO TSA SECHABA,SEPOLESA,1,sesotho
SEPOLESA SE LATA $T$ TSA SECHABA,LIKHOMO,0,sesotho
$T$ BA ITOMA MALEME HA SEPOLESA SE BATLA TLHALOSO,BABELAELLOA,-1,sesotho
BABELAELLOA BA ITOMA MALEME HA $T$ SE BATLA TLHALOSO,SEPOLESA,0,sesotho
$T$ BA ANYA E LETSOELE LE MOHASULA,BANA SA SEKOLO,1,sesotho
$T$ O FELLOA KE BOPHELO KA HO TSEKA BAETI,MOTHO,-1,sesotho
MOTHO O FELLOA KE BOPHELO KA HO TSEKA $T$,BAETI,0,sesotho
$T$ O EA LIJONG TSA MOTŠEARE E LE SERGEANT,MONNA,1,sesotho
MONNA O EA LIJONG TSA MOTŠEARE E LE $T$,SERGENT,1,sesotho
$T$ BA MO HLABELA LEFU,BANNA,-1,sesotho
KETEKELO EA $T$,LETSATSI LA MACHABA LA BATHO BA NANG LE BOKOOA,1,sesotho
$T$ SE HLAHLELLA BACHA KA MEKHAHLELO EA BONA,SEPOLESA,1,sesotho
SEPOLESA SE HLAHLELLA $T$ KA MEKHAHLELO EA BONA,BACHA,0,sesotho
$T$ SE TLOTLA BALAOLA SEPHETHE-PHETHE,SEKOLO,1,sesotho
SEKOLO SE TLOTLA $T$,BALAOLA SEPHETHE-PHETHE,1,sesotho
$T$ O KENA MATJALENG KA HO IKHAPELA THEPA EA MARANG-RANG,MONNA,-1,sesotho
MONNA O KENA MATJALENG KA HO IKHAPELA $T$,THEPA EA MARANG-RANG,0,sesotho
$T$ O NKELA KHOEBO THEPA KA MASENE A PHOKOJOE,MONNA,-1,sesotho
MONNA O NKELA $T$ THEPA KA MASENE A PHOKOJOE,KHOEBO,0,sesotho
MONNA O NKELA KHOEBO $T$ KA MASENE A PHOKOJOE,THEPA,0,sesotho
$T$ SE MEMA BANA HO BUA LE BONA,SEPOLESA,1,sesotho
SEPOLESA SE MEMA $T$ HO BUA LE BONA,BANA,1,sesotho
$T$ LE MO FUMANE A LE MOLATO,LEKHOTLA,1,sesotho
$T$ BA ETELOA KE SEPOLESA,BACHA,1,sesotho
BACHA BA ETELOA KE $T$,SEPOLESA,0,sesotho
$T$ BA QOBISOA LITLOLO TSA MOLAO,BACHA,1,sesotho
BACHA BA QOBISOA $T$,LITLOLO TSA MOLAO,-1,sesotho
$T$ E MEMELA MOOKAMELI OA SEPOLESA SEHLABELONG SE HALALELANG SA 'MISA,KEREKE,1,sesotho
KEREKE E MEMELA $T$ SEHLABELONG SE HALALELANG SA 'MISA,MOOKAMELI OA SEPOLESA,0,sesotho
KEREKE E MEMELA MOOKAMELI OA SEPOLESA SEHLABELONG SE HALALELANG SA $T$,'MISA,0,sesotho
$T$ LI FUMANOA POLASING,LIKHOMO,1,sesotho
LIKHOMO LI FUMANOA $T$,POLASING,0,sesotho
$T$ SE THAKHOLA MOKHATLO,SEPOLESA,1,sesotho
SEPOLESA SE THAKHOLA $T$,MOKHATLO,0,sesotho
$T$ BA KENA NTLOANA-TŠOANA KA BOSHOLU BA BOQHOBANE,BANNA,-1,sesotho
BANNA BA KENA $T$ KA BOSHOLU BA BOQHOBANE,NTLOANA-TŠOANA,0,sesotho
$T$ O LOKOLLOA KA BEILE EA M2 000,MONNA,-1,sesotho
$T$ SE TŠOARELOA TLHOLISANO MABAPI LE LITOKELO TSA MANTLHA LE BOTHO,SEPOLESA,1,sesotho
SEPOLESA SE TŠOARELOA $T$ MABAPI LE LITOKELO TSA MANTLHA LE BOTHO,TLHOLISANO,0,sesotho
SEPOLESA SE TŠOARELOA TLHOLISANO MABAPI LE $T$ TSA MANTLHA LE BOTHO,LITOKELO,0,sesotho
SEPOLESA SE TŠOARELOA TLHOLISANO MABAPI LE LITOKELO TSA MANTLHA LE $T$,BOTHO,0,sesotho
$T$ BA HLAHA KHOTLA HAPE KA BOSHOLU BA BOQHOBANE,BANNA,-1,sesotho
$T$ BA NTLOANA-TŠOANA KA BOSHOLU BA LIPHOOFOLO,BANNA,-1,sesotho
BANNA BA $T$ KA BOSHOLU BA LIPHOOFOLO,NTLOANA-TŠOANA,0,sesotho
BANNA BA NTLOANA-TŠOANA KA BOSHOLU BA LIPHOOFOLO,BOSHOLU,-1,sesotho
$T$ LE LOKOLLA BAQOSUOA KA BEILE,LEKHOTLA,0,sesotho
LEKHOTLA LE LOKOLLA $T$ KA BEILE,BAQOSUOA,-1,sesotho
LEKHOTLA LE LOKOLLA BAQOSUOA KA $T$,BEILE,0,sesotho
$T$ KA SEHLAHISOA SA BOHOKELA,THUPELO,1,sesotho
THUPELO KA $T$ SA BOHOKELA,SEHLAHISOA,0,sesotho
$T$ LE AHLOLA MOSALI 'MOHO LE MORALI LE SETLOHOLO,LEKHOTLA,0,sesotho
LEKHOTLA LE AHLOLA $T$ 'MOHO LE MORALI LE SETLOHOLO,MOSALI,-1,sesotho
LEKHOTLA LE AHLOLA MOSALI 'MOHO LE $T$ LE SETLOHOLO,MORALI,-1,sesotho
LEKHOTLA LE AHLOLA MOSALI 'MOHO LE MORALI LE $T$,SETLOHOLO,-1,sesotho
$T$ O QOSOA KA HO BA KA SHOPONG NTLE HO TUMELLO LE KA TŠENYO EA THEPA,MONNA,-1,sesotho
MONNA O QOSOA KA HO BA KA $T$ NTLE HO TUMELLO LE KA TŠENYO EA THEPA,SHOPONG,0,sesotho
MONNA O QOSOA KA HO BA KA SHOPONG NTLE HO TUMELLO LE KA TŠENYO EA $T$,THEPA,-1,sesotho
$T$ SE LONGOA TSEBE,SEPOLESA,1,sesotho
$T$ SA BASALI SA SEPOLESA SEA TLHOLISANONG,SEHLOPHA,1,sesotho
SEHLOPHA SA BASALI SA SEPOLESA SEA $T$,TLHOLISANONG,0,sesotho
$T$ BA KHAHLANA LE SEPOLESA TSELENG,BANNA,-1,sesotho
BANNA BA KHAHLANA LE $T$ TSELENG,SEPOLESA,1,sesotho
BANNA BA KHAHLANA LE SEPOLESA $T$,TSELENG,0,sesotho
$T$ BA FUMANOA BA LE MOLATO KE BOSHOLU,BANNA,-1,sesotho
$T$ SE MALALA A LAOTSOE HO THIBELA LITLOLO TSA MOLAO,SEPOLESA,1,sesotho
SEPOLESA SE MALALA A LAOTSOE HO THIBELA $T$,LITLOLO TSA MOLAO,-1,sesotho
$T$ O KENA NTLOANA-TŠOANA KA HO HLEKA-HLEKA MOSALI,MONNA,-1,sesotho
MONNA O KENA $T$ KA HO HLEKA-HLEKA MOSALI,MOSALI,-1,sesotho
MONNA O KENA NTLOANA-TŠOANA KA HO HLEKA-HLEKA $T$,NTLOANA-TŠOANA,0,sesotho
$T$ SE RUPELA BANA,SEPOLESA,1,sesotho
SEPOLESA SE RUPELA $T$,BANA,0,sesotho
$T$ BA HLAHA KHOTLA KA PELAELO EA POLAO EA MOSHEMANE,BASUOE,-1,sesotho
BASUOE BA HLAHA $T$ KA PELAELO EA POLAO EA MOSHEMANE,KHOTLA,0,sesotho
BASUOE BA HLAHA KHOTLA KA PELAELO EA POLAO EA $T$,MOSHEMANE,-1,sesotho
$T$ O ETELA KEREKE,MOOKAMELI OA SEPOLESA,1,sesotho
MOOKAMELI OA SEPOLESA O ETELA $T$,KEREKE,0,sesotho
$T$ LE AHLOLA BENG BA LIKHOEBO TSA TŠIRELETSO,LEKHOTLA,0,sesotho
LEKHOTLA LE AHLOLA BENG BA $T$,LIKHOEBO TSA TŠIRELETSO,-1,sesotho
BONA $T$ BA BOLAETSENG MOSHEMANE MOPHATONG,BASUOE,-1,sesotho
BONA BASUOE BA BOLAETSENG $T$ MOPHATONG,MOSHEMANE,0,sesotho
BONA BASUOE BA BOLAETSENG MOSHEMANE $T$,MOPHATONG,0,sesotho
$T$ BA TIMELLA KOTSING EA KOLOI,BATHO,-1,sesotho
BATHO BA TIMELLA KOTSING EA $T$,KOLOI,0,sesotho
$T$ O PEPESA LERATO LA HAE HO TONAKHOLO,MOETAPELE,1,sesotho
MOETAPELE O PEPESA LERATO LA HAE HO $T$,TONAKHOLO,1,sesotho
TSEBA $T$,MARENA A SEHLOOHO,0,sesotho
O TORONKELA HO KHAKHATHELLA $T$ LIKOBO ESALE A SIEA MOSALI LILEMO TSE MASHOME A MABELI,MOSALI,0,sesotho
O TORONKELA HO KHAKHATHELLA MOSALI LIKOBO ESALE A SIEA $T$ LILEMO TSE MASHOME A MABELI,MOSALI,-1,sesotho
O TORONKELA HO KHAKHATHELLA MOSALI $T$ ESALE A SIEA MOSALI LILEMO TSE MASHOME A MABELI,LIKOBO,0,sesotho
$T$ O TŠOENYEHILE KE LEETO LA BAKHETHOA,MONNA,-1,sesotho
MONNA O TŠOENYEHILE KE $T$,LEETO LA BAKHETHOA,0,sesotho
$T$ O THULANYA MONNA LE MAJOE HO FIHLELA A 'MOLAILE,MOSALI,-1,sesotho
MOSALI O THULANYA $T$ LE MAJOE HO FIHLELA A 'MOLAILE,MONNA,-1,sesotho
MOSALI O THULANYA MONNA LE $T$ HO FIHLELA A 'MOLAILE,LEJOE,0,sesotho
$T$ O KHAOLA MAHLAHLELA KA LICHESELE LE HAMORE,MONNA,-1,sesotho
MONNA O KHAOLA MAHLAHLELA KA $T$ LE HAMORE,LICHESELE,0,sesotho
MONNA O KHAOLA MAHLAHLELA KA LICHESELE LE $T$,HAMORE,0,sesotho
$T$ LE FANYEHA 'MOLAI OA NGOANANA EA LILEMO LI HLANO,LEKHOTLA LA PHAHAMENG,1,sesotho
LEKHOTLA LE PHAHAMENG LE FANYEHA $T$ OA NGOANANA EA LILEMO LI HLANO,'MOLAI,-1,sesotho
LEKHOTLA LE PHAHAMENG LE FANYEHA 'MOLAI OA $T$ EA LILEMO LI HLANO,NGOANANA,0,sesotho
HO MONATE $T$ KOANA BAHLOMPHEHI BAKHETHOA BA LETŠOLO BA ILO HAHLOA KE MOEA,MAOATLENG,1,sesotho
HO MONATE MAOATLENG KOANA $T$ BA ILO HAHLOA KE MOEA,BAHLOMPHEHI BAKHETHOA BA LETŠOLO,1,sesotho
$T$ LE CHAISA LEPOLESA LA 'MUSO,LEPHELE,-1,sesotho
LEPHELE LE CHAISA $T$,LEPOLESA LA 'MUSO,0,sesotho
$T$ E SENYETSA BAHLANKA MOSEBETSI,TJOTJO,-1,sesotho
TJOTJO E $T$ BAHLANKA MOSEBETSI,BAHLANKA,0,sesotho
TJOTJO E SENYETSA BAHLANKA $T$,MOSEBETSI,-1,sesotho
$T$ SE BONOA KE BOHLE,SEBONOANG,-1,sesotho
$T$O BOLOTSOA KA KHANG,MORENA,-1,sesotho
$T$ BAA E LE HORE BA MPA BA ITHATELA LIKIPA TSE MONNA MPENG KAPA E HLILE KE BANA BA LELAPA LEO,BATHO,0,sesotho
BATHO BAA E LE HORE BA MPA BA ITHATELA $T$ TSE MONNA MPENG KAPA E HLILE KE BANA BA LELAPA LEO,LIKIPA,0,sesotho
BATHO BAA E LE HORE BA MPA BA ITHATELA LIKIPA TSE $T$ MPENG KAPA E HLILE KE BANA BA LELAPA LEO,MONNA,0,sesotho
BATHO BAA E LE HORE BA MPA BA ITHATELA LIKIPA TSE MONNA MPENG KAPA E HLILE KE BANA BA $T$ LEO,LELAPA,0,sesotho
$T$ O IPOLELA MELATO,MONNA,-1,sesotho
$T$ O FELLOA KE MAMELLO O SUNYA MONNA LIETA LITAPOLENG,OA 'MUSO,-1,sesotho
OA 'MUSO O FELLOA KE MAMELLO O SUNYA $T$ LIETA LITAPOLENG,MONNA,0,sesotho
OA 'MUSO O FELLOA KE MAMELLO O SUNYA MONNA $T$ LITAPOLENG,LIETA,-1,sesotho
OA 'MUSO O FELLOA KE MAMELLO O SUNYA MONNA LIETA $T$,LITAPOLENG,0,sesotho
BA BOLAEA $T$ LE HO A EPELA THOTOBOLONG KE NKHONO MORALI LE SETLOHOLO,MASEA,-1,sesotho
BA BOLAEA MASEA LE HO A EPELA $T$ KE NKHONO MORALI LE SETLOHOLO,THOTOBOLONG,0,sesotho
BA BOLAEA MASEA LE HO A EPELA THOTOBOLONG KE $T$ MORALI LE SETLOHOLO,NKHONO,-1,sesotho
BA BOLAEA MASEA LE HO A EPELA THOTOBOLONG KE NKHONO $T$ LE SETLOHOLO,MORALI,-1,sesotho
BA BOLAEA MASEA LE HO A EPELA THOTOBOLONG KE NKHONO MORALI LE $T$,SETLOHOLO,-1,sesotho
$T$ O QETA HO THUNYETSOA LEFU MAHLONG A MOSALI'AE,MOHOEBI,-1,sesotho
MOHOEBI O QETA HO THUNYETSOA LEFU MAHLONG A $T$,MOSALI'AE,-1,sesotho
$T$ O OTLUOE KA LIMPAMA A NTSE A NKILE NGOANA,MOSALI,-1,sesotho
MOSALI O OTLUOE KA LIMPAMA A NTSE A NKILE $T$,NGOANA,0,sesotho
MOSALI O OTLUOE KA $T$ A NTSE A NKILE NGOANA,LIMPAMA,-1,sesotho
$T$ O ITAHLETSE KA KOETSENG,MONNA,-1,sesotho
MONNA O ITAHLETSE KA $T$,KOETSENG,0,sesotho
$T$ EA HAE E FUMANOA KA LINAMA TSA BATHO,KOLOI,-1,sesotho
KOLOI EA HAE E FUMANOA KA $T$ TSA BATHO,LINAMA,-1,sesotho
$T$ O KHAOLOA MENOANA LE BOTOANA A NTSE A PHELA,MOHLANKANA,-1,sesotho
MOHLANKANA O KHAOLOA $T$ LE BOTOANA A NTSE A PHELA,MENOANA,0,sesotho
MOHLANKANA O KHAOLOA MENOANA LE $T$ A NTSE A PHELA,BOTONA,0,sesotho
$T$ O LEBOHISA SEBAPALI,MOPOLOTIKI,1,sesotho
MOPOLOTIKI O LEBOHISA $T$,SEBAPALI,1,sesotho
$T$ SA HAE SE FUMANOE LETAMONG KAJENO,SETOPO,-1,sesotho
SETOPO SA HAE SE FUMANOE $T$ KAJENO,LETAMONG,0,sesotho
$T$ O NTSE O HOLA KA THELLO E KHOLO,MOKHA,1,sesotho
$T$ SE ILENG SA BOLAOA KA SEHLOHO,LELAPA LA SEBOHOLI,-1,sesotho
$T$ LI THULANA SA LIPHELEU,LIKOLOI,-1,sesotho
$T$ O AHLOLOA LILEMO TSE HLANO NTLOANA-TŠOANA,MOSALI,-1,sesotho
MOSALI O AHLOLOA LILEMO TSE HLANO $T$,NTLOANA-TŠOANA,0,sesotho
$T$ O TŠOEROE O BUA LIKAKATA,MOLOI OA MOSETSANA,-1,sesotho
E TSOHA E LE $T$ SE BONOA KE BOHLE MOTSENG,SEBONOANG,-1,sesotho
E TSOHA E LE SEBONOANG SE BONOA KE BOHLE $T$,MOTSENG,0,sesotho
$T$ BA BOLAHANE KA LITHIPA NTLONG EA MOTHAMAHANE,BANNA,-1,sesotho
BANNA BA BOLAHANE KA $T$ NTLONG EA MOTHAMAHANE,LITHIPA,-1,sesotho
BANNA BA BOLAHANE KA LITHIPA $T$,NTLONG EA MOTHAMAHANE,0,sesotho
$T$ O UTSOA LIAPARO TSA MONGA HAE LE TSA BANA,NGOANANA,-1,sesotho
NGOANANA O UTSOA $T$ TSA MONGA HAE LE TSA BANA,LIAPARO,0,sesotho
$T$ TSA PULA,LIKHOHOLA,-1,sesotho
$T$ EA HO KHAOHA HA BOROKHO BA NAKOANA,TLHOKOMELISO,0,sesotho
TLHOKOMELISO EA HO KHAOHA HA $T$,BOROKHO BA NAKOANA,-1,sesotho
$T$ O PHAPHAMETSE KA LETAMONG ESALE A NOELA LABOBELI LA BEKE E FETILENG,NGOANA,-1,sesotho
NGOANA O PHAPHAMETSE KA $T$ ESALE A NOELA LABOBELI LA BEKE E FETILENG,LETAMONG,0,sesotho
$T$ SE BATLA BABOLAI BA LITHO TSA LELAPA,SEPOLESA,0,sesotho
SEPOLESA SE BATLA $T$ BA LITHO TSA LELAPA,BABOLAI,-1,sesotho
SEPOLESA SE BATLA BABOLAI BA $T$,LITHO TSA LELAPA,-1,sesotho
$T$ E FETOLA NGOANA LEKHOBA LA THOBALANO,DOCTOR,-1,sesotho
DOCTOR E FETOLA $T$ LEKHOBA LA THOBALANO,NGOANA,0,sesotho
DOCTOR E FETOLA NGOANA $T$ LA THOBALANO,LEKHOBA,-1,sesotho
$T$ BA MO PHUTHILE ESITA LE HO MO FEPA,BASALI,1,sesotho
$T$ BA PHOLOSA LESEA LA MOSHANYANA LEFUNG 'MA LONA O BE A LE LAHLETSE KA LETAMONG A LE PHUTHETSE KA POLASETIKE,BANNA,1,sesotho
BANNA BA PHOLOSA $T$ LEFUNG 'MA LONA O BE A LE LAHLETSE KA LETAMONG A LE PHUTHETSE KA POLASETIKE,LESEA LA MOSHANYANA,1,sesotho
BANNA BA PHOLOSA LESEA LA MOSHANYANA LEFUNG 'MA LONA O BE A LE LAHLETSE KA $T$ A LE PHUTHETSE KA POLASETIKE,LETAMONG,0,sesotho
BANNA BA PHOLOSA LESEA LA MOSHANYANA LEFUNG 'MA LONA O BE A LE LAHLETSE KA LETAMONG A LE PHUTHETSE KA $T$,POLASETIKE,1,sesotho
$T$ E RATHOA KA SABOLE,NYATSI,-1,sesotho
NYATSI E RATHOA KA $T$,SABOLE,0,sesotho
MOSA O KOLOBETSANG $T$ O SIEA KHAREBE E ITŠOERE HLOOHONG,LITHOTSELA,-1,sesotho
MOSA O KOLOBETSANG LITHOTSELA O SIEA $T$ E ITŠOERE HLOOHONG,KHAREBE,-1,sesotho
$T$ O QETA HO TŠOLA TLHAKO MORONG KAMORA HO TETEKA MOSALI,MONNA,-1,sesotho
MONNA O QETA HO TŠOLA TLHAKO MORONG KAMORA HO TETEKA $T$,MOSALI,-1,sesotho
$T$ SE PHUTHA SETOPO SE SENG SA MOSALI,SEPOLESA,1,sesotho
SEPOLESA SE PHUTHA $T$ SE SENG SA MOSALI,SETOPO,-1,sesotho
SEPOLESA SE PHUTHA SETOPO SE SENG SA $T$,MOSALI,0,sesotho
$T$ SE INOLOA KA LETAMONG SE TŠETSOE KA HARA POLASETIKE,SETOPO SA MONNA,-1,sesotho
SETOPO SA MONNA SE INOLOA KA $T$ SE TŠETSOE KA HARA POLASETIKE,LETAMONG,0,sesotho
SETOPO SA MONNA SE INOLOA KA LETAMONG SE TŠETSOE KA HARA $T$,POLASITIKE,0,sesotho
$T$ O OELE KA LETAMONG,MOTHO,-1,sesotho
MOTHO O OELE KA $T$,LETAMONG,0,sesotho
BONA $T$ EA FENETHILENG MOSALI-AE KA THIPA MAOBANE,MONNA,-1,sesotho
BONA MONNA EA FENETHILENG $T$ KA THIPA MAOBANE,MOSALI-AE,-1,sesotho
BONA MONNA EA FENETHILENG MOSALI-AE KA $T$ MAOBANE,THIPA,0,sesotho
$T$ EA BOHLOKOA HO BAAHI,TLHOKOMELISO,0,sesotho
TLHOKOMELISO EA BOHLOKOA HO $T$,BAAHI,1,sesotho
$T$ O NTSE O TŠOERE KA MATLA HO MATLAFATSA LITSELA TSA NAHA,'MUSO,1,sesotho
'MUSO O NTSE O TŠOERE KA MATLA HO MATLAFATSA $T$,LITSELA TSA NAHA,1,sesotho
$T$ O LOANETSE BOLOKOLOHI BA SECHABA,TONAKHOLO,1,sesotho
TONAKHOLO O LOANETSE BOLOKOLOHI BA $T$,SECHABA,1,sesotho
$T$ O TŠOARELOA HO OTLA KHAREBE O MO TSEKISA HO ITHOLELA HA A MO FEREHA,MOITHUTI OA SEKOLO SE SEHOLO,-1,sesotho
MOITHUTI OA SEKOLO SE SEHOLO O TŠOARELOA HO OTLA $T$ O MO TSEKISA HO ITHOLELA HA A MO FEREHA,KHAREBE,-1,sesotho
$T$ O LOANETSE LEBENKELE KHAKHAULANE MOLAMU OA HLOOHO,TONAKHOLO,1,sesotho
TONAKHOLO O LOANETSE $T$ KHAKHAULANE MOLAMU OA HLOOHO,LEBENKELE,0,sesotho
$T$ O HLAHA A PALAME KA THATAA HEE LE HONA O E KOTSOMETSE,TONAKHOLO,1,sesotho
HANTLE RONA RE MO ROLELA $T$,KHAEBANA,1,sesotho
SE ENTSOENG KE $T$ O KE KE OA SE FETOLA,MOLIMO,1,sesotho
$T$ A NTSE A AHOA KA MALOTING,MAROKHO A MAOTO,1,sesotho
MAROKHO A MAOTO A NTSE A AHOA KA $T$,MALOTING,0,sesotho
$T$ OA TŠOAROA A NTSE A BETA KHOMO,MONNA,-1,sesotho
MONNA OA TŠOAROA A NTSE A BETA $T$,KHOMO,-1,sesotho
$T$ O LAHLETSOE KA NTLOANENG O HLAHELLETSE KA LEOTO,MONNA,-1,sesotho
MONNA O LAHLETSOE KA $T$ O HLAHELLETSE KA LEOTO,NTLOANENG,0,sesotho
MONNA O LAHLETSOE KA NTLOANENG O HLAHELLETSE KA $T$,LEOTO,0,sesotho
BONA $T$ A QOSETSOANG LESHANO O NTŠITSE MAKUNUTU A 'MUSO,MOSALI,-1,sesotho
BONA MOSALI A QOSETSOANG LESHANO O NTŠITSE $T$,MAKUNUTU A 'MUSO,0,sesotho
UTLOA NA $T$ O RENG KA LEFU LA MOSALI-AE LE MORA OA HAE,HLOOHO EA LELAPA,0,sesotho
UTLOA NA HLOOHO EA LELAPA O RENG KA LEFU LA $T$ LE MORA OA HAE,MOSALI-AE,-1,sesotho
UTLOA NA HLOOHO EA LELAPA O RENG KA LEFU LA MOSALI-AE LE $T$,MORA OA HAE,-1,sesotho
$T$ O NTSE A E-SO INOLOE KA LETAMONG,NGOANA,-1,sesotho
NGOANA O NTSE A E-SO INOLOE KA $T$,LETAMONG,0,sesotho
$T$ O NOETSE KA LETAMONG,NGOANA,-1,sesotho
NGOANA O NOETSE KA $T$,LETAMONG,0,sesotho
$T$ EA ILENG A PEPESA LETHATHEMO LA MATONA A MACHA O QOSITSOE,MOSALI,-1,sesotho
MOSALI EA ILENG A PEPESA $T$ A MACHA O QOSITSOE,LETHATHEMO LA MATONA,1,sesotho
$T$ HO BO-MOSAMARIA BA MOLEMO BA THUSANG MOTHO E MONG LE E MONG KA HARA TOROPO,TLHOKOMELISO,0,sesotho
TLHOKOMELISO HO BO-MOSAMARIA BA MOLEMO BA THUSANG MOTHO E MONG LE E MONG KA HARA $T$,TOROPO,0,sesotho
TLHOKOMELISO HO $T$ BA THUSANG MOTHO E MONG LE E MONG KA HARA TOROPO,BO-MOSAMARIA BA MOLEMO,-1,sesotho
$T$ AO LOANELE LINTOENG TSA BOSIU AO HLOLELE MELEKO EOHLE,MORENA,1,sesotho
MORENA AO LOANELE $T$ TSA BOSIU AO HLOLELE MELEKO EOHLE,LINTOENG,-1,sesotho
MORENA AO LOANELE LINTOENG TSA BOSIU AO HLOLELE $T$ EOHLE,MELEKO,-1,sesotho
$T$ O BOLAUOE A EA MOSEBETSING KAJENO,MOSALI,-1,sesotho
MOSALI O BOLAUOE A EA $T$ KAJENO,MOSEBETSING,0,sesotho
LI NTSE LI ROROPA KA $T$,'MALETSUNYANE BRAAI FESTIVAL,1,sesotho
$T$ O HULANYETSOA KHOTLA O BATLOA MILLION TSE PELI TSA MALOTI,MOSALI,-1,sesotho
MOSALI O HULANYETSOA $T$ O BATLOA MILLION TSE PELI TSA MALOTI,KHOTLA,0,sesotho
$T$ O BILIKA KA SETHUTHUTHU,TONAKHOLO,1,sesotho
TONAKHOLO O BILIKA KA $T$,SETHUTHUTHU,0,sesotho
$T$ O SITOA HO IPHAPANYETSA LERATO LEO A LE RATANG SECHABA,TONAKHOLO,1,sesotho
TONAKHOLO O SITOA HO IPHAPANYETSA LERATO LEO A LE RATANG $T$,SECHABA,0,sesotho
$T$ O NTSE A JABA-JABA MOKETENG,TONAKHOLO,1,sesotho
TOANAKHOLO O NTSE A JABA-JABA $T$,MOKETENG,1,sesotho
$T$ O TŠOAETSA MORALI-AE MAFU A LIKOBO,MONNA,-1,sesotho
MONNA O TŠOAETSA $T$ MAFU A LIKOBO,MORALI-AE,-1,sesotho
MONNA O TŠOAETSA MORALI-AE $T$,MAFU A LIKOBO,-1,sesotho
$T$ SE RE HO TŠEPA MOTHO KE HO POKOTHA NOHA,SEPOLESA,0,sesotho
SEPOLESA SE RE HO TŠEPA $T$ KE HO POKOTHA NOHA,MOTHO,-1,sesotho
SEPOLESA SE RE HO TŠEPA MOTHO KE HO POKOTHA $T$,NOHA,-1,sesotho
NTAELE $T$ KE MOFO OA HAU THATO KE TLA PHETHA EA HAU,MORENA,1,sesotho
NTAELE MORENA KE $T$ OA HAU THATO KE TLA PHETHA EA HAU,MOFO,1,sesotho
BONA $T$ EA BOLAILENG MOTHO MOTŠEARE TOROPONG,MONNA,-1,sesotho
BONA MONNA EA BOLAILENG $T$ MOTŠEARE TOROPONG,MOTHO,-1,sesotho
BONA MONNA EA BOLAILENG MOTHO MOTŠEARE $T$,TOROPONG,0,sesotho
$T$ E RE HA E BATLE HO FUMANTŠOA LITSIANE KA MPESA BA BATLA HO KHOLLA POSONG,METSOFE,-1,sesotho
METSOFE E RE HA E BATLE HO FUMANTŠOA $T$ KA MPESA BA BATLA HO KHOLLA POSONG,LITSIANE,0,sesotho
METSOFE E RE HA E BATLE HO FUMANTŠOA LITSIANE KA $T$ BA BATLA HO KHOLLA POSONG,MPESA,-1,sesotho
METSOFE E RE HA E BATLE HO FUMANTŠOA LITSIANE KA MPESA BA BATLA HO KHOLLA $T$,POSONG,1,sesotho
$T$ MORALI LE SETLOHOLO BA QHALILE KEMARO,NKHONO,-1,sesotho
NKHONO $T$ LE SETLOHOLO BA QHALILE KEMARO,MORALI,-1,sesotho
NKHONO MORALI LE $T$ BA QHALILE KEMARO,SETLOHOLO,-1,sesotho
$T$ LE LAELA HORE LEBENKELE LE FANTISOE,LEKHOTLA,0,sesotho
LEKHOTLA LE LAELA HORE $T$ LE FANTISOE,LEBENKELE,-1,sesotho
O TLOHELLA $T$ EO E LENG NYATSI EA HAE O BETA NGOANA,NKHONO,0,sesotho
O TLOHELLA NKHONO EO E LENG $T$ EA HAE O BETA NGOANA,NYATSI,-1,sesotho
O TLOHELLA NKHONO EO E LENG NYATSI EA HAE O BETA $T$,NGOANA,-1,sesotho
$T$ LI INYAKATSA KA BARUTUOA SEKOLONG SE PHAHAMENG,LITICHERE,-1,sesotho
LITICHERE LI INYAKATSA KA $T$ SEKOLONG SE PHAHAMENG,BARUTUOA,-1,sesotho
LITICHERE LI INYAKATSA KA BARUTUOA $T$,SEKOLONG SE PHAHAMENG,0,sesotho
$T$ LE AHLOTSE MONNA EO ESALENG A ROBALA LE MORALI'AE,LEKHOTLA,0,sesotho
LEKHOTLA LE AHLOTSE $T$ EO ESALENG A ROBALA LE MORALI'AE,MONNA,-1,sesotho
LEKHOTLA LE AHLOTSE MONNA EO ESALENG A ROBALA LE $T$,MORALI'AE,0,sesotho
$T$ ESALE A BETOA HO TLOHA SELEMO SE FETILENG,NGOANA,-1,sesotho
$T$ O BOLOKUOE LE MORA OA HAE MAOBANE,MOOKAMELI,-1,sesotho
MOOKAMELI O BOLOKUOE LE $T$ MAOBANE,MORA OA HAE,-1,sesotho
BA IPHOMOLETSE 'ME LE $T$ KHETLONG LENA MOLAO O SALLANE LE BABOLAI BA BONA,MORA,-1,sesotho
BA IPHOMOLETSE $T$ KHETLONG LENA MOLAO O SALLANE LE BABOLAI BA BONA,'ME' LE MORA,-1,sesotho
BA IPHOMOLETSE 'ME' LE MORA KHETLONG LENA $T$ O SALLANE LE BABOLAI BA BONA,MOLAO,0,sesotho
BA IPHOMOLETSE 'ME' LE MORA KHETLONG LENA MOLAO O SALLANE LE $T$ BA BONA,BABOLAI,-1,sesotho
$T$ O BOLAELOA MAPATLELONG A TOROPO,MONNA,-1,sesotho
MONNA O BOLAELOA MAPATLELONG A $T$,TOROPO,0,sesotho
O BETA $T$ KA NTLOANENG NGOANA O TSOILE A BELEHA EKA OA HLANYA,NGOANA,-1,sesotho
O BETA NGOANA KA $T$ NGOANA O TSOILE A BELEHA EKA OA HLANYA,NTLOANENG,0,sesotho
O BETA NGOANA KA NTLOANENG $T$ O TSOILE A BELEHA EKA OA HLANYA,NGOANA,-1,sesotho
$T$ O TŠOEROE A BETILE NGOANANA EA NANG LE BOKOOA,MONNA,-1,sesotho
MONNA O TŠOEROE A BETILE $T$ EA NANG LE BOKOOA,NGOANANA,-1,sesotho
$T$ E SEBETSANG E BOLAUOE,NESE EA MONNA,-1,sesotho
$T$ O QETA HO CHELLA KATLUNG,NGOANA,-1,sesotho
NGOANA O QETA HO CHELLA $T$,KATLUNG,0,sesotho
$T$ O LAELA BANA HO ROBALA LE MOKHALAJOE LEKHOTLA LE BA AHLOTSE LILEMO TSE MASHOME A MARARO TORONKONG,MOSALI,-1,sesotho
MOSALI O LAELA $T$ HO ROBALA LE MOKHALAJOE LEKHOTLA LE BA AHLOTSE LILEMO TSE MASHOME A MARARO TORONKO,BANA,-1,sesotho
MOSALI O LAELA BANA HO ROBALA LE $T$ LEKHOTLA LE BA AHLOTSE LILEMO TSE MASHOME A MARARO TORONKO,MOKHALAJOE,-1,sesotho
MOSALI O LAELA BANA HO ROBALA LE MOKHALAJOE $T$ LE BA AHLOTSE LILEMO TSE MASHOME A MARARO TORONKO,LEKHOTLA,0,sesotho
MOSALI O LAELA BANA HO ROBALA LE MOKHALAJOE LEKHOTLA LE BA AHLOTSE LILEMO TSE MASHOME A MARARO $T$,TORONKONG,0,sesotho
$T$ O BETA KHAREBE E NANG LE BOTHATA BA PUO,MONNA,-1,sesotho
MONNA O BETA $T$ E NANG LE BOTHATA BA PUO,KHAREBE,-1,sesotho
$T$ OA BOSIU O NTŠA BATHO MATLONG,MOKHOSI,-1,sesotho
MOKHOSI OA BOSIU O NTŠA $T$ MATLONG,BATHO,0,sesotho
$T$ O KOETETSE KE BO RASETHUNYA BOSIUNG BA KAJENO,MOOKAMELI,-1,sesotho
MOOKAMELI O KOETETSE KE BO $T$ BOSIUNG BA KAJENO,RASETHUNYA,-1,sesotho
$T$ E BONA MOQHOBI OA LEPHELE A HAKUOE SEFATENG,NTJA,0,sesotho
NTJA E BONA $T$ A HAKUOE SEFATENG,MOQHOBI OA LEPHELE,-1,sesotho
NTJA E BONA MOQHOBI OA LEPHELE A HAKUOE $T$,SEFATENG,0,sesotho
$T$ O FUMANOA A BOLAUOE KAJENO,MONNA,-1,sesotho
$T$ O TLO LOKISA MATLO A SENTSOENG KE LIFEFO,TONAKHOLO,1,sesotho
TONAKHOLO O TLO LOKISA $T$ A SENTSOENG KE LIFEFO,MATLO,1,sesotho
TONAKHOLO O TLO LOKISA MATLO A SENTSOENG KE $T$,LIFEFO,-1,sesotho
UTLOA LITABA TSA $T$ EA BOLAUOENG KE KOLOI SHOALANENG EA MAOBANE,MOSALI,-1,sesotho
UTLOA LITABA TSA MOSALI EA BOLAUOENG KE $T$ SHOALANENG EA MAOBANE,KOLOI,-1,sesotho
$T$ LE QETA HO FUMANOA KA LERAKONG,LESEA LA NGOANANA,-1,sesotho
LESEA LA NGOANANA LE QETA HO FUMANOA KA $T$,LERAKONG,0,sesotho
$T$ E QETA HO BOLAEA MOSALI O ITAHLETSE KA TSELENG EKA O KOPA THUSO,KOLOI,-1,sesotho
KOLOI E QETA HO BOLAEA $T$ O ITAHLETSE KA TSELENG EKA O KOPA THUSO,MOSALI,-1,sesotho
KOLOI E QETA HO BOLAEA MOSALI O ITAHLETSE KA $T$ EKA O KOPA THUSO,TSELENG,0,sesotho
$T$ BA LEPOLESA,BABOLAI,-1,sesotho
BABOLAI BA $T$,LEPOLESA,0,sesotho
BONA $T$ LE THUNYELITSENG MOSALI'A LONA LEFU,LESOLE,-1,sesotho
BONA LESOLE LE THUNYELITSENG $T$ LEFU,MOSALI'A LONA,-1,sesotho
$T$ E TSOHA E CHESITSOE LORE,TEREKERE,-1,sesotho
$T$ O FUMANA 'MAE A BOLAUOE,MORALI,0,sesotho
MORALI O FUMANA $T$ A BOLAUOE,'MAE,-1,sesotho
$T$ BA TŠOEROE KA BOSHOLU BA LIPHOOFOLO,BANNA,-1,sesotho
BANNA BA TŠOEROE KA BOSHOLU BA $T$,LIPHOOFOLO,0,sesotho
BA TŠOLLA $T$ A SENANG MOLATO BA BOLAEA BANNA BA BABELI KA SEHLOHO,MALI,-1,sesotho
BA TŠOLLA MALI A SENANG MOLATO BA BOLAEA $T$ BA BABELI KA SEHLOHO,BANNA,-1,sesotho
$T$ O FENETHA MOSEBETSI 'MOHO PONTŠENG EA BASEBETSI 'MOHO,MOSEBETSI OA MORAFO,-1,sesotho
MOSEBETSI OA MORAFO O FENETHA MOSEBETSI 'MOHO PONTŠENG EA $T$,BASEBETSI 'MOHO,0,sesotho
$T$ O BOLAEA MOTHO,MONNA,-1,sesotho
MONNA O BOLAEA $T$,MOTHO,0,sesotho
BONA $T$ LE BOLAILENG MOTHO,LEPOLESA,-1,sesotho
BONA LEPOLESA LE BOLAILENG $T$,MOTHO,-1,sesotho
$T$ E CHESITSOE,KOLOI EA BAETI,-1,sesotho
$T$ A MANE A BEHELLOA KA THOKO HO MOSEBETSI E MONG O ILE MOSEBETSING A TAUOE BA BANG BA NKILE TJOTJO HO MASHOLU A TERAKA,MAPOLESA,-1,sesotho
MAPOLESA A MANE A BEHELLOA KA THOKO HO $T$ E MONG O ILE MOSEBETSING A TAUOE BA BANG BA NKILE TJOTJO HO MASHOLU A TERAKA,MOSEBETSI,0,sesotho
MAPOLESA A MANE A BEHELLOA KA THOKO HO MOSEBETSI E MONG O ILE MOSEBETSING A TAUOE BA BANG BA NKILE $T$ HO MASHOLU A TERAKA,TJOTJO,-1,sesotho
MAPOLESA A MANE A BEHELLOA KA THOKO HO MOSEBETSI E MONG O ILE MOSEBETSING A TAUOE BA BANG BA NKILE TJOTJO HO $T$ A TERAKA,MASHOLU,-1,sesotho
$T$ O PALAME KHENTŠA,TONAKHOLO,1,sesotho
$T$ SE HATISITSOE LEJOE HOLIMO,SETOPO SA NGOANANA,-1,sesotho
SETOPO SA NGOANANA SE HATISITSOE $T$ HOLIMO,LEJOE,0,sesotho
$T$ O BOLAETSOE KA MORUNG,NGOANA,-1,sesotho
NGOANA O BOLAETSOE KA $T$,MORUNG,0,sesotho
$T$ LE MASOLE A QETA HO PHOLOSA MONNA MOLLONG,MAPOLESA,1,sesotho
MAPOLESA LE $T$ A QETA HO PHOLOSA MONNA MOLLONG,MASOLE,1,sesotho
MAPOLESA LE MASOLE A QETA HO PHOLOSA $T$ MOLLONG,MONNA,-1,sesotho
$T$ O NYOPISA MORERO OA MABETA,NGOANA,1,sesotho
NGOANA O NYOPISA $T$ OA MABETA,MORERO,-1,sesotho
$T$ O ABETSE BALISANA SETHOPO SA LIKHUTŠOANE KAJENO,TONAKHOLO,1,sesotho
TONAKHOLO O ABETSE $T$ SETHOPO SA LIKHUTŠOANE KAJENO,BALISANA,0,sesotho
TONAKHOLO O ABETSE BALISANA $T$ KAJENO,SETHOPO SA LIKHUTŠOANE,0,sesotho
$T$ O TIMELLA KOTSING EA TEKESI,MOETI,-1,sesotho
MOETI O TIMELLA KOTSING EA $T$,TEKESI,-1,sesotho
$T$ O FETOLA BARALI BA HAE MAKHOBA A THOBALANO O BA ROBETSE MAKHETLO A SA BALOENG,MONNA,-1,sesotho
MONNA O FETOLA $T$ BA HAE MAKHOBA A THOBALANO O BA ROBETSE MAKHETLO A SA BALOENG,BARALI,-1,sesotho
$T$ O THUNYELITSOE LEFU,MOOKAMELI OA MEBENKELE A LIJO,-1,sesotho
$T$ O PHETHAHATSA MANTSOE A RENG HO ROBALA KE HO FETOHA,MOPARAMENTE,-1,sesotho
$T$ BO ITLOSA LITLHONG,BOHANYETSI,-1,sesotho
UTLOA MELEK0 E ETSHAHETSENG HA $T$ A TLA BOLAOA BOSIUNG BA KAJENO,MOHLANKA OA 'MUSO,-1,sesotho
$T$ O QETA HO THUNYA MOSALI'AE O MO SIHILE A RAPALLETSE KATLUNG,MONNA,-1,sesotho
MONNA O QETA HO THUNYA $T$ O MO SIHILE A RAPALLETSE KATLUNG,MOSALI'AE,-1,sesotho
MONNA O QETA HO THUNYA MOSALI'AE O MO SIHILE A RAPALLETSE $T$,KATLUNG,0,sesotho
UTLOA LITABA TSA $T$ E EA IPOLAILENG BOSIU BONA BO FETILENG,MOQHOBI OA LEPHELE,-1,sesotho
$T$ BOHOLO A SHEBILE MOTSE-MOHOLO,MAOTO,1,sesotho
$T$ O RE HA A TLO FETOLOA LEHLANYA A MATHE LIPAKENG,MOLAOLI,1,sesotho
$T$ O RE HA A TLO FETOLOA $T$ A MATHE LIPAKENG,LEHLANYA,-1,sesotho
$T$ LE KENYA BARUTUOA MONOANA KA PELE,LESECHURITHI,-1,sesotho
LESECHURITHI LE KENYA $T$ MONOANA KA PELE,BARUTUOA,0,sesotho
LESECHURITHI LE KENYA BARUTUOA $T$ KA PELE,MONOANA,0,sesotho
$T$ O QETA HO FUMANOA A TIMELLETSE KA KOLOING,MOQHOBI OA LEPHELE,-1,sesotho
MOQHOBI OA LEPHELE O QETA HO FUMANOA A TIMELLETSE KA $T$,KOLOING,-1,sesotho
$T$ O KHETHETSA MAKOEBA KHAHLANONG LE MOLAOLI,MONNA,-1,sesotho
LETALIANA O KHETHETSA MAKOEBA KHAHLANONG LE $T$,MOLAOLI,-1,sesotho
$T$ E SE E NTSE E BONAHALA MAPATLELONG A TOROPO E JABA-JABA,METHOAELA,1,sesotho
METHOAELA E SE E NTSE E BONAHALA $T$ E JABA-JABA,MAPATLELONG A TOROPO,0,sesotho
$T$ LE TJEBELA MATJOING NYEOE EA PHATHI E TSEKANG SETULO SA KHEKHETHANE,LEKHOTLA,0,sesotho
LEKHOTLA LE TJEBELA MATJOING $T$ EA PHATHI E TSEKANG SETULO SA KHEKHETHANE,NYEOE,-1,sesotho
LEKHOTLA LE TJEBELA MATJOING NYEOE EA PHATHI E TSEKANG $T$,SETULO SA KHEKHETHANE,0,sesotho
$T$ KE HORE LABORARO MAPOLESA A FUOE LIKOLOI,TEBELLO,1,sesotho
TEBELLO KE HORE LABORARO $T$ A FUOE LIKOLOI,MAPOLESA,0,sesotho
TEBELLO KE HORE LABORARO MAPOLESA A FUOE $T$,LIKOLOI,0,sesotho
$T$ O RE A KEKE A JARA FOLAKHA LE MOLAO-THEO BOEMO BONA BO TENG O TLA SEBETSANA LE BONA LE THOLE LE SHEBELLE,MOALOLI,1,sesotho
$T$ O FUMANOA LENYALONG,MOTSOETSE,1,sesotho
$T$ BA BATLA HO MO SULUBANYA HO NTSE HO LE JOALO,BANNA,-1,sesotho
THUSANG BATHO $T$ E HLAHILE,TSIETSI,-1,sesotho
$T$ O LIELLOA TSONA TSENA HO RIALO SECHABA SE HALEFILENG,TONAKHOLO,-1,sesotho
TONAKHOLO O LIELLOA TSONA TSENA HO RIALO $T$ SE HALEFILENG,SECHABA,-1,sesotho
$T$ ESALE A NYAMELA LE NGOANA KHOELING E FETILENG,MOSALI,-1,sesotho
MOSALI ESALE A NYAMELA LE $T$ KHOELING E FETILENG,NGOANA,-1,sesotho
$T$ SANE SA PHATI SE NENG SE JELE MABELE SE ROHAKA LETONA PARAMENTENG,SETHO,-1,sesotho
SETHO SANE SA PHATI SE NENG SE JELE MABELE SE ROHAKA $T$ PARAMENTENG,LETONA,-1,sesotho
SETHO SANE SA PHATI SE NENG SE JELE MABELE SE ROHAKA LETONA $T$,PARAMENTENG,0,sesotho
$T$ A KHUTLANG NTOENG A AMOHELOA KA LIMETA,MASOLE,1,sesotho
MASOLE A KHUTLANG $T$ A AMOHELOA KA LIMETA,NTOENG,-1,sesotho
$T$ BA PITLOA LILEMO TSE MASHOME A MARARO CHANKANENG,BASHANYANA,-1,sesotho
BASHANYANA BA PITLOA LILEMO TSE MASHOME A MARARO $T$,CHANKANENG,0,sesotho
$T$ EA ILENG A THUNNGOA KE MONN'AE MOTŠEARE KE MOFU,MOSALI,-1,sesotho
MOSALI EA ILENG A THUNNGOA KE $T$ MOTŠEARE KE MOFU,MONN'AE,-1,sesotho
$T$ O QETA HO THUNYA MOSALI'AE O THUNYELLETSE LE MOAHISANE,MONNA,-1,sesotho
MONNA O QETA HO THUNYA $T$ O THUNYELLETSE LE MOAHISANE,MOSALI'AE,-1,sesotho
MONNA O QETA HO THUNYA MOSALI'AE O THUNYELLETSE LE $T$,MOAHISANE,-1,sesotho
$T$ E BOLAEA SEBAPALI BOTHATA BO QALILE MAFELENG ANA A BEKE,BOLO EA MAOTO,-1,sesotho
BOLO EA MAOTO E BOLAEA $T$ BOTHATA BO QALILE MAFELENG ANA A BEKE,SEBAPALI,-1,sesotho
HO NTSE HO BOLOKOA $T$ TSE MASHOME A MABELI A METSO E ROBONG TOROPONG,LITOPO,-1,sesotho
HO NTSE HO BOLOKOA LITOPO TSE MASHOME A MABELI A METSO E ROBONG $T$,TOROPONG,0,sesotho
BONA $T$ LA NGOANA E MONYANE HARA LITOPO,LEKESE,-1,sesotho
BONA LEKESE LA NGOANA E MONYANE HARA $T$,LITOPO,-1,sesotho
$T$ BA HALEFETSE MOPARAMENTE HA BOHLOKO,BACHA,-1,sesotho
BACHA BA HALEFETSE $T$ HA BOHLOKO,MOPARAMENTE,0,sesotho
O BETA $T$ HA QETA O NKOA KE SEPHUME SA BOROKO,NGOANANA,-1,sesotho
O BETA NGOANANA HA QETA O NKOA KE SEPHUME SA $T$,BOROKO,0,sesotho
HOJA $T$ LI NE LI NGOLISOA NAHA ENA EKABE E LE NAHA EA LESHALA E SE NANG LITOKOMANE,LINAHA,-1,sesotho
HOJA LINAHA LI NE LI NGOLISOA $T$ ENA EKABE E LE NAHA EA LESHALA E SE NANG LITOKOMANE,NAHA,-1,sesotho
HOJA LINAHA LI NE LI NGOLISOA NAHA ENA EKABE E LE $T$ EA LESHALA E SE NANG LITOKOMANE,NAHA,-1,sesotho
HOJA LINAHA LI NE LI NGOLISOA NAHA ENA EKABE E LE NAHA EA LESHALA E SE NANG $T$,LITOKOMANE,-1,sesotho
UTLOA NA $T$ O TŠOARETSOENG,MOPARAMENTE,-1,sesotho
O TŠOARELOA HO IKETSA $T$ HO MARANG-RANG,LESOLE 'MOTOANA,-1,sesotho
$T$ POLAONG EA LEPARAMENTE O FUOE BEILE SA SEKETE SA MALOTI,MOQOSUOA,-1,sesotho
MOQOSUOA POLAONG EA $T$ O FUOE BEILE SA SEKETE SA MALOTI,LEPARAMENTE,-1,sesotho
MOQOSUOA POLAONG EA LEPARAMENTE O FUOE $T$ SA SEKETE SA MALOTI,BEILE,-1,sesotho
$T$ O QOSOA KA HO BETA MOSHANYANA,MONNA,-1,sesotho
MONNA O QOSOA KA HO BETA $T$,MOSHANYANA,-1,sesotho
BONA $T$ OA LEFAHLA,'MOLAI,-1,sesotho
BONA 'MOLAI OA $T$,LEFAHLA,0,sesotho
$T$ LE BA NYATHOLA LILEMO TSE LESHOME CHANKANENG KA LITHUNYA TSA MASHALA,LEKHOTLA,0,sesotho
LEKHOTLA LE BA NYATHOLA LILEMO TSE LESHOME $T$ KA LITHUNYA TSA MASHALA,CHANKANENG,0,sesotho
LEKHOTLA LE BA NYATHOLA LILEMO TSE LESHOME CHANKANENG KA $T$ TSA MASHALA,LITHUNYA,-1,sesotho
$T$ BO QETA HO IPALA,BOHANYETSI,1,sesotho
EHLILE HO BOIMA HO $T$ HO QOBA LEBITLA,MOFU,-1,sesotho
EHLILE HO BOIMA HO MOFU HO QOBA $T$,LEBITLA,0,sesotho
$T$ O QETA HO TIMELLA KOTSING EA KOLOI,MOETI,-1,sesotho
MOETI O QETA HO TIMELLA KOTSING EA $T$,KOLOI,-1,sesotho
$T$ O PHOMOLITSOE KA PHUPU E MAHLONOKO MAOBANE,MOITHUTI,1,sesotho
MOITHUTI O PHOMOLITSOE KA $T$ E MAHLONOKO MAOBANE,PHUPU,-1,sesotho
$T$ SE QETA HO QHAUTSA RASETHUNYA,SECHABA,1,sesotho
SECHABA SE QETA HO QHAUTSA $T$,RASETHUNYA,-1,sesotho
$T$ O THUNYELITSOE LEFU BASHEMANENG MAOBANE,MOSUOE-HLOOHO,-1,sesotho
MOSUOE-HLOOHO O THUNYELITSOE LEFU $T$ MAOBANE,BASHEMANENG,0,sesotho
UTLOA MELEKO E ETSAHETSENG MAOBANE $T$,BASHEMANENG,-1,sesotho
BONA $T$ EA BOLAETSENG MOSALI SETHALENG,MONNA,-1,sesotho
BONA MONNA EA BOLAETSENG $T$ SETHALENG,MOSALI,-1,sesotho
BONA MONNA EA BOLAETSENG MOSALI $T$,SETHALENG,0,sesotho
$T$ O BATLA KHAITSELI-AE LIKOBO,MONNA,-1,sesotho
MONNA O BATLA $T$ LIKOBO,KHATSELI-AE,0,sesotho
$T$ O FOSOA KA LETHALA LA LIKULO,MONNA,1,sesotho
MONNA O FOSOA KA LETHALA LA $T$,LIKULO,-1,sesotho
O KHAMME $T$ HO FIHLELA A 'MOLAILE,MOSALI'AE,-1,sesotho
$T$ O 'MOLAETSE MAHLONG A MOR'A BONA,MONNA,-1,sesotho
$T$ LE EILENG LA BOLAOA LE TLA BOLOKOA BOESA LETAMONG LEO A FUMANOENG HO LONA,LEFAHLA,1,sesotho
LEFAHLA LE EILENG LA BOLAOA LE TSA BOLOKOA BOESA $T$ LEO A FUMANOENG HO LONA,LETAMONG,0,sesotho
$T$ SE HLAKISA SE ILENG SA ETSAHALA KA BOTEBO HOSENG KAJENO,SEPOLESA,0,sesotho
$T$ O THUNYELITSOE LEFU HOSENG KAJENO,MOPARAMENTE,-1,sesotho
$T$ O REKISITSOE KA LIPABI,MOAHO OA KOMPONE,-1,sesotho
LITABA TSA $T$ BALAUOENG LI HLAHISA MOHLONO,MOSALI'A,-1,sesotho
BA KHABELA $T$,NAMA EA NTJA,-1,sesotho
$T$ O HLOKAHALA KAMORA NTLO ESALE A EA NTLOANENG MAOBANE,NGOANANA,-1,sesotho
NGOANANA O HLOKAHALA KAMORA $T$ ESALE A EA NTLOANENG MAOBANE,NTLO,0,sesotho
NGOANANA O HLOKAHALA KAMORA NTLO ESALE A EA $T$ MAOBANE,NTLOANENG,0,sesotho
$T$ O FIHLA HA NKHONO A TSOTSE A SELAKHUOE MOLALA LE LITAPOLE,MONNA,-1,sesotho
MONNA O FIHLA HA $T$ A TSOTSE A SELAKHUOE MOLALA LE LITAPOLE,NKHONO,0,sesotho
MONNA O FIHLA HA NKHONO A TSOTSE A SELAKHUOE $T$ LE LITAPOLE,MOLALA,-1,sesotho
MONNA O FIHLA HA NKHONO A TSOTSE A SELAKHUOE MOLALA LE $T$,LITAPOLE,-1,sesotho
$T$ SE BATLISA KA SETOPO SA MOSALI,SEPOLESA,0,sesotho
SEPOLESA SE BATLISA KA $T$,SETOPO TSA MOSALI,-1,sesotho
$T$ O TLOTLA SEBOHOLI KA HO MO REKELA KOLOI E NCHA-CHA,BISHOPO,1,sesotho
BISHOPO O TLOTLA $T$ KA HO MO REKELA KOLOI E NCHA-CHA,SEBOHOLI,1,sesotho
BISHOPO O TLOTLA SEBOHOLI KA HO MO REKELA $T$ E NCHA-CHA,KOLOI,1,sesotho
$T$ O THETEHELA LIKOBONG TSA NGOETSI,NTATE MATSALE,-1,sesotho
NTATE MATSALE O THETEHELA $T$,LIKOBONG TSA NGOETSI,0,sesotho
$T$ O QETA HO PARAKOLLOA KA KOLOING,MOQHOBI OA TEKESI,1,sesotho
MOQHOBI OA TEKESI O QETA HO PARAKOLLOA KA $T$,KOLOING,0,sesotho
$T$ LE MO SITISA HO LATSOA MONATE OA BOK'HANSELARA,LEFU,-1,sesotho
LEFU LE MO SITISA HO LATSOA MONATE OA $T$,BOK'HANSELARA,1,sesotho
$T$ BA FUMANOA BA PHAPHAMETSE KA LETAMONG,BANA BA BANANA,-1,sesotho
BANA BA BANANA BA FUMANOA BA PHAPHAMETSE KA $T$,LETAMONG,0,sesotho
$T$ LI TLA KOETLISOA KAHARA NAHA,LINGAKA,1,sesotho
LINGAKA LI TLA KOETLISOA KAHARA $T$,NAHA,0,sesotho
BA HABO $T$ BA AMOHELA LENGOLO LA HAE LA THUTO,MOFU,-1,sesotho
BA HABO MOFU BA AMOHELA $T$,LENGOLO LA HAE LA THUTO,1,sesotho
$T$ BA THIBILE MONNA A ILO LAHLELA MOSALI KA NTLOANENG,BAAHISANE,1,sesotho
BAAHISANE BA THIBILE $T$ A ILO LAHLELA MOSALI KA NTLOANENG,MONNA,-1,sesotho
BAAHISANE BA THIBILE MONNA A ILO LAHLELA $T$ KA NTLOANENG,MOSALI,0,sesotho
BAAHISANE BA THIBILE MONNA A ILO LAHLELA MOSALI KA $T$,NTLOANENG,0,sesotho
$T$ O KHAKHATHELA MOSALI LEFU,MONNA,-1,sesotho
MONNA O KHAKHATHELA $T$ LEFU,MOSALI,0,sesotho
$T$ O KAPILE MOSALI KA SELEPE,MONNA,-1,sesotho
MONNA O KAPILE $T$ KA SELEPE,MOSALI,0,sesotho
MONNA O KAPILE MOSALI KA $T$,SELEPE,0,sesotho
$T$ EA NENG A ISOA LEBOLLONG O SELAKHUOE,MOHLANKANA,-1,sesotho
MOHLANKANA EA NENG A ISOA $T$ O SELAKHUOE,LEBOLLONG,0,sesotho
$T$ O QETA HO THUNYETSOA LEFU,MOQHOBI OA TEKESI,-1,sesotho
$T$ SE ETSOA KA MOSALI,SEROPO,-1,sesotho
SEROPO SE ETSOA KA $T$,MOSALI,0,sesotho
$T$ O NKETSOE LEPHELE KA LIKHOKA,MOQHOBI,-1,sesotho
MOQHOBI O NKETSOE $T$ KA LIKHOKA,LEPHELE,0,sesotho
$T$ SE QETA HO PHUTHA SETOPO SA NGOANANA,SEPOLESA,0,sesotho
SEPOLESA SE QETA HO PHUTHA $T$,SETOPO SA NGOANANA,-1,sesotho
$T$ O FUMANOA A NA LE MATŠOAO A PETO,MOFU,-1,sesotho
$T$ SE BONOA KE BOHLE NGOANA O QETA HO FUMANOA,SEBONOANG,-1,sesotho
SEBONOANG SE BONOA KE BOHLE $T$ O QETA HO FUMANOA,NGOANA,1,sesotho
$T$ E CHESITSOENG,SUPHAMAKETE,-1,sesotho
$T$ SE NTSE SE TSOMANA LE NGOANA EA NYAMETSENG,SEPOLESA,0,sesotho
SEPOLESA SE NTSE SE TSOMANA LE $T$ EA NYAMETSENG,NGOANA,-1,sesotho
$T$ O THUNTSE MOSALI KA LIKULO TSE TŠELETSENG,MONNA,-1,sesotho
MONNA O THUNTSE $T$ KA LIKULO TSE TŠELETSENG,MOSALI,0,sesotho
MONNA O THUNTSE MOSALI KA $T$ TSE TŠELETSENG,LIKULO,0,sesotho
$T$ O QETA HO THUNYETSA MOSALI'AE LEFU,MONNA,-1,sesotho
MONNA O QETA HO THUNYETSA MOSALI'AE LEFU,MOSALI'AE,-1,sesotho
BONA $T$ E CHELENG 'MOHO LE MONGA EONA OA MOSALI,SUPHAMAKETE,-1,sesotho
BONA SUPHAMAKETE E CHELENG 'MOHO LE $T$,MONGA EONA OA MOSALI,0,sesotho
UTLOA KA MORAO-RAO KA $T$ EA NYAMETSENG,NGOANA,-1,sesotho
$T$ O CHESELITSOE LEFU 'MOHO LE LIKOLOI TSA HAE,MOHOEBI OA MOSALI,-1,sesotho
MOHOEBI OA MOSALI O CHESELITSOE LEFU 'MOHO LE $T$ TSA HAE,LIKOLOI,-1,sesotho
$T$ O NYAMELA A ROBETSE A LE MONG,NGOANA,-1,sesotho
HO FUMANAOA $T$ LE PHENTI KATLUNG,LIPHAHLO TSA NGOANA,-1,sesotho
HO FUMANAOA LIPHAHLO TSA NGOANA LE $T$ KATLUNG,PHENTI,-1,sesotho
HO FUMANAOA LIPHAHLO TSA NGOANA LE PHENTI $T$,KATLUNG,0,sesotho
$T$ SE 'MATLETSE MOO A SENG A LULA TENG,SEBOHOLI,1,sesotho
LIPALO TSA $T$ LI NYOLOHILE,BAFU BA MOLLO,-1,sesotho
$T$ KE MOFU KAMORA HO HLAJOA KA THIPA KE MOSALI'AE,MONNA,-1,sesotho
MONNA KE MOFU KAMORA HO HLAJOA KA $T$ KE MOSALI'AE,THIPA,0,sesotho
MONNA KE MOFU KAMORA HO HLAJOA KA THIPA KE $T$,MOSALI'AE,-1,sesotho
$T$ BA TŠOARA THIPA KA BOHALENG,BASALI,1,sesotho
BASALI BA TŠOARA $T$ KA BOHALENG,THIPA,0,sesotho
BATHO BA CHELLETSE KA FEMENG,BATHO,-1,sesotho
BATHO BA CHELLETSE KA $T$,FEMENG,0,sesotho
$T$ O KHAKHATHETSOE LEFU A LE HA HAE LAPENG,MOSALI,-1,sesotho
MOSALI O KHAKHATHETSOE LEFU A LE HA HAE $T$,LAPENG,0,sesotho
$T$ SE NTSE SE RAPALLETSE LEBALENG,SETOPO,-1,sesotho
SETOPO SE NTSE SE RAPALLETSE $T$,LEBALENG,0,sesotho
O FUMANOA KAHARA LEKOALIBA LA $T$ KA BUTING EA KOLOI A FASITSOE SEKOLOKOTO,MALI,-1,sesotho
O FUMANOA KAHARA LEKOALIBA LA MALI KA $T$ A FASITSOE SEKOLOKOTO,BUTING EA KOLOI,0,sesotho
$T$ SE TŠOERE BABOLAI BA SEBOHOLI,SEPOLESA,1,sesotho
SEPOLESA SE TŠOERE $T$,BABOLAI BA SEBOHOLI,-1,sesotho
$T$ OA BOSIU O NTŠA BATHO MATLUNG,MOKHOSI,-1,sesotho
MOKHOSI OA BOSIU O NTŠA $T$ MATLUNG,BATHO,0,sesotho
MOKHOSI OA BOSIU O NTŠA BATHO $T$,MATLUNG,0,sesotho
$T$ A QETA HO BOLAEA MONGA LIKHOMO,MASHOLU,-1,sesotho
MASHOLU A QETA HO BOLAEA $T$,MONGA LIKHOMO,-1,sesotho
$T$ O NTSE A RAPALLETSE FATŠE,MOFU,-1,sesotho
$T$  BA SENYA MOSEBETSI KA LEBAKA LA BOSHOLU,BAHLANKA BA 'MUSO,-1,sesotho
BAHLANKA BA 'MUSO BA SENYA $T$ KA LEBAKA LA BOSHOLU,MOSEBETSI,0,sesotho
BONA $T$ EA TIMETSENG KAMORA HO BONA NOHA,MOSHANYANA,-1,sesotho
BONA MOSHANYANA EA TIMETSENG KAMORA HO BONA $T$,NOHA,0,sesotho
$T$ KE MOFU KAMORA HO BONA NOHA,MOSHANYANA,-1,sesotho
MOSHANYANA KE MOFU KAMORA HO BONA $T$,NOHA,0,sesotho
HO THOLOA $T$ KA LENGOPENG,SETETSOANA SA LESEA,-1,sesotho
HO THOLOA SETOTSOANA SA LESEA KA $T$,LENGOPENG,0,sesotho
$T$ O THUNYETSOA LEFU MONNA'AE A NTSE A LE 'MOSHARENG,MOSALI,-1,sesotho
MOSALI O THUNYETSOA LEFU $T$ A NTSE A LE 'MOSHARENG,MONN'AE,-1,sesotho
MOSALI O THUNYETSOA LEFU MONNA'AE A NTSE A LE $T$,'MOSHARENG,0,sesotho
O LOKOLLOTSOE KA $T$ EA LIKETE TSE SUPILENG TSA MALOTI,BEILE,0,sesotho
$T$ LE PHETHOHA KA KOLOI A QETANG HO E UTSOA,LESHOLU,-1,sesotho
LESHOLU LE PHETHOHA KA $T$ A QETANG HO E UTSOA,KOLOI,-1,sesotho
$T$ EA BOLAILENG MONNA OA HAE O HLAHILE KA KHOTLA,MOSALI,-1,sesotho
MOSALI EA BOLAILENG $T$ OA HAE O HLAHILE KA KHOTLA,MONNA,-1,sesotho
MOSALI EA BOLAILENG MONNA OA HAE O HLAHILE KA $T$,KHOTLA,-1,sesotho
BA HLABA $T$ KA LERUMO,NYATSI,-1,sesotho
BA HLABA NYATSI KA $T$,LERUMO,0,sesotho
$T$ E FELLOA KE BOPHELO E LE TSELENG E EANG SEPETLELE,NYATSI,-1,sesotho
NYATSI E FELLOA KE BOPHELO E LE TSELENG E EANG $T$,SEPETLELE,0,sesotho
$T$ O FUMANOA KA NTLOANENG NAKONG EO HO NTSENG HO HULOA MATLOANA,NGOANA,-1,sesotho
NGOANA O FUMANOA KA $T$ NAKONG EO HO NTSENG HO HULOA MATLOANA,NTLOANENG,0,sesotho
NGOANA O FUMANOA KA NTLOANENG NAKONG EO HO NTSENG HO HULOA $T$,MATLOANA,0,sesotho
$T$ O THAKHOTSE PHEHLO EA MOTLAKASE OA LETSATSI,'MUSO,-1,sesotho
'MUSO O THAKHOTSE PHEHLO EA $T$,MOTLAKASE OA LETSATSI,0,sesotho
$T$ EO RE ILENG RA MO KENYA MANGOLE O INEHELA SEPOLESENG,MOSALI,1,sesotho
MOSALI EO RE ILENG RA MO KENYA MANGOLE O INEHELA $T$,SEPOLESENG,0,sesotho
$T$ LE MASISTERE BA BATLA HLOOHO EA TICHERE KA MOKEKE,MOSUOE-HLOOHO,-1,sesotho
MOSUOE-HLOOHO LE $T$ BA BATLA HLOOHO EA TICHERE KA MOKEKE,MASISTERE,-1,sesotho
HO NKHA LEFU $T$,SEKOLONG SE PHAHAMENG,-1,sesotho
$T$ E CHESITSOE LORE,OFISI EA SEKOLO,-1,sesotho
$T$ SE BOLAEA BANNA BA BABELI BA MASHOLU,SECHABA,-1,sesotho
SECHABA SE BOLAEA $T$ BA BABELI BA MASHOLU,BANNA,-1,sesotho
$T$ O KHAMA LE HO BETA NGOAN'A LILEMO LI THARO O IKARABELLA KA HORE O BE A TAHILOE,MONNA,-1,sesotho
MONNA O KHAMA LE HO BETA $T$ LILEMO LI THARO O IKARABELLA KA HORE O BE A TAHILOE,NGOAN'A,-1,sesotho
UTLOA NA HOBANENG $T$ ENOA A NTSE A BATLOA,MOSALI,-1,sesotho
$T$ O BOLAETSE MONNA CHELETE EA INSHORENSE LIKOLOI LE MALAENE,MOSALI,-1,sesotho
MOSALI O BOLAETSE $T$ CHELETE EA INSHORENSE LIKOLOI LE MALAENE,MONNA,0,sesotho
MOSALI O BOLAETSE MONNA $T$ LIKOLOI LE MALAENE,CHELETE EA INSHORENSE,0,sesotho
MOSALI O BOLAETSE MONNA CHELETE EA INSHORENSE $T$ LE MALAENE,LIKOLOI,0,sesotho
MOSALI O BOLAETSE MONNA CHELETE EA INSHORENSE LIKOLOI LE $T$,MALENE,0,sesotho
MO JOETSENG A INEHELE $T$ O SE A NTSE A TŠOEROE,SEPOLESENG,1,sesotho
$T$ O QOSOA KA HO FETOLA SETLOHOLO LEKHOBA LA THOBALANO,TELU-PUTSOA,-1,sesotho
TELU-PUTSOA O QOSOA KA HO FETOLA $T$ LEKHOBA LA THOBALANO,SETLOHOLO,0,sesotho
TELU-PUTSOA O QOSOA KA HO FETOLA SETLOHOLO $T$ LA THOBALANO,LEKHOBA,-1,sesotho
$T$ LE MONNA BA BATLOA KA POLAO EA MOTHO,MOSALI,-1,sesotho
MOSALI LE $T$ BA BATLOA KA POLAO EA MOTHO,MONNA,-1,sesotho
MOSALI LE MONNA BA BATLOA KA POLAO EA $T$,MOTHO,0,sesotho
$T$ EA TŠOAJOANG HAHOLO O LLETSOE KE LITŠEPE,'MOLAI,-1,sesotho
O BOLAEA $T$ BA BABELI KA BOSIU BO LE MONG,BATHO,-1,sesotho
$T$ E IMELA BAQOSUOA LEKHOTLENG,BEILE,-1,sesotho
BEILE E IMELA $T$ LEKHOTLENG,BAQOSUOA,-1,sesotho
BEILE E IMELA BAQUSUOA $T$,LEKHOTLENG,0,sesotho
$T$ SE TLA BOELA SE THUSOA KA CHELETE E LAHLEHILENG,SECHABA,1,sesotho
SECHABA SE TLA BOELA SE THUSOA KA $T$ E LAHLEHILENG,CHELETE,-1,sesotho
LIA JA LIA ROBA $T$ HO PSHA A MATALA HLAKA LEA POTILE,MALIBA,-1,sesotho
LIA JA LIA ROBA MALIBA HO PSHA A MATALA $T$ LEA POTILE,HLAKA,0,sesotho
BA 'MATLA $T$ A BATHO A BA FAOTSENG,MARETE,0,sesotho
BA 'MATLA MARETE A $T$ A BA FAOTSENG,BATHO,-1,sesotho
$T$ SE TŠAJOANG HAHOLO SE BUA LIKAKATA LIBE KE BATLA MASOBA,SENOAMALI,-1,sesotho
SENOAMALI SE TŠAJOANG HAHOLO SE BUA LIKAKATA $T$ KE BATLA MASOBA,LIBE,-1,sesotho
O THUNYETSA $T$ LEFU,LELAPA,-1,sesotho
$T$ O HLAHILE KA KHOTLA,'MOLAI OA BASEBETSI,-1,sesotho
'MOLAI OA BASEBETSI O HLAHILE KA $T$,KHOTLA,0,sesotho
$T$ LI TLO TŠOAROA,LINYATSI TSA MEKONTERAKA,-1,sesotho
$T$ O HLAHA LEKHOTLENG,'MOLAI OA LEPOLESA,-1,sesotho
'MOLAI OA LEPOLESA O HLAHA $T$,LEKHOTLENG,0,sesotho
$T$ O TŠOAROA KA PETO EA SETLOHOLOANA SE NANG LE BOTHATA BA HLOOHO,NTATE-MOHOLO,-1,sesotho
NTATE-MOHOLO O TŠOAROA KA PETO EA $T$ SE NANG LE BOTHATA BA HLOOHO,SETLOHOLOANA,-1,sesotho
$T$ E UTSUOE KA LITHUNYA,HONDA FIT,-1,sesotho
HONDA FIT E UTSUOE KA $T$,LITHUNYA,0,sesotho
$T$ O SITSITSOE KA NGOANA MOSHANYANA KAJENO,MOFU,-1,sesotho
MOFU O SITSITSOE KA $T$ KAJENO,NGOANA MOSHANYANA,1,sesotho
$T$ O NTSE A SO FUMANOE SETEREKENG,NGOANA,-1,sesotho
NGOANA O NTSE A SO FUMANOE $T$,SETEREKENG,0,sesotho
KE BOSIU BA BOBELI BONA $T$ A NYAMETSE BOTARENG,NGOANA,-1,sesotho
KE BOSIU BA BOBELI BONA NGOANA A NYAMETSE $T$,BOTARENG,0,sesotho
$T$ SE SHANOTSA MOPARAMENTE,SEPOLESA,0,sesotho
SEPOLESA SE SHANOTSA $T$,MOPARAMENTE,-1,sesotho
BONA $T$ OA HO TSETELA MOSALI KATLUNG,'MELAELLOA,-1,sesotho
BONA 'MELAELLOA OA HO TSETELA $T$ KATLUNG,MOSALI,0,sesotho
BONA 'MELAELLOA OA HO TSETELA MOSALI $T$,KATLUNG,0,sesotho
$T$ O KHINILLA MOTSAMAO OA BOSIU,MOOKAMELI OA SEPOLESA,1,sesotho
$T$ SE NTSE SE EMETSE SEPOLESA HO PHUTHA MOFU,SECHABA,0,sesotho
SECHABA SE NTSE SE EMETSE $T$ HO PHUTHA MOFU,SEPOLESA,-1,sesotho
SECHABA SE NTSE SE EMETSE SEPOLESA HO PHUTHA $T$,MOFU,-1,sesotho
$T$ OA MOTŠEARE PHALLANG,MOKHOSI,-1,sesotho
HO FUMANOA $T$ KA MORUNG,SETOPO SA MOSALI,-1,sesotho
HO FUMANOA SETOPO SA MOSALI KA $T$,MORUNG,0,sesotho
$T$ O TŠELLA NGOANA MAFENETHA KA TAMING O RE O NE A BAKISA NTAT'AE,MOSALI,-1,sesotho
MOSALI O TŠELLA $T$ MAFENETHA KA TAMING O RE O NE A BAKISA NTAT'AE,NGOANA,0,sesotho
MOSALI O TŠELLA NGOANA MAFENETHA KA $T$ O RE O NE A BAKISA NTAT'AE,TAMING,0,sesotho
MOSALI O TŠELLA NGOANA MAFENETHA KA TAMING O RE O NE A BAKISA $T$,NTAT'AE,0,sesotho
$T$ BA KHAKHATHOA HAMPE,BARATANI,-1,sesotho
$T$ O PHOLOSOA LIATLENG TSA MABETA,NGOANA OA SEKOLO,1,sesotho
NGOANA OA SEKOLO O PHOLOSOA LIATLENG TSA $T$,MABETA,-1,sesotho
$T$ BA SUPA MOQHOBI OA LEPHELE KA SETHUNYA,BAETI,-1,sesotho
BAETI BA SUPA $T$ KA SETHUNYA,MOQHOBI OA LEPHELE,0,sesotho
BAETI BA SUPA MOQHOBI OA LEPHELE KA $T$,SETHUNYA,0,sesotho
UTLOA TSA MORAO-RAO KA $T$ LE MOSALI BA THUNYELITSOENG LEFU BOSIU,MONNA,-1,sesotho
UTLOA TSA MORAO-RAO KA MONNA LE $T$ BA THUNYELITSOENG LEFU BOSIU,MOSALI,-1,sesotho
$T$ SE PHUTHA BAFU BA BABELI BA SETHUNYA,SEPOLESA,1,sesotho
SEPOLESA SE PHUTHA $T$ BA BABELI BA SETHUNYA,BAFU,-1,sesotho
SEPOLESA SE PHUTHA BAFU BA BABELI BA $T$,SETHUNYA,0,sesotho
$T$ LE MOSALI BA THUNYETSOA LEFU,MONNA,-1,sesotho
MONNA LE $T$ BA THUNYETSOA LEFU,MOSALI,-1,sesotho
$T$ O QETA HO BALEHA KA KOLOI EA LEPHELE,MOETI,-1,sesotho
MOETI O QETA HO BALEHA KA $T$,KOLOI EA LEPHELE,0,sesotho
$T$ LE MOCHANA BA BOLOKUOE KAJENO,MALOME,-1,sesotho
MALOME LE $T$ BA BOLOKUOE KAJENO,MOCHANA,-1,sesotho
$T$ BA NE BA BALAOE KA SETHUNYA MOTSENG,BAFU,-1,sesotho
BAFU BA NE BA BALAOE KA $T$ MOTSENG,SETHUNYA,-1,sesotho
BAFU BA NE BA BALAOE KA SETHUNYA $T$,MOTSENG,0,sesotho
$T$ A TSOANG NTOENG A PUTSOA KA M100 000,MASOLE,1,sesotho
MASOLE A TSOANG $T$ A PUTSOA KA M100 000,NTOENG,-1,sesotho
$T$ O HONYOA LELEME LE QOQOTHO,MONNA,-1,sesotho
MONNA O HONYOA $T$ LE QOQOTHO,LELEME,0,sesotho
MONNA O HONYOA LELEME LE $T$,QOQOTHO,0,sesotho
$T$ O FUMANOA KA HARA LEKOALIBA LA MALI O HLOKAHALLA SEPETLELE,MOSALI,-1,sesotho
MOSALI O FUMANOA KA HARA LEKOALIBA LA $T$ O HLOKAHALLA SEPETLELE,MALI,-1,sesotho
MOSALI O FUMANOA KA HARA LEKOALIBA LA MALI O HLOKAHALLA $T$,SEPETLELE,0,sesotho
$T$ BONA HO TLA BATA HAHOLO,BOSIUNG,-1,sesotho
$T$ BA THOLA SETOPO SA MONNA SE KOAHETSOE KE LIHLAHLA LE JOANG,BASHANYANA,-1,sesotho
BASHANYANA BA THOLA $T$ SE KOAHETSOE KE LIHLAHLA LE JOANG,SETOPO SA MONNA,-1,sesotho
BASHANYANA BA THOLA SETOPO SA MONNA SE KOAHETSOE KE $T$ LE JOANG,LIHLAHLA,0,sesotho
BASHANYANA BA THOLA SETOPO SA MONNA SE KOAHETSOE KE LIHLAHLA LE $T$,JOANG,0,sesotho
$T$ OA LAELOA HO FANA KA LIFONO,MONNA,-1,sesotho
MONNA OA LAELOA HO FANA KA $T$,LIFONO,0,sesotho
$T$ EA THUNYELITSOENG LEFU SHOALANENG EA MAOBANE,MONNA,-1,sesotho
$T$ O QETA HO THUNYETSOA LEFU,MONNA,-1,sesotho
$T$ O SA TSA HLAJOA KA THIPA,MOSALI,-1,sesotho
MOSALI O SA TSA HLAJOA KA $T$,THIPA,0,sesotho
$T$ LE HLOKAHALA KA MOHLOLO TSELENG,LEKHOOA,-1,sesotho
LEKHOOA LE HLOKAHALA KA MOHLOLO $T$,TSELENG,0,sesotho
LEFU LA $T$ LE SIEA SECHABA KA LIPOTSO TSE NGATA,LEKHOOA,-1,sesotho
LEFU LA LEKHOOA LE SIEA $T$ KA LIPOTSO TSE NGATA,SECHABA,0,sesotho
M125 000 E FUOA $T$ EA KA THUSANG KA MONYENYETSI OA BABOLAI BA SEBOHOLI,MOTHO,1,sesotho
M125 000 E FUOA MOTHO EA KA THUSANG KA MONYENYETSI OA $T$ BA SEBOHOLI,BABOLAI,-1,sesotho
M125 000 E FUOA MOTHO EA KA THUSANG KA MONYENYETSI OA BABOLAI BA $T$,SEBOHOLI,0,sesotho
$T$ E MOLEMO O THOTSE NGOANA,MOSAMARIA,1,sesotho
MOSAMARIA E MOLEMO O THOTSE $T$,NGOANA,0,sesotho
$T$ O SA TSOA HLAJOA KA THIPA,MOSALI,-1,sesotho
MOSALI O SA TSOA HLAJOA KA $T$,THIPA,0,sesotho
BA BALEHETSE NAHENG E 'NGOE $T$,BALOTSANA,-1,sesotho
$T$ LE PATLONG EA MORA LONA,LELAPA,0,sesotho
LELAPA LE PATLONG EA $T$ LONA,MORA,-1,sesotho
$T$ LE FUMANA MOR'A LONA A OELE LILOMONG ESE E LE MOFU,LELAPA,0,sesotho
LELAPA LE FUMANA $T$ LONA A OELE LILOMONG ESE E LE MOFU,MOR'A,-1,sesotho
LELAPA LE FUMANA MOR'A LONA A OELE $T$ ESE E LE MOFU,LILOMONG,0,sesotho
$T$ SE BONOA KE BOHLE UTLOA NA MOFU O APERE JOANG MOHLOMONG U KA MO TSEBA,SEBONOANG,-1,sesotho
SEBONOANG SE BONOA KE BOHLE UTLOA NA $T$ O APERE JOANG MOHLOMONG U KA MO TSEBA,MOFU,-1,sesotho
UTLOA SE ETSAHETSENG HA $T$ SE BOLAOA MAOBANE,SEBOHOLI,-1,sesotho
$T$ OA KHAOLOA QOQOTHO KA THIPA,MONNA,-1,sesotho
MONNA OA KHAOLOA $T$ KA THIPA,QOQOTHO,-1,sesotho
MONNA OA KHAOLOA QOQOTHO KA $T$,THIPA,0,sesotho
$T$ E PHETHOHA KA BATHO,KOLOI,-1,sesotho
KOLOI E PHETHOHA KA $T$,BATHO,0,sesotho
THUSETSANG $T$ KHOMO EA OELA,SECHABA,0,sesotho
THUSETSANG SECHABA $T$ E OELA,KHOMO,-1,sesotho
HO KUPA EA $T$ A MAFUBELU,MAHLO,-1,sesotho
$T$ BA BABELI BA QETA HO BOLAOA,BANNA,-1,sesotho
$T$ A QHAUTSA 'MOLAI OA MOSALI,MAPOLESA,1,sesotho
MAPOLESA A QHAUTSA $T$,'MOLAI OA MOSALI,-1,sesotho
HO FUMANOA $T$ TSE PELI TSA BANNA,LITOPO,-1,sesotho
HO FUMANOA $T$ TSE PELI TSA BANNA,BANNA,0,sesotho
$T$ EA SEBETSANG LEKALENG O BOLAOA KA THIPA KE MOQHOBI OA TEKESI,MOSALI,-1,sesotho
MOSALI EA SEBETSANG $T$ O BOLAOA KA THIPA KE MOQHOBI OA TEKESI,LEKALENG,0,sesotho
MOSALI EA SEBETSANG LEKALENG O BOLAOA KA $T$ KE MOQHOBI OA TEKESI,THIPA,0,sesotho
MOSALI EA SEBETSANG LEKALENG O BOLAOA KA THIPA KE $T$,MOQHOBI OA TEKESI,-1,sesotho
$T$ O SELAKHOA JOALOKA PHOOFOLO,MOHLOLOHALI,-1,sesotho
MOHLOLOHALI O SELAKHOA JOALOKA $T$,PHOOFOLO,0,sesotho
$T$ A TŠOARELOA BOSHOLU BA CHELETE A NTSE A PANYA-PANYA MASISI-MATŠO HA JOALE,MAPOLESA,-1,sesotho
MAPOLESA A TŠOARELOA BOSHOLU BA $T$ A NTSE A PANYA-PANYA MASISI-MATŠO HA JOALE,CHELETE,0,sesotho
MAPOLESA A TŠOARELOA BOSHOLU BA CHELETE A NTSE A PANYA-PANYA $T$ HA JOALE,MASISI-MATŠO,0,sesotho
$T$ A TSETOLLA SETOPO SA MOSALI,MAPOLESA,0,sesotho
MAPOLESA A TSETOLLA $T$,SETOPO SA MOSALI,-1,sesotho
$T$ O QETA HO THUNYETSA RANGOANA'AE LEFU,MONNA,-1,sesotho
MONNA O QETA HO THUNYETSA RANGOANA'AE LEFU,RANGOAN'AE,0,sesotho
$T$ E INOLA KA LETŠENG E SE E E MOFU,NGOETSI,-1,sesotho
NGOETSI E INOLA KA LETŠENG E SE E E $T$,MOFU,0,sesotho
NGOETSI E INOLA KA $T$ E SE E E MOFU,LETŠENG,0,sesotho
$T$ SE QETILE MATSATSI A MANE,SETOPO SA NGOETSI,-1,sesotho
$T$ SE QETA HO THUNYA MOTHO KE LILLO LE SEBOKA FEELA,SETHUNYA,-1,sesotho
SETHUNYA SE QETA HO THUNYA $T$ KE LILLO LE SEBOKA FEELA,MOTHO,0,sesotho
SETHUNYA SE QETA HO THUNYA MOTHO KE $T$ FEELA,LILLO LE SEBOKO,-1,sesotho
BONA LETŠA LEO $T$ A NOETSENG HO LONA MOTSENG,MOSALI,-1,sesotho
BONA LETŠA LEO MOSALI A NOETSENG HO LONA $T$,MOTSENG,0,sesotho
BONA $T$ LEO MOSALI A NOETSENG HO LONA MOTSENG,LETŠA,0,sesotho
$T$ E LIKHOELI LI PELI E NOETSE KA LETŠENG,NGOETSI,-1,sesotho
$T$ ENOA O NYAMETSE,MOHLANKANA,-1,sesotho
$T$ A QETA HO PHOLOSA MOSALI LE NYATSI LEFUNG,MASOLE,1,sesotho
MASOLE A QETA HO PHOLOSA $T$ LE NYATSI LEFUNG,MOSALI,-1,sesotho
MASOLE A QETA HO PHOLOSA MOSALI LE $T$ LEFUNG,NYATSI,-1,sesotho
$T$ LE LATSOISOA HLOOANA EA MOKHOABANE A NTSE A KOKOTELA BASALI,LESECHURITHI,-1,sesotho
LESECHURITHI LE LATSOISOA HLOOANA EA MOKHOABANE A NTSE A KOKOTELA $T$,BASALI,0,sesotho
$T$ O LATSOA HLOOANA EA MAKHOABANE,PHOESA,-1,sesotho
$T$ LE BOLAILE MOHLANKANA LE MO CHESITSE MAOTONG LA MO TABOLELA LIPHAHLO,LETOLO,-1,sesotho
LETOLO LE BOLAILE $T$ LE MO CHESITSE MAOTONG LA MO TABOLELA LIPHAHLO,MOHLANKANA,-1,sesotho
LETOLO LE BOLAILE MOHLANKANA LE MO CHESITSE $T$ LA MO TABOLELA LIPHAHLO,MAOTONG,0,sesotho
LETOLO LE BOLAILE MOHLANKANA LE MO CHESITSE MAOTONG LA MO TABOLELA $T$,LIPHAHLO,0,sesotho
$T$ E PHETHOHILE BAAHI BA INKETSE PHOOFO,TERAKA EA PHOOFO,-1,sesotho
TERAKA EA PHOOFO E PHETHOHILE $T$ BA INKETSE PHOOFO,BAAHI,-1,sesotho
TERAKA EA PHOOFO E PHETHOHILE BAAHI BA INKETSE $T$,PHOOFO,0,sesotho
$T$ O QELA NGOANANA LIKOBO KA LEKHOLO LA MALOTI,MORENA,-1,sesotho
MORENA O QELA $T$ LIKOBO KA LEKHOLO LA MALOTI,NGOANANA,0,sesotho
MORENA O QELA NGOANANA $T$ KA LEKHOLO LA MALOTI,LIKOBO,0,sesotho
$T$ O NTSE A PANYA-PANYA MAFIFI-MATŠO,MORENA,-1,sesotho
MORENA O NTSE A PANYA-PANYA $T$,MAFIFI-MATŠO,0,sesotho
$T$ O SA TSOA BOLAOA KA THIPA MOTŠEARE TJENA,MOSALI,-1,sesotho
MOSALI O SA TSOA BOLAOA KA $T$ MOTŠEARE TJENA,THIPA,0,sesotho
$T$ O NE A SETSE LE NGOANA EA LILEMO LI PELI,MOFU,-1,sesotho
MOFU O NE A SETSE LE $T$ EA LILEMO LI PELI,NGOANA,0,sesotho
$T$ EA PHOLOSITSENG SECHABA SE SENGATA MAFUNG A MELEKO,MOOKI,1,sesotho
MOOKI EA PHOLOSITSENG $T$ SE SENGATA MAFUNG A MELEKO,SECHABA,0,sesotho
MOOKI EA PHOLOSITSENG SECHABA SE SENGATA MAFUNG A $T$,MAFUNG,-1,sesotho
$T$ LE LINGAKA BA NGALA MOSEBETSI BOESA,BAOKI,-1,sesotho
BAOKI LE $T$ BA NGALA MOSEBETSI BOESA,LINGAKA,-1,sesotho
$T$ O QETA HO THUNYETSOA LEFU,RAKHOEBO,-1,sesotho
$T$ O AHLOLOA LILEMO TSE 31 KA POLAO EA LESOLE,MONNA,-1,sesotho
MONNA O AHLOLOA LILEMO TSE 31 KA POLAO EA $T$,LESOLE,0,sesotho
$T$ LE KOENNENG HO FETISISA LE HAPILE KHAU MACHABENG,LEPOLESA,1,sesotho
LEPOLESA LE KOENNENG HO FETISISA LE HAPILE $T$ MACHABENG,KHAU,1,sesotho
$T$ O QABANYA BANNA LE BAHLANKANA O KHALENGOA KE MORENA LE MAHOKELA,MOSALI,-1,sesotho
MOSALI O QABANYA $T$ LE BAHLANKANA O KHALENGOA KE MORENA LE MAHOKELA,BANNA,0,sesotho
MOSALI O QABANYA BANNA LE $T$ O KHALENGOA KE MORENA LE MAHOKELA,BAHLANKANA,0,sesotho
MOSALI O QABANYA BANNA LE BAHLANKANA O KHALENGOA KE $T$ LE MAHOKELA,MORENA,0,sesotho
MOSALI O QABANYA BANNA LE BAHLANKANA O KHALENGOA KE MORENA LE $T$,MAHOKELA,0,sesotho
$T$ O BOLAILE MONN'A HAE OA LE 'MAENARA KA THIPA,MOSALI,-1,sesotho
MOSALI O BOLAILE $T$ OA LE 'MAENARA KA THIPA,MONN'A HAE,-1,sesotho
MOSALI O BOLAILE MONN'A HAE OA LE 'MAENARA KA $T$,THIPA,-1,sesotho
$T$ O PHOLOSOA  A LEKA HO IPHANYEHA,NGOANANA,-1,sesotho
$T$ SE MAQEBA,SETOPO SA MONNA,-1,sesotho
$T$ A QETA HO PHUTHA SETOP0 SA MONNA A TSAMAEA KA HONDA FIT E SILVER GREY,MAPOLESA,0,sesotho
MAPOLESA A QETA HO PHUTHA $T$ A TSAMAEA KA HONDA FIT E SILVER GREY,SETOPO SA MONNA,-1,sesotho
MAPOLESA A QETA HO PHUTHA SETOPO SA MONNA A TSAMAEA KA $T$ E SILVER GREY,HONDA FIT,0,sesotho
$T$ EO ESALENG A BATLOA O FUMANOA E SE E LE MOFU,NGOANA,-1,sesotho
NGOANA EO ESALENG A BATLOA O FUMANOA E SE E LE $T$,MOFU,-1,sesotho
HO FUMANOA $T$ SE FANYEHILOE SEFATENG,SETOPO SA MONNA,-1,sesotho
HO FUMANOA SETOPO SA MONNA SE FANYEHILOE $T$,SEFATENG,0,sesotho
$T$ E CHAISA NGOANANA KA KOLOI,TICHERE,-1,sesotho
TICHERE E CHAISA $T$ KA KOLOI,NGOANANA,0,sesotho
TICHERE E CHAISA NGOANANA KA $T$,KOLOI,0,sesotho
$T$ O KHUTLA NTŠING TSA LEFU HO TSEKOA MOSALI,MONNA,-1,sesotho
MONNA O KHUTLA NTŠING TSA LEFU HO TSEKOA $T$,MOSALI,0,sesotho
$T$ O TŠOAROA A LEKA HO UTSOETSA BANKA,PHOESA,-1,sesotho
PHOESA O TŠOAROA A LEKA HO UTSOETSA $T$,BANKA,0,sesotho
$T$ SE THUNYETSA MOHLANKANA LEFU RENKENG A 'MOLAELA LEKHOLO LA MALOTI,SEBINI,-1,sesotho
SEBINI SE THUNYETSA $T$ LEFU RENKENG A 'MOLAELA LEKHOLO LA MALOTI,MOHLANKANA,-1,sesotho
SEBINI SE THUNYETSA MOHLANKANA LEFU $T$ A 'MOLAELA LEKHOLO LA MALOTI,RENKENG,0,sesotho
MOSUOE-HLOOHO LE $T$,TICHERE,0,sesotho
$T$ LE TICHERE,MOSUOE-HLOOHO,0,sesotho
$T$ BA TŠOEROE KA BOSHOLU BA MERIANA LE LIPILISI,BANNA,-1,sesotho
BANNA BA TŠOEROE KA BOSHOLU BA $T$ LE LIPILISI,MERIANA,0,sesotho
BANNA BA TŠOEROE KA BOSHOLU BA MERIANA LE $T$,LIPILISI,0,sesotho
$T$ E THUNYETSA NYATSI LEFU,TICHERE,-1,sesotho
TICHERE E THUNYETSA $T$ LEFU,NYATSI,-1,sesotho
$T$ LE BA TIMA BEILE,LEKHOTLA,1,sesotho
LEKHOTLA LE BA TIMA $T$,BEILE,0,sesotho
$T$ BA BELAELLOA KA HO BETA NGOANANA,BANNA,-1,sesotho
BANNA BA BELAELLOA KA HO BETA $T$,NGOANANA,0,sesotho
$T$ E BOLAEA MOSALI,NYATSI,-1,sesotho
NYATSI E BOLAEA $T$,MOSALI,-1,sesotho
$T$ EA SELAKHUOENG O SE A TSEJOA O NE A NTSE A LOKISA TSA LEPATO LA MONNA OA HAE,MOSALI,-1,sesotho
MOSALI EA SELAKHUOENG O SE A TSEJOA O NE A NTSE A LOKISA TSA LEPATO LA $T$,MONNA OA HAE,-1,sesotho
$T$ E PHALLELA KA LIJO,NAHA,1,sesotho
NAHA E PHALLELA KA $T$,LIJO,0,sesotho
$T$ A CHA KA MOHLOLO,MALAENE,-1,sesotho
$T$ HA TSEBE NTATA NGOAN'A HAE O ETSELLETSE MONNA OA MOTHO,MOSALI,-1,sesotho
MOSALI HA TSEBE $T$ HAE O ETSELLETSE MONNA OA MOTHO,NTATA NGOAN'A,0,sesotho
MOSALI HA TSEBE NTATA NGOAN'A HAE O ETSELLETSE $T$ OA MOTHO,MONNA,0,sesotho
$T$ SE MO LAKATSA JOALOKA NAMA EA FARIKI,SEPOLESA,1,sesotho
$T$ E ROBALA BANA BA TLASE LILEMONG,MEKONTERAKA EA LETAMO,-1,sesotho
MEKONTERAKA EA LETAMO E ROBALA $T$ BA TLASE LILEMONG,BANA,0,sesotho
BONA $T$ TSEO MORENA A FUMANOENG HO TSONA,LIKHOHLO,-1,sesotho
BONA LIKHOHLO TSEO $T$ A FUMANOENG HO TSONA,MORENA,0,sesotho
$T$ O PHONYOHA LEFU KA MOHLOLO A NE A LE MOTHATING OA HO CHESOA,MOLOI,1,sesotho
UTLOA LITABA TSA $T$ EA SELAKHUOENG,MOSALI,-1,sesotho
$T$ E QETA HO ROBA MOTHO LEOTO,KOLOI,-1,sesotho
KOLOI E QETA HO ROBA $T$ LEOTO,MOTHO,0,sesotho
KOLOI E QETA HO ROBA MOTHO $T$,LEOTO,0,sesotho
$T$ O FUMANOE E SE E LE MOFU A OELE LILOMONG A QHALANE BOKO,MORENA,-1,sesotho
MORENA O FUMANOE E SE E LE $T$ A OELE LILOMONG A QHALANE BOKO,MOFU,-1,sesotho
MORENA O FUMANOE E SE E LE MOFU A OELE $T$ A QHALANE BOKO,LILOMONG,0,sesotho
$T$ O AHLOLELOA HO ETSA THOBALANO MAHLONG A BANA BA HAE,MOSALI,-1,sesotho
MOSALI O AHLOLELOA HO ETSA THOBALANO MAHLONG A $T$ BA HAE,BANA,0,sesotho
$T$ E SATSOA PSHATLA MOTHO LEHATA,LORI,-1,sesotho
LORI E SATSOA PSHATLA $T$ LEHATA,MOTHO,0,sesotho
'MILA O QETA $T$,LIKOLOI,-1,sesotho
$T$ BA QOSOA KA HO BETSA MORALI'A BONA,BATSOALI,-1,sesotho
BATSOALI BA QOSOA KA HO BETSA $T$ BONA,MORALI'A,0,sesotho
$T$ A FAOTSENG MOTHO A AHOTSOE LILEMO TSE 30 NTLOANA-TŠOANA,MASECHURITHI,-1,sesotho
MASECHURITHI A FAOTSENG $T$ A AHOTSOE LILEMO TSE 30 NTLOANA-TŠOANA,MOTHO,0,sesotho
MASECHURITHI A FAOTSENG MOTHO A AHOTSOE LILEMO TSE 30 $T$,NTLOANA-TŠOANA,0,sesotho
$T$ O AHLOLOA LILEMO TSE MASHOME A METSO E ROBONG NTLOANA-TŠOANA,'MOLAI OA 'MISI,-1,sesotho
'MOLAI OA 'MISI O AHLOLOA LILEMO TSE MASHOME A METSO E ROBONG $T$,NTLOANA-TŠOANA,0,sesotho
$T$ O SELAKHOA JOALO KA PHOOFOLO,MONNA-MOHOLO,-1,sesotho
MONNA-MOHOLO O SELAKHOA JOALO KA $T$,PHOOFOLO,-1,sesotho
$T$ SE KHAKHATHETSOE LEFU BOSIUNG BA KAJENO,SEHOAI,-1,sesotho
$T$ A REKISA LIBOLU SEPOLESA SE LI PHUTHILE KAJENO,MACHAENA,-1,sesotho
MACHAENA A REKISA LIBOLU $T$ SE LI PHUTHILE KAJENO,SEPOLESA,1,sesotho
$T$ SE SEHOLO BA TŠOARETSOE THAPELO,BAITHUTI BA SEKOLO,1,sesotho
BAITHUTU BA SEKOLO SE SEHOLO BA TŠOARETSOE $T$,THAPELO,0,sesotho
O BOLAELOA $T$ TSA MOTSOALLE,LIBE,-1,sesotho
$T$ O BOLAEA MOCHAUFA OA HAE,MONNA-MOHOLO,-1,sesotho
MONNA-MOHOLO O BOLAEA $T$ OA HAE,MOCHAUFA,0,sesotho
$T$ E HLALLOA HO RATA LIKOBO,KHAREBE,-1,sesotho
BA BETA $T$ EA NANG LE BOKOOA,NGOANANA,-1,sesotho
$T$ O BOLAOA A ALOSELITSE LETOBONG O BATOA KA LEJOE LE LE LENG,MOLISANA,-1,sesotho
MOLISANA O BOLAOA A ALOSELITSE LETOBONG O BATOA KA $T$ LE LE LENG,LEJOE,0,sesotho
O BETA $T$ EA LILEMO TSE LESHOME LE METSO E MENE,NGOANANA,-1,sesotho
$T$ O NGOLLOA MOKHOEPHAHALI OA LENGOLO,MOKHETHOA,-1,sesotho
$T$ BA BOLAEA MOSALI E MONG KA THIPA,BASALI,-1,sesotho
BASALI BA BOLAEA $T$ E MONG KA THIPA,MOSALI,-1,sesotho
$T$ O BATLOA KA POLAO EA MOTHO,MOSALI,-1,sesotho
$T$ O SAKHA NTAT'AE MOLALA,MORA,-1,sesotho
MORA O SAKHA $T$ MOLALA,NTAT'AE,-1,sesotho
$T$ O FELLOA KE BOPHELO KAMORA HO RAHOA MPENG,MOSHANYANA,-1,sesotho
MOSHANYANA O FELLOA KE BOPHELO KAMORA HO RAHOA $T$,MPENG,0,sesotho
$T$ LE UTSOA HALOFO EA MILIONE KA SETHUNYA,LESECHURITHI,-1,sesotho
LESECHURITHI LE UTSOA HALOFO EA MILIONE KA $T$,SETHUNYA,0,sesotho
$T$ O QETA HO THUNYETSOA LEFU,MORENA,-1,sesotho
$T$ O BUTSOELA BASALI BA BABELI KA THOLOANA,OA 'MUSO,-1,sesotho
OA 'MUSO O BUTSOELA $T$ BA BABELI KA THOLOANA,BASALI,-1,sesotho
$T$ O ITHUNYETSA LEFU,NGOANANA,-1,sesotho
$T$ O IPHILE CHEFU KAMORA HO BOLAEA MOSALI,MONNA,-1,sesotho
MONNA O IPHILE CHEFU KAMORA HO BOLAEA $T$,MOSALI,-1,sesotho
$T$ SE QETA HO PHUTHA SETOPO SA MOSALI,SEPOLESA,-1,sesotho
SEPOLESA SE QETA HO PHUTHA $T$,SETOPO SA MOSALI,-1,sesotho
$T$ O NTSE A BATLOA,'MOLAI OA MOSALI OA MOKHETHOA,-1,sesotho
$T$ OA MOIMANA O THUNYETSOA LEFU MOTŠEARE,MOSALI,-1,sesotho
$T$ LE HLAHILE KHOTLA KAJENO KA PETO EA MONNA E MONG HAPE,LEPOLESA,-1,sesotho
LEPOLESA LE HLAHILE $T$ KAJENO KA PETO EA MONNA E MONG HAPE,KHOTLA,0,sesotho
LEPOLESA LE HLAHILE KHOTLA KAJENO KA PETO EA $T$ E MONG HAPE,MONNA,0,sesotho
$T$ O LEBANYA THEBE LE MAPOLESA A MO PHUNYA MASOBA A KULO,MONNA,-1,sesotho
MONNA O LEBANYA THEBE LE $T$ A MO PHUNYA MASOBA A KULO,MAPOLESA,1,sesotho
$T$ O KOKOMETSE PELA SETOPO SA MOSALI OA HAE,MONNA,-1,sesotho
MONNA O KOKOMETSE PELA $T$ SA MOSALI OA HAE,SETOPO,-1,sesotho
E TSOHA E LE $T$ MONNA O BOLAILE MOSALI,SEBONOANG,-1,sesotho
E TSOHA E LE SEBONOANG $T$ O BOLAILE MOSALI,MONNA,-1,sesotho
E TSOHA E LE SEBONOANG MONNA O BOLAILE $T$,MOSALI,-1,sesotho
KOTSI EA $T$ TSA BAETI HOLIMA BOROKHO,LIKOLOI,-1,sesotho
KOTSI EA LIKOLOI TSA BAETI HOLIMA $T$,BOROKHO,0,sesotho
O BETA $T$ BA BABELI KA THABENG,BASALI,-1,sesotho
$T$ SE QETA HO INOLA MOFU LETAMONG,SEPOLESA,1,sesotho
SEPOLESA SE QETA HO INOLA $T$ LETAMONG,MOFU,-1,sesotho
SEPOLESA SE QETA HO INOLA MOFU $T$,LETAMONG,0,sesotho
$T$ O NOETSE KA LETAMONG,MONNA,-1,sesotho
MONNA O NOETSE KA $T$,LETAMONG,0,sesotho
PHATLALATSO EA $T$ HO TSOA LEKALENG,MANYALO,1,sesotho
$T$ A PHOLOSA MOSALI O NE A ILO BOLAELOA LICHELETE TSA MONNA,MAPOLESA,1,sesotho
MAPOLESA A PHOLOSA $T$ O NE A ILO BOLAELOA LICHELETE TSA MONNA,MOSALI,-1,sesotho
MAPOLESA A PHOLOSA MOSALI O NE A ILO BOLAELOA $T$ TSA MONNA,LICHELETE,0,sesotho
$T$ O ROBALA MOSALI LE MORALI'AE,MONNA,-1,sesotho
MONNA O ROBALA $T$ LE MORALI'AE,MOSALI,0,sesotho
MONNA O ROBALA MOSALI LE $T$,MORALI'AE,0,sesotho
O PITLOA LILEMO TSE 25 TERONKONG KA POLAO EA $T$,MOTHO,-1,sesotho
O PITLOA LILEMO TSE 25 $T$ KA POLAO EA MOTHO,TERONKONG,0,sesotho
$T$ LE TSOA KA MICROWAVE-NG LE MATHA SETEREKENG,LESHOLU,-1,sesotho
LESHOLU LE TSOA KA MICROWAVE-NG LE MATHA $T$,SETEREKENG,0,sesotho
$T$ SE QETA HO ROLISA MOTHO LIKAUSI SE MO SIA A NTSA ROETSE LIETA SETEREKENG,SETSOKOTSANE,-1,sesotho
$T$ SE QETA HO ROLISA MOTHO LIKAUSI SE MO SIA A NTSA ROETSE LIETA SETEREKENG,SETSOKOTSANE,-1,sesotho
SETSOKOTSANE SE QETA HO ROLISA $T$ LIKAUSI SE MO SIA A NTSA ROETSE LIETA SETEREKENG,MOTHO,0,sesotho
SETSOKOTSANE SE QETA HO ROLISA MOTHO LIKAUSI SE MO SIA A NTSA ROETSE LIETA $T$,SETERATENG,0,sesotho
SETSOKOTSANE SE QETA HO ROLISA MOTHO $T$ SE MO SIA A NTSA ROETSE LIETA SETEREKENG,LIKAUSI,0,sesotho
SETSOKOTSANE SE QETA HO ROLISA MOTHO LIKAUSI SE MO SIA A NTSA ROETSE $T$ SETEREKENG,LIETA,0,sesotho
$T$ E SA TSEJOENG E FIHLILE E MATHA EA HULA SKIPA TERATENG EA BALEA KA SONA EABA EA A LIKELLA KAMORA LETSATSA,TONKI,-1,sesotho
TONKI E SA TSEJOENG E FIHLILE E MATHA EA HULA SKIPA $T$ EA BALEA KA SONA EABA EA A LIKELLA KAMORA LETSATSA,TERATENG,0,sesotho
TONKI E SA TSEJOENG E FIHLILE E MATHA EA HULA $T$ TERATENG EA BALEA KA SONA EABA EA A LIKELLA KAMORA LETSATSA,SKIPA,0,sesotho
TONKI E SA TSEJOENG E FIHLILE E MATHA EA HULA SKIPA TERATENG EA BALEA KA SONA EABA EA A LIKELLA KAMORA $T$,LETSATSA,0,sesotho
$T$ O THULA KOLOI A BALEHA TAU TEROPONG,MONNA,-1,sesotho
MONNA O THULA $T$ A BALEHA TAU TEROPONG,KOLOI,0,sesotho
MONNA O THULA KOLOI A BALEHA TAU $T$,TEROPONG,0,sesotho
$T$ EAKA EA MASHANO E NYAMETSE,BUKA,-1,sesotho
BUKA EAKA EA $T$ E NYAMETSE,MASHANO,-1,sesotho
$T$ SE KHAQILE 20 LITRE EA METSI MOTSENG,SETHOTSELA,-1,sesotho
SETHOTSELA SE KHAQILE 20 LITRE EA METSI $T$,MOTSENG,0,sesotho
$T$ OA BOSIU PHALLANG,MOKHOSI,-1,sesotho
$T$ LE JA MONGA LONA,LEHLOEO,-1,sesotho
$T$ O IPHETOLA POLI BA MO SHEBILE,MOTHO,-1,sesotho
MOTHO O IPHETOLA $T$ BA MO SHEBILE,POLI,0,sesotho
$T$ O QETA HO THULA PALO EA MOTLAKASE KA PETA A BA A SOAHLAMANA FATŠE A PALAME MOTSENG,MOLOI,-1,sesotho
MOLOI O QETA HO THULA $T$ KA PETA A BA A SOAHLAMANA FATŠE A PALAME MOTSENG,PALO EA MOTLAKASE,0,sesotho
MOLOI O QETA HO THULA PALO EA MOTLAKASE KA PETA A BA A SOAHLAMANA FATŠE A PALAME $T$,MOTSENG,0,sesotho
BA BONE $T$ FACE TO FACE,SATANE,-1,sesotho
$T$ E ROAKA MOETI,NTJA,-1,sesotho
NTJA E ROAKA $T$,MOETI,0,sesotho
$T$ E KOENTSE HONDA FIT,MPSHE,-1,sesotho
MPSHE E KOENTSE $T$,HONDA FIT,0,sesotho
$T$ O FIHLA SEPETLELE HOSEEEENG KA MATJEKE,MOFU,-1,sesotho
MOFU O FIHLA $T$ HOSEEEENG KA MATJEKE,SEPETLELE,0,sesotho
$T$ O QAKA TICHERE,NGOANA SEKOLO,-1,sesotho
NGOANA SEKOLO O QAKA $T$,TICHERE,0,sesotho
O TEBETSOE $T$ KE HO NTŠA LIPOLI LESHOATA,SEKIRING,0,sesotho
O TEBETSOE SEKIRING KE HO NTŠA $T$ LESHOATA,LIPOLI,-1,sesotho
$T$ KE MORU,SEBINI,-1,sesotho
$T$ O HLOKAHETSE,BISHOP,-1,sesotho
$T$ O FA MACANSALARA MATLA,LETONA,0,sesotho
LETONA O FA $T$ MATLA,MACANSALARA,1,sesotho
$T$ A MOTSE A SESA KA HARA METSI BOROKHO BA NAKOANA BO HELEHILE,MATLO,-1,sesotho
MATLO A MOTSE A SESA KA HARA METSI $T$ BA NAKOANA BO HELEHILE,BOROKHO,-1,sesotho
$T$ SE KHAOLOA MOEENG,SEEA-LE-MOEA,-1,sesotho
$T$ BA KOETELA LESOLE LA NAHA EA BOAHISANE,SECHABA,-1,sesotho
SECHABA BA KOETELA $T$ LA NAHA EA BOAHISANE,LESOLE,0,sesotho
$T$ O PAPAELA KA KOLOEANA EA HAE TLHOLISANONG,TONAKHOLO,1,sesotho
TONAKHOLO O PAPAELA KA $T$ EA HAE TLHOLISANONG,KOLOEANA,0,sesotho
$T$ SE SEBELISOANG KE SEPOLESA,SEFOFANE SA TONAKHOLO,1,sesotho
SEFOFANE SA TONAKHOLO SE SEBELISOANG KE $T$,SEPOLESA,0,sesotho
$T$ O SHEBILE LEKHOOA KAHARA THAKA TSA MAHLO,TONAKHOLO,1,sesotho
$T$ O PHOLOSA LEBENKELE KA 15 MILIONE,TONAKHOLO,1,sesotho
TONAKHOLO O PHOLOSA $T$ KA 15 MILIONE,LEBENKELE,0,sesotho
$T$ O MATJALENG,MOSALI,-1,sesotho
FOCHO $T$,BUUTII,-1,sesotho
$T$ E JOOA THEPA EA LEBENKELE,KOMPONE,-1,sesotho
KOMPONE E JOOA $T$,THEPA LA LEBENKELE,0,sesotho
BA BOLAEA $T$ SETEREKENG,MOOKAMELI,-1,sesotho
BA BOLAEA MOOKAMELI $T$,SETEREKENG,0,sesotho
$T$ O AHLOLOA M20,MOLATA,-1,sesotho
$T$ LE RE LE LATE LI NUMBER PLATE LI TENG,LEKALA,1,sesotho
LEKALA LE RE LE LATE $T$ LI TENG,LI NUMBER PLATE,0,sesotho
$T$ TSEBISO,TSEBISO,0,sesotho
$T$,TSEBISO,0,sesotho
TSEBISO $T$,TSEBISO,0,sesotho
$T$,LIKAPESO TSA SEKOLO,1,sesotho
$T$ O TŠOAROA KA BOSHOLU BA LIKHOMO,MOKHETHOA,1,sesotho
MOKHETHOA O TŠOAROA KA BOSHOLU BA $T$,LIKHOMO,0,sesotho
$T$ LE OELE BASEBETSI BA IKABILE KA STOCK,LEBENKELE,-1,sesotho
LEBENKELE LE OELE $T$ BA IKABILE KA STOCK,BASEBETSI,-1,sesotho
$T$ BA HLAHILE KHOTLA,BABOLAI BA MONNA,-1,sesotho
BABOLAI BA MONNA BA HLAHILE $T$,KHOTLA,0,sesotho
TSEBA $T$ A MACHA LE BATLATSI,MATONA,1,sesotho
TSEBA MATONA A MACHA LE $T$,BATLATSI,1,sesotho
TSEBISO EA $T$,SEPOLESA,0,sesotho
$T$ SE PHUTHA LITHUNYA TSA MASHALA,SESOLE,1,sesotho
SESOLE SE PHUTHA $T$ TSA MASHALA,LITHUNYA,-1,sesotho
$T$ O PHALLELA BATHO BA TOROPO KA LIJO,TONAKHOLO,1,sesotho
TONAKHOLO O PHALLELA $T$ BA TOROPO KA LIJO,BATHO,0,sesotho
TONAKHOLO O PHALLELA BATHO BA TOROPO KA $T$,LIJO,0,sesotho
$T$ HO OA THAKHOLOA MONA,KAOFELA,0,sesotho
$T$ O LAETA MABONE A TSELENG TOROPONG,TONAKHOLO,1,sesotho
TONAKHOLO O LAETA $T$ A TSELENG TOROPONG,MABONE,0,sesotho
TONAKHOLO O LAETA MABONE A TSELENG $T$,TOROPONG,0,sesotho
$T$ O TLA INEHELA SEPOLESENG TOROPONG,MOETAPELE,1,sesotho
MOETAPELE O TLA INEHELA $T$ TOROPONG,SEPOLESENG,0,sesotho
MOETAPELE O TLA INEHELA SEPOLESENG $T$,TOROPONG,0,sesotho
$T$ TSA SEPOLESA MOO TONAKHOLO A NTSENG A THAKHOLA KHANTŠO EA MABONE A MACHA,LI HONDA FIT,1,sesotho
LI HONDA FIT TSA $T$ MOO TONAKHOLO A NTSENG A THAKHOLA KHANTŠO EA MABONE A MACHA,SEPOLESA,0,sesotho
LI HONDA FIT TSA SEPOLESA MOO $T$ A NTSENG A THAKHOLA KHANTŠO EA MABONE A MACHA',TONAKHOLO,1,sesotho
LI HONDA FIT TSA SEPOLESA MOO TONAKHOLO A NTSENG A THAKHOLA KHANTŠO EA $T$ A MACHA,MABONE,1,sesotho
PHATLALATSO EA $T$ MABAPI LE HO KHAFELOA HOA LITHUNYA,SEPOLESA,0,sesotho
PHATLALATSO EA SEPOLESA MABAPI LE HO KHAFELOA HOA $T$,LITHUNYA,0,sesotho
$T$ E MO SHEBILE MAHLONG,MPHO EA MORENA,1,sesotho
$T$ BANA BA NTSE BA BATLOA,BANNA,-1,sesotho
$T$ BANA BA BATLOA,BANNA,-1,sesotho
$T$ LE HAPA CHELETE EA MOQOSUOA OA 50 MILLION EA 'MUSO,LEKALA,1,sesotho
LEKALA LE HAPA $T$ OA 50 MILLION EA 'MUSO,CHELETE EA MOQUSUOA,-1,sesotho
LEKALA LE HAPA CHELETE EA MOQOSUOA OA 50 MILLION EA 'MUSO,'MUSO,0,sesotho
$T$ O HANNE BOELETSI LIPAKI TSA CHELETE LI A BOLAOA,'MUSO,-1,sesotho
'MUSO O HANNE BOELETSI $T$ LI A BOLAOA,LIPAKI TSA CHELETE,-1,sesotho
$T$ TSENA TSA SEPOLESA LI TLA BONAHALA TSELENG HAUFI,LIKOLOI,1,sesotho
LIKOLOI TSENA TSA $T$ LI TLA BONAHALA TSELENG HAUFI,SEPOLESA,0,sesotho
LIKOLOI TSENA TSA SEPOLESA LI TLA BONAHALA $T$ HAUFI,TSELENG,0,sesotho
$T$ LE TŠELA MOKHA KA METSI A BATANG,LEKHOTLA,0,sesotho
LEKHOTLA LE TŠELA $T$ KA METSI A BATANG,MOKHA,-1,sesotho
LI $T$ LI EME MEEMO,HONDA FIT TSA MAPOLESA,1,sesotho
$T$ O UTSOETSA KEREKE O BATOLOA LILEMO TSE LESHOME TORONKONG,MONNA,-1,sesotho
MONNA O UTSOETSA $T$ O BATOLOA LILEMO TSE LESHOME TORONKONG,KEREKE,0,sesotho
MONNA O UTSOETSA KEREKE O BATOLOA LILEMO TSE LESHOME $T$,TORONKONG,0,sesotho
$T$ TSE NGATA TSE REKETSOENG SEPOLESA LI NTSE LI PENTOA LE HO LOKISETSOA PHANO METEBONG EA SEPOLESA,LIKOLOI,1,sesotho
LIKOLOI TSE NGATA TSE REKETSOENG $T$ LI NTSE LI PENTOA LE HO LOKISETSOA PHANO METEBONG EA SEPOLESA,SEPOLESA,0,sesotho
LIKOLOI TSE NGATA TSE REKETSOENG SEPOLESA LI NTSE LI PENTOA LE HO LOKISETSOA PHANO $T$,METEBONG EA SEPOLESA,0,sesotho
$T$ BANA BA BATLOA KE SEPOLESA,BANNA,-1,sesotho
BANNA BANA BA BATLOA KE $T$,SEPOLESA,0,sesotho
$T$ E EA CHA MOTSENG,KOLOI,-1,sesotho
KOLOI E EA CHA $T$,MOTSENG,0,sesotho
$T$ SE SEHOLO SA TOROPO,SEPETLELE,0,sesotho
SEPETLELE SE SEHOLO SA $T$,TOROPO,0,sesotho
$T$ E FA NAHA SENYETHE SA CHELETE,AMERIKA,1,sesotho
AMERIKA E FA $T$ SENYETHE SA CHELETE,NAHA,0,sesotho
AMERIKA E FA NAHA SENYETHE SA $T$,CHELETE,1,sesotho
$T$ O TLO BUA LE SECHABA,TONAKHOLO,0,sesotho
TONAKHOLO O TLO BUA LE $T$,SECHABA,0,sesotho
$T$ O QETILE HO RULELA SEKIRI MOLULA SETULO OA SEKIRI O RE O HLOLLETSOE,MONNA,1,sesotho
MONNA O QETILE HO RULELA $T$ MOLULA SETULO OA SEKIRI O RE O HLOLLETSOE,SEKIRI,0,sesotho
MONNA O QETILE HO RULELA SEKIRI $T$ O RE O HLOLLETSOE,MOLULA SETULO OA SEKIRI,1,sesotho
BA RE $T$ BA LELEKOE PARAMENTENG,BAHLOMPHEHI,-1,sesotho
BA RE BAHLOMPHEHI BA LELEKOE $T$,PARAMENTENG,0,sesotho
TSEBA $T$ BA HLOKANG TŠEPO HO TONAKHOLO,BAKHETHOA,-1,sesotho
TSEBA BAKHETHOA BA HLOKANG TŠEPO HO $T$,TONAKHOLO,-1,sesotho
$T$ TLASA SEKHELE SA MOKHATLO,MOKHETHOA OA KHEKHETHANE,0,sesotho
MOKHETHOA OA KHEKHETHANE TLASA SEKHELE SA $T$,MOKHATLO,0,sesotho
$T$ OA HORA-HORA MOSHANYANA KA PAPENG,MONNA,-1,sesotho
MONNA OA HORA-HORA $T$ KA PAPENG,MOSHANYANA,0,sesotho
$T$ LE TJENA KA THABENG,LEHLOA,0,sesotho
LEHLOA LE TJENA KA $T$,THABENG,0,sesotho
$T$ O FUMANOA A THUNTSOE SEPOLESA SE KOPA HO BATLISOA BENG KA ENA,MOSALI,-1,sesotho
MOSALI O FUMANOA A THUNTSOE $T$ SE KOPA HO BATLISOA BENG KA ENA,SEPOLESA,0,sesotho
PHETOLO EA $T$ E KEKE EA PHETHAHALA,PUSO,1,sesotho
$T$ E KHEFULITSE KA LEBAKA LA NYEOE,PARAMENTE,-1,sesotho
PARAMENTE E KHEFULITSE KA LEBAKA LA $T$,NYEOE,-1,sesotho
$T$ O HANA MOTION OA HO HLOKA TŠEPO HO TONAKHOLO,MOKHETHOA OA MOKHA,1,sesotho
MOKHETHOA OA MOKHA O HANA MOTION OA HO HLOKA TŠEPO HO $T$,TONAKHOLO,-1,sesotho
$T$ LI THATA,LIPOLOTIKI TSA NAHA,-1,sesotho
$T$ LA MOETAPELE,MOETAPELE,0,sesotho
TLALEHO KA TŠEBETSO EA $T$ EA RULELLANG BATHO MAHALA,MONNA,1,sesotho
TLALEHO KA TŠEBETSO EA MONNA EA RULELLANG $T$ MAHALA,BATHO,0,sesotho
UTLOA TSE NCHA KA $T$ EA HLOKAHETSENG LELAPA LA HABO LE NA LE MATHATA,MOITHUTI OA SEKOLO,-1,sesotho
UTLOA TSE NCHA KA MOITHUTI OA SEKOLO EA HLOKAHETSENG $T$ LA HABO LE NA LE MATHATA,LELAPA,-1,sesotho
$T$ O KHAMA MOSALI OA HAE HO FIHLELA A NEHELA MOEA,MONNA,-1,sesotho
MONNA O KHAMA $T$ OA HAE HO FIHLELA A NEHELA MOEA,MOSALI,-1,sesotho
$T$A KENYA TŠISINYO EA HO HLOKA TŠEPO HO TONAKHOLO,MAPARAMENTE,-1,sesotho
MAPARAMENTE A KENYA TŠISINYO EA HO HLOKA TŠEPO HO $T$,TONAKHOLO,-1,sesotho
$T$ O BOETSE O RULELLA BATHO MATLO MAHALA,MONNA,1,sesotho
MONNA O BOETSE O RULELLA $T$ MATLO MAHALA,BATHO,0,sesotho
MONNA O BOETSE O RULELLA BATHO $T$ MAHALA,MATLO,0,sesotho
$T$ O ATOLOSA MOTLAKASE LIKHOEBO TSOHLE TSE LAKATSANG HO NKA KAROLO LI A MENGOA,'MUSO,1,sesotho
'MUSO O ATOLOSA $T$ LIKHOEBO TSOHLE TSE LAKATSANG HO NKA KAROLO LI A MENGOA,MOTLAKASE,0,sesotho
'MUSO O ATOLOSA MOTLAKASE $T$ TSOHLE TSE LAKATSANG HO NKA KAROLO LI A MENGOA,LIKHOEBO,0,sesotho
MONA KE MOO $T$ A FEFOHILENG KAMORA LIFEFO TSA KAJENO,MALAENE,-1,sesotho
MONA KE MOO MALAENE A FEFOHILENG KAMORA $T$ TSA KAJENO,LEFEFO,-1,sesotho
TLALEHO EA $T$ KA MOFU,SEPOLESA,0,sesotho
TLALEHO EA SEPOLESA KA $T$,MOFU,-1,sesotho
UTLOA SESOSA SA LEFU LA $T$,MOKHETHOA OA MEHLENG,-1,sesotho
$T$ A BATLISA KA MOFU OA MOSALI,MAPOLESA,-1,sesotho
MAPOLESA A BATLISA KA MOFU OA $T$,MOSALI,-1,sesotho
$T$ A CHELETE A LEFA KA HLOOHO,MASHOTSOANA,-1,sesotho
$T$ E JA BATHO PETROLE,PETROL ATTENDANT,-1,sesotho
PETROL ATTENDANT E JA BATHO $T$,PETROLE,0,sesotho
$T$ BA QALILE STRIKE,BAITHUTI BA SEKOLO,-1,sesotho
$T$ E NTSE E KENYA MABONE A MACHA,TOROPO,1,sesotho
TOROPO E NTSE E KENYA $T$ A MACHA,MABONE,1,sesotho
$T$ ENA E HLOLA BA BANGATA EMPA EKARE E KA NKOA E LE BOHLOKOA HAHOLO,TREND,1,sesotho
$T$ SEKOLONG SE PHAHAMENG,LIKAPESO,1,sesotho
LIKAPESO $T$,SEKOLONG SE PHAHAMENG,0,sesotho
$T$ BONA BA NOKA BO SE NTSE BO AHOA,BOROKHO,1,sesotho
BOROKHO BONA BA $T$ BO SE NTSE BO AHOA,NOKA,0,sesotho
$T$ EA QETANG HO FUOA LENGOLO KE MOFU TSE BOHLOKO HA LI FELE,NGOANANA,-1,sesotho
NGOANANA EA QETANG HO FUOA $T$ KE MOFU TSE BOHLOKO HA LI FELE,LENGOLO,1,sesotho
$T$ O ETSA MEKA LE MEHLOLO,MONNA,1,sesotho
$T$ LI BILE TJENA HOSENG KAJENO KA 9,LIKAPESO TSA SEKOLO,1,sesotho
$T$ EA ITJESITSENG CHEFO O PHETSE,NGOANANA,1,sesotho
NGOANANA EA ITJESITSENG $T$ O PHETSE,CHEFO,-1,sesotho
$T$ LE LENG LE HLAHISA 'MALA OA LONA,LEPARAMENTE,-1,sesotho
$T$ HO BILE TJENA,LECHOLING,1,sesotho
$T$ O IPOLAELA BOIMA SETEREKENG,NGOANANA,-1,sesotho
NGOANANA O IPOLAELA BOIMA $T$,SETEREKENG,0,sesotho
$T$ O LELEKA BAKHETHOA BOPHELO BOHLE,MOKHA,0,sesotho
MOKHA O LELEKA $T$ BOPHELO BOHLE,BAKHETHOA,-1,sesotho
$T$ O LEBOHA SECHABA,MOETAPELE,0,sesotho
MOETAPELE O LEBOHA $T$,SECHABA,1,sesotho
$T$ E PHURA LESHOETLA LE TONAKHOLO EA NAHA EA BOAHISANE,TONAKHOLO EA NAHA,1,sesotho
TONAKHOLO EA NAHA E PHURA LESHOETLA LE $T$,TONAKHOLO EA NAHA EA BOAHISANE,1,sesotho
$T$ O BEHA HLOOHO PANENG,MOOKAMELI OA LEKALA,-1,sesotho
$T$ LE NYAMETSE,LEPOLESA,-1,sesotho
$T$ KOMPONENG O RULELA MATLO,MOLEBELI,1,sesotho
MOLEBELI $T$ O RULELA MATLO,KOMPONENG,0,sesotho
MOLEBELI KOMPONENG O RULELA $T$,MATLO,0,sesotho
$T$ O LLISA KE THABO KAMORA HO FUMANA LENGOLO,MOITHUTI,1,sesotho
MOITHUTI O LLISA KE THABO KAMORA HO FUMANA $T$,LENGOLO,0,sesotho
$T$ O ARABA BATSOALI BA LLANG,MOITHUTI OA SEKOLO,0,sesotho
MOITHUTI OA SEKOLO O ARABA $T$ BA LLANG,BATSOALI,-1,sesotho
$T$ BA KHUTLA LIKAPESONG BA SENA MANGOLO,BAITHUTI SA SEKOLO,-1,sesotho
BAITHUTI BA SEKOLO BA KHUTLA $T$ BA SENA MANGOLO,LIKAPESONG,1,sesotho
BAITHUTI BA SEKOLO BA KHUTLA LIKAPESONG BA SENA $T$,MANGOLO,0,sesotho
$T$ O NYAMETSE,MOSALI,-1,sesotho
$T$ SEKOLONG SE SEHOLO,LIKAPESO,1,sesotho
LIKAPESO $T$,SEKOLONG SE SEHOLO,0,sesotho
$T$ O HLASELA NAHA EA BOAHISANE,MOROALLO OA METSI,-1,sesotho
MOROALLO OA METSI O HLASELA $T$,NAHA EA BOAHISANE,0,sesotho
$T$ O NTŠA LIUTA KA MOETAPELE OA HAE,MONNA,-1,sesotho
MONNA O NTŠA LIUTA KA $T$ OA HAE,MOETAPELE,-1,sesotho
$T$ LE MOIFO OA HAE KA MAAPARA KOBO A MATLE MOSE,TONAKHOLO,1,sesotho
TONAKHOLO LE $T$ OA HAE KA MAAPARA KOBO A MATLE MOSE,MOIFO,1,sesotho
$T$ SA NAHA SE FOHLA MOSE KA LITOPO,SEBINI,1,sesotho
SEBINI SA NAHA SE FOHLA MOSE KA $T$,LITOPO,0,sesotho
$T$ O ENTSE PUO AMERIKA A IPHUTHUMALITSE KA LEFITORI,TONAKHOLO,1,sesotho
TONAKHOLO O ENTSE PUO AMERIKA A IPHUTHUMALITSE KA $T$,LEFITORI,0,sesotho
HO LEBELETSOE $T$ HAPE,LEHLOA,0,sesotho
$T$ SE KOPA THUSO,SEPOLESA,1,sesotho
$T$ E QOBELLA BASEBETSI HO NKA ID HA BA TŠELA CHELETE,KOMPONE,-1,sesotho
KOMPONE E QOBELLA $T$ HO NKA ID HA BA TŠELA CHELETE,BASEBETSI,0,sesotho
KOMPONE E QOBELLA BASEBETSI HO NKA $T$ HA BA TŠELA CHELETE,ID,0,sesotho
KOMPONE E QOBELLA BASEBETSI HO NKA ID HA BA TŠELA $T$,CHELETE,0,sesotho
$T$ BANA BA TŠOEROE BA LAETSE LINKU KAHARA 'MOTOKARA,BANNA,-1,sesotho
BANNA BANA BA TŠOEROE BA LAETSE $T$ KAHARA 'MOTOKARA,LINKU,0,sesotho
BANNA BANA BA TŠOEROE BA LAETSE LINKU KAHARA $T$,'MOTOKARA,0,sesotho
$T$ O REKELA MAPOLESA LIKOLOI TSE 75,'MUSO,1,sesotho
'MUSO O REKELA $T$ LIKOLOI TSE 75,MAPOLESA,0,sesotho
'MUSO O REKELA MAPOLESA $T$ TSE 75,LIKOLOI,1,sesotho
$T$ A ALUMINUM A HLAHILE KHOTLA,MASHOLU,-1,sesotho
MASHOLU A ALUMINUM A HLAHILE $T$,KHOTLA,0,sesotho
$T$ O POTLAKILENG,MOLAETSA,0,sesotho
$T$ O LOKISA BOROKHO BA MOTSE,'MUSO,1,sesotho
'MUSO O LOKISA $T$ BA MOTSE,BOROKHO,-1,sesotho
'MUSO O LOKISA BOROKHO BA $T$,MOTSE,0,sesotho
$T$ O THEOLA LEKHETHO LA JOALA LE KOAE,'MUSO,1,sesotho
'MUSO O THEOLA $T$,LEKHETHO LA JOALA LE KOAE,0,sesotho
$T$ SE QABETSOE,SEPOLESA,-1,sesotho
$T$ OA INONYA MATLA LEBATOOENG,MOKHETHOA,-1,sesotho
MOKHETHOA OA INONYA MATLA $T$,LEBATOOENG,0,sesotho
$T$ O THUNYETSOA LEFU MOTSENG,MOTHO,-1,sesotho
MOTHO O THUNYETSOA LEFU $T$,MOTSENG,0,sesotho
$T$ LI NTSE LI LOKISOA KA MATLA NAHENG,LITSELA,1,sesotho
LITSELA LI NTSE LI LOKISOA KA MATLA $T$,NAHENG,0,sesotho
$T$ EA LILEMO LI 16 O BOLAEA MOTHO,NGOANA,-1,sesotho
NGOANA EA LILEMO LI 16 O BOLAEA $T$,MOTHO,0,sesotho
$T$ TSENA LI NE LI REKOE KA M2.7 MILLION LI LE 30 PUSONG E FETILENG,LIKETSOANA,-1,sesotho
$T$ LE NKELOA THEPA EA BOIKOETLISO,LEBENKELE,-1,sesotho
LEBENKELE LE NKELOA $T$,THEPA EA BOIKOETLISO,0,sesotho
$T$ O RE BA BATLANG HO LIHA 'MUSO BA LAOLOA KE LEPHAKO,MONGOLI,-1,sesotho
MONGOLI O RE BA BATLANG HO LIHA $T$ BA LAOLOA KE LEPHAKO,'MUSO,0,sesotho
$T$ BA THUSA SECHABA KA TEMO,BAKHETHOA,1,sesotho
BAKHETHOA BA THUSA $T$ KA TEMO,SECHABA,0,sesotho
BAKHETHOA BA THUSA SECHABA KA $T$,TEMO,0,sesotho
$T$ O POTLAKILENG,MOLAETSA,0,sesotho
$T$ BA UTSOA M1.8 MILLION,BASEBETSI,-1,sesotho
$T$ LE NKA MONGA KOMPONE EA TOKISO EA MAKOLOI KA LECHOBA,LEKALA,-1,sesotho
LEKALA LE NKA $T$ EA TOKISO EA MAKOLOI KA LECHOBA,MONGA KOMPONE,-1,sesotho
LEKALA LE NKA MONGA KOMPONE EA TOKISO EA $T$ KA LECHOBA,MAKOLOI,0,sesotho
$T$ A IKOPANYA A NTŠA BEILE EA MOINDIA,MAINDIA,1,sesotho
MAINDIA A IKOPANYA A NTŠA $T$ EA MOINDIA,BEILE,0,sesotho
MAINDIA A IKOPANYA A NTŠA BEILE EA $T$,MOINDIA,-1,sesotho
$T$ O QOSOA KA BOBOLU HAPE,MOHOEBI,-1,sesotho
$T$ LE THOLISA MOSALI MOHOLO FONO,LEPOLESA,1,sesotho
LEPOLESA LE THOLISA $T$ FONO,MOSALI MOHOLO,0,sesotho
LEPOLESA LE THOLISA MOSALI MOHOLO $T$,FONO,0,sesotho
$T$ O PHATLALATSA P.S. TSE NCHA,'MUSO,1,sesotho
RE KOPA HO BATLISOA $T$ HOHLE MOO E KA BONOANG E NYAMETSENG BOSIUNG BA 26/08/23,KHOMO EA POHO,-1,sesotho
$T$ O SA TSOA THUNYETSOA LEFU MOTSENG,MOSALI,-1,sesotho
MOSALI O SA TSOA THUNYETSOA LEFU $T$,MOTSENG,0,sesotho
$T$ O ITJA SEKHABABA,MOKHETHOA,-1,sesotho
$T$ O QOSOA KA MANGOLO A LEFOFO,RAMETLAE,-1,sesotho
RAMETLAE O QOSOA KA $T$ A LEFOFO,MANGOLO,-1,sesotho
$T$,SENYAMO,1,sesotho
$T$ LE NYEOE LI NGATA LE EKETSA BASEBETSI,LEKALA,1,sesotho
HO QHALOA $T$ A 13 KAJENO,MANYALO,-1,sesotho
$T$ E PHETHOHA KA BANA BA SEKOLO,KOLOI,-1,sesotho
KOLOI E PHETHOHA KA $T$,BANA BA SEKOLO,0,sesotho
$T$ O FUOA BEILE EA M500 000,MOHOEBI OA LEINDIA,-1,sesotho
$T$ O LITLAMONG TSA SEPOLESA KA HO QHEKANYETSA BATHO LICHELETE,MOHLANKANA,-1,sesotho
MOHLANKANA O LITLAMONG TSA $T$ KA HO QHEKANYETSA BATHO LICHELETE,SEPOLESA,0,sesotho
MOHLANKANA O LITLAMONG TSA SEPOLESA KA HO QHEKANYETSA BATHO $T$,LICHELETE,0,sesotho
MOHLANKANA O LITLAMONG TSA SEPOLESA KA HO QHEKANYETSA $T$ LICHELETE,BATHO,0,sesotho
$T$ BA SOTHA MOKHA LETSOHO,BAKHETHOA,-1,sesotho
BAKHETHOA BA SOTHA $T$ LETSOHO,MOKHA,0,sesotho
$T$ LE TŠOARA P.S. EA MEHLENG KA BOBOLU O SETOKISING KAJENO,LEKALA,1,sesotho
LEKALA LE TŠOARA $T$ KA BOBOLU O SETOKISING KAJENO,P.S. EA MEHLENG,-1,sesotho
$T$ LE NKA MOHOEBI KA LECHOBA,LEKALA,0,sesotho
LEKALA LE NKA $T$ KA LECHOBA,MOHOEBI,-1,sesotho
$T$ EA ILENG A NYAMELA A HLALA ELE MOFU O BOLOKILOE KAJENO,NGOANA,-1,sesotho
$T$ SE TLO IMONA MENOANA KA KHAHO EA LETAMO,SECHABA,1,sesotho
SECHABA SE TLO IMONA MENOANA KA KHAHO EA $T$,LETAMO,1,sesotho
$T$ BA UTSOA LINKU BA LAHLA MAKOKO FEELA,BANNA,-1,sesotho
BANNA BA UTSOA $T$ BA LAHLA MAKOKO FEELA,LINKU,0,sesotho
$T$ O FUOE BEILE O TLA ROBALA HAMONATE KAJENO,MOHOEBI,1,sesotho
MOHOEBI O FUOE $T$ O TLA ROBALA HAMONATE KAJENO,BEILE,0,sesotho
$T$ O KHAOLOA MAPHEEO,MOKHETHOA,-1,sesotho
$T$ O KOENTSE M4 MILIONE EA 'MUSO,MONNA,-1,sesotho
MONNA O KOENTSE M4 MILIONE EA $T$,'MUSO,0,sesotho
$T$ LI NTSE LI LOKISOA HO TSOELAPELE,LITSELA,1,sesotho
$T$ KA MESEBETSI EA LIHALAHALA,TSEBISO,0,sesotho
$T$ O TEBELA MAPOLESA,MOOKAMELI,-1,sesotho
MOOKAMELI O TEBELA $T$,MAPOLESA,0,sesotho
UTLOA MASISA-PELO A $T$,SETEREKENG,-1,sesotho
$T$ JETHE SEBOKENG SA TONAKHOLO,MONNA,1,sesotho
MONNA JETHE $T$,SEBOKENG SA TONAKHOLO,0,sesotho
$T$ O TSOA KA BAIL,MOTAPELE,1,sesotho
BA RE $T$ HA BA NA LIHLONG,BAETAPELE,-1,sesotho
$T$ BA NYOFA MOOKAMELI BA RE A FOKOFE LE TENTE EA HAE BA RE BAOKAMELI BA SHEBE TLASE,BAITHUTI BA SEKOLO,-1,sesotho
BAITHUTI BA SEKOLO BA NYOFA $T$ BA RE A FOKOFE LE TENTE EA HAE BA RE BAOKAMELI BA SHEBE TLASE,MOOKAMELI,0,sesotho
BAITHUTI BA SEKOLO BA NYOFA MOOKAMELI BA RE A FOKOFE LE $T$ EA HAE BA RE BAOKAMELI BA SHEBE TLASE,TENTE,0,sesotho
BAITHUTI BA SEKOLO BA NYOFA MOOKAMELI BA RE A FOKOFE LE TENTE EA HAE BA RE $T$ BA SHEBE TLASE,BAOKAMELI,0,sesotho
$T$ O LOKISA LITSELA KA MATLA A MAHOLO,TONAKHOLO,1,sesotho
TONAKHOLO O LOKISA $T$ KA MATLA A MAHOLO,LITSELA,0,sesotho
UTLOA SE JELENG $T$ EA FUMANOENG E LE MOFU,NGOANA,-1,sesotho
$T$ O LOKISA LITSELA TSEO ESALENG LI LEBALOA,TONAKHOLO,1,sesotho
TONAKHOLO O LOKISA $T$ TSEO ESALENG LI LEBALOA,LITSELA,-1,sesotho
$T$ E TLA U PHATHAHANYA U SOABE,TOROPO,-1,sesotho
$T$ LE MOSALI BA PHONYOHA LEFU,MONNA,1,sesotho
MONNA LE $T$ BA PHONYOHA LEFU,MOSALI,1,sesotho
$T$ A NKILE M75 000 SHOPONG MAOBANE,MASHOLU,-1,sesotho
MASHOLU A NKILE M75 000 $T$ MAOBANE,SHOPONG,0,sesotho
$T$ BA NKELA LEBENKELE CHELETE KA SHESHE,BAKHOSHELI,-1,sesotho
BAKHOSHELI BA NKELA $T$ CHELETE KA SHESHE,LEBENKELE,0,sesotho
BAKHOSHELI BA NKELA LEBENKELE $T$ KA SHESHE,CHELETE,0,sesotho
$T$ BA TŠOARA  KAMPO BA LE MAPONA-PONA BA NKA MATSATSI A MABELI BA TSOLELANA,BANNA,-1,sesotho
$T$ O IPOLAELA MONNA OA MOTHO,MOSALI,-1,sesotho
MOSALI O IPOLAELA $T$,MONNA OA MOTHO,0,sesotho
$T$ E PHETHOHILE EABA EA BILIKA MOTSENG,TAXI,-1,sesotho
TAXI E PHETHOHILE EABA EA BILIKA $T$,MOTSENG,0,sesotho
$T$ E PHETHOHILE TSELENG,LORI EA SAMENTE,-1,sesotho
LORI EA SAMENTE E PHETHOHILE $T$,TSELENG,0,sesotho
BA BOLAEA $T$ LE MOTHUSI OA HAE MOTSENG,MOQHOBI,-1,sesotho
BA BOLAEA MOQHOBI LE $T$ OA HAE MOTSENG,MOTHUSI,-1,sesotho
BA BOLAEA MOQHOBI LE MOTHUSI OA HAE $T$,MOTSENG,0,sesotho
$T$ TSE NCHA TSA MAKOLOI,LITEFISO,1,sesotho
LITEFISO TSE NCHA TSA $T$,MAKOLOI,0,sesotho
$T$ LE KHETHEHILE KA BONGATA LITHABENG,LEHLOA,-1,sesotho
LEHLOA LE KHETHEHILE KA BONGATA $T$,LITHABENG,0,sesotho
$T$ LE FIHLA NAHENG EA BOAHISANE,LEFU LA MONKEY POX,-1,sesotho
LEFU LA MONKEY POX LE FIHLA $T$,NAHENG EA BOAHISANE,0,sesotho
$T$ E KOPA TŠEHETSO,TRUST FUND,1,sesotho
TLHOKOLO EA $T$,BANGOLI BA BAHOLO BA 'MUSO,1,sesotho
$T$ MABAPI LE LIKETSAHALO TSE NTSENG LI ETSAHALA SEKOLONG,POLELO,0,sesotho
POLELO MABAPI LE LIKETSAHALO TSE NTSENG LI ETSAHALA $T$,SEKOLONG,0,sesotho
$T$ LE BOLAEA MOITHUTI KAMORA NAKO LE KHUTLISETSOA MOSEBETSING,LEPOLESA,-1,sesotho
LEPOLESA LE BOLAEA $T$ KAMORA NAKO LE KHUTLISETSOA MOSEBETSING,MOITHUTI,0,sesotho
LEPOLESA LE BOLAEA MOITHUTI KAMORA NAKO LE KHUTLISETSOA $T$,MOSEBETSING,0,sesotho
$T$ A BOLAEA NGOANA SEKOLO,MAPOLESA,-1,sesotho
MAPOLESA A BOLAEA $T$,NGOANA SEKOLO,-1,sesotho
$T$ BA TABOLA LIQUESTION PAPER BOIPELAETSONG BA BINA PALEMA,BAITHUTI,-1,sesotho
BAITHUTI BA TABOLA $T$ BOIPELAETSONG BA BINA PALEMA,LIQUESTION PAPER,0,sesotho
$T$ BA NGALA LIHLAHLOBO BA RE MANPOWER E EA BATELLA,BAITHUTI BA SEKOLO SE PHAHAMENG,-1,sesotho
BAITHUTI BA SEKOLO SE PHAHAMENG BA NGALA $T$ BA RE MANPOWER E EA BATELLA,LIHLAHLOBO,0,sesotho
BAITHUTI BA SEKOLO SE PHAHAMENG BA NGALA LIHLAHLOBO BA RE $T$ E EA BATELLA,MANPOWER,-1,sesotho
$T$ LESE LE KOALLETSE BATHO HLOKOMELANG,LEHLOA,-1,sesotho
LEHLOA LESE LE KOALLETSE $T$ HLOKOMELANG,BATHO,0,sesotho
HO FUMANOA $T$ E KHOLOHALI 'MAENENG,TAEMANE,1,sesotho
HO FUMANOA TAEMANE E KHOLOHALI $T$,'MAENENG,0,sesotho
$T$ BA EANG WINTER BOOTCAMP EA SESOLE BA NTSE BA FIHLA,BACHA,1,sesotho
BACHA BA EANG $T$ BA NTSE BA FIHLA,WINTER BOOTCAMP EA SESOLE,0,sesotho
$T$ BA THUNYA BATHO SETEREKENG,BANNA,-1,sesotho
BANNA BA THUNYA $T$ SETEREKENG,BATHO,0,sesotho
BANNA BA THUNYA BATHO $T$,SETEREKENG,0,sesotho
$T$ O ETELA NAHENG EA BOAHISANE,MOKHA,0,sesotho
MOKHA O ETELA $T$,NAHENG EA BOAHISANE,0,sesotho
$T$ O SA NTSA NYOFA BATHO HAPE,MOSALI,-1,sesotho
MOSALI O SA NTSA NYOFA $T$ HAPE,BATHO,0,sesotho
TABA EA $T$ E SHEJOE HANTLE,MOETAPELE,0,sesotho
$T$ BA NAHA BA RE KHOEBO EA LIJO KE BAJI BA NYOLLA LI-PRICE HAO FIHLA KA SECHURANENG,BAREKI,-1,sesotho
BAREKI BA NAHA BA RE $T$  KE BAJI BA NYOLLA LI-PRICE HAO FIHLA KA SECHURANENG,KHOEBO EA LIJO,-1,sesotho
BAREKI BA NAHA BA RE KHOEBO EA LIJO KE BAJI BA NYOLLA $T$ HAO FIHLA KA SECHURANENG,LI-PRICE,-1,sesotho
BAREKI BA NAHA BA RE KHOEBO EA LIJO KE BAJI BA NYOLLA LI-PRICE HAO FIHLA KA $T$,SECHURANENG,-1,sesotho
$T$ BA MAKHOMOSHA BA FUOA BAIL,BANNA,-1,sesotho
BANNA BA MAKHOMOSHA BA FUOA $T$,BAIL,0,sesotho
$T$ A NYOLOHA HOSANE,MAFURA,-1,sesotho
$T$ O RE O NE A NA LE LEHLOEO HO MORALI OA HAE,'MOLAI OA NGOANA,-1,sesotho
'MOLAI OA NGOANA O RE O NE A NA LE LEHLOEO HO $T$ OA HAE,MORALI,0,sesotho
$T$ A TSOANG NTOENG A FIHLILE KAJENO,MASOLE A NAHA,1,sesotho
MASOLE A NAHA A TSOANG $T$ A FIHLILE KAJENO,NTOENG,-1,sesotho
$T$ OA HOLA KAJENO,MOETAPELE OA MEHLENG,1,sesotho
$T$ O REKA NONYANA TŠEPE,MORUI,1,sesotho
MORUI O REKA $T$,NONYANA TŠEPE,0,sesotho
$T$ O KHAMA NGOANA OA HAE HO FIHLELA A NEHELA MOEA SETEREKENG,MONNA,-1,sesotho
MONNA O KHAMA $T$ OA HAE HO FIHLELA A NEHELA MOEA SETEREKENG,NGOANA,0,sesotho
MONNA O KHAMA NGOANA OA HAE HO FIHLELA A NEHELA MOEA $T$,SETEREKENG,0,sesotho
$T$ O BOLAEA NGOANA OA HAE SEPOLESA SE MO QHAULITSE,MOSALI,-1,sesotho
MOSALI O BOLAEA $T$ OA HAE SEPOLESA SE MO QHAULITSE,NGOANA,0,sesotho
MOSALI O BOLAEA NGOANA OA HAE $T$ SE MO QHAULITSE,SEPOLESA,1,sesotho
$T$ BA SUPA MOETAPELE KA MONOANA O HARE BA RE LI EME RE BOTSE,BAHLANKA,1,sesotho
BAHLANKA BA SUPA $T$ KA MONOANA O HARE BA RE LI EME RE BOTSE,MOETAPELE,-1,sesotho
$T$ E APERE KHOTSO,NAHA,1,sesotho
HO LEBELETSOE $T$ LE LENGATA LE ELETSOA HO BA HLOKOLOSI,LEHLOA,-1,sesotho
$T$ SE FOHLOA LIQOLA,SEHLOPHA,-1,sesotho
$T$ O FUMANOA A SE MOLATO,MOQOSUOA,1,sesotho
$T$ SE PHAHAMENG BA KHOATHISOA KA NKANE,BAITHUTI BA SEKOLO,-1,sesotho
$T$ BA TLO LIEHA HO KHOLA KHOELING ENA,BAHLANKA,-1,sesotho
$T$ E CHA LORE,LORI EA MAFURA,-1,sesotho
$T$ LE BOLAEA MOSALI KA SETHUNYA,LEPOLESA,-1,sesotho
LEPOLESA LE BOLAEA $T$ KA SETHUNYA,MOSALI,-1,sesotho
LEPOLESA LE BOLAEA MOSALI KA $T$,SETHUNYA,0,sesotho
$T$ O ITLHOTHA LITLHOTSE,MOKHA,-1,sesotho
KOTSI E MPE $T$,TOROPONG,-1,sesotho
$T$ LE NTSE LE KHETHEHA KAJENO,LEHLOA,0,sesotho
$T$ O THUNTSE MOKHANNI FEELA LEKHOTLA LE RE HA ANA MOLATO,MOHOEBI,-1,sesotho
MOHOEBI O THUNTSE $T$ FEELA LEKHOTLA LE RE HA ANA MOLATO,MOKHANNI,0,sesotho
MOHOEBI O THUNTSE MOKHANNI FEELA $T$ LE RE HA ANA MOLATO,LEKHOTLA,-1,sesotho
'$T$ O THIBELA MOHOEBI HO LOKISA TSELA MOTSENG BA RE KE MOSEBETSI OA BONA E LE 'MUSO OA HO LOKISA LITSELA,'MUSO,-1,sesotho
'MUSO O THIBELA $T$ HO LOKISA TSELA MOTSENG BA RE KE MOSEBETSI OA BONA E LE 'MUSO OA HO LOKISA LITSELA,MOHOEBI,1,sesotho
'MUSO O THIBELA MOHOEBI HO LOKISA TSELA $T$ BA RE KE MOSEBETSI OA BONA E LE 'MUSO OA HO LOKISA LITSELA,MOTSENG,0,sesotho
'MUSO O THIBELA MOHOEBI HO LOKISA TSELA MOTSENG BA RE KE MOSEBETSI OA BONA E LE 'MUSO OA HO LOKISA $T$,LITSELA,0,sesotho
KOTSI E MPE $T$,TSELENG E KHOLO,0,sesotho
THUSO HO $T$,BASEBELISI BA KOMPONE,1,sesotho
$T$ SA EJA MOTHO RA MAKALA,SETHUNYA,-1,sesotho
SETHUNYA SA EJA $T$ RA MAKALA,MOTHO,0,sesotho
$T$ LE LEBELETSOE MAFELO A BEKE,LEHLOA,0,sesotho
$T$ O TŠOARA SEBOKA SA PELE,MOETAPELE,1,sesotho
MOETAPELE O TŠOARA $T$ SA PELE,SEBOKA,0,sesotho
$T$ O LOKISA LITSELA HARA TOROPO BAPOLOTIKI LLA KA HORE OA IKETA,MOHOEBI,1,sesotho
MOHOEBI O LOKISA $T$ HARA TOROPO BAPOLOTIKI LLA KA HORE OA IKETA,LITSELA,0,sesotho
MOHOEBI O LOKISA LITSELA HARA TOROPO $T$ LLA KA HORE OA IKETA,BAPOLOTIKI,-1,sesotho
MOHOEBI O LOKISA LITSELA HARA $T$ BAPOLOTIKI LLA KA HORE OA IKETA,TOROPO,0,sesotho
$T$ LI CHELE TJENA KAJENO,CLEKETSENG,1,sesotho
$T$ O SHAPA BOHANYETSI KA KOEPERE,TONAKHOLO,1,sesotho
TONAKHOLO O SHAPA $T$ KA KOEPERE,BOHANYETSI,-1,sesotho
$T$ O NA LE NTLO BO 'ME HA LE ITHOLLE,MONNA,1,sesotho
MONNA O NA LE NTLO $T$ ITHOLLE,BO 'ME,0,sesotho
$T$ BA HLOKOMELISOA HO QOBA TSELA E KHOLO,BAKHANNI,0,sesotho
BAKHANNI BA HLOKOMELISOA HO QOBA $T$,TSELA E KHOLO,-1,sesotho
$T$ BA MOTSENG BO OELE,BOROKHO,-1,sesotho
$T$ A OETSE KA HARA TSELA,MAJOE,-1,sesotho
MAJOE A OETSE KA HARA $T$,TSELA,0,sesotho
$T$ SE LOKOLLOA TORONKONG,SEBINI SA FAMO,1,sesotho
SEBINI SA FAMO SE LOKOLLOA $T$,TORONKONG,0,sesotho
$T$ SE TSIETSING NAHENG E MOSE,SECHABA,-1,sesotho
SECHABA SE TSIETSING $T$,NAHENG E MOSE,0,sesotho
$T$ O BAPATSA KA KORONE EA BORENA,MOHOEBI,-1,sesotho
MOHOEBI O BAPATSA KA $T$,KORONE EA BORENA,0,sesotho
$T$ E FANA KA LITSOALA HO BASEBELISI BA LITŠEBELLETSO,KOMPONE,1,sesotho
KOMPONE E FANA KA LITSOALA HO $T$,BASEBELISI BA LITŠEBELLETSO,0,sesotho
$T$ O JA MONATE,MOSALI,1,sesotho
$T$ BA KOETSE TSELA,BAAHI,-1,sesotho
BAAHI BA KOETSE $T$,TSELA,0,sesotho
$T$ OA IPOLAEA KAMORA HO NGOLA LE TLO NKHOPOLA HO FACEBOOK,MOSALI,-1,sesotho
MOSALI OA IPOLAEA KAMORA HO NGOLA LE TLO NKHOPOLA HO $T$,FACEBOOK,0,sesotho
$T$ O PHAHAMISA FOLAKHA EA NAHA,MOTHUSI OA MOLETSA PHALA,1,sesotho
MOTHUSI OA MOLETSA PHALA O PHAHAMISA $T$,FOLAKHA EA NAHA,0,sesotho
$T$ O PASA HANTLE NAHENG EA BOAHISANE,NGOANA OA SEBINI,1,sesotho
NGOANA OA SEBINI O PASA HANTLE $T$,NGOANA OA SEBINI O PASA HANTLE NAHENG EA BOAHISANE,0,sesotho
$T$ E SE E BUTSOE KA KHOFU,TSELA,1,sesotho
TSELA E SE E BUTSOE KA $T$,KHOFU,0,sesotho
$T$ LE NTSE LE TŠOLOHA HOSENG HOA KAJENO BATHO BA KA PALAMA MAKOLOI,LETAMO,0,sesotho
LETAMO LE NTSE LE TŠOLOHA HOSENG HOA KAJENO $T$ BA KA PALAMA MAKOLOI,BATHO,1,sesotho
LETAMO LE NTSE LE TŠOLOHA HOSENG HOA KAJENO BATHO BA KA PALAMA $T$,MAKOLOI,0,sesotho
$T$ O HELEHELA KA TSELENG,MOBU,-1,sesotho
MOBU O HELEHELA KA $T$,TSELENG,0,sesotho
$T$ LE KANNA LA TŠOLOHA,LETAMO,1,sesotho
$T$ BO OELE,BOROKHO,-1,sesotho
$T$ BA BOLAEA MORUPELI OA SEKOLO SE PHAHAMENG KA SEHLOOHO,BABOLAI,-1,sesotho
BABOLAI BA BOLAEA $T$ OA SEKOLO SE PHAHAMENG KA SEHLOOHO,MORUPELI,0,sesotho
BABOLAI BA BOLAEA MORUPELI OA $T$ KA SEHLOOHO,SEKOLO SE PHAHAMENG,0,sesotho
KOTSI E MPE $T$,SETEREKENG,-1,sesotho
$T$ O NTŠA GAZETTE E QOBELLANG HO ENTA,TONAKHOLO,0,sesotho
TONAKHOLO O NTŠA $T$ E QOBELLANG HO ENTA,GAZETTE,-1,sesotho
$T$ OA FAMO SE FUOA KHAU,SEBINI SA 'MINO,1,sesotho
$T$ A BOLAISITSE MATAOA KOEPERE TAMENENG MONGA TAMENE O LLA KA TŠENYO,MASOLE,1,sesotho
MASOLE A BOLAISITSE $T$ KOEPERE TAMENENG MONGA TAMENE O LLA KA TŠENYO,MATAOA,-1,sesotho
MASOLE A BOLAISITSE MATAOA KOEPERE TAMENENG $T$ O LLA KA TŠENYO,MONGA TAMENE,-1,sesotho
$T$ KE MOFU,MORENA OA SETEREKE,-1,sesotho
$T$ KE MOFU,PHALA EA MEHLENG EA TONAKHOLO,-1,sesotho
$T$ BO BOHLOHILE,BOROKHO,-1,sesotho
$T$ TLHOKOMELISO,TLHOKOMELISO,0,sesotho
$T$ BA BANE LE NGOANA BA CHA LORE KOTSING EA KOLOI,BATHO,-1,sesotho
BATHO BA BANE LE $T$ BA CHA LORE KOTSING EA KOLOI,NGOANA,-1,sesotho
BATHO BA BANE LE NGOANA BA CHA LORE KOTSING EA $T$,KOLOI,-1,sesotho
$T$ O NA LE COVID,TONAKHOLO,-1,sesotho
$T$ OA OELESE KE MOFU,MOTHEHI,-1,sesotho
$T$ O HLABA HLANAPHETHO,TONAKHOLO,-1,sesotho
$T$ LE FENETHOA MOKETENG,LENOMORO,-1,sesotho
$T$ LE RE MOETAPELE A TŠOAROE,LEKHOTLA,0,sesotho
LEKHOTLA LE RE $T$ A TŠOAROE,MOETAPELE,-1,sesotho
$T$ LE NOMOROA KE SECHABA,LENOMORO,-1,sesotho
LENOMORO LE NOMOROA KE $T$,SECHABA,0,sesotho
$T$ OA TSIETSI,MOLAETSA,-1,sesotho
$T$ SE FEPA BAKULI MAHLABISA LIHLONG,SEPETLELE,-1,sesotho
SEPETLELE SE FEPA $T$ MAHLABISA LIHLONG,BAKULI,0,sesotho
$T$ A HANELOA KA BEILI,MASHOLU,-1,sesotho
$T$ BA KHAKHATHA SECHABA,BANNA BA MARECRUIT BA MAPOLESA,-1,sesotho
BANNA BA MARECRUIT BA MAPOLESA BA KHAKHATHA $T$,SECHABA,0,sesotho
BA QHAUTSOA NTSEBA BUA $T$ TSA BOSHOLU,LIKHOMO,-1,sesotho
$T$ SE LETŠOLONG,SESOLE,-1,sesotho
$T$ A E ETSETSA BATHO BASA ENTANG LOCKDOWN,NAHA EA AUSTRIA,-1,sesotho
NAHA E ETSETSA $T$ BASA ENTANG LOCKDOWN,BATHO,-1,sesotho
BOBOLU BA $T$ BO HLAHISA HLOOHO,SEKOLO SE PHAHAMENG,-1,sesotho
$T$ EA LIKHOHOLA SETEREKENG KAJENO,PULA,-1,sesotho
PULA EA LIKHOHOLA $T$ KAJENO,SETEREKENG,0,sesotho
$T$ EA ROAKANG BASALI PELA SHOPO,MOSHANYANA,-1,sesotho
MOSHANYANA EA ROAKANG $T$ PELA SHOPO,BASALI,0,sesotho
MOSHANYANA EA ROAKANG BASALI PELA $T$,SHOPO,0,sesotho
$T$ SE HEMA KA LEQEBA BAITHUTI BA RE TSOELOPELE HA E BONAHALE,SEKOLO SE PHAHAMENG,-1,sesotho
SEKOLO SE PHAHAMENG SE HEMA KA LEQEBA $T$ BA RE TSOELOPELE HA E BONAHALE,BAITHUTI,0,sesotho
$T$ O RE SECHABA SE NYATSA LITABANE KAHONA HA A SA HLOLA A LE BEHA KAHARA NAHA,MONNA,0,sesotho
MONNA O RE $T$ SE NYATSA LITABANE KAHONA HA A SA HLOLA A LE BEHA KAHARA NAHA,SECHABA,-1,sesotho
MONNA O RE SECHABA SE NYATSA LITABANE KAHONA HA A SA HLOLA A LE BEHA KAHARA $T$,NAHA,0,sesotho
$T$ LE LUMELLA MONNA HO BA LEFUNG LE RE MOSALI A POTISOE LENYALONG,LEKHOTLA LA MAIPILETSO,0,sesotho
LEKHOTLA LA MAIPILETSO LE LUMELLA $T$ HO BA LEFUNG LE RE MOSALI A POTISOE LENYALONG,MONNA,1,sesotho
LEKHOTLA LA MAIPILETSO LE LUMELLA MONNA HO BA LEFUNG LE RE $T$ A POTISOE LENYALONG,MOSALI,-1,sesotho
KAJENO LIPONTŠO TSA LEFATŠE LI SHEBILE $T$,NAHA,1,sesotho
$T$ BA BOIPELAETSONG,BAITHUTI BA SEKOLO SE PHAHAMENG,-1,sesotho
$T$ O RE LE TSAMAE KA LIKARETE TSA HO ENTA,TONAKOLO,0,sesotho
TONAKHOLO O RE LE TSAMAE KA $T$,LIKARETE TSA HO ENTA,1,sesotho
$T$ BA SEBOKO LEBAKA KE LIKARETE TSA KENTELO,BASEBETSI BA LIFEME,-1,sesotho
BASEBETSI BA LIFEME BA SEBOKO LEBAKA KE $T$,LIKARETE TSA KENTELO,0,sesotho
$T$ LE AHLOLELA LELAPA LA MOFU,LEKHOTLA,1,sesotho
$T$ LE BOLAOA KA TŠEPE EA LIRESHENE,LESOLE,-1,sesotho
LESOLE LE BOLAOA KA $T$,TŠEPE EA LIRESHENE,0,sesotho
$T$ KE SESOSA SA MAFU A BANNA BA BABELI O ILE A TSEKA HO KHANNA KOLOI EA 'MUSO,MORA OA TONAKHOLO,-1,sesotho
MORA OA TONAKHOLO KE SESOSA SA MAFU A $T$ BA BABELI O ILE A TSEKA HO KHANNA KOLOI EA 'MUSO,BANNA,-1,sesotho
MORA OA TONAKHOLO KE SESOSA SA MAFU A BANNA BA BABELI O ILE A TSEKA HO KHANNA $T$,KOLOI EA 'MUSO,0,sesotho
$T$ HOTHOE KE MAHLABISA LIHLONG,LEBALA,-1,sesotho
$T$ SE BATOLA BAITHUTI KA LIKULO TSA RABARA,SEPOLESA,-1,sesotho
SEPOLESA SE BATOLA $T$ KA LIKULO TSA RABARA,BAITHUTI,0,sesotho
SEPOLESA SE BATOLA BAITHUTI KA $T$ TSA RABARA,LIKULO,0,sesotho
BOIPELAETSO BA $T$ BA KENANG SEKOLONG SE PHAHAMENG,BAITHUTI,-1,sesotho
BOIPELAETSO BA BAITHUTI BA KENANG $T$,SEKOLONG SE PHAHAMENG,0,sesotho
BOIPELAETSO KA $T$,SEKOLONG SE PHAHAMENG,-1,sesotho
$T$ EA 12 O FUMANOA MOHLANKANENG,NGOANANA,-1,sesotho
NGOANANA EA 12 O FUMANOA $T$,MOHLANKANENG,0,sesotho
$T$ LA MEHLENG KE MOFU,LETONA,-1,sesotho
$T$ EA BOLAILENG MORA OA HAE O NYAMETSE,MOSALI,-1,sesotho
MOSALI EA BOLAILENG $T$ OA HAE O NYAMETSE,MORA,-1,sesotho
$T$ O FUMANOA A EPETSOE KA JARETENG,MONNA,-1,sesotho
MONNA O FUMANOA A EPETSOE KA $T$,JARETENG,0,sesotho
$T$ O FUMANOA E LE MOFU,NTATE,-1,sesotho
$T$ LE TLO KHETHEHA HAPE PELE HO MAFELO A BEKE,LEHLOA,0,sesotho
BA RE $T$ A NKELOE KHATO KA HO SOTLA NGOANA,MONNA,-1,sesotho
BA RE MONNA A NKELOE KHATO KA HO SOTLA $T$,NGOANA,-1,sesotho
$T$ E NTSE E BONESOA HO TSOELAPELE,TOROPO,-1,sesotho
HO PHAHLOHILE HABOHLOKO TJENA $T$ KA LEBAKA LA KHASE,JOHANNESBURG,-1,sesotho
HO PHAHLOHILE HABOHLOKO TJENA JOHANNESBURG KA LEBAKA LA $T$,KHASE,0,sesotho
$T$ O LLA KA LANDLORD E UTSOANG LIJO HA A LE SIEO,MOSALI,-1,sesotho
MOSALI O LLA KA $T$ E UTSOANG LIJO HA A LE SIEO,LANDLORD,-1,sesotho
MOSALI O LLA KA LANDLORD E UTSOANG $T$ HA A LE SIEO,LIJO,0,sesotho
$T$ E KOPA HO NYOLLA LITHEKO,KOMPONE,0,sesotho
KOMPONE E KOPA HO NYOLLA $T$,LITHEKO,-1,sesotho
MOSALI O HLOKA THUSO NAHENG EA BOAHISANE,MOSALI,-1,sesotho
MOSALI O HLOKA THUSO $T$,NAHENG EA BOAHISANE,0,sesotho
$T$ SE KHAHLOLA SEHLOPHA SA NAHA EA BOAHISANE,SEHLOPHA SA BOLO,1,sesotho
SEHLOPHA SA BOLO SE KHAHLOLA $T$,SEHLOPHA SA NAHA EA BOAHISANE,-1,sesotho
$T$ E ETSA CHELETE HO TLOTLISA TSOALO EA MORENA,BANKA E KHOLO,1,sesotho
BANKA E KHOLO E ETSA $T$ HO TLOTLISA TSOALO EA MORENA,CHELETE,0,sesotho
BANKA E KHOLO E ETSA CHELETE HO TLOTLISA TSOALO EA $T$,MORENA,1,sesotho
$T$ LE BOLAOA KA CHEFU TORONKONG,LESOLE,-1,sesotho
LESOLE LE BOLAOA KA CHEFU $T$,TORONKONG,0,sesotho
UTLOA LITABA TSA $T$ EA THUNYELITSOENG MOTSENG,MOQHOBI,-1,sesotho
UTLOA LITABA TSA MOQHOBI EA THUNYELITSOENG $T$,MOTSENG,0,sesotho
$T$ O ISA MATŠELISO SETEREKENG,MOETAPELE,1,sesotho
MOETAPELE O ISA MATŠELISO $T$,SETEREKENG,0,sesotho
$T$ O BOLAOA KE PELEHI SETEREKENG,MOSALI,-1,sesotho
MOSALI O BOLAOA KE PELEHI $T$,SETEREKENG,0,sesotho
$T$ LA 'MOLAI LE EA SIRELETSOA SETEREKENG,LEPOLESA,-1,sesotho
LEPOLESA LA 'MOLAI LE EA SIRELETSOA $T$,SETEREKENG,0,sesotho
$T$ SE ETSA MOHLOLO SE FA SE SENG MPHO EA M10 000,SEBINI,1,sesotho
RE KOPA HO BATLISOA $T$ E UTSUOENG MAOBANE,KOLOI,-1,sesotho
$T$ SE RE MAQEPHE A FACEBOOK A LESHANO,SEPOLESA,0,sesotho
SEPOLESA SE RE $T$ A LESHANO,MAQEPHE A FACEBOOK,-1,sesotho
$T$ O THUNYETSA MOSALI LEFU MAHLONG A BANA MOTSENG,MONNA,-1,sesotho
MONNA O THUNYETSA $T$ LEFU MAHLONG A BANA MOTSENG,MOSALI,-1,sesotho
MONNA O THUNYETSA MOSALI LEFU MAHLONG A $T$ MOTSENG,BANA,0,sesotho
MONNA O THUNYETSA MOSALI LEFU MAHLONG A BANA $T$,MOTSENG,0,sesotho
KOTSI E MPE EA $T$,MAKOLOI,-1,sesotho
$T$ SE ETSA MEHLOLO,MOSALI OA SEBOHOLI,1,sesotho
$T$ O OA HOLA,NGOANA OA SEBINI,1,sesotho
KAROLO EA $T$ E CHELE KAJENO,KOMPONE,-1,sesotho
$T$ LE MANEHA BATHO BA KOPILENG MOSEBETSI HO MARANG RANG BA MANEHILE LI E-MAIL TSA BAKOPI FACEBOOK,LEBENKELE,-1,sesotho
LEBENKELE LE MANEHA $T$ BA KOPILENG MOSEBETSI HO MARANG RANG BA MANEHILE LI E-MAIL TSA BAKOPI FACEBOOK,BATHO,0,sesotho
LEBENKELE LE MANEHA BATHO BA KOPILENG $T$ HO MARANG RANG BA MANEHILE LI E-MAIL TSA BAKOPI FACEBOOK,MOSEBETSI,0,sesotho
LEBENKELE LE MANEHA BATHO BA KOPILENG MOSEBETSI HO MARANG RANG BA MANEHILE LI E-MAIL TSA $T$ FACEBOOK,BAKOPI,0,sesotho
LEBENKELE LE MANEHA BATHO BA KOPILENG MOSEBETSI HO MARANG RANG BA MANEHILE LI E-MAIL TSA BAKOPI $T$,FACEBOOK,0,sesotho
$T$ SE KETEKA BOIPUSO NTOENG,SESOLE,1,sesotho
SESOLE SE KETEKA BOIPUSO $T$,NTOENG,-1,sesotho
$T$ O PHAHAMISA MAPOLESA KA SONTAHA,MOOKAMELI OA SEPOLESA,1,sesotho
MOOKAMELI OA SEPOLESA O PHAHAMISA $T$ KA SONTAHA,MAPOLESA,1,sesotho
$T$ EA BOLAILOENG KE MAPOLESA O BOLOKILOE,MONNA,-1,sesotho
MONNA EA BOLAILOENG KE $T$ O BOLOKILOE,MAPOLESA,-1,sesotho
$T$ O PHONYOHA LEFU,MORA,1,sesotho
$T$ SE LINAKA SE METLETSANA TOROPO,SEFAKO,-1,sesotho
SEFAKO SE LINAKA SE METLETSANA $T$,TOROPO,0,sesotho
$T$ BA KOALA LIKEITI TSA KOMPONE KA NKANE,BAREKI,-1,sesotho
BAREKI BA KOALA $T$ KA NKANE,LIKEITI TSA KOMPONE,0,sesotho
$T$ E NYOLLA MOTLAKASE BA RE BA O NYOLLA KHOELI ENA E TLANG,KOMPONE,-1,sesotho
KOMPONE E NYOLLA $T$ BA RE BA O NYOLLA KHOELI ENA E TLANG,MOTLAKASE,-1,sesotho
$T$ E TEBELA BAOKI BA HANANG HO ENTELA CORONA,NAHA,1,sesotho
NAHA E TEBELA $T$ BA HANANG HO ENTELA CORONA,BAOKI,-1,sesotho
$T$ SE SOAHLAMANA KOLOING EA MAFURA TOROPONG,SPRINTER,-1,sesotho
SPRINTER SE SOAHLAMANA $T$ TOROPONG,KOLOING EA MAFURA,0,sesotho
SPRINTER SE SOAHLAMANA KOLOING EA MAFURA $T$,TOROPONG,0,sesotho
$T$ SE TUMMENG SA FAMO KE MOFU O BOLAUOE A BA A CHESOA HAMORAO,SEBINI,-1,sesotho
$T$ KE MASHOLU EBILE KE BABOLAI,BANNA,-1,sesotho
$T$ O RE JELE,MONNA,-1,sesotho
$T$ E UTSUOE MOTSENG BOSIUNG BA MAOBANE,KOLOI,-1,sesotho
KOLOI E UTSUOE  $T$ BOSIUNG BA MAOBANE,MOTSENG,0,sesotho
$T$ O TOKHOLETSOA BOSHOLU,MOSALI,-1,sesotho
$T$ E NYAROSANG MOTSENG,KOTSI,-1,sesotho
KOTSI E NYAROSANG $T$,MOTSENG,0,sesotho
$T$ LI TSOILE KA BONGATA,LIBUKANA TSA HO ETA,1,sesotho
UTLOA LITABA TSA $T$ EA BOLAILOENG SETEREKENG,MOSALI,-1,sesotho
UTLOA LITABA TSA MOSALI EA BOLAILOENG $T$,SETEREKENG,0,sesotho
$T$ O IPOLAILE,MOITHUTI OA SEKOLO SE PHAHAMENG,-1,sesotho
$T$ O LOKISA LITSELA,TONAKHOLO,1,sesotho
TONAKHOLO O LOKISA $T$,LITSELA,0,sesotho
$T$ E IMETSOE KE LIKOLOTO,NAHA,-1,sesotho
$T$ LE MAPOLESA BA LLA SEBOKO,MASOLE,-1,sesotho
MASOLE LE $T$ BA LLA SEBOKO,MAPOLESA,-1,sesotho
KOTSI E MPE HO SHOELE $T$ TSE PELI,LIAKHENTE,-1,sesotho
$T$ BA NGALA MOSEBETSI BA RE MOHIRI KE MOIKHANTŠI OA MOPOLOTIKI,BASEBETSI,-1,sesotho
BASEBETSI BA NGALA $T$ BA RE MOHIRI KE MOIKHANTŠI OA MOPOLOTIKI,MOSEBETSI,0,sesotho
BASEBETSI BA NGALA MOSEBETSI BA RE $T$ KE MOIKHANTŠI OA MOPOLOTIKI,MOHIRI,-1,sesotho
$T$ E ROTELA LETONA,KOMITI EA PARAMENTE,-1,sesotho
KOMITI EA PARAMENTE E ROTELA $T$,LETONA,0,sesotho
$T$ O RE BASEBETSI BA TSOE MARANG RANG,MOOKAMELI,0,sesotho
MOOKAMELI O RE $T$ BA TSOE MARANG RANG,BASEBETSI,0,sesotho
$T$ SE PHOLOSA MEHLAPE MOTSENG,SESOLE,1,sesotho
SESOLE SE PHOLOSA $T$ MOTSENG,MEHLAPE,0,sesotho
SESOLE SE PHOLOSA MEHLAPE $T$,MOTSENG,0,sesotho
$T$ BA NKHISETSANE MEFUFUTSO BA KHOTHOMETSANA HO FIHLELA E MONG A KOQAMA E MONG HOLIMO,BO 'ME,-1,sesotho
$T$ OA BOLOKOA,MOAHLOLI,-1,sesotho
$T$ BA LLA KA HORE BA QOBELLOA HO ENTA KE KA MORA HORE 'MUSO O SHEBE KA HO BONA,BAHLANKA,-1,sesotho
BAHLANKA BA LLA KA HORE BA QOBELLOA HO ENTA KE KA MORA HORE $T$ O SHEBE KA HO BONA,'MUSO,0,sesotho
$T$ LE RE BA LINOMORO TSA BORENA BA LI KHUTLISE MAHALA KAMORA LIKHOELI TSE PELI LE TLO LI PATALLA,LEKALA,1,sesotho
LEKALA LE RE BA $T$ BA LI KHUTLISE MAHALA KAMORA LIKHOELI TSE PELI LE TLO LI PATALLA,LINOMORO TSA BORENA,0,sesotho
$T$ O REKA SEFOFANE SE SECHA O HLOLISA 'MUSO,MOHOEBI,1,sesotho
MOHOEBI O REKA $T$ SE SECHA O HLOLISA 'MUSO,SEFOFANE,1,sesotho
MOHOEBI O REKA SEFOFANE SE SECHA O HLOLISA $T$,'MUSO,-1,sesotho
$T$ BA CHESITSE SEKOLO KAJENO BA ILE BA BALEHELA THABENG KAMORA KETSO ENA,BARUTUOA BA SEKOLO,-1,sesotho
BARUTOANA BA SEKOLO BA CHESITSE $T$ KAJENO BA ILE BA BALEHELA THABENG KAMORA KETSO ENA,SEKOLO,0,sesotho
$T$ O ENTA BATHO BOHLE HOSA KHETHOLLOE SECHABA KAOFELA SE BULETSOE,'MUSO,1,sesotho
'MUSO O ENTA $T$ BOHLE HOSA KHETHOLLOE SECHABA KAOFELA SE BULETSOE,BATHO,0,sesotho
'MUSO O ENTA BATHO BOHLE HOSA KHETHOLLOE $T$ KAOFELA SE BULETSOE,SECHABA,1,sesotho
$T$ LE THUNTSOENG,LEPOLESA,-1,sesotho
$T$ A TSOANG TLHABOLLONG A SE A BOLAILE LENOMORO BA MOHLABILE KA THIPA,MANOMORO,-1,sesotho
MANOMORO A TSOANG TLHABOLLONG A SE A BOLAILE $T$ BA MOHLABILE KA THIPA,LENOMORO,-1,sesotho
BA BOLAEA $T$ KA SETHUNYA,LEPOLESA,-1,sesotho
BA BOLAEA LEPOLESA KA $T$,SETHUNYA,0,sesotho
E NTSE E LE LILLO KAMORA HORE $T$ E PHAHLOHE,KHASE,-1,sesotho
$T$ O FANA KA SEFOFANE HO SEPOLESA,MOHOEBI,1,sesotho
MOHOEBI O FANA KA SEFOFANE HO $T$,SEPOLESA,0,sesotho
MOHOEBI O FANA KA $T$ HO SEPOLESA,SEFOFANE,0,sesotho
$T$ O LOKISA BOEMAFOFANE KA CHELETE EA HAE,MOHOEBI,1,sesotho
MOHOEBI O LOKISA $T$ KA CHELETE EA HAE,BOEMAFOFANE,0,sesotho
$T$ A FUOA LITSIANE TSA BONA,MATONA,1,sesotho
$T$ O TLO FUMANA LIPALO TSE LING,'MUSO,1,sesotho
$T$ TSENA HA LI PHETOA EKABA MEHAU,LIKHETHO,-1,sesotho
$T$ SE HLALOSA 'NETE EA SE JELENG LESOLE,SESOLE,1,sesotho
SESOLE SE HLALOSA 'NETE EA SE JELENG $T$,LESOLE,-1,sesotho
$T$ SE KHOASOLLA LITLOKOTSEBE MATSABENG,SESOLE,1,sesotho
SESOLE SE KHOASOLLA $T$ MATSABENG,LITLOKOTSEBE,-1,sesotho
$T$ BA FENETHA 'MABONA TOROPONG,BARALI,-1,sesotho
BARALI BA FENETHA 'MABONA $T$,TOROPONG,0,sesotho
$T$ KAJENO O ABELA LIKHUTSANA LIMPHO KA CHELETE EA HAE EA MOKHOLO E KAALO KA M600 000,TONAKHOLO,1,sesotho
TONAKHOLO KAJENO O ABELA $T$ LIMPHO KA CHELETE EA HAE EA MOKHOLO E KAALO KA M600 000,LIKHUTSANA,0,sesotho
TONAKHOLO KAJENO O ABELA LIKHUTSANA LIMPHO KA $T$ EA HAE EA MOKHOLO E KAALO KA M600 000,CHELETE,1,sesotho
$T$ O TLA HOEHLA LILEMO TSE HLANO TORONKONG KE HO SE HLOKOMELE BANA BA HAE,MONNA,-1,sesotho
MONNA O TLA HOEHLA LILEMO TSE HLANO $T$ KE HO SE HLOKOMELE BANA BA HAE,TORONKONG,0,sesotho
MAMELA TABA TSA $T$ A TŠOEROENG HOTELENG,MOLOI,-1,sesotho
MAMELA TABA TSA MOLOI A TŠOEROENG $T$,HOTELENG,0,sesotho
$T$ O MO KHAKHATHELA HO HANA HO BUA LE EENA KA TSA LEFEREHO,MOSHANYANA,-1,sesotho
$T$ E TLA FA BATHO BA 54684 LI WORK PERMIT HO TLOHA KA LI 23 DECEMBER 2023,NAHA EA BOAHISANE,1,sesotho
NAHA EA BOAHISANE E TLA FA BATHO BA 54684 $T$ HO TLOHA KA LI 23 DECEMBER 2023,LI WORK PERMIT,0,sesotho
NAHA EA BOAHISANE E TLA FA $T$ BA 54684 LI WORK PERMIT HO TLOHA KA LI 23 DECEMBER 2023,BATHO,1,sesotho
$T$ O TLA THUSA SHOPO KA 15 MILLION FEELA E LE LOAN,'MUSO,1,sesotho
'MUSO O TLA THUSA $T$ KA 15 MILLION FEELA E LE LOAN,SHOPO,0,sesotho
$T$ SE QOSA TONAKHOLO,SETHO SA BOHANYETSI,-1,sesotho
SETHO SA BOHANYETSI SE QOSA $T$,TONAKHOLO,0,sesotho
$T$ EA FUMANOENG HAHA LE MOSALI OA MOTHO O QOSOA M5500 LEKHOTLENG LA MORENA TOROPONG,MONNA,-1,sesotho
MONNA EA FUMANOENG HAHA LE $T$ OA MOTHO O QOSOA M5500 LEKHOTLENG LA MORENA TOROPONG,MOSALI,-1,sesotho
MONNA EA FUMANOENG HAHA LE MOSALI OA MOTHO O QOSOA M5500 $T$ LA MORENA TOROPONG,LEKHOTLENG,0,sesotho
$T$ BA 11 BA HLOKAHETSE HA BA BANG BA TSOILE LIKOTSI NAKONG EO THAPO EA KECHE E NENG E KHAOHA MORAFONG,BATHO,-1,sesotho
BATHO BA 11 BA HLOKAHETSE HA BA BANG BA TSOILE LIKOTSI NAKONG EO THAPO EA $T$ E NENG E KHAOHA MORAFONG,KECHE,-1,sesotho
BATHO BA 11 BA HLOKAHETSE HA BA BANG BA TSOILE LIKOTSI NAKONG EO THAPO EA KECHE E NENG E KHAOHA $T$,MORAFONG,0,sesotho
$T$ O FETOLA MORALI OA HAE MOSALI,MONNA,-1,sesotho
MONNA O FETOLA $T$ OA HAE MOSALI,MORALI,0,sesotho
MONNA O FETOLA MORALI OA HAE $T$,MOSALI,0,sesotho
LE TLO NYANYA $T$ E SHEBANG BA NOANG TAI NTSE BA KHANNA,TAMI,0,sesotho
LE TLO NYANYA TAMI E SHEBANG BA NOANG $T$ NTSE BA KHANNA,TAI,0,sesotho
BA NKA $T$ EA HAE KA LITHUNYA,KOLOI,-1,sesotho
BA NKA KOLOI EA HAE KA $T$,LITHUNYA,0,sesotho
HO NYOLLOA HOA $T$ HO TLA PHATLALATSOA BEKENG EONA ENA,MAKOLOI A BAETI,-1,sesotho
TSA MORAO RAO $T$ OA TOKISO EA LITSELA,MORERONG,1,sesotho
THAPAMENG EA KAJENO HO TLA BA TLHAPANTŠO EA $T$ A MACHA A MAHLANO,MATONA,1,sesotho
$T$ SE ETSA 'MESO KA 'MOLAI OA BATHO BA BABELI,SECHABA,-1,sesotho
SECHABA SE ETSA 'MESO KA 'MOLAI OA $T$ BA BABELI,BATHO,-1,sesotho
$T$ A HAPA KOAE EA MAHLAKA EA BOLENG BA 4.5 MILLION,MAPOLESA,1,sesotho
MAPOLESA A HAPA $T$ EA BOLENG BA 4.5 MILLION,KOAE EA MAHLAKA,-1,sesotho
$T$ LE AMOHELA LI MILLION TSE HLANO LE MAKOLOI A REKUOENG KA CHELETE EA BOSHOLU,LEFAPHA,0,sesotho
LEFAPHA LE AMOHELA LI MILLION TSE HLANO LE $T$ A REKUOENG KA CHELETE EA BOSHOLU,MAKOLOI,-1,sesotho
LEFAPHA LE AMOHELA LI MILLION TSE HLANO LE MAKOLOI A REKUOENG KA $T$ EA BOSHOLU,CHELETE,-1,sesotho
$T$ O TŠOEROE A NTSE A BETA KOLOBE SECHABA SE NTSE SE MO KHAKHATHA,MONNA,-1,sesotho
MONNA O TŠOEROE A NTSE A BETA $T$ SECHABA SE NTSE SE MO KHAKHATHA,KOLOBE,0,sesotho
MONNA O TŠOEROE A NTSE A BETA KOLOBE $T$ SE NTSE SE MO KHAKHATHA,SECHABA,-1,sesotho
$T$ LE PAKILE HAHOLO QOBANG MAETO A THABENG HA JOALE,LEHLOA,0,sesotho
LEHLOA LE PAKILE HAHOLO QOBANG $T$ A THABENG HA JOALE,MAETO,-1,sesotho
$T$ PELA KOARING MONNA O CHESELETSA BANA KATLUNG,MOTSENG,0,sesotho
MOTSENG PELA KOARING $T$ O CHESELETSA BANA KATLUNG,MONNA,-1,sesotho
MOTSENG PELA KOARING MONNA O CHESELETSA $T$ KATLUNG,BANA,0,sesotho
BA FUMANOA KA $T$,LITHETHEFATSI,-1,sesotho
SHEBA $T$,THEPA EA SESOLE SA NAHA,0,sesotho
$T$ TSE BOHLOKO,LITABA,-1,sesotho
$T$ O AMOHELA KHAU EA HAE MOSE,MOHOEBI,1,sesotho
$T$ BA KHALEMELLOA HO ICHAEA NTLOABE,BAITHUTI BA SEKOLO SE PHAHAMENG,-1,sesotho
$T$ A TERAEKELA MATICHERE,MATICHERE A MATICHERE,-1,sesotho
MATICHERE A MATICHERE A TERAEKELA $T$,MATICHERE,0,sesotho
$T$ BA RE MAPOLESA A BA BOLAE KAOFELA,BAITHUTI BA SEKOLO SE PHAHAMENG,0,sesotho
BAITHUTI BA SEKOLO SE PHAHAMENG BA RE $T$ A BA BOLAE KAOFELA,MAPOLESA,-1,sesotho
LE BATLANG LEFUNG LA $T$ EO LE MO BOLAILENG BAITHUTI,MOTHO,-1,sesotho
LE BATLANG LEFUNG LA MOTHO EO LE MO BOLAILENG $T$,BAITHUTI,0,sesotho
$T$ O TŠOEROE NAHENG EA BOAHISANE,MOETAPELE,-1,sesotho
MOETAPELE O TŠOEROE $T$,NAHENG EA BOAHISANE,0,sesotho
$T$ BA FELEHETSA MOFU OA BONA,BAITHUTI BA SEKOLO SE PHAHAMENG,-1,sesotho
$T$ BA 5 BA NKELA LEBENKELE CHELETE HA HO LIKOTSI TSE TLALEHILOENG KAHA BA THUNYELITSE HOLIMO,BANNA,-1,sesotho
BANNA BA 5 BA NKELA $T$ CHELETE HA HO LIKOTSI TSE TLALEHILOENG KAHA BA THUNYELITSE HOLIMO,LEBENKELE,0,sesotho
BANNA BA 5 BA NKELA LEBENKELE $T$ HA HO LIKOTSI TSE TLALEHILOENG KAHA BA THUNYELITSE HOLIMO,CHELETE,0,sesotho
$T$ A KA BANG 6 A BEHELLOA KA THOKO HO MOSEBETSI HO NTO ETSUOA LIPATLISISO KA LEFU LA MOITHUTI OA SEKOLO,MAPOLESA,-1,sesotho
MAPOLESA A KA BANG 6 A BEHELLOA KA THOKO HO $T$ HO NTO ETSUOA LIPATLISISO KA LEFU LA MOITHUTI OA SEKOLO,MOSEBETSI,0,sesotho
MAPOLESA A KA BANG 6 A BEHELLOA KA THOKO HO MOSEBETSI HO NTO ETSUOA LIPATLISISO KA LEFU LA $T$,MOITHUTI OA SEKOLO,-1,sesotho
$T$ BA PHINYETSOA KE NAKELI,BAETAPELE BA KHEKHETHANE,-1,sesotho
$T$ LI IPELAETSA KHAHLANONG LE HO PETLENYOA HOA BAKHOTHALETSUOA,LITHO TSA MOKHA,-1,sesotho
LITHO TSA MOKHA LI IPELAETSA KHAHLANONG LE HO PETLENYOA HOA $T$,BAKHOTHALETSUOA,-1,sesotho
$T$ O TLA PHETHOLA LEKOETE LA TSELA TSE PALAMENG MANE TSELENG E KHOLO BOESA,TONAKHOLO,1,sesotho
TONAKHOLO O TLA PHETHOLA LEKOETE LA TSELA TSE PALAMENG MANE $T$ BOESA,TSELENG E KHOLO,0,sesotho
$T$ E KOETSOENG KA MOLAO NAHENG EA BOAHISANE E WINNA TENDERA,KOMPONE,-1,sesotho
KOMPONE E KOETSOENG KA MOLAO $T$ E WINNA TENDERA,NAHENG EA BOAHISANE,0,sesotho
$T$ LE QHOMA NAHENG EA BOAHISANE,LEFU LA TŠOENE,-1,sesotho
LEFU LA TŠOENE LE QHOMA $T$,NAHENG EA BOAHISANE,0,sesotho
$T$ O CHAKELA LELAPA KAMORA HO FENETHA MORA LONA,'MUSO,-1,sesotho
'MUSO O CHAKELA LELAPA KAMORA HO FENETHA $T$ LONA,MORA,-1,sesotho
$T$ OA ITOANELA SEKOLONG SE SEHOLO,MOFU,-1,sesotho
MOFU OA ITOANELA $T$,SEKOLONG SE SEHOLO,0,sesotho
$T$ LI HLASELA BANKA,LINOKOANE,-1,sesotho
LINOKOANE LI HLASELA $T$,BANKA,0,sesotho
$T$ O NEHELA MOEA A NTSE A BETOA,MOSALI,-1,sesotho
$T$ LE TLA POTOLOHA LE LITEREKE,LEBONE LA TSOSOLOTSO,1,sesotho
LEBONE LA TSOSOLOTSO LE TLA POTOLOHA LE $T$,LITEREKE,0,sesotho
$T$ O THOPHOTHETSA THUTO KA TLHEKEFETSO,MOKHATLO,0,sesotho
MOKHATLO O THOPHOTHETSA $T$,THUTO KA TLHEKEFETSO,1,sesotho
$T$ BA TŠOARA MOHOANTO,BAHOEBI BA LIKHOHO,0,sesotho
BAHOEBI BA LIKHOHO BA TŠOARA $T$,MOHOANTO,0,sesotho
$T$ O TŠOAROA HOTELENG,MOLOI,-1,sesotho
MOLOI O TŠOAROA $T$,HOTELENG,0,sesotho
$T$ O BATLA M3 MILLIONE,MONNA,0,sesotho
$T$ A THIBELOA HO EA JOALENG BOSIU,MAPOLESA,0,sesotho
$T$ SE TSOA PUO KA NGAKA E QOSOANG KA PETO,SEPETLELE,-1,sesotho
SEPETLELE SE TSOA PUO KA $T$ E QOSOANG KA PETO,NGAKA,-1,sesotho
$T$ LE FANA KA THUTO E MATLA SEKOLONG,LESOLE,1,sesotho
LESOLE LE FANA KA THUTO E MATLA $T$,SEKOLONG,0,sesotho
$T$ BA HOANTELA TONAKHOLO,BARUI BA LIKHOHO,0,sesotho
BARUI BA LIKHOHO BA HOANTELA $T$,TONAKHOLO,-1,sesotho
$T$ BA RE MOLAO O MASOBA,BACHA,0,sesotho
BACHA BA RE $T$ O MASOBA,MOLAO,-1,sesotho
$T$ E KHOTLA KA TJOTJO EA M40 000,OFISIRI,-1,sesotho
OFIRISI E $T$ KA TJOTJO EA M40 000,KHOTLA,0,sesotho
OFIRISI E KHOTLA KA $T$ EA M40 000,TJOTJO,-1,sesotho
$T$ SE AHLOLOA LILEMO TSE 54 TOROPONG,SENOKOANE,-1,sesotho
SENOKOANE SE AHLOLOA LILEMO TSE 54 $T$,TOROPONG,0,sesotho
$T$ O TLA SETEREKENG,MOPOROFETA,1,sesotho
MOPOROFETA O TLA $T$,SETEREKENG,0,sesotho
$T$ BA NTŠA TONAKHOLO MEJO HANONG,BATHO,-1,sesotho
BATHO BA NTŠA $T$ MEJO HANONG,TONAKHOLO,0,sesotho
$T$ O SOABISA LIRA O FA MAFUTSANA MOPUTSO OA HAE,TONAKHOLO,1,sesotho
TONAKHOLO O SOABISA LIRA O FA MAFUTSANA $T$ OA HAE,MOPUTSO,0,sesotho
BONA TŠENYO E BAKILOENG KE $T$,BATHO,-1,sesotho
$T$ A 52K KHOTLA,MASHOLU,-1,sesotho
MASHOLU A 52K $T$,KHOTLA,0,sesotho
$T$ O EA NGAKENG,AUSI,1,sesotho
MAKALANG O MAKALLA $T$,KHIRO EA LEKALA LA 'MUSO,-1,sesotho
$T$ E RE SEJO SENYANE HA SE FETE MOLOMO,KOMPONE EA MARANGRANG,1,sesotho
$T$ SE HLOKAHALLA SEPETLELE,SEBINI,-1,sesotho
SEBINI SE HLOKAHALLA $T$,SEPETLELE,0,sesotho
$T$ LI TŠOARA SECHABA HABOHLOKO,LIFOTO TSA MOFUMAHALI OA SEBOHOLI,-1,sesotho
LIFOTO TSA MOFUMAHALI OA SEBOHOLI LI TŠOARA $T$ HABOHLOKO,SECHABA,0,sesotho
$T$ EA MARANGRANG E TUKA MALAKABE,NTOA,-1,sesotho
$T$ O NEHELA MOEA A NTSA A BETOA,MOSALI,-1,sesotho
$T$ O KOPA SECHABA SE MOKHETHE,MOPOLOTIKI,1,sesotho
$T$ O HLOTSOE HO PHOLOSA LEBENKELE,'MUSO,-1,sesotho
'MUSO O HLOTSOE HO PHOLOSA $T$,LEBENKELE,0,sesotho
$T$ A BOLAILENG BATHO O LOKOLLOA KA BEILI,MONNA,-1,sesotho
MONNA A BOLAILENG BATHO O LOKOLLOA KA $T$,BEILI,0,sesotho
$T$ LE TOSA PUO,LELAPA LA SEBINI,0,sesotho
$T$ SE TLA KA HARE HO NAHA,SEBINI,1,sesotho
SEBINI SE TLA KA HARE HO $T$,NAHA,0,sesotho
HO THOE $T$ BA UTSOITSE M150 000 BETHENG,BANNA,-1,sesotho
$T$ KE MOFU,SEBIBI,-1,sesotho
$T$ LI FENETHA LESOLE,LIKOETA,-1,sesotho
LIKOETA LI FENETHA $T$,LESOLE,-1,sesotho
$T$ HA KEA MO JA,'NA,1,sesotho
$T$ O PHOQA LEQHEKOANA,MOPOLOTIKI,-1,sesotho
MOPOLOTIKI O PHOQA $T$,LEQHEKOANA,0,sesotho
RE BATLISENG $T$,MONNA,0,sesotho
$T$ SE THULANA LE MOKHA,SESOLE,-1,sesotho
SESOLE SE THULANA LE $T$,MOKHA,0,sesotho
$T$ ESALE A NYAMELA LABOHLANO,'ME OAKA,-1,sesotho
HAO HLOKE $T$ HORE O RUOE,MOLIMO,-1,sesotho
$T$ O SHOELLA NAHA-THOTE,MOLISANA,-1,sesotho
HO PHUTHOA $T$ TSE 53 NOKENG,LITOPO,-1,sesotho
HO PHUTHOA LITOPO TSE 53 $T$,NOKENG,0,sesotho
ATAMELANG $T$ TLO UTLOA,LE,0,sesotho
$T$ O ETELA MOPORESITENTE,TONAKHOLO,1,sesotho
TONAKHOLO O ETELA $T$,MOPORESITENTE,0,sesotho
$T$ KE MOFU,MOBISHOPO,-1,sesotho
$T$ A 11 A TŠOAROA,MAKHOMOSHA,-1,sesotho
$T$ ESALE A NYAMELA KA KOLOI,MOTSOALLE OA MOQHOBI OA LEPHELE,-1,sesotho
MOTSOALLE OA MOQHOBI OA LEPHELE ESALE A NYAMELA KA $T$,KOLOI,0,sesotho
$T$ O HLAISA PUO KA SETLOHOLO SE TŠOEROENG,NKHONO,0,sesotho
NKHONO O HLAISA PUO KA $T$ SE TŠOEROENG,SETLOHOLO,-1,sesotho
$T$ O UTSOA KA MASENE A PHOKOJOE,MONNA,-1,sesotho
$T$ A LILEMO LI 17 O TŠOAROA A BETA MOKOKO,MOSHANYANA,-1,sesotho
MOSHANYANA A LILEMO LI 17 O TŠOAROA A BETA $T$,MOKOKO,0,sesotho
$T$ O BATLA M3 000 000,MONNA,-1,sesotho
$T$ LE TLO BULOA,LEBENKELE LA LIJO,1,sesotho
$T$ A FENETHA MASOLE A MAHLANO,MARABELE,-1,sesotho
MARABELE A FENETHA $T$ A MAHLANO,MASOLE,0,sesotho
$T$ BA EANG SEPETLELE BOSIU BA MATHATENG,BAKULI,-1,sesotho
BAKULI BA EANG $T$ BOSIU BA MATHATENG,SEPETLELE,0,sesotho
$T$ O QHALA LENYALO LA MONNA E MONG,MONNA,-1,sesotho
MONNA O QHALA LENYALO LA $T$ E MONG,MONNA,0,sesotho
$T$ E FEFOHILE,NTLO EA MONNA,-1,sesotho
$T$ SE TŠOARA MAKHOMOSHA A 8 LE BATHO BA 63 BA SENANG LITOKOMANE,SEPOLESA,1,sesotho
SEPOLESA SE TŠOARA $T$ A 8 LE BATHO BA 63 BA SENANG LITOKOMANE,MAKHOMOSHA,-1,sesotho
SEPOLESA SE TŠOARA MAKHOMOSHA A 8 LE $T$ BA 63 BA SENANG LITOKOMANE,BATHO,-1,sesotho
$T$ SE NTŠA POLELO KA NGAKA E QOSOANG,SEPETLELE,0,sesotho
SEPETLELE SE NTŠA POLELO KA $T$ E QOSOANG,NGAKA,-1,sesotho
$T$ MAKHATHENG A LEFU KE KOPA TSOARELO,KE,1,sesotho
$T$ BA 16 BA TŠOAROA BA SENA LITOKOMANE,BATHO,-1,sesotho
$T$ O KOKONA BAITHUTI CHELETE,NKHONO,-1,sesotho
NKHONO O KOKONA $T$ CHELETE,BAITHUTI,0,sesotho
NKHONO O KOKONA BAITHUTI $T$,CHELETE,0,sesotho
$T$ A KIBAKIBA KA M12 MILIONE HAPE,MASOLE,1,sesotho
$T$ POLAONG O BATLA BEILE,MOQOSUOA,-1,sesotho
MOQOSUOA POLAONG O BATLA $T$,BEILE,0,sesotho
$T$ O JELE LICHELETE TSA RONA,MONNA,-1,sesotho
$T$ A LI KOATILE HAPE,LITHO TSA MOKHA,-1,sesotho
$T$ O INOLOA KA LETAMONG,NGOANA,1,sesotho
NGOANA O INOLOA KA $T$,LETAMONG,0,sesotho
$T$ BA BABELI BA KENA HA MOTHO BA MO HLABELA LEFU,BANNA,-1,sesotho
BANNA BA BABELI BA KENA HA $T$ BA MO HLABELA LEFU,MOTHO,-1,sesotho
$T$ SE KOPA HO BATLISOA BANNA BA BOLAILENG LELAPA LA BATHO BA 4 LE MOLISANA OA LONA,SEPOLESA,0,sesotho
SEPOLESA SE KOPA HO BATLISOA $T$ BA BOLAILENG LELAPA LA BATHO BA 4 LE MOLISANA OA LONA,BANNA,-1,sesotho
SEPOLESA SE KOPA HO BATLISOA BANNA BA BOLAILENG $T$ LA BATHO BA 4 LE MOLISANA OA LONA,LELAPA,-1,sesotho
SEPOLESA SE KOPA HO BATLISOA BANNA BA BOLAILENG LELAPA LA BATHO BA 4 LE $T$ OA LONA,MOLISANA,-1,sesotho
$T$ SE BATLANA LE MONNA,SEPOLESA,0,sesotho
SEPOLESA SE BATLANA LE $T$,MONNA,-1,sesotho
$T$ O HANA CHELETE,MOSALI,-1,sesotho
MOSALI O HANA $T$,CHELETE,0,sesotho
$T$ O BOLAEA E MONG HO TSEKOA MOETI,MOQHOBI OA LEPHELE,-1,sesotho
MOQHOBI OA LEPHELE O BOLAEA E MONG HO TSEKOA $T$,MOETI,0,sesotho
$T$ BA CHAISITSOENG KE LEPHELE BA NTSE BA PHELA,BATHO,1,sesotho
BATHO BA CHAISITSOENG KE $T$ BA NTSE BA PHELA,LEPHELE,-1,sesotho
$T$ LI QETA HO UTSUOA,LIKHOMO,-1,sesotho
$T$ BA TSOAROA KA BOSHOLU,BANNA,-1,sesotho
$T$ E MONG O HLOKAHALA A QETA HO NKA LENGOLO,MOITHUTI,-1,sesotho
MOITHUTI E MONG O HLOKAHALA A QETA HO NKA $T$,LENGOLO,1,sesotho
$T$ O TŠOELA HO SECHOA HOA E MONG KA MATHE,MOPOLOTIKI,-1,sesotho
$T$ E CHAISITSE BATHO,KOLOI EA LEPHELE,-1,sesotho
KOLOI EA LEPHELE E CHAISITSE $T$,BATHO,0,sesotho
$T$ E TŠOEROE,NGAKA EA LEKOEREKOERE,-1,sesotho
$T$ HA A FUMANA SETHUNYA HA MOPOLOTIKI,MAPOLESA,1,sesotho
MAPOLESA HA A FUMANA $T$ HA MOPOLOTIKI,SETHUNYA,0,sesotho
MAPOLESA HA A FUMANA SETHUNYA HA $T$,MOPOLOTIKI,-1,sesotho
$T$ O OA LLA,MORENA,-1,sesotho
$T$ LE HLAHLOBA TŠENYO,LETONA,0,sesotho
$T$ LE IPATA KA HARA PHOOFO,LESHOLU,-1,sesotho
LESHOLU LE IPATA KA HARA $T$,PHOOFO,0,sesotho
$T$ O FIHLILE HA HAE A NTSE A BOLOKEHILE,MONNA,1,sesotho
$T$ E OTLOLLA TABA,KOMPONE EA MARANG-RANG,1,sesotho
RE UTSOELITSOE $T$ MAOBANE,KOLOI,-1,sesotho
$T$ TSE ROBELI LI NYAMETSE,LINKU,-1,sesotho
$T$ O PHETHA SE ETSAHETSENG,MOSALI OA MOPOLOTIKI,0,sesotho
$T$ SE PHOQILE SECHABA,SEBINI,-1,sesotho
SEBINI SE PHOQILE $T$,SECHABA,0,sesotho
$T$ E THAKHOLA LIBUKA,KOMPONE,1,sesotho
KOMPONE  E THAKHOLA $T$,LIBUKA,0,sesotho
$T$ O RE SEPOLESA SE POTA-POTILE HA HAE KA LITHUNYA,MOPOLOTIKI,0,sesotho
MOPOLOTIKI O RE $T$ SE POTA-POTILE HA HAE KA LITHUNYA,SEPOLESA,-1,sesotho
MOPOLOTIKI O RE SEPOLESA SE POTA-POTILE HA HAE KA $T$,LITHUNYA,0,sesotho
$T$ O LAHLELOA KHOHLONG EA MORITI OA LEFU,MOOKI,-1,sesotho
$T$ BA TINNGOE EA MALAENE,BAITHUTI,-1,sesotho
$T$ O OA NYALA,MOPOLOTIKI,1,sesotho
$T$ O LAETILE TOROPO KA BOBOLU,TONAKHOLO,-1,sesotho
TONAKHOLO O LAETILE $T$ KA BOBOLU,TOROPO,0,sesotho
$T$ LE RE MONNA A KHUTLELE MOSEBETSING,LEKHOTLA,0,sesotho
LEKHOTLA LE RE $T$ A KHUTLELE MOSEBETSING,MONNA,1,sesotho
LEKHOTLA LE RE MONNA A KHUTLELE $T$,MOSEBETSING,0,sesotho
UTLOA MELEKO EA $T$,LEKALA LA 'MUSO,-1,sesotho
$T$ BA BACHA BA KENA PARAMENTENG,BAPOLOTIKI,1,sesotho
BAPOLOTIKI BA BACHA BA KENA $T$,PARAMENTENG,0,sesotho
$T$ O ROTELA MAFOSISA,MONNA,1,sesotho
$T$ LI NTSE LI BATLOA KE SEPOLESA,LINOKOANE,-1,sesotho
LINOKOANE LI NTSE LI BATLOA KE $T$,SEPOLESA,0,sesotho
$T$ KHOTLA KA POLAO EA NYATSI,SEBOULELI,-1,sesotho
SEBOULELI $T$ KA POLAO EA NYATSI,KHOTLA,0,sesotho
SEBOULELI KHOTLA KA POLAO EA $T$,NYATSI,-1,sesotho
$T$ O SHOELLA PIZZA EA MOTHO,MOKOAO,-1,sesotho
MOKOAO O SHOELLA $T$ EA MOTHO,PIZZA,0,sesotho
$T$ SA MONNA SE REKISOA M3.3 MILIONE,SEKARAPA,-1,sesotho
PHOOA $T$,MAPARAMENTE,-1,sesotho
$T$ BA KHALEMA MOPARAMENTE HO HLEPHA KA HANONG,BAPOLOTIKI,0,sesotho
BAPOLOTIKI BA KHALEMA $T$ HO HLEPHA KA HANONG,MOPARAMENTE,-1,sesotho
$T$ BA RE BA CHONNE,BAPOLOTIKI,-1,sesotho
$T$ SE THUNTSOE,SEBINI SA MOKHA,-1,sesotho
$T$ O SHOELLA MOSALI OA MOTHO,MACHONISA,-1,sesotho
MACHONISA O SHOELLA $T$ OA MOTHO,MOSALI,0,sesotho
$T$ O FOLISA MONNA,MOAPOSTOLA,1,sesotho
MOAPOSTOLA O FOLISA $T$,MONNA,0,sesotho
$T$ O KHUTLISETSA MONNA MOSEBETSING,MOKHATLO,1,sesotho
MOKHATLO O KHUTLISETSA $T$ MOSEBETSING,MONNA,0,sesotho
MOKHATLO O KHUTLISETSA MONNA $T$,MOSEBETSING,0,sesotho
MAHLABISA LIHLONG A $T$,MEPUTSO,-1,sesotho
$T$ O JA MOKHETHOA KA SEHLOHO,MOSALI,-1,sesotho
MOSALI O JA $T$ KA SEHLOHO,MOKHETHOA,0,sesotho
$T$ O TŠOEROE KA PHIEO,MOPARAMENTE,-1,sesotho
BONA LIMAKATSO TSA $T$,MOLIMO,1,sesotho
$T$ O BATLA HO LELEKA KOMISHINARA,TONAKHOLO,-1,sesotho
TONAKHOLO O BATLA HO LELEKA $T$,KOMISHINARA,0,sesotho
$T$ E MAKATSA BATHO,PINA EA SEBINI,1,sesotho
$T$ HA BA ESO ABELOE MANGOLO,BAITHUTI,-1,sesotho
BAITHUTI  HA BA ESO ABELOE $T$,MANGOLO,0,sesotho
$T$ A NYAHLATSA TLHAHISO EA HO HLAKOLA M5000,MAPARAMENTE,-1,sesotho
$T$ E NYELISA LEKHOTLA,KOMISHINARA,-1,sesotho
$T$ O FANA KE TLALEHO EA LITŠEPISO,TONAKHOLO,1,sesotho
$T$ O NYAMETSE,NGOANANA,-1,sesotho
$T$ BATLO SHOA KA HARA NAHA,BAKULI,-1,sesotho
BAKULI BATLO SHOA KA HARA $T$,NAHA,0,sesotho
$T$ O BATLA HO OKAMELA MOKHATLO,MONNA,1,sesotho
MONNA O BATLA HO OKAMELA $T$,MOKHATLO,0,sesotho
HA HO NA MATHATA $T$,LEBENKELENG,1,sesotho
NTHO LI SENYEHILE $T$,LEBENKELENG,-1,sesotho
BA ROTELA $T$,'MOLO OA MOPARAMENTE,-1,sesotho
$T$ KHOTLA,MOPARAMENTE,-1,sesotho
$T$ KHOTLA,KHOTLA,0,sesotho
$T$ O TŠABA HO FAOLOA,MOPARAMENTE,-1,sesotho
$T$ O EMISA NAHA,MOPOLOTIKI,-1,sesotho
MOPOLOTIKI O EMISA $T$,NAHA,0,sesotho
$T$ O ETELA BANA BA ONA,MOLIMO,1,sesotho
MOLIMO O ETELA $T$ BA ONA,BANA,0,sesotho
$T$ A MAKATSA MASOLE,MARABELE,-1,sesotho
MARABELE A MAKATSA $T$,MASOLE,0,sesotho
$T$ O AHA 'MOLO,MOPOLOTIKI,1,sesotho
MOPOLOTIKI O AHA $T$,'MOLO,0,sesotho
$T$ SE NOA METSI A KEREKE FEELA LETONA LE NYEFOLA TUMELO,SECHABA,0,sesotho
SECHABA SE NOA $T$ FEELA LETONA LE NYEFOLA TUMELO,METSI A KEREKE,1,sesotho
SECHABA SE NOA METSI A KEREKE FEELA $T$ LE NYEFOLA TUMELO,LETONA,-1,sesotho
$T$ MATHATENG,LEBENKELE,-1,sesotho
$T$ BA BUANG HAHOLO BA BITSOA KHOTLA,BATHO,-1,sesotho
BATHO BA BUANG HAHOLO BA BITSOA $T$,KHOTLA,0,sesotho
$T$ O THUSA NGOANA,MOSALI,1,sesotho
MOSALI O THUSA $T$,NGOANA,0,sesotho
$T$ O REKELA SEPOLESA,MOKHETHOA,1,sesotho
MOKHETHOA O REKELA $T$,SEPOLESA,0,sesotho
$T$ O HIRA LELAPA LA HAE,TONAKHOLO,-1,sesotho
TONAKHOLO O HIRA $T$ LA HAE,LELAPA,0,sesotho
$T$ E ABELOA M1 MILONE MONGA MONNA O TSOA KA LEHE,NYATSI,1,sesotho
NYATSI E ABELOA M1 MILONE $T$ O TSOA KA LEHE,MONGA MONNA,-1,sesotho
$T$ E FANA KA KOLOI,KEREKE,1,sesotho
KEREKE E FANA KA $T$,KOLOI,0,sesotho
HARE LEBOHISENG $T$,BAKHANNI,1,sesotho
$T$ O AMOHA BALOTSANA LITŠA TSA 'MUSO,TONAKHOLO,1,sesotho
TONAKHOLO O AMOHA BALOTSANA $T$,LITŠA TSA 'MUSO,0,sesotho
$T$ O FA MASOLE CHELETE,TONAKHOLO,1,sesotho
TONAKHOLO O FA $T$ CHELETE,MASOLE,0,sesotho
TONAKHOLO O FA MASOLE $T$,CHELETE,0,sesotho
BA TSEKISA $T$ JUNIFOMO,TONAKHOLO,0,sesotho
BA TSEKISA TONAKHOLO $T$,JUNIFOMO,0,sesotho
$T$ LE RAHA MONNA KA MARETENG HA A ITLHALOSA,LEPOLESA,-1,sesotho
LEPOLESA LE RAHA $T$ KA MARETENG HA A ITLHALOSA,MONNA,0,sesotho
BONA $T$ OA MOTSENG EA LIATLENG TSA SEPOLESA KA HO KENA-KENANA LE MOTLAKASE,MONNA,-1,sesotho
BONA MONNA OA PEKA EA LIATLENG TSA $T$ KA HO KENA-KENANA LE MOTLAKASE,SEPOLESA,0,sesotho
BONA MONNA OA PEKA EA LIATLENG TSA SEPOLESA KA HO KENA-KENANA LE $T$,MOTLAKASE,0,sesotho
BONA $T$,NOMORO POLATA EA LIKOLOI TSA SEPOLESA,0,sesotho
$T$ O FUMANOA A ITSETETSE KA HARA PHOOFO SHOPONG SETEREKENG,MONNA,-1,sesotho
MONNA O FUMANOA A ITSETETSE KA HARA $T$ SHOPONG SETEREKENG,PHOOFO,0,sesotho
MONNA O FUMANOA A ITSETETSE KA HARA PHOOFO $T$ SETEREKENG,SHOPONG,0,sesotho
MONNA O FUMANOA A ITSETETSE KA HARA PHOOFO SHOPONG $T$,SETEREKENG,0,sesotho
$T$ LE MO AHLOLA 'MOHO LE MORALI LE SETLOHOLO SA HAE,LEKHOTLA,0,sesotho
LEKHOTLA LE MO AHLOLA 'MOHO LE $T$ LE SETLOHOLO SA HAE,MORALI,-1,sesotho
LEKHOTLA LE MO AHLOLA 'MOHO LE MORALI LE $T$ SA HAE,SETLOHOLO,-1,sesotho
$T$ O IPOLAEA KAMORA HO HLORISOA KE BARUTOANA SEKOLONG,NGOANA,-1,sesotho
NGOANA O IPOLAEA KAMORA HO HLORISOA KE $T$ SEKOLONG,BARUTUOA,-1,sesotho
NGOANA O IPOLAEA KAMORA HO HLORISOA KE BARUTOANA $T$,SEKOLONG,0,sesotho
KHELE LITABA TSA $T$,TONAKHOLO,0,sesotho
UTLOA LIKETSO TSA $T$ BANA,BANNA,0,sesotho
RE LOKELA HO HIRA $T$ A MACHA KA HA PALO EA MASOLE ESE THEFULEHILE,MASOLE,1,sesotho
RE LOKELA HO HIRA MASOLE A MACHA KA HA $T$ ESE THEFULEHILE,PALO EA MASOLE,-1,sesotho
$T$ OA BATHO BA BABELI O LOKOLLOA KA BAIL EA M2 000,'MOLAI,-1,sesotho
'MOLAI OA BATHO BA BABELI O LOKOLLOA KA $T$ EA M2 000,BAIL,-1,sesotho
HA $T$ A SA BE KAROLO EA BOTHATA HA HO BONOLO HO UTLOISISA MATHATA A SECHABA,MOTHO,-1,sesotho
HA MOTHO A SA BE KAROLO EA BOTHATA HA HO BONOLO HO UTLOISISA MATHATA A $T$,SECHABA,-1,sesotho
KHETLONG LENA LESEPA LEHOLO KE LA $T$ HA SE LA MOLATA,MONGA MOTSE,-1,sesotho
KHETLONG LENA LESEPA LEHOLO KE LA MONGA MOTSE HA SE LA $T$,MOLATA,1,sesotho
$T$ O LELEKOA KAMORA HORE BANA BA SHOELLE MOPHATONG MOTSENG,MOSUOE,-1,sesotho
MOSUOE O LELEKOA KAMORA HORE $T$ BA SHOELLE MOPHATONG MOTSENG,BANA,-1,sesotho
MOSUOE O LELEKOA KAMORA HORE BANA BA SHOELLE $T$ MOTSENG,MOPHATONG,0,sesotho
MOSUOE O LELEKOA KAMORA HORE BANA BA SHOELLE MOPHATONG $T$,MOTSENG,0,sesotho
$T$ BA LLA KA LITJEO TSE PHAHAMANG HA BOROKHO BA MOTSENG BO SENYEHILE,BAETI,-1,sesotho
BAETI BA LLA KA LITJEO TSE PHAHAMANG HA $T$ BO SENYEHILE,BOROKHO BA MOTSENG,-1,sesotho
$T$ O AHLOLOA LIKETE TSE LESHOME KA HO SIA BANA BA HAE,MOSALI,-1,sesotho
MOSALI O AHLOLOA LIKETE TSE LESHOME KA HO SIA $T$ BA HAE,BANA,0,sesotho
$T$ O THUNYETSOA CHELETE EA MOKHATLO,MOSALI,-1,sesotho
MOSALI O THUNYETSOA $T$,CHELETE EA MOKHATLO,0,sesotho
$T$ BO KHAOHILE,BOROKHO BA SETEREKENG,-1,sesotho
KOTSI EA $T$ E BAKA LEFU TOROPONG EA SETEREKENG,KOLOI,-1,sesotho
KOTSI EA KOLOI E BAKA LEFU $T$,TOROPONG EA SETEREKENG,0,sesotho
$T$ O HLASELOA KA LITHUNYA SETEREKENG,MONNA,-1,sesotho
MONNA O HLASELOA KA $T$ SETEREKENG,LITHUNYA,0,sesotho
MONNA O HLASELOA KA LITHUNYA $T$,SETEREKENG,0,sesotho
$T$ O AMOHELA MOIFO OA LEBOTHO,TONAKHOLO,1,sesotho
TONAKHOLO O AMOHELA $T$,MOIFO OA LEBOTHO,0,sesotho
UTLOA SE ETSAHETSENG KA $T$ EA SHOELETSENG MOPHATONG SETEREKENG,MOSHEMANE,-1,sesotho
UTLOA SE ETSAHETSENG KA MOSHEMANE EA SHOELETSENG $T$ SETEREKENG,MOPHATONG,0,sesotho
UTLOA SE ETSAHETSENG KA MOSHEMANE EA SHOELETSENG MOPHATONG $T$,SETEREKENG,0,sesotho
$T$ BA MO HLABELA LEFU,BANNA,-1,sesotho
BONA $T$ BA BELAELLOANG POLAONG EA LITHO TSA LELAPA,BANNA BA SETEREKENG,-1,sesotho
BONA BANNA BA SETEREKENG BA BELAELLOANG POLAONG EA $T$,LITHO TSA LELAPA,-1,sesotho
$T$ OA MOLATA O BETA NGOANANA EA LILEMO LI 15 SETEREKENG,MONNA,-1,sesotho
MONNA OA MOLATA O BETA $T$ EA LILEMO LI 15 SETEREKENG,NGOANANA,-1,sesotho
MONNA OA MOLATA O BETA NGOANANA EA LILEMO LI 15 $T$,SETEREKENG,0,sesotho
$T$ O BOLAEA E MONG BA TSEKA BAETI,MOQHOBI OA LEPHELE,-1,sesotho
MOQHOBI OA LEPHELE O BOLAEA E MONG BA TSEKA $T$,BAETI,0,sesotho
$T$ O BOLAOA KA HO HLAJOA KA THIPA,MOENA OA SEBINI SA FAMO,-1,sesotho
MOENA OA SEBINI SA FAMO O BOLAOA KA HO HLAJOA KA $T$,THIPA,0,sesotho
$T$ LE BARA BA UTSOA LINKU SETEREKENG BA LI HLABA,MOSALI,-1,sesotho
MOSALI LE $T$ BA UTSOA LINKU SETEREKENG BA LI HLABA,BARA,-1,sesotho
MOSALI LE BARA BA UTSOA $T$ SETEREKENG BA LI HLABA,LINKU,-1,sesotho
MOSALI LE BARA BA UTSOA LINKU $T$ BA LI HLABA,SETEREKENG,0,sesotho
$T$ E HLABA MOHLANKANA OA EONA KA THIPA SETEREKENG,KHAREBE,-1,sesotho
KHAREBE E HLABA $T$ OA EONA KA THIPA SETEREKENG,MOHLANKANA,0,sesotho
KHAREBE E HLABA MOHLANKANA OA EONA KA $T$ SETEREKENG,THIPA,0,sesotho
$T$ BA SHOELLA MEPHATONG,BASHEMANE,-1,sesotho
BASHEMANE BA SHOELLA $T$,MEPHATONG,0,sesotho
$T$ EA LILEMO LI 70 O SITSOA KA MAFAHLA,NKHONO,1,sesotho
NKHONO EA LILEMO LI 70 O SITSOA KA $T$,MAFAHLA,0,sesotho
$T$ O QHAUTSOA KA BOQHEKANYETSI BA CHELETE,MOHLANKA,-1,sesotho
MOHLANKA O QHAUTSOA KA BOQHEKANYETSI BA $T$,CHELETE,-1,sesotho
$T$ O LITLAMONG KA BOQHEKANYETSI BA SENYETHEHALI SA CHELETE,MOHLANKANA,-1,sesotho
MOHLANKANA O LITLAMONG KA BOQHEKANYETSI BA SENYETHEHALI SA $T$,CHELETE,-1,sesotho
BO-PULAMALIBOHO BA FUOA THUPELO KE $T$,SEPOLESA,1,sesotho
SPRINGBOK SE THEOHELA KA $T$ SETEREKENG,SETSING SA TLHABOLLO,0,sesotho
SPRINGBOK SE THEOHELA KA SETSING SA TLHABOLLO $T$,SETEREKENG,0,sesotho
$T$ SE THEOHELA KA SETSING SA TLHABOLLO SETEREKENG,SPRINGBOK,-1,sesotho
$T$ TSA SEKOLO SA THUPELO EA BAOKI,LIKAPESO,1,sesotho
LIKAPESO TSA $T$,SEKOLO SA THUPELO EA BAOKI,0,sesotho
UTLOA NTHOE MPE E ENTSOENG KE $T$ O BABOTSE KHAREBE KA MPAMA,MOITHUTI,-1,sesotho
UTLOA NA $T$ O RENG KA LIPAPALI BAKENG SA NAKO E TLANG,TONAKHOLO,0,sesotho
UTLOA NA TONAKHOLO O RENG KA $T$ BAKENG SA NAKO E TLANG,LIPAPALI,0,sesotho
BONA $T$ A SE NANG LITLHONG,MASHOLU A LIKHOMO,-1,sesotho
KOTSI E MPE EA $T$ SETEREKENG,KOLOI,-1,sesotho
KOTSI E MPE EA KOLOI $T$,SETEREKENG,0,sesotho
$T$ O IPOTSA LIPOTSO A LE SETEREKENG MOO HO ILENG HOA BOLAOA BATHO,TONAKHOLO,0,sesotho
TONAKHOLO O IPOTSA LIPOTSO A LE $T$ MOO HO ILENG HOA BOLAOA BATHO,SETEREKENG,0,sesotho
TONAKHOLO O IPOTSA LIPOTSO A LE SETEREKENG MOO HO ILENG HOA BOLAOA $T$,BATHO,-1,sesotho
BONA $T$ EA QOSOANG KA HO NTŠA MAKUNUTU A 'MUSO,MOSALI,-1,sesotho
BONA MOSALI EA QOSOANG KA HO NTŠA MAKUNUTU A $T$,'MUSO,0,sesotho
$T$ E PHETHOHA KA BATHO BA 12,KOLOI,-1,sesotho
KOLOI E PHETHOHA KA $T$ BA 12,BATHO,0,sesotho
$T$ O BOLAEA MOHOLOANE OA HAE KA BAKA LA MAHLAPA,MOENA,-1,sesotho
MOENA O BOLAEA $T$ OA HAE KA BAKA LA MAHLAPA,MOHOLOANE,-1,sesotho
$T$ O NKELOA CHELETE E KAHOLIMO HO M70 000 SETEREKENG KE LITSOTSI,MONNA,-1,sesotho
MONNA O NKELOA CHELETE E KAHOLIMO HO M70 000 $T$ KE LITSOTSI,SETEREKENG,0,sesotho
$T$ EA SHOELETSENG MOPHATONG O FUMANOE A LE METOPA EA HO SHAPUOA,MOSHEMANE,-1,sesotho
MOSHEMANE EA SHOELETSENG $T$ O FUMANOE A LE METOPA EA HO SHAPUOA,MOPHATONG,0,sesotho
$T$ O QOSOA KA HO NTŠA MAKUNUTU A 'MUSO,MOSALI,-1,sesotho
MOSALI O QOSOA KA HO NTŠA MAKUNUTU A $T$,'MUSO,0,sesotho
$T$ O PHETHA MASISA-PELO KA LENYALO LA HAE,MOSALI OA SETEREKENG,-1,sesotho
$T$ SA NAHA EA BOAHISANE SE HAHARA MAKHOMOSHA,SEPOLESA,1,sesotho
SEPOLESA SA NAHA EA BOAHISANE SE HAHARA $T$,MAKHOMOSA,-1,sesotho
$T$ BA HLAHELLA HAPE KA PEL'A LEKHOTLA KA BOSHOLU BA THEPA,BANNA,-1,sesotho
$T$ LI FUMANOA KA MORUNG,LIKHOMO,-1,sesotho
LIKHOMO LI FUMANOA KA $T$,MORUNG,0,sesotho
$T$ O NYAMETSE NAHENG EA BOAHISANE,MOSHANYANA OA SETEREKENG,-1,sesotho
MOSHANYANA OA SETEREKENG O NYAMETSE $T$,NAHENG EA BOAHISANE,0,sesotho
$T$ LE KOLOI EA LESOLE LI FUMANOA SETEREKENG PELAELLO KE HORE LE BOLAUOE,SEAPARO,0,sesotho
SEAPARO LE $T$ EA LESOLE LI FUMANOA SETEREKENG PELAELLO KE HORE LE BOLAUOE,KOLOI,0,sesotho
SEAPARO LE KOLOI EA $T$ LI FUMANOA SETEREKENG PELAELLO KE HORE LE BOLAUOE,LESOLE,-1,sesotho
$T$ O ABELA LITEREKE LIKOLOI TSE NCHA,MOOKAMELI OA SEPOLESA,1,sesotho
MOOKAMELI OA SEPOLESA O ABELA LITEREKE $T$ TSE NCHA,LIKOLOI,1,sesotho
MOOKAMELI OA SEPOLESA O ABELA $T$ LIKOLOI TSE NCHA,LITEREKE,0,sesotho
$T$ O TLA BOLOKOA SETEREKENG,MOOKAMELI,-1,sesotho
MOOKAMELI O TLA BOLOKOA $T$,SETEREKENG,0,sesotho
$T$ LE ETETSE MOTSENG HO KOPELA SECHABA SETSI SA BOPHELO,LETONA,0,sesotho
LETONA LE ETETSE $T$ HO KOPELA SECHABA SETSI SA BOPHELO,MOTSENG,0,sesotho
LETONA LE ETETSE MOTSENG HO KOPELA SECHABA $T$,SETSI SA BOPHELO,1,sesotho
$T$ O AHLOLOA  LILEMO TSE PELI SETEREKENG KA BOSHOLU BA CHELETE,NGOANANA,-1,sesotho
NGOANANA O AHLOLOA  LILEMO TSE PELI $T$ KA BOSHOLU BA CHELETE,SETEREKENG,0,sesotho
NGOANANA O AHLOLOA  LILEMO TSE PELI SETEREKENG KA BOSHOLU BA $T$,CHELETE,-1,sesotho
$T$ O THUNYETSOA LEFU SETEREKENG KA PELAELLO EA BOLOI,NKHONO,-1,sesotho
NKHONO O THUNYETSOA LEFU $T$ KA PELAELLO EA BOLOI,SETEREKNG,0,sesotho
$T$ E TLA ABELOA MAKOLOI A MACHA BOESA,METEBO EA SEPOLESA,1,sesotho
METEBO EA SEPOLESA E TLA ABELOA $T$ A MACHA BOESA,MAKOLOI,1,sesotho
$T$ O LLELOA KE LITŠEPE KA POLAO EA MOHOLOANE OA HAE,MONNA,-1,sesotho
MONNA O LLELOA KE LITŠEPE KA POLAO EA $T$ OA HAE,MOHOLOANE,-1,sesotho
$T$ O QOSOA KA PETO EA NGOANANA,MONNA,-1,sesotho
MONNA O QOSOA KA PETO EA $T$,NGOANANA,0,sesotho
$T$ BA BOLAEA MOTHO KA LEBAKA LA LENTSOE MONNA,BANNA,-1,sesotho
BANNA BA BOLAEA $T$ KA LEBAKA LA LENTSOE MONNA,MOTHO,0,sesotho
$T$ O LLELOA KE LITŠEPE,MOHLEKEFETSI OA NGOANA,-1,sesotho
$T$ BA SHOELETSENG MOPHATONG SETEREKENG BA BOLOKILOE,BASHANYANA,-1,sesotho
BONA $T$ E MONYANE OA LIPUISANO KA PARAMENTENG,MOTSAMAISI,1,sesotho
BONA MOTSAMAISI E MONYANE OA LIPUISANO KA $T$,PARAMENTENG,0,sesotho
BONA MOSEBETSI O MOTLE OA $T$ BANA KHELEE,BARUTUOA,1,sesotho
$T$ O QOSOA KA HO HLABA BATHO KA THIPA,MONNA,-1,sesotho
MONNA O QOSOA KA HO HLABA $T$ KA THIPA,BATHO,0,sesotho
$T$ O RE BANA BA KHUTLELE HO LEQHEKU LE BA BETE,MOSALI,-1,sesotho
MOSALI O RE $T$ BA KHUTLELE HO LEQHEKU LE BA BETE,BANA,0,sesotho
MOSALI O RE BANA BA KHUTLELE HO $T$ LE BA BETE,LEQHEKU,-1,sesotho
SELOPO-EMERE SE BELAELLOA POLAONG EA $T$ SETEREKENG,MOCHOLOKO,-1,sesotho
SELOPO-EMERE SE BELAELLOA POLAONG EA MOCHOLOKO $T$,SETEREKENG,0,sesotho
BONA $T$ BA BANYANE BA SESOLE,BAOKAMELI,1,sesotho
BONA BAOKAMELI BA BANYANE BA SESOLE,SESOLE,0,sesotho
$T$ O JOOA  CHELETE E 4300 KA SEHLOHO SETEREKENG,MOSALI,-1,sesotho
MOSALI O JOOA  CHELETE E 4300 KA SEHLOHO $T$,SETEREKENG,0,sesotho
$T$ O LITLAMONG KA PELAELLO EA HO HLEKEFETSA KA MOTABO,MONNA,-1,sesotho
BONA $T$ BA BANYANE BA LITSI TSA CHANKANA,BAOKAMELI,1,sesotho
BONA BAOKAMELI BA BANYANE BA $T$,LITSI TSA CHANKANA,0,sesotho
$T$ O SA TSOA THUNNGOA SETEREKENG,MONNA,-1,sesotho
MONNA O SA TSOA THUNNGOA $T$,SETEREKENG,0,sesotho
$T$ LE FUMANA MELATA E LE MOLATO,LEKHOTLA,0,sesotho
LEKHOTLA LE FUMANA $T$ E LE MOLATO,MELATA,-1,sesotho
$T$ O QHALA KEMARO LE HO LAHLELA SETOTSOANA KA NTLOANENG,MOSALI,-1,sesotho
MOSALI O QHALA KEMARO LE HO LAHLELA $T$ KA NTLOANENG,SETOTSOANA,-1,sesotho
KHILI HONA LE $T$ BA KHOPO SECHABA THUSANANG RE FUMANE LESHOLU LEO,BATHO,-1,sesotho
KHILI HONA LE BATHO BA KHOPO $T$ THUSANANG RE FUMANE LESHOLU LEO,SECHABA,1,sesotho
$T$ EA NYAMETSENG SETEREKENG O RE O KOETETSOE O KA HARA MOCUCU O MOHOLO,NGOANANA,-1,sesotho
NGOANANA EA NYAMETSENG $T$ O RE O KOETETSOE O KA HARA MOCUCU O MOHOLO,SETEREKENG,0,sesotho
NGOANANA EA NYAMETSENG SETEREKENG O RE O KOETETSOE O KA HARA $T$ O MOHOLO,MOCUCU,-1,sesotho
BONA $T$ BA BANYANE BA SEPOLESA,BAOKAMELI,1,sesotho
BONA BAOKAMELI BA BANYANE BA $T$,SEPOLESA,0,sesotho
$T$ E KETEKA LETSATSI LA PEHO EA LIHLOMO FATŠE,NAHA,1,sesotho
$T$ LE CHA LORE BASEBETSI BA LEBENKELE BA TLOKOTSING EA HO FELLOA KE MOSEBETSI,LEBENKELE LA MACHAENA,-1,sesotho
LEBENKELE LA MACHAENA LE CHA LORE $T$ BA TLOKOTSING EA HO FELLOA KE MOSEBETSI,BASEBETSI BA LEBENKELE,-1,sesotho
$T$ LE BULA CLINIC SETEREKENG,LETONA LA BOPHELO,1,sesotho
LETONA LA BOPHELO LE BULA $T$ SETEREKENG,CLINIC,1,sesotho
LETONA LA BOPHELO LE BULA CLINIC $T$,SETEREKENG,0,sesotho
$T$ O QHAUTSOA KE MAHOKELA A ILO KALIMA NGOANA MOTSENG,MOSALI,-1,sesotho
MOSALI O QHAUTSOA KE MAHOKELA A ILO KALIMA $T$ MOTSENG,NGOANA,0,sesotho
MOSALI O QHAUTSOA KE MAHOKELA A ILO KALIMA NGOANA $T$,MOTSENG,0,sesotho
$T$ BA BAHLANO BA THUNYETSOA LEFU SETEREKENG,BATHO,-1,sesotho
BATHO BA BAHLANO BA THUNYETSOA LEFU $T$,SETEREKENG,0,sesotho
$T$ O BATLOA KA HO QHEKETSA LE BOSHOLU,MONNA,-1,sesotho
$T$ SE QHAUTSA LESHOLU,SEPOLESA,1,sesotho
$T$ O HLAHA KA PELA LEKHOTLA KA POLAO,MONNA,-1,sesotho
MONNA O HLAHA KA PELA $T$ KA POLAO,LEKHOTLA,0,sesotho
$T$ BA BABELI BA QOSOA KA POLAO EA MOTHO,BANNA,-1,sesotho
BANNA BA BABELI BA QOSOA KA POLAO EA $T$,MOTHO,-1,sesotho
$T$ O LITLAMONG TSA SEPOLESA HAPE KA BOSHOLU,MOHLANKANA,-1,sesotho
MOHLANKANA  O LITLAMONG TSA $T$ HAPE KA BOSHOLU,SEPOLESA,0,sesotho
$T$ O THUNYETSOA LEFU SETEREKENG,MOQHOBI OA LEPHELE,-1,sesotho
MOQHOBI OA LEPHELE O THUNYETSOA LEFU $T$,SETEREKENG,0,sesotho
$T$ EA THIKHITHETSOENG QOQOTHO LE HO TLOSOA LITHO TSA BOTONA OA BOLOKOA,MONNA,-1,sesotho
$T$ EA ILENG A BETOA LE HO BOLAOA O OA BOLOKOA MOTSENG,NGOANANA,-1,sesotho
NGOANANA EA ILENG A BETOA LE HO BOLAOA O OA BOLOKOA $T$,MOTSENG,0,sesotho
$T$ BA IPEPISA LE HO LAHLA MASEA SETEREKENG,BANA BA MOTHO,-1,sesotho
BANA BA MOTHO BA IPEPISA LE HO LAHLA $T$ SETEREKENG,MASEA,-1,sesotho
BANA BA MOTHO BA IPEPISA LE HO LAHLA MASEA $T$,SETEREKENG,0,sesotho
$T$ LI FUMANOA KA HARA NKHO SETEREKENG,LITHO TSA 'MELE EA BATHO,-1,sesotho
LITHO TSA 'MELE EA BATHO LI FUMANOA KA HARA NKHO $T$,SETEREKENG,0,sesotho
$T$ O NYAMETSE KA CHELETE,NGOANANA,-1,sesotho
NGOANANA O NYAMETSE KA $T$,CHELETE,0,sesotho
$T$ SE FUMANOA SE LAHLETSOE KA HARA JARETE EA MOTHO SETEREKENG,SETOTSOANA,-1,sesotho
SETOTSOANA SE FUMANOA SE LAHLETSOE KA HARA $T$ EA MOTHO SETEREKENG,JARETE,0,sesotho
SETOTSOANA SE FUMANOA SE LAHLETSOE KA HARA JARETE EA MOTHO $T$,SETEREKENG,0,sesotho
TSEBISO E POTLAKILENG HO $T$,SECHABA,0,sesotho
$T$ BA HOBOSA TICHERE,BARUTOANA BA SEKOLO,-1,sesotho
BARUTOANA BA SEKOLO BA HOBOSA $T$,TICHERE,0,sesotho
$T$ A KHAKHATHELOA LEFU SETEREKENG,MASHOLU,-1,sesotho
MASHOLU A KHAKHATHELOA LEFU $T$,SETEREKENG,0,sesotho
$T$ SE BONOA KE SEBATALATSI,SEKHUKHUNI,-1,sesotho
$T$ SE FUMANOA TLASA BETHE,SETOPO SA NGOANANA,-1,sesotho
SETOPO SA NGOANANA SE FUMANOA TLASA $T$,BETHE,0,sesotho
$T$ SE FUMANOA KA LENGOPENG MOTSENG,SETOPO SA NGOANANA,-1,sesotho
SETOPO SA NGOANANA SE FUMANOA KA $T$ MOTSENG,LENGOPENG,0,sesotho
SETOPO SA NGOANANA SE FUMANOA KA LENGOPENG $T$,MOTSENG,0,sesotho
$T$ SE FUMANOE SE UTSUOE SETEREKENG,SETOPO,-1,sesotho
SETOPO SE FUMANOE SE UTSUOE $T$,SETEREKENG,0,sesotho
$T$ SE ITLHAPHOTSE KA MOFETO O MAQA A LISUMA KAJENO,SEHLOPHA BA BOLO,1,sesotho
$T$ SE RE SE NE SE TAUOE HA SEA BONA LETHO,SEBITI SA TONKI,-1,sesotho
$T$ O FUMANOA A NTSE A IMENYA-MENYA KA TONKI,MOSHANYANA,-1,sesotho
$T$ SE FUMANOA KA LENGOPENG SETEREKENG,SETOPO,-1,sesotho
SETOPO SE FUMANOA KA $T$ SETEREKENG,LENGOPENG,0,sesotho
SETOPO SE FUMANOA KA LENGOPENG $T$,SETEREKENG,0,sesotho
$T$ O TŠOAROA HAHA KE MONGA LELAPA,MOLOI,-1,sesotho
$T$ E CHAISA MOSALI TOROPONG,KOLOI,-1,sesotho
KOLOI E CHAISA $T$ TOROPONG,MOSALI,-1,sesotho
KOLOI E CHAISA MOSALI $T$,TOROPONG,0,sesotho
$T$ O FUMANOA KA HOBA LE SEKOLO KA THEKO HO MOLAO SETEREKENG,MONNA OA MOLATA,-1,sesotho
MONNA OA MOLATA O FUMANOA KA HOBA LE $T$ KA THEKO HO MOLAO SETEREKENG,SEKOLO,-1,sesotho
MONNA OA MOLATA O FUMANOA KA HOBA LE SEKOLO KA THEKO HO MOLAO $T$,SETEREKENG,0,sesotho
$T$ O TLA TEKELA SECHABA PUO KAJENO,TONAKHOLO,0,sesotho
TONAKHOLO O TLA TEKELA $T$ PUO KAJENO,SECHABA,0,sesotho
$T$ O THUNYETSOA LEFU SETEREKENG,MOTHO,-1,sesotho
MOTHO O THUNYETSOA LEFU $T$,SETEREKENG,0,sesotho
$T$ O FENETHELOA TOROPONG,MOSALI OA SETEREKENG,-1,sesotho
MOSALI OA SETEREKENG O FENETHELOA $T$,TOROPONG,0,sesotho
$T$ SA QHAUTSA LESHOLU SETEREKENG,SECHABA,1,sesotho
SECHABA SA QHAUTSA $T$ SETEREKENG,LESHOLU,-1,sesotho
SECHABA SA QHAUTSA LESHOLU $T$,SETEREKENG,0,sesotho
$T$ O FUMANA MONNA LE NGOANABO BA KHALEHILE AE AKHETSE KA HARA LEUPA,MOSALI,0,sesotho
MOSALI O FUMANA $T$ LE NGOANABO BA KHALEHILE AE AKHETSE KA HARA LEUPA,MONNA,-1,sesotho
MOSALI O FUMANA MONNA LE $T$ BA KHALEHILE AE AKHETSE KA HARA LEUPA,NGOANABO,-1,sesotho
E MONG OA $T$ BA BOLAUOENG O OA BOLOKOA,BANNA,-1,sesotho
$T$ O JOOA LIKETE TSE HLANO KE MOSALI E MONG SETEREKENG,MOSALI,0,sesotho
MOSALI O JOOA LIKETE TSE HLANO KE $T$ E MONG SETEREKENG,MOSALI,-1,sesotho
MOSALI O JOOA LIKETE TSE HLANO KE MOSALI E MONG $T$,SETEREKENG,0,sesotho
$T$ BA KOPANE LE PELA LIFALLA MAOBANE BOSIU SETEREKENG,BAITHUTI BA SEKOLO,-1,sesotho
BAITHUTI BA SEKOLO BA KOPANE LE PELA LIFALLA MAOBANE BOSIU $T$,SETEREKENG,0,sesotho
$T$ O THUNYETSOA LEFU SETEREKNG,MONNA,-1,sesotho
MONNA O THUNYETSOA LEFU $T$,SETEREKENG,0,sesotho
$T$ O SHOELLA MOTHAMAHANE SETEREKENG,MONNA,-1,sesotho
MONNA O SHOELLA MOTHAMAHANE $T$,SETEREKENG,0,sesotho
$T$ BA BOLAILENG BANANA BA TINGOA BAIL SETEREKENG,BASHANYANA,-1,sesotho
BASHANYANA BA BOLAILENG $T$ BA TINGOA BAIL SETEREKENG,BANANA,-1,sesotho
BASHANYANA BA BOLAILENG BANANA BA TINGOA $T$ SETEREKENG,BAIL,0,sesotho
BASHANYANA BA BOLAILENG BANANA BA TINGOA BAIL $T$,SETEREKENG,0,sesotho
$T$ SE KHALEMA LITLOKOTSEBE,SESOLE,1,sesotho
SESOLE SE KHALEMA $T$,LITLOKOTSEBE,-1,sesotho
$T$ POLAONG EA BANNA BA BABELI O QHAUTSOA KE SEPOLESA,'MELAELLOA,-1,sesotho
'MELAELLOA POLAONG EA $T$ BA BABELI O QHAUTSOA KE SEPOLESA,BANNA,-1,sesotho
'MELAELLOA POLAONG EA BANNA BA BABELI O QHAUTSOA KE $T$,SEPOLESA,1,sesotho
$T$ O BETA NGOANA EA LILEMO LI HLANO,MOSHANYANA,-1,sesotho
MOSHANYANA O BETA $T$ EA LILEMO LI HLANO,NGOANA,-1,sesotho
$T$ O FUMANOA A TIMETSE TOROPONG,MONNA,-1,sesotho
$T$ BA LAHLELOA NTLOANA-TŠOANA,BAITHUTI BA SEKOLO,-1,sesotho
BAITHUTI BA SEKOLO BA LAHLELOA $T$,NTLOANA-TŠOANA,0,sesotho
$T$ SE FUMANOA KA NTLOANENG SETEREKENG,SETOTSOANA,-1,sesotho
SETOTSOANA SE FUMANOA KA NTLOANENG $T$,SETEREKENG,0,sesotho
$T$ O JOOA CHELETE KA SEHLOHO KE MOCHELIETE OA FACEBOOK,MOSALI,0,sesotho
MOSALI O JOOA CHELETE KA SEHLOHO KE $T$,MOCHELIETE OA FACEBOOK,-1,sesotho
LITOPO TSE PELI TSA $T$ LI FUMANOA LI KHAOTSOE LIQOQOTHO SETEREKENG,BANNA,-1,sesotho
LITOPO TSE PELI TSA BANNA LI FUMANOA LI KHAOTSOE LIQOQOTHO $T$,SETEREKENG,0,sesotho
$T$ O UTSOA PHONE KOLOING EA BAETI SETEREKENG,MOSALI,-1,sesotho
MOSALI O UTSOA $T$ KOLOING EA BAETI SETEREKENG,PHONE,0,sesotho
MOSALI O UTSOA PHONE $T$ SETEREKENG,KOLOING EA BAETI,0,sesotho
$T$ BA LELEKOA SEKOLONG KAMORA HO HLOKOFATSA BAITHUTI BA SELEMO SA PELE,BAITHUTI,-1,sesotho
BAITHUTI BA LELEKOA $T$ KAMORA HO HLOKOFATSA BAITHUTI BA SELEMO SA PELE,SEKOLONG,0,sesotho
BAITHUTI BA LELEKOA SEKOLONG KAMORA HO HLOKOFATSA $T$ BA SELEMO SA PELE,BAITHUTI,0,sesotho
$T$ E FAFATSA LI MUSK TSA MAHALA KA HARE HO SETEKERE,KOMPONE,-1,sesotho
KOMPONE E FAFATSA $T$ TSA MAHALA KA HARE HO SETEKERE,LI MUSK,1,sesotho
KOMPONE E FAFATSA LI MUSK TSA MAHALA KA HARE HO $T$,SETEREKE,0,sesotho
$T$ SE BULOA SE 'MUSO SETEREKENG,SETSI SA POKELLO EA LITLHARE,1,sesotho
SETSI SA POKELLO EA LITLHARE SE BULOA SE 'MUSO $T$,SETEREKENG,0,sesotho
$T$ BA BETILENG LE HO BOLAEA BANANA KHOTLA KAJENO,BASHANYANA,-1,sesotho
BASHANYANA BA BETILENG LE HO BOLAEA $T$ KHOTLA KAJENO,BANANA,-1,sesotho
BASHANYANA BA BETILENG LE HO BOLAEA BANANA $T$ KAJENO,KHOTLA,0,sesotho
$T$ O EMARISA NGOANA NYATSI EA HAE,MONNA,-1,sesotho
MONNA O EMARISA $T$ EA HAE,NGOANA NYATSI,0,sesotho
$T$ O BETA KHAITSELI EA HAE,MOSHANYANA,-1,sesotho
MOSHANYANA O BETA $T$ EA HAE,KHAITSELI,0,sesotho
$T$ O BETA NKHONO SETEREKENG,NTATE-MOHOLO,-1,sesotho
NTATE-MOHOLO O BETA $T$ SETEREKENG,NKHONO,0,sesotho
NTATE-MOHOLO O BETA NKHONO $T$,SETEREKENG,0,sesotho
$T$ BA BOLAILENG MOITHUTI OA SEKOLO KHOTLA,BASHANYANA,-1,sesotho
BASHANYANA BA BOLAILENG $T$ KHOTLA,MOITHUTI OA SEKOLO,-1,sesotho
BASHANYANA BA BOLAILENG MOITHUTI OA SEKOLO $T$,KHOTLA,0,sesotho
$T$ O HLEKEFETSA MORALI OA HAE KA MOTABO SETEREKENG,MONNA,-1,sesotho
MONNA O HLEKEFETSA $T$ OA HAE KA MOTABO SETEREKENG,MORALI,0,sesotho
MONNA O HLEKEFETSA MORALI OA HAE KA MOTABO $T$,SETEREKENG,0,sesotho
$T$ O IPOLAEA KA HO IPHANYEHA MOTSENG,MONNA,-1,sesotho
MONNA O IPOLAEA KA HO IPHANYEHA $T$,MOTSENG,0,sesotho
$T$ SE FUMANOA SE SUTETSOE SEKATANA KA HANONG SETEREKENG,SETOPO SA MOSALI,-1,sesotho
SETOPO SA MOSALI SE FUMANOA SE SUTETSOE $T$ KA HANONG SETEREKENG,SEKATANA,0,sesotho
SETOPO SA MOSALI SE FUMANOA SE SUTETSOE SEKATANA KA HANONG $T$,SETEREKENG,0,sesotho
$T$ POLAONG EA MOITHUTI OA SEKOLO BA LITLAMONG TSA SEPOLESA,BABELAELLOA,-1,sesotho
BABELAELLOA POLAONG EA $T$ BA LITLAMONG TSA SEPOLESA,MOITHUTI OA SEKOLO,-1,sesotho
BABELAELLOA POLAONG EA MOITHUTI OA SEKOLO BA LITLAMONG TSA $T$,SEPOLESA,0,sesotho
$T$ O TŠOSA MOSALI KA LEFU HA A HANA LEFEREHO LA HAE SETEREKENG,MONNA,-1,sesotho
MONNA O TŠOSA $T$ KA LEFU HA A HANA LEFEREHO LA HAE SETEREKENG,MOSALI,0,sesotho
MONNA O TŠOSA MOSALI KA LEFU HA A HANA LEFEREHO LA HAE $T$,SETEREKENG,0,sesotho
$T$ E NYAROSANG,TABA,-1,sesotho
$T$ LE LEBELETSOE HO KHETHEHA BOSIUNG BA KAJENO,LEHLOA,0,sesotho
$T$ O BUILE KA THATA HOLIMA LESOLE LA HAE SETEREKENG,MOLAOLI OA SESOLE,0,sesotho
MOLAOLI OA SESOLE O BUILE KA THATA HOLIMA $T$ LA HAE SETEREKENG,LESOLE,-1,sesotho
MOLAOLI OA SESOLE O BUILE KA THATA HOLIMA LESOLE LA HAE $T$,SETEREKENG,0,sesotho
$T$ SE NKELA BATHO CHELETE SETEREKENG,SETHO SA SESOLE,-1,sesotho
SETHO SA SESOLE SE NKELA $T$ CHELETE SETEREKENG,BATHO,0,sesotho
SETHO SA SESOLE SE NKELA BATHO CHELETE $T$,SETEREKENG,0,sesotho
$T$ E MONG O HLAHELOA KE TSIETSI HAPE KOLOING EA 4+1,MOSALI,-1,sesotho
MOSALI E MONG O HLAHELOA KE TSIETSI HAPE $T$,KOLOING EA 4+1,0,sesotho
$T$ E UTSOITSENG CHELETE E AHLOLOA LILEMO TSE 10 CHANKANENG,NGOETSI,-1,sesotho
NGOETSI E UTSOITSENG $T$ E AHLOLOA LILEMO TSE 10 CHANKANENG,CHELETE,0,sesotho
NGOETSI E UTSOITSENG CHELETE E AHLOLOA LILEMO TSE 10 $T$,CHANKANENG,0,sesotho
$T$ SE KOPA HO BATLISOA LESHOLU LA CHELETE EA 'MUSO,SEPOLESA,0,sesotho
SEPOLESA SE KOPA HO BATLISOA $T$ LA CHELETE EA 'MUSO,LESHOLU,-1,sesotho
$T$ O BETOA LE HO NKELOA CHELETE MOTSENG,MOSALI,-1,sesotho
MOSALI O BETOA LE HO NKELOA $T$ MOTSENG,CHELETE,0,sesotho
MOSALI O BETOA LE HO NKELOA CHELETE $T$,MOTSENG,0,sesotho
$T$ O HLASELOA LE HO CHESETSOA NTLO MOTSENG,MONNA,-1,sesotho
MONNA O HLASELOA LE HO CHESETSOA $T$ MOTSENG,NTLO,-1,sesotho
MONNA O HLASELOA LE HO CHESETSOA NTLO $T$,MOTSENG,0,sesotho
$T$ BA HLAHILE KAPELE HO LEKHOTLA,BABOLAI BA BANANA,-1,sesotho
BABOLAI BA BANANA BA HLAHILE KAPELE HO $T$,LEKHOTLA,0,sesotho
$T$ O PHONYOHA LEFU MOTSENG,MONNA,-1,sesotho
$T$ SE BOLAISA MAKHOMOSHA PHAFA,SECHABA,0,sesotho
SECHABA SE BOLAISA $T$ PHAFA,MAKHOMOSHA,-1,sesotho
$T$ O TLA BOLOKOA,COMMANDO CORPORAL,-1,sesotho
PHAPOSI EA SEEA-LE-MOEA E CHA LORE HA 'MOHO LE $T$,MECHINI,-1,sesotho
$T$ E CHA LORE HA 'MOHO LE MECHINI,PHAPOSI EA SEEA-LE-MOEA,1,sesotho
$T$ BA SHAPA MONNA A LE POSHO LE HO MO TENTŠA THETHANA,BASALI BA PITIKI,-1,sesotho
BASALI BA PITIKI BA SHAPA $T$ A LE POSHO LE HO MO TENTŠA THETHANA,MONNA,-1,sesotho
BASALI BA PITIKI BA SHAPA MONNA A LE POSHO LE HO MO TENTŠA $T$,THETHANA,0,sesotho
TABA E NYAROSANG $T$,OFISING EA TONAKHOLO,-1,sesotho
$T$ O OA THUNNGOA MOTSENG,MOLISANA,-1,sesotho
MOLISANA O OA THUNNGOA $T$,MOTSENG,0,sesotho
$T$ E CHAISA BANA BA SEKOLO LE LEPOLESA,KOLOI,-1,sesotho
KOLOI E CHAISA $T$ LE LEPOLESA,BANA BA SEKOLO,0,sesotho
KOLOI E CHAISA BANA BA SEKOLO LE $T$,LEPOLESA,0,sesotho
$T$ O QETA HO THUNYETSOA KAPELA MOSALI OA HAE,MONNA,-1,sesotho
MONNA O QETA HO THUNYETSOA KAPELA $T$ OA HAE,MOSALI,0,sesotho
$T$ SE QHAUTSA BABELAELLOA POLAONG EA BANANA,SEPOLESA,1,sesotho
SEPOLESA SE QHAUTSA $T$ POLAONG EA BANANA,BABELAELLOA,-1,sesotho
SEPOLESA SE QHAUTSA BABELAELLOA POLAONG EA $T$,BANANA,-1,sesotho
$T$ EA CHAISITSENG MOTHO KA KOLOI A BA TIMELA O TŠOEROE,MONNA,-1,sesotho
MONNA EA CHAISITSENG $T$ KA KOLOI A BA TIMELA O TŠOEROE,MOTHO,-1,sesotho
HO BATLISOA $T$ SE FUMANOENG LILOMONG,SETOPO SA MOSALI,-1,sesotho
HO BATLISOA KA SETOPO SA MOSALI SE FUMANOENG $T$,LILOMONG,0,sesotho
$T$ EA BOLAUOENG KE KOLOI O NE A ENA LE BOTHATA BA KELELLO,MONNA,-1,sesotho
MONNA EA BOLAUOENG KE $T$ O NE A ENA LE BOTHATA BA KELELLO,KOLOI,-1,sesotho
$T$ EA BOLAUOENG O ETSA HORE MOCHA A EMELE LIKHETHO,MOITHUTI,-1,sesotho
MOITHUTI EA BOLAUOENG O ETSA HORE $T$ A EMELE LIKHETHO,MOCHA,1,sesotho
MOITHUTI EA BOLAUOENG O ETSA HORE MOCHA A EMELE $T$,LIKHETHO,0,sesotho
TSA MORAO-RAO TSA $T$ TSE FUMANOENG MOTSENG,LITOPO,-1,sesotho
TSA MORAO-RAO TSA LITOPO TSE FUMANOENG $T$,MOTSENG,0,sesotho
HO FUMANOA $T$ KA HOLIMA THABA,LITOPO TSA BANANA,-1,sesotho
HO FUMANOA LITOPO TSA BANANA KA HOLIMA $T$,THABA,0,sesotho
$T$ E SENYA MORUTI LITŠOBOTSI KA LEBAKA LA KOLEKE,PHUTHEHO,-1,sesotho
PHUTHEHO E SENYA $T$ LITŠOBOTSI KA LEBAKA LA KOLEKE,MORUTI,-1,sesotho
$T$ A TLA KENA KA HARA NAHA KAJENO,MASAPO A COMMANDO CORPORAL,-1,sesotho
MASAPO A COMMANDO CORPORAL A TLA KENA KA HARA $T$ KAJENO,NAHA,0,sesotho
$T$ KHOTLA KAMORA HO TŠOSA E MONG KA LEFU HO TSEKOA MONNA,MOSALI,-1,sesotho
MOSALI KHOTLA KAMORA HO TŠOSA E MONG KA LEFU HO TSEKOA $T$,MONNA,0,sesotho
$T$ SE FEHELELITSOE KA LITLATSE LE THABO,SEBAPALI SA BOLO,1,sesotho
$T$ LI NKELA MACHINA CHELETE TOROTSOANENG,LINOKOANE,-1,sesotho
LINOKOANE LI NKELA MACHINA $T$ TOROTSOANENG,CHELETE,-1,sesotho
LINOKOANE LI NKELA MACHINA CHELETE $T$,TOROTSOANENG,0,sesotho
$T$ LE UTSOA LIPHAHLO TSE METSI TERATENG,LESHOLU,-1,sesotho
LESHOLU LE UTSOA $T$ TSE METSI TERATENG,LIPHAHLO,-1,sesotho
LESHOLU LE UTSOA LIPHAHLO TSE METSI $T$,TERATENG,0,sesotho
HO FUMANOA $T$ SE RAPALETSE KA 'MILENG,SETOPO SA MONNA,-1,sesotho
$T$ O TAMPA NYATSI HO TSEKOA MONNA,MOSALI,-1,sesotho
MOSALI O TAMPA NYATSI HO TSEKOA $T$,MONNA,0,sesotho
MOSALI O TAMPA $T$ HO TSEKOA MONNA,NYATSI,-1,sesotho
$T$ O ETELA MALAPA A BAFU BA TIMETSENG KOTSING EA KOLOI,MOETAPELE,0,sesotho
MOETAPELE O ETELA $T$ A BAFU BA TIMETSENG KOTSING EA KOLOI,MALAPA,-1,sesotho
$T$ SE LEBA NAHENG EA BOAHISANE,SEBAPALI,1,sesotho
SEBAPALI SE LEBA $T$,NAHENG EA BOAHISANE,0,sesotho
$T$ BA QHAUTSOA KE SEPOLESA BA NTSE BA CHEKA LEBITLA BOSIU,BANNA,-1,sesotho
BANNA BA QHAUTSOA KE $T$ BA NTSE BA CHEKA LEBITLA BOSIU,SEPOLESA,1,sesotho
$T$ E UTSUOENG MAOBANE E FUMANOA E RETLUOE KAJENO,KOLOI,-1,sesotho
$T$ O FUMANOA A TLANTLUOE HLOOHO E LE SETOPO,MONNA,-1,sesotho
$T$ O BAKA PHEREKANO KA MATSATSI A LIKHETHO,'MUSO,-1,sesotho
'MUSO O BAKA PHEREKANO KA $T$,MATSATSI A LIKHETHO,0,sesotho
$T$ O NYAMELA KA MOHLOLO SEPOLESENG,MONNA,-1,sesotho
MONNA O NYAMELA KA MOHLOLO $T$,SEPOLESENG,0,sesotho
$T$ LE FUMANOA LE NA LE COVID-19,LETONA LA BOPHELO,-1,sesotho
LETONA LA BOPHELO LE FUMANOA LE NA LE $T$,COVID-19,-1,sesotho
$T$ O AHLOLOA LILEMO TSE 10 KAMORA HO BETA NGOANA,MONNA,-1,sesotho
MONNA O AHLOLOA LILEMO TSE 10 KAMORA HO BETA $T$,NGOANA,-1,sesotho
$T$ EA LILEMO LI 74 SE FUMANOE SE JOOA KE LINTJA,SETOPO SA NKHOMO,-1,sesotho
SETOPO SA NKHONO EA LILEMO LI 74 SE FUMANOE SE JOOA KE $T$,LINTJA,-1,sesotho
SECHABA SE TLA PHALLELOA KA PHOOFO EA 12.5 LE LINAOA TSA 5KG,SECHABA,1,sesotho
SECHABA SE TLA PHALLELOA KA $T$ EA 12.5 LE LINAOA TSA 5KG,PHOOFO,0,sesotho
SECHABA SE TLA PHALLELOA KA PHOOFO EA 12.5 LE $T$ TSA 5KG,LINAOA,0,sesotho
$T$ SE SEBOKO KA CLINIC,SECHABA,-1,sesotho
SECHABA SE SEBOKO KA $T$,CLINIC,-1,sesotho
$T$ A FETANG 96 A EA QHAUTSOA,MAKHOMOSA,-1,sesotho
$T$ O BETSA KHOBA HAPE,MOKHOTHALETSUOA,0,sesotho
$T$ BA LLISA BAREKI BA TSONA,BO-RALITAPOLE,-1,sesotho
BO-RALITAPOLE BA LLISA $T$ BA TSONA,BAREKI,-1,sesotho
KAJENO KE LETSATSI LE LEHOLO LA $T$,TSOALO EA MORENA,1,sesotho
$T$ O REKELA SEHLOPHA SA BOLO BOEMO,MOHOEBI,1,sesotho
MOHOEBI O REKELA $T$ BOEMO,SEHLOPHA SA BOLO,0,sesotho
$T$ E HLAKOLA KETEKO EA TSOALO EA MORENA,OFISI EA 'MUSI OA SETEREKE,-1,sesotho
OFISI EA 'MUSI OA SETEREKE E HLAKOLA KETEKO EA $T$,TSOALO EA MORENA,1,sesotho
$T$ O HOKELLA SECHABA MOTLAKASE,MOKHOTHALETSUOA,1,sesotho
MOKHOTHALETSUOA O HOKELLA SECHABA $T$,MOTLAKASE,1,sesotho
MOKHOTHALETSUOA O HOKELLA $T$ MOTLAKASE,SECHABA,0,sesotho
$T$ LE FUMANOA KA LITHEBERA,LESHOLU LA LIPHOOFOLO,-1,sesotho
$T$ O SE A QHALILE PARAMENTE,MORENA,-1,sesotho
MORENA O SE A QHALILE $T$,PARAMENTE,0,sesotho
$T$ LE SA TSEJOENG LE BOLAEA BATHO BA BARARO LE TŠOAETSA BA 13,LEFU,-1,sesotho
LEFU LE SA TSEJOENG LE BOLAEA $T$ BA BARARO LE TŠOAETSA BA 13,BATHO,-1,sesotho
$T$ BA LLA KA BAITŠOKULI SETEREKENG,BAREKI,-1,sesotho
BAREKI BA LLA KA $T$ SETEREKENG,BAITŠOKULI,-1,sesotho
BAREKI BA LLA KA BAITŠOKULI $T$,SETEREKENG,0,sesotho
$T$ O BOLAEA NKHONAE EA LILEMO LI 66,MONNA,-1,sesotho
MONNA O BOLAEA $T$ EA LILEMO LI 66,NKHONAE,-1,sesotho
$T$ O SIA M45 300 SETEREKENG,MOETAPELE,1,sesotho
MOETAPELE O SIA M45 300 $T$,SETEREKENG,0,sesotho
$T$ O RE O BATLA POHO LINAHENG TSA AFRICA,MOSALI,1,sesotho
MOSALI O RE O BATLA POHO $T$,LINAHENG TSA AFRICA,0,sesotho
$T$ O FUMANA LESEA LA HAE LA PELE A LE LILEMO LI 83,MONNA,1,sesotho
MONNA O FUMANA $T$ LA HAE LA PELE A LE LILEMO LI 83,LESEA,0,sesotho
$T$ E BOLAOA KA HO HLAJOA MAQEBA A 16 KA NTHO E BOHALE,NGAKA,-1,sesotho
$T$ UTLOANG MELEKO EA 'MUSO OA MAKHOOA A MABELI,SECHABA,0,sesotho
SECHABA UTLOANG MELEKO EA $T$ A MABELI,'MUSO OA MAKHOOA,-1,sesotho
$T$ LE QHAQHA KHOEBO TOROPONG,LESHOLU,-1,sesotho
LESHOLU LE QHAQHA $T$ TOROPONG,KHOEBO,-1,sesotho
LESHOLU LE QHAQHA KHOEBO $T$,TOROPONG,0,sesotho
$T$ O HLABA NYALASI HAPE,MONNA,-1,sesotho
MONNA O HLABA $T$ HAPE,NYALASI,-1,sesotho
$T$ OA MOTSENG O HLABA NTJA HAPE,MONNA,-1,sesotho
MONNA OA MOTSENG O HLABA $T$ HAPE,NTJA,0,sesotho
$T$ BA BOSHOLU BA EA BOLAOA MOTSENG,BABELAELLOA,-1,sesotho
BABELAELLOA BA BOSHOLU BA EA BOLAOA $T$,MOTSENG,0,sesotho
BATHO THUSANANG RE FUMANE $T$ ENOA,NGOANA,-1,sesotho
$T$ THUSANANG RE FUMANE NGOANA ENOA,BATHO,0,sesotho
$T$ EA LILEMO LI 20 O IPOLAEA KA  CHEFU,MOTSOETSE,-1,sesotho
$T$ O LLELOA KE LITŠEPE KA NYELISO EA LEKHOTLA,MONNA,-1,sesotho
MONNA O LLELOA KE LITŠEPE KA NYELISO EA $T$,LEKHOTLA,-1,sesotho
$T$ O QOSOA KA BOSHOLU BA THEPA EA MOO A SEBETSANG,MOSALI,-1,sesotho
MOSALI O QOSOA KA BOSHOLU BA $T$ EA MOO A SEBETSANG,THEPA,0,sesotho
$T$ LI FUMANOA LI LUTLA MALI,LIPHOOFOLO,-1,sesotho
LIPHOOFOLO  LI FUMANOA LI LUTLA $T$,MALI,0,sesotho
$T$ SE HLAHLOBA MEHLAPE METEBONG,SEPOLESA,0,sesotho
SEPOLESA SE HLAHLOBA $T$ METEBONG,MEHLAPE,0,sesotho
SEPOLESA SE HLAHLOBA MEHLAPE $T$,METEBONG,0,sesotho
$T$ LE BA FUMANE BA LE MOLATO,LEKHOTLA,0,sesotho
$T$ SE FUMANA TLHABOLLO,SECHABA,1,sesotho
$T$ E KETEKA LETSATSI LA BATHO BA NANG LE BOKOOA BA KELELLO,NAHA,1,sesotho
NAHA E KETEKA LETSATSI LA $T$ BA NANG LE BOKOOA BA KELELLO,BATHO,0,sesotho
$T$ POLAONG EA SEBOHOLI BA HLAHA KHOTLA,BABELAELLOA,-1,sesotho
BABELAELLOA POLAONG EA $T$ BA HLAHA KHOTLA,SEBOHOLI,-1,sesotho
BABELAELLOA POLAONG EA SEBOHOLI BA HLAHA $T$,KHOTLA,0,sesotho
$T$ LIPOLAONG TSA BATHO BA LLELOA KE LITŠEPE,BABELAELLOA,1,sesotho
BABELAELLOA LIPOLAONG TSA $T$ BA LLELOA KE LITŠEPE,BATHO,-1,sesotho
O FUMANA $T$ EA HO IPABOLA TŠEBETSONG EA HAE,KHAU,1,sesotho
$T$ LI NYOLLA FOLAKHA,LIPAROLA-THOTA TSA SEPOLESA,1,sesotho
$T$ KA OFISI EA SONA EA MAFOKISI SE NTSE SE TSOELA PELE HO BATLANA LE MOSALI ENOA,SEPOLESA,0,sesotho
SEPOLESA KA $T$ EA SONA EA MAFOKISI SE NTSE SE TSOELA PELE HO BATLANA LE MOSALI ENOA,OFISI,0,sesotho
SEPOLESA KA OFISI EA SONA EA MAFOKISI SE NTSE SE TSOELA PELE HO BATLANA LE $T$ ENOA,MOSALI,-1,sesotho
$T$ SE AMOHELA SEAPARO,LEKHOTLA LA BAITHUTI BA SEKOLO,1,sesotho
LEKHOTLA LA BAITHUTI BA SEKOLO SE AMOHELA SEAPARO,SEAPARO,0,sesotho
SEHOPOTSO SA $T$ A OELENG MOLENG OA NTOA,MAPOLESA,1,sesotho
$T$ E NEHELANA KA KOLOI HO SEPOLESA,KOMPONE,1,sesotho
KOMPONE E NEHELANA KA $T$ HO SEPOLESA,KOLOI,0,sesotho
KOMPONE E NEHELANA KA KOLOI HO $T$,SEPOLESA,0,sesotho
MOSEBETSI OA HO NEHELANA LE HO BULA SEMMUSO $T$,MOTEBO OA SEPOLESA,1,sesotho
$T$ O FIHLA SETEREKENG MOO A AMOHELOANG KE LIPALAMI TSA LIPERE,MOHLOMPHEHI TONAKHOLO,1,sesotho
MOHLOMPHEHI TONAKHOLO O FIHLA $T$ MOO A AMOHELOANG KE LIPALAMI TSA LIPERE,SETEREKENG,1,sesotho
KETEKELO EA KHOELI EA $T$,SEPOLESA,1,sesotho
$T$ E NANABETSA LETSOHO HO SEPOLESA,BANKA,1,sesotho
BANKA E NANABETSA LETSOHO HO $T$,SEPOLESA,0,sesotho
